date,open,high,low,close,volume,dividend
2015-01-05,16.6,16.6875,16.5,16.6375,25182448.0,0.0
2015-01-06,16.4375,16.4375,16.1875,16.225,78007304.0,0.0
2015-01-07,16.175,16.3125,16.175,16.25,27966168.0,0.0
2015-01-08,16.375,16.65,16.375,16.625,52614100.0,0.0
2015-01-09,16.725,16.7375,16.5125,16.5375,23567924.0,0.0
2015-01-12,16.45,16.5375,16.4125,16.4375,36241316.0,0.0
2015-01-13,16.4,16.6,16.35,16.4875,24606508.0,0.0
2015-01-14,16.5,16.5125,16.35,16.4,28820956.0,0.0
2015-01-15,16.4125,16.4875,16.3375,16.45,14102160.0,0.0
2015-01-16,16.5625,16.6,16.3375,16.375,37270636.0,0.0
2015-01-19,16.575,16.6875,16.5125,16.5625,70365356.0,0.0
2015-01-20,16.625,16.725,16.5875,16.6875,40390900.0,0.0
2015-01-21,16.8,16.825,16.75,16.8125,70224444.0,0.0
2015-01-22,16.875,16.975,16.8625,16.9,64500140.0,0.0
2015-01-23,17.0625,17.175,17.0625,17.175,143438740.0,0.0
2015-01-26,17.1375,17.2125,17.1125,17.175,81841336.0,0.0
2015-01-27,17.25,17.3125,17.2,17.2875,144869392.0,0.0
2015-01-28,17.2,17.3,17.2,17.2875,143974480.0,0.0
2015-01-29,17.2625,17.2625,17.0375,17.075,79161816.0,0.0
2015-01-30,17.15,17.15,17.0,17.0,17057896.0,0.0
2015-02-02,17.05,17.0875,16.975,17.0375,23243836.0,0.0
2015-02-03,17.0875,17.2125,17.025,17.1625,66582092.0,0.0
2015-02-04,17.3,17.375,17.2625,17.35,81430672.0,0.0
2015-02-05,17.2625,17.3125,17.2,17.275,19134272.0,0.0
2015-02-06,17.275,17.3,17.1625,17.1875,16431592.0,0.0
2015-02-09,17.1875,17.1875,17.0625,17.125,14049076.0,0.0
2015-02-10,17.1125,17.125,17.05,17.0625,32092364.0,0.0
2015-02-11,17.175,17.3125,17.175,17.25,28797600.0,0.0
2015-02-12,17.25,17.3,17.2,17.25,37241548.0,0.0
2015-02-13,17.3375,17.4125,17.3375,17.3625,30399688.0,0.0
2015-02-24,17.4875,17.6125,17.4875,17.5625,58198800.0,0.0
2015-02-25,17.675,17.725,17.6375,17.7,93015684.0,0.0
2015-02-26,17.6375,17.6625,17.5125,17.575,34754532.0,0.0
2015-03-02,17.575,17.6375,17.4375,17.5,26357504.0,0.0
2015-03-03,17.5125,17.525,17.375,17.475,20271732.0,0.0
2015-03-04,17.3875,17.5125,17.375,17.4875,25658840.0,0.0
2015-03-05,17.4875,17.5,17.3375,17.425,15047544.0,0.0
2015-03-06,17.3875,17.475,17.325,17.45,12269192.0,0.0
2015-03-09,17.3625,17.375,17.225,17.275,29859988.0,0.0
2015-03-10,17.25,17.2625,17.15,17.2375,27833500.0,0.0
2015-03-11,17.0875,17.2875,17.075,17.2625,40156992.0,0.0
2015-03-12,17.2125,17.4125,17.2,17.4125,22841224.0,0.0
2015-03-13,17.4125,17.4375,17.3625,17.3625,18110704.0,0.0
2015-03-16,17.3375,17.3375,17.2125,17.225,24319908.0,0.0
2015-03-17,17.3,17.4375,17.25,17.2875,28385376.0,0.0
2015-03-18,17.3,17.5375,17.3,17.475,74484372.0,0.0
2015-03-19,17.625,17.725,17.5625,17.6625,49954352.0,0.0
2015-03-20,17.6625,17.6625,17.6,17.6375,17996276.0,0.0
2015-03-23,17.6375,17.725,17.6125,17.6875,30400712.0,0.0
2015-03-24,17.6375,17.7125,17.5875,17.625,18018840.0,0.0
2015-03-25,17.625,17.65,17.525,17.5625,17835032.0,0.0
2015-03-26,17.35,17.425,17.2875,17.35,38032500.0,0.0
2015-03-27,17.35,17.35,17.1625,17.1875,40057776.0,0.0
2015-03-30,17.1875,17.225,17.1375,17.2,41414268.0,0.0
2015-03-31,17.25,17.3125,17.2,17.2625,30572136.0,0.0
2015-04-01,17.175,17.2125,17.125,17.1625,32936868.0,0.0
2015-04-02,17.225,17.4375,17.225,17.375,31203732.0,0.0
2015-04-07,17.3875,17.425,17.3375,17.4,13791888.0,0.0
2015-04-08,17.4,17.4,17.2125,17.25,20279520.0,0.0
2015-04-09,17.25,17.4625,17.2375,17.275,24822068.0,0.0
2015-04-10,17.425,17.45,17.3625,17.4125,18401804.0,0.0
2015-04-13,17.475,17.4875,17.4125,17.4625,16799036.0,0.0
2015-04-14,17.4625,17.4625,17.375,17.375,18250424.0,0.0
2015-04-15,17.3125,17.375,17.1,17.1625,69067668.0,0.0
2015-04-16,17.2375,17.425,17.225,17.425,63097896.0,0.0
2015-04-17,17.3875,17.3875,17.225,17.2625,36948764.0,0.0
2015-04-20,17.175,17.2875,17.1375,17.2375,38286004.0,0.0
2015-04-21,17.2625,17.325,17.2125,17.2375,11457452.0,0.0
2015-04-22,17.325,17.45,17.3125,17.4125,45247916.0,0.0
2015-04-23,17.55,17.875,17.5375,17.875,97336372.0,0.0
2015-04-24,17.925,18.2125,17.925,18.05,106108680.0,0.0
2015-04-27,18.25,18.325,18.15,18.1875,53126644.0,0.0
2015-04-28,18.2125,18.275,18.0875,18.15,65861048.0,0.0
2015-04-29,18.125,18.175,17.9,17.95,40298736.0,0.0
2015-04-30,17.9,17.95,17.7875,17.8625,27122128.0,0.0
2015-05-04,17.8625,17.9125,17.7125,17.9,21525504.0,0.0
2015-05-05,17.85,17.85,17.725,17.8,27204200.0,0.0
2015-05-06,17.7,17.85,17.625,17.825,26413952.0,0.0
2015-05-07,17.7,17.7,17.5375,17.6125,40816896.0,0.0
2015-05-08,17.6125,17.6625,17.6125,17.625,22589184.0,0.0
2015-05-11,17.75,17.8,17.575,17.7125,44889028.0,0.0
2015-05-12,17.65,17.7125,17.6375,17.675,36256088.0,0.0
2015-05-13,17.675,17.8,17.675,17.775,27496332.0,0.0
2015-05-14,17.7125,17.7375,17.5,17.525,66081056.0,0.0
2015-05-15,17.575,17.5875,17.425,17.5,46571468.0,0.0
2015-05-18,17.5125,17.575,17.5,17.5625,12993168.0,0.0
2015-05-19,17.6,17.8625,17.6,17.825,33833088.0,0.0
2015-05-20,17.8125,17.8125,17.7,17.7,30122424.0,0.0
2015-05-21,17.5375,17.55,17.4375,17.5375,46271728.0,0.0
2015-05-22,17.55,17.7375,17.55,17.675,24611032.0,0.0
2015-05-25,17.6125,17.7375,17.575,17.675,9564232.0,0.0
2015-05-26,17.8,17.9,17.7,17.75,30085248.0,0.0
2015-05-27,17.7125,17.825,17.675,17.7875,23249432.0,0.0
2015-05-28,17.9375,17.975,17.8125,17.875,23160576.0,0.0
2015-05-29,17.925,17.925,17.7625,17.775,19600592.0,0.0
2015-06-01,17.775,17.7875,17.5625,17.625,31400892.0,0.0
2015-06-02,17.6125,17.625,17.5,17.6,19469648.0,0.0
2015-06-03,17.575,17.6,17.475,17.4875,26233216.0,0.0
2015-06-04,17.45,17.475,17.0875,17.15,112729268.0,0.0
2015-06-05,17.125,17.15,17.05,17.1125,60425224.0,0.0
2015-06-08,17.075,17.2625,17.0,17.225,36376508.0,0.0
2015-06-09,17.125,17.15,17.0,17.0875,73719804.0,0.0
2015-06-10,17.1375,17.225,17.1125,17.1625,34667604.0,0.0
2015-06-11,17.2,17.225,17.1,17.2125,29410284.0,0.0
2015-06-12,17.225,17.25,17.1125,17.2,12703196.0,0.0
2015-06-15,17.2,17.25,17.125,17.1625,15046464.0,0.0
2015-06-16,17.1625,17.1625,17.0125,17.05,34726808.0,0.0
2015-06-17,17.05,17.1875,17.05,17.125,22258320.0,0.0
2015-06-18,17.1125,17.1375,17.05,17.1,42753080.0,0.0
2015-06-22,17.1875,17.35,17.1875,17.3375,45240660.0,0.0
2015-06-23,17.3875,17.4625,17.3375,17.3875,21245052.0,0.0
2015-06-24,17.4,17.425,17.35,17.4125,24508192.0,0.0
2015-06-25,17.5,17.6625,17.5,17.6125,55261700.0,0.0
2015-06-26,17.6125,17.6125,17.5375,17.6125,19706932.0,0.0
2015-06-29,17.3375,17.4,17.1875,17.2,46304644.0,0.0
2015-06-30,17.2,17.35,17.2,17.35,16373960.0,0.0
2015-07-01,17.35,17.575,17.3125,17.5125,24252684.0,0.0
2015-07-02,17.55,17.5625,17.4625,17.525,17362688.0,0.0
2015-07-03,17.5,17.55,17.3125,17.525,31049856.0,0.0
2015-07-06,17.3875,17.5125,17.3,17.325,30338536.0,0.0
2015-07-07,17.4125,17.525,17.3625,17.4,18827676.0,0.0
2015-07-08,17.3,17.3,16.8625,16.875,151599060.0,0.0
2015-07-09,16.7,16.8375,16.525,16.775,132332512.0,0.0
2015-07-10,16.775,16.775,16.775,16.775,0.0,0.0
2015-07-13,17.0,17.025,16.8,17.025,63226916.0,0.0
2015-07-14,17.075,17.175,17.0125,17.025,38474128.0,0.0
2015-07-15,17.075,17.1625,17.0,17.0625,35462816.0,0.0
2015-07-16,17.15,17.2375,17.05,17.15,27758332.0,0.0
2015-07-17,17.0875,17.1625,17.075,17.125,13728556.0,0.0
2015-07-20,17.25,17.3,16.95,17.0,31328176.0,0.0
2015-07-21,17.0875,17.1625,17.0,17.1625,13454792.0,0.0
2015-07-22,17.05,17.075,16.925,16.95,56559756.0,0.0
2015-07-23,16.875,16.9625,16.7125,16.7875,83924324.0,0.0
2015-07-24,16.7625,16.8125,16.625,16.6875,79688192.0,0.0
2015-07-27,16.6,16.6375,16.3875,16.45,113785248.0,0.0
2015-07-28,16.4375,16.575,16.375,16.4625,70075120.0,0.0
2015-07-29,16.475,16.475,16.275,16.35,73970396.0,0.0
2015-07-30,16.4,16.6375,16.3875,16.625,29895572.0,0.0
2015-07-31,16.625,16.6375,16.45,16.5375,44678108.0,0.0
2015-08-03,16.475,16.475,16.225,16.3125,63033688.0,0.0
2015-08-04,16.375,16.5,16.25,16.325,49241700.0,0.0
2015-08-05,16.3875,16.5,16.325,16.425,39500416.0,0.0
2015-08-06,16.5,16.5125,16.1375,16.25,94483752.0,0.0
2015-08-07,16.125,16.25,16.05,16.175,27594688.0,0.0
2015-08-10,16.15,16.1875,16.0,16.1375,40330104.0,0.0
2015-08-11,16.325,16.45,16.1,16.1375,69645700.0,0.0
2015-08-12,16.0625,16.1125,15.75,15.8625,96875892.0,0.0
2015-08-13,15.8625,15.975,15.8375,15.8875,64588420.0,0.0
2015-08-14,15.8625,15.9375,15.7875,15.825,33620136.0,0.0
2015-08-17,15.825,15.825,15.675,15.725,55411544.0,0.0
2015-08-18,15.75,15.825,15.6125,15.6375,39366724.0,0.0
2015-08-19,15.6,15.625,15.325,15.4,70382588.0,0.0
2015-08-20,15.3125,15.4625,15.2375,15.35,77317364.0,0.0
2015-08-21,15.15,15.1875,14.95,14.95,112305968.0,0.0
2015-08-24,14.775,14.775,13.85,14.375,245269636.0,0.0
2015-08-25,14.375,15.0,14.375,15.0,173951984.0,0.0
2015-08-26,14.825,15.125,14.6625,15.0875,68495612.0,0.0
2015-08-27,15.15,15.1625,15.0,15.0375,73305896.0,0.0
2015-08-28,15.25,15.475,15.25,15.45,74739296.0,0.0
2015-08-31,15.325,15.5875,15.3,15.575,75831660.0,0.0
2015-09-01,15.475,15.65,15.375,15.4375,49362608.0,0.0
2015-09-02,15.275,15.575,15.2375,15.525,72681908.0,0.0
2015-09-03,15.5875,15.6,15.4,15.5375,30175576.0,0.0
2015-09-04,15.5375,15.6375,15.3375,15.3375,63235844.0,0.0
2015-09-07,15.325,15.575,15.275,15.3125,40622104.0,0.0
2015-09-08,15.375,15.4125,15.275,15.3625,38568992.0,0.0
2015-09-09,15.6625,16.0375,15.6625,16.0375,96009052.0,0.0
2015-09-10,15.95,15.95,15.7875,15.8625,40739132.0,0.0
2015-09-11,15.825,15.925,15.7625,15.875,31845168.0,0.0
2015-09-14,15.975,16.0,15.8125,15.9125,17558684.0,0.0
2015-09-15,15.9375,15.9625,15.7625,15.7875,23071448.0,0.0
2015-09-16,15.9125,16.0,15.85,15.975,29691268.0,0.0
2015-09-17,16.125,16.2875,16.125,16.25,51639404.0,0.0
2015-09-18,16.25,16.25,16.1375,16.2125,14028932.0,0.0
2015-09-21,16.0125,16.025,15.8,15.8625,39950376.0,0.0
2015-09-22,15.8875,15.9875,15.8875,15.95,17323500.0,0.0
2015-09-23,15.8,15.8,15.55,15.5875,40182412.0,0.0
2015-09-24,15.6375,15.7125,15.475,15.5,29459824.0,0.0
2015-09-25,15.5375,15.5875,15.4,15.5625,23928716.0,0.0
2015-09-29,15.5625,15.5625,15.5625,15.5625,0.0,0.0
2015-09-30,15.3625,15.65,15.3625,15.6,34296492.0,0.0
2015-10-01,15.65,15.925,15.55,15.9,47947396.0,0.0
2015-10-02,15.8375,15.9,15.775,15.8125,30287628.0,0.0
2015-10-05,15.95,16.0,15.8125,15.85,21532752.0,0.0
2015-10-06,16.0375,16.175,15.9625,15.975,33202088.0,0.0
2015-10-07,15.975,16.2125,15.975,16.2125,34548176.0,0.0
2015-10-08,16.275,16.325,16.15,16.175,49441508.0,0.0
2015-10-12,16.2625,16.475,16.2625,16.3875,69862572.0,0.0
2015-10-13,16.4,16.4125,16.2875,16.325,29959156.0,0.0
2015-10-14,16.325,16.325,16.2375,16.2625,28543832.0,0.0
2015-10-15,16.4125,16.5875,16.4125,16.5,57431960.0,0.0
2015-10-16,16.4875,16.5,16.4,16.4375,32757704.0,0.0
2015-10-19,16.5,16.55,16.425,16.4875,29644636.0,0.0
2015-10-20,16.5,16.525,16.45,16.4875,18107092.0,0.0
2015-10-21,16.525,16.5375,16.35,16.375,45993828.0,0.0
2015-10-22,16.325,16.4,16.3125,16.375,32264944.0,0.0
2015-10-23,16.55,16.625,16.4625,16.475,82751032.0,0.0
2015-10-26,16.125,16.2125,16.1125,16.1375,48328160.0,0.5
2015-10-27,16.125,16.1375,15.9875,16.05,22892952.0,0.0
2015-10-28,16.05,16.0625,15.9,15.9375,20302760.0,0.0
2015-10-29,16.025,16.075,15.775,15.825,33655348.0,0.0
2015-10-30,15.825,15.8625,15.7,15.8,23967300.0,0.0
2015-11-02,15.775,15.85,15.65,15.825,19325108.0,0.0
2015-11-03,15.95,16.1,15.95,16.075,37172988.0,0.0
2015-11-04,16.1875,16.4,16.175,16.3875,66205444.0,0.0
2015-11-05,16.4125,16.4125,16.3125,16.35,23609368.0,0.0
2015-11-06,16.35,16.35,15.9125,16.025,47662236.0,0.0
2015-11-09,16.0,16.0875,15.9,15.9125,22131276.0,0.0
2015-11-10,15.825,15.85,15.7125,15.725,35388764.0,0.0
2015-11-11,15.725,15.75,15.4875,15.5375,65172616.0,0.0
2015-11-12,15.55,15.6,15.4625,15.5625,56855872.0,0.0
2015-11-13,15.45,15.6125,15.3875,15.4,81538236.0,0.0
2015-11-16,15.3,15.325,15.15,15.2875,53719004.0,0.0
2015-11-17,15.5,15.65,15.5,15.5875,34913792.0,0.0
2015-11-18,15.5875,15.5875,15.3,15.35,59925748.0,0.0
2015-11-19,15.4875,15.575,15.3875,15.575,40525304.0,0.0
2015-11-20,15.5875,15.625,15.5125,15.575,21686748.0,0.0
2015-11-23,15.65,15.6875,15.5375,15.65,13851312.0,0.0
2015-11-24,15.625,15.6625,15.4625,15.4875,26393992.0,0.0
2015-11-25,15.4625,15.525,15.375,15.4875,23856544.0,0.0
2015-11-26,15.575,15.7375,15.575,15.7,34569348.0,0.0
2015-11-27,15.725,15.725,15.45,15.4875,25162904.0,0.0
2015-11-30,15.225,15.3,15.1125,15.3,93074088.0,0.0
2015-12-01,15.425,15.6125,15.3625,15.6,33639916.0,0.0
2015-12-02,15.6125,15.6875,15.5375,15.575,25444828.0,0.0
2015-12-03,15.475,15.6375,15.425,15.6,24260312.0,0.0
2015-12-04,15.4875,15.4875,15.35,15.4375,60194600.0,0.0
2015-12-07,15.55,15.75,15.55,15.625,59257732.0,0.0
2015-12-08,15.5625,15.575,15.3,15.375,36803436.0,0.0
2015-12-09,15.3,15.3375,15.175,15.1875,64357768.0,0.0
2015-12-10,15.1,15.1875,14.9375,15.1375,66464068.0,0.0
2015-12-11,15.1375,15.175,14.95,14.9625,55343128.0,0.0
2015-12-14,14.8125,14.9125,14.75,14.85,38114844.0,0.0
2015-12-15,14.925,15.0125,14.8375,14.8625,27187368.0,0.0
2015-12-16,15.0,15.1,14.925,15.0875,26121188.0,0.0
2015-12-17,15.1375,15.2625,15.0875,15.2625,30436996.0,0.0
2015-12-18,15.2125,15.3125,15.125,15.1875,19572584.0,0.0
2015-12-21,15.0125,15.1875,14.975,15.1625,17362548.0,0.0
2015-12-22,15.175,15.225,15.1,15.2,20554364.0,0.0
2015-12-23,15.2375,15.325,15.2,15.225,29054268.0,0.0
2015-12-24,15.3375,15.4125,15.3,15.3,33825888.0,0.0
2015-12-25,15.3,15.4,15.3,15.4,26184032.0,0.0
2015-12-28,15.425,15.425,15.35,15.3625,13797212.0,0.0
2015-12-29,15.35,15.35,15.2,15.25,15866208.0,0.0
2015-12-30,15.2875,15.2875,15.1125,15.1375,29049864.0,0.0
2015-12-31,15.1375,15.2375,15.125,15.1875,15577916.0,0.0
2016-01-04,15.2,15.2375,14.7625,14.8875,67712252.0,0.0
2016-01-05,14.875,14.9375,14.7125,14.7625,87135876.0,0.0
2016-01-06,14.7625,14.7625,14.475,14.6125,115758200.0,0.0
2016-01-07,14.575,14.575,14.175,14.3375,159849204.0,0.0
2016-01-08,14.25,14.425,14.2125,14.3625,101802936.0,0.0
2016-01-11,14.225,14.2375,14.0,14.1375,97425076.0,0.0
2016-01-12,14.2,14.25,14.075,14.125,70599544.0,0.0
2016-01-13,14.25,14.375,14.1875,14.2875,47393728.0,0.0
2016-01-14,14.125,14.175,13.9625,14.175,61949440.0,0.0
2016-01-15,14.275,14.375,14.0625,14.175,83391512.0,0.0
2016-01-18,13.975,14.325,13.95,14.275,52057360.0,0.0
2016-01-19,14.25,14.3125,14.1625,14.3125,32443260.0,0.0
2016-01-20,14.2125,14.2125,13.9,13.975,90753472.0,0.0
2016-01-21,14.025,14.075,13.9,13.95,41800220.0,0.0
2016-01-22,14.0875,14.15,14.0,14.1375,55774064.0,0.0
2016-01-25,14.25,14.45,14.25,14.3875,51092780.0,0.0
2016-01-26,14.25,14.2875,14.175,14.25,30335480.0,0.0
2016-01-27,14.35,14.3625,14.2375,14.3125,36404484.0,0.0
2016-01-28,14.2875,14.4375,14.25,14.3875,40899440.0,0.0
2016-01-29,14.375,14.775,14.3125,14.75,80830444.0,0.0
2016-02-01,14.875,14.9,14.775,14.8875,31870400.0,0.0
2016-02-02,14.8625,14.8875,14.75,14.8375,18337108.0,0.0
2016-02-03,14.75,14.8125,14.65,14.7375,27961676.0,0.0
2016-02-15,14.575,14.775,14.525,14.75,28885644.0,0.0
2016-02-16,14.775,15.0875,14.775,15.0625,71289676.0,0.0
2016-02-17,15.1,15.125,14.9875,14.9875,49894088.0,0.0
2016-02-18,15.2,15.2875,15.125,15.225,67946956.0,0.0
2016-02-19,15.2,15.2625,15.15,15.2125,45409724.0,0.0
2016-02-22,15.2125,15.4,15.1375,15.2,46457612.0,0.0
2016-02-23,15.25,15.2875,15.175,15.2125,19664720.0,0.0
2016-02-24,15.2,15.325,15.05,15.075,31057392.0,0.0
2016-02-25,15.15,15.3375,15.125,15.275,67735880.0,0.0
2016-02-26,15.3375,15.425,15.225,15.3125,58052368.0,0.0
2016-03-01,15.3125,15.4875,15.275,15.4625,68947384.0,0.0
2016-03-02,15.5875,15.6875,15.5625,15.5875,91482164.0,0.0
2016-03-03,15.5875,15.825,15.5875,15.7375,130410920.0,0.0
2016-03-04,15.725,15.825,15.6875,15.775,96203100.0,0.0
2016-03-07,15.8,15.925,15.725,15.775,85990856.0,0.0
2016-03-08,15.75,15.775,15.625,15.7625,54539440.0,0.0
2016-03-09,15.7625,15.7875,15.6625,15.775,32389496.0,0.0
2016-03-10,15.7625,15.85,15.7125,15.8125,85411112.0,0.0
2016-03-11,15.8,15.9375,15.7625,15.8875,90729384.0,0.0
2016-03-14,16.0,16.0625,15.9875,16.0,103327276.0,0.0
2016-03-15,16.0,16.025,15.75,15.7625,75622432.0,0.0
2016-03-16,15.8375,15.9375,15.8375,15.9,145109572.0,0.0
2016-03-17,16.1375,16.225,16.0125,16.075,80125676.0,0.0
2016-03-18,16.1,16.2125,16.075,16.175,124480816.0,0.0
2016-03-21,16.225,16.2625,16.05,16.15,24227168.0,0.0
2016-03-22,16.0875,16.1375,15.9625,16.1,32722016.0,0.0
2016-03-23,16.1,16.2125,16.0625,16.0875,47987940.0,0.0
2016-03-24,16.0625,16.125,15.925,16.0875,34123088.0,0.0
2016-03-25,16.125,16.125,15.9875,16.0125,15258532.0,0.0
2016-03-28,16.0125,16.1,15.95,16.025,29387992.0,0.0
2016-03-29,16.0,16.075,15.875,15.9125,42966584.0,0.0
2016-03-30,16.0125,16.225,16.0,16.175,116474352.0,0.0
2016-03-31,16.275,16.35,16.1125,16.1625,64187836.0,0.0
2016-04-01,16.0625,16.0875,15.9,15.975,18617456.0,0.0
2016-04-06,15.825,15.825,15.5875,15.6,35828700.0,0.0
2016-04-07,15.625,15.625,15.4,15.5375,80898456.0,0.0
2016-04-08,15.45,15.7,15.45,15.6875,27010928.0,0.0
2016-04-11,15.625,15.775,15.5375,15.75,21421640.0,0.0
2016-04-12,15.7625,15.875,15.6875,15.7375,11015460.0,0.0
2016-04-13,15.8125,16.05,15.8125,16.0125,47386028.0,0.0
2016-04-14,16.1,16.15,16.025,16.0625,32500628.0,0.0
2016-04-15,15.95,16.075,15.8875,16.0625,46693960.0,0.0
2016-04-18,16.0125,16.05,15.9625,15.9625,8582916.0,0.0
2016-04-19,16.075,16.1625,15.875,15.9,23364776.0,0.0
2016-04-20,15.875,16.025,15.6375,15.6625,35926052.0,0.0
2016-04-21,15.725,15.7875,15.6375,15.7375,12388568.0,0.0
2016-04-22,15.7375,15.85,15.7,15.8,10740744.0,0.0
2016-04-25,15.8,15.8375,15.725,15.8125,11457840.0,0.0
2016-04-26,15.775,15.975,15.775,15.875,19579076.0,0.0
2016-04-27,15.8,15.9,15.75,15.85,9880480.0,0.0
2016-04-28,15.875,15.8875,15.5375,15.6,41286844.0,0.0
2016-04-29,15.4625,15.5,15.3375,15.4,29067032.0,0.0
2016-05-03,15.4,15.4,15.175,15.1875,38846508.0,0.0
2016-05-04,15.1875,15.2125,14.95,15.025,58016552.0,0.0
2016-05-05,15.025,15.0625,14.9125,15.05,58365476.0,0.0
2016-05-06,15.0,15.0,14.8625,14.925,88018576.0,0.0
2016-05-09,14.975,15.0,14.85,14.925,57996284.0,0.0
2016-05-10,14.925,15.05,14.85,15.0,52610572.0,0.0
2016-05-11,15.05,15.075,14.8875,14.9625,76214200.0,0.0
2016-05-12,14.925,15.0,14.9125,14.95,53589268.0,0.0
2016-05-13,14.8875,14.8875,14.75,14.7875,118674476.0,0.0
2016-05-16,14.7875,14.925,14.775,14.9,26582164.0,0.0
2016-05-17,14.9125,15.025,14.8125,15.0125,49379568.0,0.0
2016-05-18,14.925,15.0,14.8125,14.9875,34319828.0,0.0
2016-05-19,15.0,15.0125,14.825,14.9125,32201988.0,0.0
2016-05-20,14.9625,15.075,14.9,15.0,32504416.0,0.0
2016-05-23,15.025,15.5,14.9625,15.5,86657260.0,0.0
2016-05-24,15.4375,15.4625,15.3375,15.3375,25671360.0,0.0
2016-05-25,15.4375,15.5625,15.4375,15.5,103435004.0,0.0
2016-05-26,15.5125,15.5375,15.45,15.5375,104179588.0,0.0
2016-05-27,15.6,15.6625,15.55,15.65,103038856.0,0.0
2016-05-30,15.65,15.8375,15.625,15.7875,107648932.0,0.0
2016-05-31,15.7625,15.8375,15.7,15.7875,34715948.0,0.0
2016-06-01,15.7375,15.9625,15.7375,15.925,100006512.0,0.0
2016-06-02,15.925,16.0125,15.85,15.925,54885488.0,0.0
2016-06-03,15.9,16.0,15.9,15.9625,47172268.0,0.0
2016-06-06,16.0,16.15,15.9125,16.0125,51965784.0,0.0
2016-06-07,16.075,16.2375,16.075,16.225,123350308.0,0.0
2016-06-08,16.25,16.3875,16.25,16.3125,104258364.0,0.0
2016-06-13,16.075,16.1125,15.925,15.9375,38080492.0,0.0
2016-06-14,15.875,16.05,15.875,16.0375,25647780.0,0.0
2016-06-15,16.0375,16.1,15.9,16.0625,90333460.0,0.0
2016-06-16,16.025,16.025,15.75,15.8375,35996524.0,0.0
2016-06-17,15.9625,16.1,15.9625,16.0125,23235888.0,0.0
2016-06-20,16.125,16.1625,16.0875,16.125,41230268.0,0.0
2016-06-21,16.125,16.2375,16.1125,16.1875,72453344.0,0.0
2016-06-22,16.1875,16.2375,16.1375,16.2375,42227324.0,0.0
2016-06-23,16.2,16.2125,16.1375,16.2,128753308.0,0.0
2016-06-24,16.1875,16.225,15.5125,15.775,126660260.0,0.0
2016-06-27,15.8,15.9375,15.75,15.9375,19725056.0,0.0
2016-06-28,15.775,16.0125,15.7625,16.0,21382312.0,0.0
2016-06-29,16.0375,16.25,16.0375,16.175,36405632.0,0.0
2016-06-30,16.2875,16.3625,16.1625,16.3625,101380544.0,0.0
2016-07-01,16.4625,16.6,16.4125,16.5625,122673720.0,0.0
2016-07-04,16.525,16.6875,16.5,16.575,39958748.0,0.0
2016-07-05,16.55,16.5625,16.4625,16.525,23991848.0,0.0
2016-07-06,16.4,16.4,16.175,16.225,34922552.0,0.0
2016-07-07,16.3625,16.4375,16.3375,16.425,26350232.0,0.0
2016-07-08,16.425,16.425,16.425,16.425,0.0,0.0
2016-07-11,16.675,16.8125,16.675,16.75,88833128.0,0.0
2016-07-12,16.7875,16.9,16.7875,16.9,61589704.0,0.0
2016-07-13,16.9625,16.975,16.775,16.9125,37739664.0,0.0
2016-07-14,16.875,16.9625,16.825,16.925,40439392.0,0.0
2016-07-15,16.95,17.125,16.95,17.125,62172584.0,0.0
2016-07-18,17.1125,17.2875,17.1125,17.2875,147391620.0,0.0
2016-07-19,17.3,17.325,17.2,17.3125,68182348.0,0.0
2016-07-20,17.25,17.325,17.2,17.3,98872448.0,0.0
2016-07-21,17.3625,17.475,17.3375,17.3875,39920284.0,0.0
2016-07-22,17.3875,17.425,17.3,17.325,13060376.0,0.0
2016-07-25,17.375,17.4875,17.0875,17.25,46705892.0,0.0
2016-07-26,17.25,17.35,17.2125,17.35,52849320.0,0.0
2016-07-27,17.4125,17.4875,17.375,17.425,44472784.0,0.0
2016-07-28,17.25,17.3125,17.15,17.2625,45809772.0,0.2125
2016-07-29,17.2125,17.3,17.1375,17.1375,77561492.0,0.0
2016-08-01,17.2,17.3625,17.2,17.325,41629484.0,0.0
2016-08-02,17.3125,17.35,17.275,17.325,28467896.0,0.0
2016-08-03,17.125,17.225,17.0125,17.1875,55204428.0,0.0
2016-08-04,17.2125,17.2375,17.0875,17.225,42698796.0,0.0
2016-08-05,17.275,17.4375,17.225,17.4,49691456.0,0.0
2016-08-08,17.5,17.5625,17.425,17.5125,31611788.0,0.0
2016-08-09,17.5,17.6125,17.4875,17.6,46273940.0,0.0
2016-08-10,17.575,17.65,17.5125,17.65,25991192.0,0.0
2016-08-11,17.55,17.6375,17.3625,17.4875,43613680.0,0.0
2016-08-12,17.5375,17.625,17.5125,17.55,21034824.0,0.0
2016-08-15,17.55,17.625,17.475,17.5875,19189900.0,0.0
2016-08-16,17.575,17.625,17.425,17.4875,17727968.0,0.0
2016-08-17,17.475,17.525,17.4375,17.5125,35701440.0,0.0
2016-08-18,17.5,17.5375,17.45,17.475,13100136.0,0.0
2016-08-19,17.475,17.6125,17.3,17.3,33199204.0,0.0
2016-08-22,17.25,17.2875,17.1125,17.175,28333644.0,0.0
2016-08-23,17.225,17.4,17.225,17.35,28336036.0,0.0
2016-08-24,17.3375,17.3875,17.3,17.3,20285916.0,0.0
2016-08-25,17.325,17.5375,17.325,17.5,32090272.0,0.0
2016-08-26,17.4875,17.575,17.45,17.525,11967756.0,0.0
2016-08-29,17.475,17.5375,17.3,17.5125,14219696.0,0.0
2016-08-30,17.5,17.5625,17.45,17.5,15164888.0,0.0
2016-08-31,17.4625,17.5125,17.325,17.35,20824324.0,0.0
2016-09-01,17.325,17.325,17.15,17.2625,23860716.0,0.0
2016-09-02,17.275,17.325,17.2,17.2875,10461928.0,0.0
2016-09-05,17.45,17.575,17.45,17.575,34092164.0,0.0
2016-09-06,17.5625,17.725,17.5625,17.7125,29371884.0,0.0
2016-09-07,17.7375,17.975,17.7375,17.9625,38747108.0,0.0
2016-09-08,17.95,17.95,17.85,17.9,18697316.0,0.0
2016-09-09,17.725,17.725,17.5875,17.6,20921496.0,0.0
2016-09-12,17.3375,17.3375,17.175,17.2125,28945744.0,0.0
2016-09-13,17.275,17.3,17.05,17.2125,28493144.0,0.0
2016-09-14,17.125,17.2625,17.1125,17.1125,22496644.0,0.0
2016-09-19,17.35,17.75,17.35,17.75,39551620.0,0.0
2016-09-20,17.725,17.75,17.65,17.725,11180720.0,0.0
2016-09-21,17.6875,17.8375,17.6375,17.8125,48624876.0,0.0
2016-09-22,17.975,18.0,17.8125,17.85,19717528.0,0.0
2016-09-23,17.875,17.975,17.85,17.975,16862952.0,0.0
2016-09-26,17.875,17.875,17.75,17.75,14946312.0,0.0
2016-09-27,17.75,17.75,17.75,17.75,0.0,0.0
2016-09-28,17.75,17.75,17.75,17.75,0.0,0.0
2016-09-29,17.9625,18.0375,17.85,17.975,38497932.0,0.0
2016-09-30,17.7875,17.8375,17.7,17.7375,23375756.0,0.0
2016-10-03,17.8,17.9,17.775,17.8625,15552136.0,0.0
2016-10-04,17.8625,17.9375,17.825,17.9375,20679396.0,0.0
2016-10-05,17.9,17.9625,17.8625,17.875,11353240.0,0.0
2016-10-06,17.925,17.9375,17.8625,17.925,8287072.0,0.0
2016-10-07,17.9,17.95,17.9,17.9125,12213700.0,0.0
2016-10-11,18.0875,18.1125,17.8,17.8625,27783292.0,0.0
2016-10-12,17.875,18.075,17.8375,18.0625,24228792.0,0.0
2016-10-13,18.05,18.075,17.8625,17.925,21819768.0,0.0
2016-10-14,17.825,17.975,17.825,17.8625,14532872.0,0.0
2016-10-17,17.8625,17.9,17.65,17.8625,17688392.0,0.0
2016-10-18,17.875,17.9875,17.825,17.9875,14479784.0,0.0
2016-10-19,18.0,18.15,18.0,18.0875,86301328.0,0.0
2016-10-20,18.0875,18.1875,18.0875,18.1625,19344128.0,0.0
2016-10-21,18.1625,18.2625,18.1375,18.15,16938960.0,0.0
2016-10-24,18.2125,18.2375,18.15,18.175,13060488.0,0.0
2016-10-25,18.2125,18.375,18.2125,18.35,14863092.0,0.0
2016-10-26,18.25,18.2875,18.225,18.25,11473816.0,0.0
2016-10-27,18.25,18.2875,18.1,18.15,12681616.0,0.0
2016-10-28,18.15,18.1875,18.1125,18.15,17100148.0,0.0
2016-10-31,18.0625,18.175,17.925,18.15,21856584.0,0.0
2016-11-01,18.0625,18.15,18.025,18.15,8097348.0,0.0
2016-11-02,17.9875,18.0,17.9,17.9375,22009916.0,0.0
2016-11-03,17.8625,17.9,17.775,17.8,18218928.0,0.0
2016-11-04,17.75,17.8,17.7125,17.75,17385484.0,0.0
2016-11-07,17.95,18.0,17.8625,18.0,12941500.0,0.0
2016-11-08,18.0375,18.1,18.0,18.0875,10776436.0,0.0
2016-11-09,18.2125,18.2625,17.5,17.5,79746700.0,0.0
2016-11-10,17.95,18.025,17.9375,18.0,26798796.0,0.0
2016-11-11,17.5875,17.675,17.4875,17.5125,33503324.0,0.0
2016-11-14,17.4875,17.575,17.3625,17.525,28468604.0,0.0
2016-11-15,17.45,17.525,17.4375,17.475,16062736.0,0.0
2016-11-16,17.55,17.625,17.4875,17.5,98998440.0,0.0
2016-11-17,17.5,17.55,17.4375,17.55,13253944.0,0.0
2016-11-18,17.525,17.6,17.475,17.6,8478156.0,0.0
2016-11-21,17.575,17.625,17.525,17.625,10599960.0,0.0
2016-11-22,17.6875,17.9125,17.6875,17.8625,21175128.0,0.0
2016-11-23,17.875,17.975,17.8625,17.95,7630868.0,0.0
2016-11-24,17.9,17.9,17.8,17.85,9213640.0,0.0
2016-11-25,17.8375,17.9125,17.8125,17.8375,10597000.0,0.0
2016-11-28,17.8375,18.0,17.8375,17.9375,10584196.0,0.0
2016-11-29,17.975,18.0,17.9125,17.9125,5671484.0,0.0
2016-11-30,17.925,17.975,17.875,17.925,7673300.0,0.0
2016-12-01,17.9,18.025,17.9,18.0,7823268.0,0.0
2016-12-02,17.8,17.8,17.725,17.8,13230792.0,0.0
2016-12-05,17.8,17.8,17.7,17.775,5552676.0,0.0
2016-12-06,17.95,18.05,17.9375,18.0,9743816.0,0.0
2016-12-07,18.05,18.0875,17.975,18.0,5869508.0,0.0
2016-12-08,18.075,18.25,18.075,18.225,24342380.0,0.0
2016-12-09,18.2625,18.3,18.2375,18.2875,21673124.0,0.0
2016-12-12,18.325,18.3875,18.1875,18.2125,12834224.0,0.0
2016-12-13,18.2125,18.25,18.1625,18.2375,10194560.0,0.0
2016-12-14,18.3,18.325,18.225,18.275,11311920.0,0.0
2016-12-15,18.1375,18.25,18.1,18.25,12071144.0,0.0
2016-12-16,18.2,18.2,18.075,18.075,8593712.0,0.0
2016-12-19,18.0625,18.075,17.9625,17.9625,10723840.0,0.0
2016-12-20,17.9875,17.9875,17.8875,17.9375,8119164.0,0.0
2016-12-21,17.9375,17.9625,17.875,17.925,37284788.0,0.0
2016-12-22,17.8875,17.8875,17.7,17.7,19886148.0,0.0
2016-12-23,17.65,17.7125,17.5875,17.6375,20503824.0,0.0
2016-12-26,17.6625,17.7,17.6375,17.7,8419716.0,0.0
2016-12-27,17.7,17.725,17.6625,17.6875,9977116.0,0.0
2016-12-28,17.7125,17.9,17.7125,17.9,14744040.0,0.0
2016-12-29,17.8625,17.8625,17.8,17.8125,7644424.0,0.0
2016-12-30,17.9125,18.0,17.8875,17.95,10905812.0,0.0
2017-01-03,17.925,17.975,17.875,17.975,9325724.0,0.0
2017-01-04,18.0,18.025,17.9375,17.9625,17136780.0,0.0
2017-01-05,17.9625,18.125,17.95,18.125,18294400.0,0.0
2017-01-06,18.1125,18.1875,18.1125,18.1625,15011992.0,0.0
2017-01-09,18.1875,18.2375,18.075,18.1125,20153160.0,0.0
2017-01-10,18.1125,18.15,18.1,18.1,7431412.0,0.0
2017-01-11,18.2,18.2125,18.1,18.1,7592212.0,0.0
2017-01-12,18.15,18.325,18.15,18.2875,19429836.0,0.0
2017-01-13,18.2,18.2,18.15,18.15,15639440.0,0.0
2017-01-16,18.1,18.1,17.95,18.0,9673756.0,0.0
2017-01-17,18.0,18.1,18.0,18.075,6290964.0,0.0
2017-01-18,18.05,18.05,18.0125,18.0375,15351272.0,0.0
2017-01-19,17.9625,18.025,17.9,17.9875,16262236.0,0.0
2017-01-20,17.9875,18.0625,17.9875,18.0375,9688696.0,0.0
2017-01-23,18.1375,18.25,18.1375,18.1875,23860356.0,0.0
2017-01-24,18.25,18.325,18.225,18.325,18300416.0,0.0
2017-02-02,18.375,18.4125,18.1875,18.225,27996588.0,0.0
2017-02-03,18.2375,18.2875,18.1625,18.2125,11236776.0,0.0
2017-02-06,18.25,18.35,18.2375,18.3125,11788984.0,0.0
2017-02-07,18.275,18.3625,18.275,18.325,17220928.0,0.0
2017-02-08,17.975,17.975,17.8375,17.9375,17735756.0,0.425
2017-02-09,17.9375,18.05,17.9125,18.0,14193680.0,0.0
2017-02-10,18.025,18.2375,18.025,18.2,19479148.0,0.0
2017-02-13,18.2,18.275,18.2,18.2375,13320588.0,0.0
2017-02-14,18.35,18.375,18.275,18.3,24286672.0,0.0
2017-02-15,18.325,18.475,18.3,18.475,37628016.0,0.0
2017-02-16,18.5,18.55,18.3375,18.3625,21866524.0,0.0
2017-02-17,18.4125,18.425,18.3375,18.3375,20771092.0,0.0
2017-02-20,18.3875,18.4125,18.275,18.275,11210424.0,0.0
2017-02-21,18.3,18.35,18.2625,18.3125,13349556.0,0.0
2017-02-22,18.4,18.425,18.2875,18.325,11753588.0,0.0
2017-02-23,18.3125,18.3875,18.275,18.275,9329768.0,0.0
2017-02-24,18.2625,18.325,18.2125,18.2875,7379160.0,0.0
2017-03-01,18.275,18.275,18.0875,18.0875,12429400.0,0.0
2017-03-02,18.2375,18.3125,18.0625,18.1375,28231488.0,0.0
2017-03-03,18.075,18.0875,18.0,18.025,17640904.0,0.0
2017-03-06,18.0125,18.0625,18.0,18.0375,8709452.0,0.0
2017-03-07,18.0625,18.15,18.0625,18.1125,8109184.0,0.0
2017-03-08,18.1625,18.2125,18.1125,18.2125,8728588.0,0.0
2017-03-09,18.15,18.15,17.9875,18.0125,13525580.0,0.0
2017-03-10,17.9875,18.0125,17.8875,18.0,21693140.0,0.0
2017-03-13,18.0375,18.125,18.0375,18.125,10061528.0,0.0
2017-03-14,18.15,18.275,18.15,18.25,15793412.0,0.0
2017-03-15,18.2,18.25,18.15,18.2125,13961488.0,0.0
2017-03-16,18.325,18.4625,18.325,18.45,30180596.0,0.0
2017-03-17,18.4625,18.525,18.4375,18.5,21063500.0,0.0
2017-03-20,18.4875,18.5375,18.4625,18.4875,20292744.0,0.0
2017-03-21,18.575,18.725,18.575,18.725,34045080.0,0.0
2017-03-22,18.5625,18.5625,18.5,18.55,19759900.0,0.0
2017-03-23,18.65,18.6625,18.5375,18.5875,16423820.0,0.0
2017-03-24,18.5875,18.6,18.525,18.5625,13232480.0,0.0
2017-03-27,18.5,18.6,18.4625,18.55,9897360.0,0.0
2017-03-28,18.6375,18.65,18.4875,18.5625,22262136.0,0.0
2017-03-29,18.6125,18.625,18.5,18.5,9856772.0,0.0
2017-03-30,18.5,18.5625,18.475,18.475,8725832.0,0.0
2017-03-31,18.4875,18.525,18.425,18.425,8035548.0,0.0
2017-04-05,18.4875,18.7,18.4875,18.6625,14377472.0,0.0
2017-04-06,18.7,18.7,18.575,18.6,11244600.0,0.0
2017-04-07,18.575,18.575,18.35,18.525,7556660.0,0.0
2017-04-10,18.525,18.5625,18.5,18.55,4243156.0,0.0
2017-04-11,18.525,18.6,18.4375,18.475,5067836.0,0.0
2017-04-12,18.475,18.525,18.4125,18.5125,7760588.0,0.0
2017-04-13,18.475,18.6125,18.475,18.6,24018700.0,0.0
2017-04-14,18.475,18.475,18.375,18.3875,10697120.0,0.0
2017-04-17,18.3875,18.45,18.3375,18.4,21357960.0,0.0
2017-04-18,18.4625,18.5,18.375,18.4,16399696.0,0.0
2017-04-19,18.275,18.3125,18.1625,18.2,36741784.0,0.0
2017-04-20,18.1375,18.225,18.125,18.2,12569024.0,0.0
2017-04-21,18.3125,18.375,18.275,18.375,12988852.0,0.0
2017-04-24,18.475,18.4875,18.3625,18.4125,17237856.0,0.0
2017-04-25,18.4625,18.6,18.425,18.5875,22792244.0,0.0
2017-04-26,18.675,18.675,18.6,18.6375,16471812.0,0.0
2017-04-27,18.5875,18.625,18.5375,18.625,14741160.0,0.0
2017-04-28,18.625,18.65,18.575,18.6375,17692400.0,0.0
2017-05-02,18.75,18.85,18.75,18.8,62913456.0,0.0
2017-05-03,18.825,18.9125,18.825,18.8875,18847812.0,0.0
2017-05-04,18.8875,18.9125,18.8375,18.9125,15987300.0,0.0
2017-05-05,18.8625,18.8625,18.775,18.7875,21151260.0,0.0
2017-05-08,18.8875,18.925,18.8125,18.925,16333496.0,0.0
2017-05-09,18.925,19.125,18.925,18.9875,16760944.0,0.0
2017-05-10,19.0375,19.0875,19.0,19.0625,7052140.0,0.0
2017-05-11,19.025,19.125,19.0,19.125,8073252.0,0.0
2017-05-12,19.0625,19.125,19.0375,19.075,11243956.0,0.0
2017-05-15,19.075,19.1375,19.05,19.125,5142880.0,0.0
2017-05-16,19.125,19.15,19.0625,19.125,6393328.0,0.0
2017-05-17,19.075,19.1,19.0125,19.075,5326112.0,0.0
2017-05-18,18.9125,18.975,18.825,18.975,17087712.0,0.0
2017-05-19,18.9125,18.975,18.9125,18.9625,4651388.0,0.0
2017-05-22,18.9875,19.0375,18.9375,19.0125,10304548.0,0.0
2017-05-23,19.0125,19.1125,19.0,19.0875,15377404.0,0.0
2017-05-24,19.0875,19.1125,19.0625,19.075,11545072.0,0.0
2017-05-25,19.175,19.25,19.1125,19.25,18727908.0,0.0
2017-05-26,19.25,19.2875,19.1875,19.2375,16073316.0,0.0
2017-05-31,19.2375,19.375,19.1,19.125,10805204.0,0.0
2017-06-01,19.125,19.225,19.125,19.225,8886768.0,0.0
2017-06-02,19.325,19.325,19.2625,19.3,14163736.0,0.0
2017-06-05,19.3375,19.5,19.3125,19.5,13127008.0,0.0
2017-06-06,19.4875,19.4875,19.425,19.4875,4812028.0,0.0
2017-06-07,19.475,19.525,19.425,19.4875,7379160.0,0.0
2017-06-08,19.4875,19.5625,19.45,19.5625,7547444.0,0.0
2017-06-09,19.5125,19.5875,19.4875,19.5,12041656.0,0.0
2017-06-12,19.2875,19.375,19.2625,19.2875,13203260.0,0.0
2017-06-13,19.2875,19.325,19.25,19.3125,6463920.0,0.0
2017-06-14,19.35,19.35,19.125,19.2125,13522368.0,0.0
2017-06-15,19.2,19.225,19.15,19.225,6029904.0,0.0
2017-06-16,19.225,19.425,19.2125,19.425,16932372.0,0.0
2017-06-19,19.425,19.6375,19.425,19.6375,20579340.0,0.0
2017-06-20,19.65,19.9125,19.65,19.8625,16187336.0,0.0
2017-06-21,19.8,19.975,19.7125,19.8875,54451816.0,0.0
2017-06-22,19.9,19.9625,19.8875,19.9375,24451200.0,0.0
2017-06-23,19.9375,20.0125,19.9125,19.925,34068356.0,0.0
2017-06-26,19.95,20.375,19.95,20.35,57017924.0,0.0
2017-06-27,20.35,20.375,20.25,20.325,12104808.0,0.0
2017-06-28,20.225,20.2625,20.075,20.1375,25147648.0,0.0
2017-06-29,20.25,20.2625,20.125,20.1625,5709020.0,0.0
2017-06-30,20.025,20.1,19.95,20.1,12282612.0,0.0
2017-07-03,20.1,20.15,20.05,20.1125,6204184.0,0.0
2017-07-04,20.1125,20.15,20.0,20.0,4948796.0,0.0
2017-07-05,20.025,20.1875,19.9375,20.1875,9097248.0,0.0
2017-07-06,20.1875,20.1875,20.05,20.1,9969676.0,0.0
2017-07-07,20.0625,20.0625,19.95,19.9875,14279240.0,0.0
2017-07-10,20.0,20.1125,20.0,20.0875,14199716.0,0.0
2017-07-11,20.175,20.3875,20.1375,20.3875,16555084.0,0.0
2017-07-12,20.375,20.45,20.325,20.3875,15792908.0,0.0
2017-07-13,20.4875,20.6,20.4375,20.55,15970496.0,0.0
2017-07-14,20.5,20.5375,20.45,20.5125,9126536.0,0.0
2017-07-17,20.625,20.6375,20.5,20.55,10750572.0,0.0
2017-07-18,20.55,20.6,20.4625,20.6,13110824.0,0.0
2017-07-19,20.5875,20.75,20.5875,20.675,29070760.0,0.0
2017-07-20,20.7125,20.725,20.6375,20.6625,8082744.0,0.0
2017-07-21,20.65,20.65,20.5125,20.525,17863648.0,0.0
2017-07-24,20.4875,20.575,20.4375,20.575,9457268.0,0.0
2017-07-25,20.575,20.625,20.525,20.6125,8506584.0,0.0
2017-07-26,20.6375,20.6875,20.5125,20.5375,9429780.0,0.0
2017-07-27,20.55,20.75,20.55,20.75,8854880.0,0.0
2017-07-28,20.6,20.6125,20.4875,20.525,17606404.0,0.0
2017-07-31,20.3625,20.375,20.2625,20.3375,11226396.0,0.175
2017-08-01,20.5375,20.5375,20.3875,20.45,10569560.0,0.0
2017-08-02,20.5,20.6625,20.5,20.625,20181832.0,0.0
2017-08-03,20.4625,20.5875,20.425,20.55,16116432.0,0.0
2017-08-04,20.5375,20.5875,20.5125,20.5875,4575992.0,0.0
2017-08-07,20.6125,20.75,20.6125,20.7375,16435276.0,0.0
2017-08-08,20.7625,20.8125,20.6375,20.725,11942984.0,0.0
2017-08-09,20.6375,20.65,20.5125,20.5375,12488912.0,0.0
2017-08-10,20.5875,20.6125,20.3375,20.4,12675976.0,0.0
2017-08-11,20.2125,20.3375,20.1875,20.3125,10989160.0,0.0
2017-08-14,20.3625,20.4,20.1875,20.1875,8981648.0,0.0
2017-08-15,20.325,20.375,20.2375,20.325,10835444.0,0.0
2017-08-16,20.2875,20.3125,20.15,20.25,25131344.0,0.0
2017-08-17,20.3125,20.425,20.2875,20.4125,7875208.0,0.0
2017-08-18,20.25,20.2875,20.1625,20.2875,9262572.0,0.0
2017-08-21,20.2625,20.3,20.1875,20.2625,8201116.0,0.0
2017-08-22,20.3625,20.475,20.3625,20.4625,15946580.0,0.0
2017-08-23,20.5,20.5625,20.4375,20.4375,22018028.0,0.0
2017-08-24,20.4625,20.6375,20.4625,20.6375,13951484.0,0.0
2017-08-25,20.6625,20.6875,20.6,20.675,10459032.0,0.0
2017-08-28,20.675,20.7,20.6,20.6375,11092904.0,0.0
2017-08-29,20.5625,20.6,20.4875,20.575,4914728.0,0.0
2017-08-30,20.6625,20.725,20.65,20.675,16479772.0,0.0
2017-08-31,20.7875,20.7875,20.675,20.7375,13137268.0,0.0
2017-09-01,20.7375,20.8,20.6625,20.75,17717428.0,0.0
2017-09-04,20.725,20.7625,20.675,20.7125,10383840.0,0.0
2017-09-05,20.725,20.75,20.6625,20.7375,10256056.0,0.0
2017-09-06,20.675,20.725,20.5875,20.65,11565836.0,0.0
2017-09-07,20.7,20.7125,20.55,20.5625,5475400.0,0.0
2017-09-08,20.6,20.725,20.6,20.675,11367228.0,0.0
2017-09-11,20.8125,20.8375,20.625,20.6375,6510960.0,0.0
2017-09-12,20.7375,20.7625,20.6625,20.7125,5577004.0,0.0
2017-09-13,20.725,20.75,20.5625,20.575,8701656.0,0.0
2017-09-14,20.575,20.6375,20.5375,20.5875,6998744.0,0.0
2017-09-15,20.5875,20.625,20.525,20.5875,7284024.0,0.0
2017-09-18,20.7125,20.7875,20.65,20.7875,10771272.0,0.0
2017-09-19,20.8,20.825,20.6625,20.6875,5825792.0,0.0
2017-09-20,20.625,20.6625,20.525,20.55,39854696.0,0.0
2017-09-21,20.5125,20.7,20.4875,20.675,7320912.0,0.0
2017-09-22,20.65,20.65,20.3875,20.4,22423144.0,0.0
2017-09-25,20.3875,20.3875,20.1875,20.2375,28284184.0,0.0
2017-09-26,20.2,20.2625,20.075,20.075,47009200.0,0.0
2017-09-27,20.15,20.225,20.1375,20.175,24971608.0,0.0
2017-09-28,20.1875,20.2,20.075,20.1,27597268.0,0.0
2017-09-29,20.1125,20.1625,20.075,20.1625,13775460.0,0.0
2017-10-02,20.3125,20.4,20.3125,20.375,13040768.0,0.0
2017-10-03,20.3875,20.425,20.325,20.375,6312412.0,0.0
2017-10-05,20.375,20.525,20.375,20.4625,25628312.0,0.0
2017-10-06,20.525,20.55,20.4875,20.525,16507124.0,0.0
2017-10-11,20.6125,20.85,20.6125,20.85,63901824.0,0.0
2017-10-12,20.8875,21.05,20.8875,21.05,35080176.0,0.0
2017-10-13,20.9875,21.0125,20.9375,21.0125,14384064.0,0.0
2017-10-16,21.0125,21.125,21.0125,21.125,16182852.0,0.0
2017-10-17,21.1375,21.175,21.075,21.075,12935588.0,0.0
2017-10-18,21.2,21.25,21.075,21.15,17890512.0,0.0
2017-10-19,21.175,21.3,21.175,21.225,9789764.0,0.0
2017-10-20,21.1,21.2125,21.1,21.1375,6902248.0,0.0
2017-10-23,21.175,21.2375,21.1125,21.125,7087432.0,0.0
2017-10-24,21.125,21.125,21.05,21.1,4288612.0,0.0
2017-10-25,21.075,21.15,21.05,21.0875,9666564.0,0.0
2017-10-26,21.0375,21.1,21.0,21.0625,12905928.0,0.0
2017-10-27,21.075,21.1875,21.05,21.075,8564552.0,0.0
2017-10-30,21.275,21.3375,21.2,21.2375,13431968.0,0.0
2017-10-31,21.25,21.3375,21.2,21.3,8525736.0,0.0
2017-11-01,21.3375,21.35,21.2375,21.275,5254992.0,0.0
2017-11-02,21.2375,21.2625,21.175,21.2,6250148.0,0.0
2017-11-03,21.2375,21.2625,21.15,21.175,5823476.0,0.0
2017-11-06,21.3,21.325,21.15,21.2125,6293204.0,0.0
2017-11-07,21.25,21.325,21.2125,21.325,8845884.0,0.0
2017-11-08,21.3,21.3,21.2375,21.2375,3239520.0,0.0
2017-11-09,21.2375,21.2625,21.1,21.1,5033196.0,0.0
2017-11-10,21.075,21.1375,20.9875,21.1375,3692824.0,0.0
2017-11-13,21.0625,21.1,21.05,21.075,3917128.0,0.0
2017-11-14,21.075,21.075,20.9875,21.0375,4063196.0,0.0
2017-11-15,20.95,20.9625,20.7875,20.825,24280764.0,0.0
2017-11-16,20.825,20.9375,20.8,20.9,8707248.0,0.0
2017-11-17,21.075,21.1125,21.0375,21.0875,28784476.0,0.0
2017-11-20,21.1,21.1125,20.975,21.0,9204096.0,0.0
2017-11-21,20.975,21.2,20.975,21.1875,17878752.0,0.0
2017-11-22,21.2875,21.4,21.225,21.2875,19654892.0,0.0
2017-11-23,21.2875,21.3375,21.2375,21.3,6208204.0,0.0
2017-11-24,21.3125,21.325,21.2375,21.2875,4274136.0,0.0
2017-11-27,21.2875,21.2875,21.025,21.0375,8509216.0,0.0
2017-11-28,20.9875,21.0,20.875,20.9,8028492.0,0.0
2017-11-29,20.9125,20.9875,20.8875,20.925,5527436.0,0.0
2017-11-30,20.75,20.75,20.5625,20.5625,32153968.0,0.0
2017-12-01,20.5375,20.725,20.4125,20.65,22481288.0,0.0
2017-12-04,20.6625,20.7375,20.5875,20.725,6014996.0,0.0
2017-12-05,20.6375,20.6625,20.55,20.5625,7520528.0,0.0
2017-12-06,20.525,20.525,20.2125,20.2125,52941612.0,0.0
2017-12-07,20.3,20.3125,20.1125,20.225,29236120.0,0.0
2017-12-08,20.375,20.375,20.1625,20.225,25120068.0,0.0
2017-12-11,20.3,20.4125,20.3,20.375,10955980.0,0.0
2017-12-12,20.35,20.375,20.1375,20.2375,15762584.0,0.0
2017-12-13,20.275,20.3,20.225,20.25,6707996.0,0.0
2017-12-14,20.3875,20.5,20.3375,20.4375,8985120.0,0.0
2017-12-15,20.4125,20.4125,20.1625,20.275,16308644.0,0.0
2017-12-18,20.3,20.3125,20.2125,20.3,15370456.0,0.0
2017-12-19,20.3,20.35,20.175,20.2,16380392.0,0.0
2017-12-20,20.2,20.275,20.1875,20.2625,18609096.0,0.0
2017-12-21,20.275,20.3375,20.25,20.25,4963292.0,0.0
2017-12-22,20.2,20.3375,20.175,20.325,6579364.0,0.0
2017-12-25,20.325,20.3875,20.325,20.3625,4011732.0,0.0
2017-12-26,20.3625,20.3625,20.125,20.1625,10312784.0,0.0
2017-12-27,20.15,20.225,20.1375,20.225,14400572.0,0.0
2017-12-28,20.3125,20.4375,20.3125,20.425,12379264.0,0.0
2017-12-29,20.4375,20.55,20.4375,20.5375,18761184.0,0.0
2018-01-02,20.5375,20.65,20.5375,20.65,14452796.0,0.0
2018-01-03,20.7375,20.8625,20.7375,20.8375,28785748.0,0.0
2018-01-04,20.875,20.9125,20.8,20.875,22510260.0,0.0
2018-01-05,20.875,20.95,20.825,20.9375,30467184.0,0.0
2018-01-08,20.95,21.0375,20.925,21.025,20758444.0,0.0
2018-01-09,21.025,21.0625,20.975,21.0375,14658864.0,0.0
2018-01-10,21.025,21.0625,20.8875,20.9375,22998388.0,0.0
2018-01-11,20.9125,20.925,20.775,20.85,10316900.0,0.0
2018-01-12,20.8875,21.05,20.875,21.025,11484772.0,0.0
2018-01-15,21.1375,21.175,21.1,21.1625,11279408.0,0.0
2018-01-16,21.1625,21.25,21.125,21.25,15823364.0,0.0
2018-01-17,21.1625,21.3625,21.1625,21.2875,22793072.0,0.0
2018-01-18,21.375,21.6375,21.375,21.575,27595212.0,0.0
2018-01-19,21.5875,21.7875,21.5875,21.7875,21208288.0,0.0
2018-01-22,21.7875,21.9875,21.7875,21.9875,17764244.0,0.0
2018-01-23,22.0125,22.1,21.975,22.075,23199728.0,0.0
2018-01-24,22.0,22.0,21.7125,21.8,20413716.0,0.0
2018-01-25,21.8125,22.075,21.7875,21.8625,19934736.0,0.0
2018-01-26,21.8625,21.9,21.7125,21.875,31098692.0,0.0
2018-01-29,21.375,21.5375,21.3,21.3875,25783188.0,0.55
2018-01-30,21.3,21.3375,21.125,21.1375,19865044.0,0.0
2018-01-31,21.1,21.25,21.0375,21.1625,17006956.0,0.0
2018-02-01,21.1875,21.375,21.1875,21.3125,11658156.0,0.0
2018-02-02,21.2125,21.2875,21.0875,21.225,12326368.0,0.0
2018-02-05,20.8,20.9375,20.725,20.9,28303608.0,0.0
2018-02-06,20.2125,20.275,19.7,19.9125,128890380.0,0.0
2018-02-07,20.3375,20.35,20.15,20.1625,40727628.0,0.0
2018-02-08,20.1625,20.2375,20.075,20.15,18058764.0,0.0
2018-02-09,19.65,19.8,19.5,19.7625,64844948.0,0.0
2018-02-12,19.8875,19.975,19.85,19.925,33775180.0,0.0
2018-02-21,20.35,20.425,20.275,20.375,46584340.0,0.0
2018-02-22,20.375,20.375,20.1875,20.25,14999640.0,0.0
2018-02-23,20.35,20.525,20.35,20.5,14317264.0,0.0
2018-02-26,20.6375,20.7,20.5875,20.6,13156828.0,0.0
2018-02-27,20.775,20.8,20.5875,20.5875,30654984.0,0.0
2018-03-01,20.3875,20.4875,20.2875,20.4375,17376880.0,0.0
2018-03-02,20.2125,20.3,20.1125,20.2875,25049444.0,0.0
2018-03-05,20.275,20.375,20.1625,20.1875,14895028.0,0.0
2018-03-06,20.4125,20.5375,20.4,20.5375,22128816.0,0.0
2018-03-07,20.4375,20.6125,20.425,20.45,10476644.0,0.0
2018-03-08,20.5375,20.7,20.5375,20.6875,12930332.0,0.0
2018-03-09,20.725,20.75,20.675,20.7125,11328256.0,0.0
2018-03-12,20.9,21.0625,20.8875,21.0375,35009296.0,0.0
2018-03-13,21.0875,21.2375,21.075,21.2375,39349740.0,0.0
2018-03-14,21.0875,21.1125,21.0,21.075,13663712.0,0.0
2018-03-15,21.0,21.075,20.975,21.0625,14027592.0,0.0
2018-03-16,21.0,21.05,20.775,20.975,22042684.0,0.0
2018-03-19,20.9125,21.025,20.8625,20.9625,8142136.0,0.0
2018-03-20,20.8,20.95,20.8,20.95,11581400.0,0.0
2018-03-21,20.95,21.025,20.9,20.9625,19566108.0,0.0
2018-03-22,21.0,21.15,20.8625,20.8875,13719700.0,0.0
2018-03-23,20.4625,20.6,20.45,20.525,32238952.0,0.0
2018-03-26,20.4625,20.55,20.4,20.55,17476488.0,0.0
2018-03-27,20.75,20.85,20.7375,20.85,13110272.0,0.0
2018-03-28,20.725,20.725,20.55,20.5625,16644768.0,0.0
2018-03-29,20.5625,20.5875,20.45,20.525,16399420.0,0.0
2018-03-30,20.6625,20.7625,20.6625,20.7125,19976360.0,0.0
2018-04-02,20.7125,20.7375,20.5375,20.5625,14949196.0,0.0
2018-04-03,20.375,20.3875,20.3,20.375,24750092.0,0.0
2018-04-09,20.5375,20.575,20.4,20.55,13605720.0,0.0
2018-04-10,20.525,20.7125,20.4375,20.625,15441988.0,0.0
2018-04-11,20.725,20.775,20.6875,20.7125,10414612.0,0.0
2018-04-12,20.7625,20.7875,20.5625,20.625,14366292.0,0.0
2018-04-13,20.675,20.7,20.575,20.625,11930928.0,0.0
2018-04-16,20.6625,20.6625,20.5,20.575,7236792.0,0.0
2018-04-17,20.6,20.6,20.3375,20.35,17300160.0,0.0
2018-04-18,20.4,20.525,20.3375,20.4,14959348.0,0.0
2018-04-19,20.475,20.6625,20.475,20.6625,17845076.0,0.0
2018-04-20,20.25,20.275,20.125,20.1875,36070860.0,0.0
2018-04-23,20.0625,20.1125,19.975,19.9875,42499120.0,0.0
2018-04-24,19.975,19.9875,19.7625,19.8875,67471148.0,0.0
2018-04-25,19.8125,19.825,19.7,19.825,65843988.0,0.0
2018-04-26,19.925,19.925,19.7,19.7625,65943112.0,0.0
2018-04-27,19.9,19.9125,19.7,19.8,49582444.0,0.0
2018-04-30,19.9125,20.0375,19.7625,20.0,26067932.0,0.0
2018-05-02,20.0125,20.0375,19.85,19.85,22053992.0,0.0
2018-05-03,19.7625,19.7625,19.5875,19.6375,35293736.0,0.0
2018-05-04,19.6375,19.75,19.6,19.7375,13901692.0,0.0
2018-05-07,19.875,19.8875,19.7,19.875,15433528.0,0.0
2018-05-08,19.85,20.0125,19.8375,20.0,21408464.0,0.0
2018-05-09,20.0,20.1375,20.0,20.1125,13436088.0,0.0
2018-05-10,20.175,20.175,20.1125,20.1625,23909216.0,0.0
2018-05-11,20.275,20.425,20.2625,20.4,70617188.0,0.0
2018-05-14,20.5,20.65,20.475,20.625,68790744.0,0.0
2018-05-15,20.5875,20.6,20.4125,20.4125,28889928.0,0.0
2018-05-16,20.3625,20.45,20.35,20.4375,33174404.0,0.0
2018-05-17,20.4875,20.5,20.3,20.3,7763112.0,0.0
2018-05-18,20.3,20.375,20.2125,20.2375,9442848.0,0.0
2018-05-21,20.3,20.525,20.3,20.5125,15558644.0,0.0
2018-05-22,20.45,20.575,20.4375,20.4375,7349796.0,0.0
2018-05-23,20.475,20.5,20.325,20.3375,8497492.0,0.0
2018-05-24,20.3375,20.425,20.3125,20.3875,4541296.0,0.0
2018-05-25,20.3875,20.5125,20.35,20.4625,12462992.0,0.0
2018-05-28,20.5125,20.5625,20.5,20.55,11761532.0,0.0
2018-05-29,20.55,20.55,20.375,20.4625,5554160.0,0.0
2018-05-30,20.35,20.35,20.075,20.1,24711276.0,0.0
2018-05-31,20.2,20.2375,20.1375,20.1875,6423688.0,0.0
2018-06-01,20.2,20.3625,20.2,20.3375,7394776.0,0.0
2018-06-04,20.45,20.65,20.45,20.65,28324256.0,0.0
2018-06-05,20.675,20.675,20.5625,20.625,10783684.0,0.0
2018-06-06,20.6625,20.8375,20.6625,20.825,25593288.0,0.0
2018-06-07,20.875,20.9,20.75,20.8625,26817272.0,0.0
2018-06-08,20.825,20.825,20.625,20.6375,13878156.0,0.0
2018-06-11,20.7,20.7375,20.6,20.6625,13057500.0,0.0
2018-06-12,20.5625,20.625,20.4875,20.625,8972896.0,0.0
2018-06-13,20.6125,20.775,20.5875,20.75,18672580.0,0.0
2018-06-14,20.625,20.6375,20.4375,20.4375,14257072.0,0.0
2018-06-15,20.4,20.4875,20.3,20.4875,15448488.0,0.0
2018-06-19,20.275,20.3,20.15,20.15,19976952.0,0.0
2018-06-20,20.1625,20.425,20.075,20.375,31467980.0,0.0
2018-06-21,20.375,20.4,20.3,20.3125,8539404.0,0.0
2018-06-22,20.2,20.3,20.0875,20.2875,25929844.0,0.0
2018-06-25,20.2125,20.2625,20.175,20.225,31972724.0,0.0
2018-06-26,20.175,20.175,20.0,20.175,65736564.0,0.0
2018-06-27,20.1875,20.225,20.075,20.1,33232196.0,0.0
2018-06-28,20.0125,20.1,19.95,20.0125,48256080.0,0.0
2018-06-29,20.075,20.3875,20.05,20.3625,26336852.0,0.0
2018-07-02,20.375,20.475,20.25,20.2625,16702512.0,0.0
2018-07-03,20.325,20.4875,20.15,20.2875,20094748.0,0.0
2018-07-04,20.2875,20.4,20.275,20.35,6985796.0,0.0
2018-07-05,20.3625,20.3625,20.15,20.1875,12476328.0,0.0
2018-07-06,20.275,20.2875,20.05,20.2375,21405968.0,0.0
2018-07-09,20.4375,20.6125,20.3875,20.5625,36155112.0,0.0
2018-07-10,20.6625,20.7,20.5875,20.6125,19655208.0,0.0
2018-07-11,20.425,20.475,20.325,20.425,15596276.0,0.0
2018-07-12,20.4,20.6625,20.375,20.6625,27531384.0,0.0
2018-07-13,20.75,20.85,20.7,20.8375,54647116.0,0.0
2018-07-16,20.825,20.8625,20.75,20.75,21321728.0,0.0
2018-07-17,20.7125,20.7125,20.6,20.6375,11971004.0,0.0
2018-07-18,20.7875,20.875,20.7375,20.7625,52697820.0,0.0
2018-07-19,20.775,20.95,20.7625,20.825,52870644.0,0.0
2018-07-20,21.0,21.175,21.0,21.1625,73613480.0,0.0
2018-07-23,21.075,21.1875,20.9625,21.1375,34017888.0,0.175
2018-07-24,21.1125,21.175,21.0375,21.175,20467256.0,0.0
2018-07-25,21.0125,21.2125,21.0125,21.1875,25408804.0,0.0
2018-07-26,21.1875,21.3125,21.1875,21.25,33884680.0,0.0
2018-07-27,21.275,21.4375,21.275,21.425,23788472.0,0.0
2018-07-30,21.4125,21.475,21.35,21.3875,12921640.0,0.0
2018-07-31,21.3375,21.425,21.2625,21.3875,10958652.0,0.0
2018-08-01,21.45,21.55,21.45,21.5375,16050028.0,0.0
2018-08-02,21.525,21.5375,21.2125,21.2125,19099800.0,0.0
2018-08-03,21.35,21.425,21.3375,21.3875,4900664.0,0.0
2018-08-06,21.3875,21.525,21.3375,21.425,9698684.0,0.0
2018-08-07,21.425,21.45,21.35,21.375,4797124.0,0.0
2018-08-08,21.45,21.6,21.45,21.5375,16299936.0,0.0
2018-08-09,21.525,21.5625,21.425,21.5375,6527156.0,0.0
2018-08-10,21.425,21.5375,21.4125,21.425,5119668.0,0.0
2018-08-13,21.2625,21.2625,20.9125,20.9875,29139736.0,0.0
2018-08-14,21.1,21.15,21.0125,21.1375,8972820.0,0.0
2018-08-15,21.125,21.125,20.8625,20.9375,17118684.0,0.0
2018-08-16,20.8125,21.025,20.7625,20.95,18130168.0,0.0
2018-08-17,20.9875,21.0375,20.9,20.9125,18560156.0,0.0
2018-08-20,20.975,21.025,20.925,20.9875,12591984.0,0.0
2018-08-21,20.975,21.1625,20.975,21.1375,20092232.0,0.0
2018-08-22,21.175,21.2125,21.0875,21.1625,14183072.0,0.0
2018-08-23,21.2,21.3,21.15,21.2625,15476944.0,0.0
2018-08-24,21.25,21.275,21.1125,21.2,10196696.0,0.0
2018-08-27,21.25,21.3875,21.25,21.3875,20073816.0,0.0
2018-08-28,21.4875,21.6,21.4875,21.5625,33152312.0,0.0
2018-08-29,21.6125,21.8375,21.6125,21.8125,53535384.0,0.0
2018-08-30,21.95,22.0875,21.8625,21.8875,39576708.0,0.0
2018-08-31,21.75,21.75,21.6125,21.7375,16982440.0,0.0
2018-09-03,21.7375,21.8,21.6,21.6125,14668308.0,0.0
2018-09-04,21.7,21.75,21.6125,21.75,9430900.0,0.0
2018-09-05,21.75,21.825,21.675,21.75,9985232.0,0.0
2018-09-06,21.725,21.725,21.55,21.625,7783556.0,0.0
2018-09-07,21.55,21.6125,21.5,21.6,10023632.0,0.0
2018-09-10,21.65,21.65,21.4125,21.5,21205124.0,0.0
2018-09-11,21.4875,21.5,21.35,21.4125,78101616.0,0.0
2018-09-12,21.4625,21.475,21.3125,21.3875,74335892.0,0.0
2018-09-13,21.45,21.45,21.225,21.2375,83984800.0,0.0
2018-09-14,21.4375,21.625,21.4,21.625,34465500.0,0.0
2018-09-17,21.625,21.625,21.425,21.4625,35955840.0,0.0
2018-09-18,21.4,21.425,21.3,21.35,24562284.0,0.0
2018-09-19,21.45,21.575,21.425,21.5375,27526508.0,0.0
2018-09-20,21.6125,21.6375,21.45,21.475,16639104.0,0.0
2018-09-21,21.5625,21.7125,21.475,21.7125,29481756.0,0.0
2018-09-25,21.6625,21.7875,21.65,21.775,30025008.0,0.0
2018-09-26,21.725,21.75,21.6875,21.725,32146012.0,0.0
2018-09-27,21.65,21.8625,21.65,21.8375,111200144.0,0.0
2018-09-28,21.8375,21.9125,21.65,21.725,52809484.0,0.0
2018-10-01,21.725,21.85,21.725,21.8375,23648936.0,0.0
2018-10-02,21.8125,21.8125,21.5,21.5125,21737328.0,0.0
2018-10-03,21.5125,21.575,21.45,21.4875,17478760.0,0.0
2018-10-04,21.425,21.425,21.2,21.225,38947872.0,0.0
2018-10-05,21.125,21.125,20.75,20.8625,106976384.0,0.0
2018-10-08,20.7375,20.85,20.625,20.75,186048816.0,0.0
2018-10-09,20.7625,20.85,20.7,20.8125,82123588.0,0.0
2018-10-11,20.0375,20.0375,19.3375,19.35,274206496.0,0.0
2018-10-12,19.425,20.0125,19.375,20.0125,92733128.0,0.0
2018-10-15,19.875,19.875,19.6625,19.8,196954632.0,0.0
2018-10-16,19.75,19.875,19.65,19.825,66706580.0,0.0
2018-10-17,20.1125,20.125,19.8375,19.85,81220148.0,0.0
2018-10-18,19.875,19.9375,19.7375,19.7875,31893128.0,0.0
2018-10-19,19.55,19.825,19.5,19.825,48256144.0,0.0
2018-10-22,19.5875,19.8875,19.5,19.8,49813812.0,0.0
2018-10-23,19.525,19.65,19.425,19.4375,99593568.0,0.0
2018-10-24,19.45,19.4875,19.175,19.35,52010000.0,0.0
2018-10-25,18.875,19.05,18.825,18.875,115743544.0,0.0
2018-10-26,19.0625,19.1125,18.625,18.85,71135124.0,0.0
2018-10-29,18.9625,19.025,18.8375,18.9375,39533040.0,0.0
2018-10-30,18.95,19.0625,18.875,18.9875,24460200.0,0.0
2018-10-31,19.15,19.3875,19.15,19.3875,39552896.0,0.0
2018-11-01,19.4625,19.6125,19.3875,19.6,27189176.0,0.0
2018-11-02,19.6,19.7,19.5,19.6625,26829316.0,0.0
2018-11-05,19.525,19.5625,19.4,19.5625,18483000.0,0.0
2018-11-06,19.6125,19.625,19.4375,19.5,24737928.0,0.0
2018-11-07,19.55,19.6375,19.5125,19.6,24743000.0,0.0
2018-11-08,19.7875,19.85,19.625,19.7125,41055940.0,0.0
2018-11-09,19.625,19.625,19.4125,19.45,147344044.0,0.0
2018-11-12,19.4375,19.575,19.3875,19.5,24513040.0,0.0
2018-11-13,19.0375,19.3125,18.925,19.275,42823476.0,0.0
2018-11-14,19.3125,19.35,19.25,19.3375,25145500.0,0.0
2018-11-15,19.375,19.4125,19.1875,19.4,22737472.0,0.0
2018-11-16,19.4875,19.4875,19.2125,19.2375,35511616.0,0.0
2018-11-19,19.2625,19.2875,19.15,19.175,28221480.0,0.0
2018-11-20,19.1,19.125,18.9375,19.0,34404492.0,0.0
2018-11-21,18.825,19.0125,18.7125,19.0,60492172.0,0.0
2018-11-22,19.025,19.0625,18.9,18.9,23731212.0,0.0
2018-11-23,18.925,18.9625,18.7625,18.8375,16128860.0,0.0
2018-11-26,18.975,19.2375,18.9375,19.0375,25285068.0,0.0
2018-11-27,18.9875,19.0125,18.8,19.0125,30455732.0,0.0
2018-11-28,19.0375,19.2375,18.9375,19.225,30123040.0,0.0
2018-11-29,19.425,19.4875,19.2625,19.2625,35502348.0,0.0
2018-11-30,19.3,19.3375,19.1875,19.1875,16836844.0,0.0
2018-12-03,19.4625,19.75,19.45,19.7,55367944.0,0.0
2018-12-04,19.625,19.625,19.525,19.5625,16317136.0,0.0
2018-12-05,19.275,19.3,19.1625,19.1625,38529464.0,0.0
2018-12-06,18.9625,18.9625,18.7125,18.775,81301684.0,0.0
2018-12-07,18.9,18.9375,18.825,18.8625,27108032.0,0.0
2018-12-10,18.625,18.725,18.6125,18.6125,52041136.0,0.0
2018-12-11,18.625,18.775,18.6125,18.7625,21232912.0,0.0
2018-12-12,18.9125,19.0625,18.85,19.05,34658780.0,0.0
2018-12-13,19.05,19.125,18.9875,19.075,24950320.0,0.0
2018-12-14,18.95,18.95,18.7375,18.8375,35047356.0,0.0
2018-12-17,18.8375,19.0125,18.7875,18.9875,22553732.0,0.0
2018-12-18,18.875,18.8875,18.7625,18.825,30620004.0,0.0
2018-12-19,18.875,18.9875,18.8375,18.975,17973840.0,0.0
2018-12-20,18.75,18.8875,18.75,18.7625,38230852.0,0.0
2018-12-21,18.7375,18.8125,18.6125,18.8,33860572.0,0.0
2018-12-24,18.7125,18.75,18.6375,18.675,23809316.0,0.0
2018-12-25,18.5375,18.5375,18.325,18.4375,48285016.0,0.0
2018-12-26,18.5,18.575,18.375,18.3875,35679876.0,0.0
2018-12-27,18.7,18.7875,18.625,18.7625,38461436.0,0.0
2018-12-28,18.775,18.875,18.7125,18.875,18519500.0,0.0
2019-01-02,18.9625,18.975,18.4875,18.5125,34128292.0,0.0
2019-01-03,18.45,18.5,18.3125,18.3375,53388588.0,0.0
2019-01-04,18.2,18.2,18.0,18.05,85169860.0,0.0
2019-01-07,18.3875,18.5125,18.3125,18.4875,58422552.0,0.0
2019-01-08,18.5375,18.5375,18.3875,18.4125,44026800.0,0.0
2019-01-09,18.4875,18.7875,18.4875,18.75,45722092.0,0.0
2019-01-10,18.7,18.725,18.625,18.7,11293132.0,0.0
2019-01-11,18.825,18.9375,18.7875,18.875,41451660.0,0.0
2019-01-14,18.8625,18.8625,18.6875,18.75,21193620.0,0.0
2019-01-15,18.7625,18.95,18.7625,18.9125,47345800.0,0.0
2019-01-16,18.9125,18.925,18.8375,18.8875,61370012.0,0.0
2019-01-17,18.9,18.975,18.7875,18.8875,40082956.0,0.0
2019-01-18,18.9375,19.025,18.85,18.9875,33173964.0,0.0
2019-01-21,19.0875,19.175,19.0625,19.125,41019024.0,0.0
2019-01-22,18.6,18.6,18.45,18.5125,35355724.0,0.575
2019-01-23,18.5,18.5,18.4125,18.425,25629768.0,0.0
2019-01-24,18.4875,18.5375,18.4375,18.5125,14002024.0,0.0
2019-01-25,18.65,18.775,18.6375,18.75,29283112.0,0.0
2019-01-28,18.7875,18.8625,18.7625,18.7875,15300572.0,0.0
2019-01-29,18.625,18.6375,18.55,18.625,17679160.0,0.0
2019-01-30,18.625,18.6625,18.55,18.5875,21020916.0,0.0
2019-02-11,18.8375,18.9125,18.7125,18.7875,26459600.0,0.0
2019-02-12,18.8375,18.9375,18.8375,18.9125,24656600.0,0.0
2019-02-13,18.9875,18.9875,18.85,18.875,16630800.0,0.0
2019-02-14,18.875,18.9375,18.8125,18.8125,14566168.0,0.0
2019-02-15,18.825,18.9,18.725,18.7625,14064444.0,0.0
2019-02-18,18.875,18.975,18.875,18.9125,26384652.0,0.0
2019-02-19,18.925,18.925,18.875,18.875,11448276.0,0.0
2019-02-20,18.975,19.125,18.975,19.0875,137231412.0,0.0
2019-02-21,19.1,19.275,19.1,19.275,74659260.0,0.0
2019-02-22,19.2375,19.2375,19.125,19.2375,39524068.0,0.0
2019-02-25,19.3375,19.4375,19.325,19.375,77461416.0,0.0
2019-02-26,19.4125,19.45,19.325,19.425,63612204.0,0.0
2019-02-27,19.425,19.425,19.3375,19.4125,51629956.0,0.0
2019-03-04,19.3875,19.3875,19.175,19.2375,33878280.0,0.0
2019-03-05,19.15,19.225,19.1125,19.1875,37601972.0,0.0
2019-03-06,19.2125,19.2625,19.1875,19.2375,78319168.0,0.0
2019-03-07,19.225,19.2625,19.15,19.1625,72959080.0,0.0
2019-03-08,19.05,19.0875,18.95,19.0,39900800.0,0.0
2019-03-11,18.9625,19.0375,18.925,19.0375,18569560.0,0.0
2019-03-12,19.2125,19.3625,19.2,19.3125,55429872.0,0.0
2019-03-13,19.2625,19.3,19.2,19.275,40594116.0,0.0
2019-03-14,19.325,19.35,19.2375,19.2625,20835024.0,0.0
2019-03-15,19.3375,19.425,19.2875,19.4,45935004.0,0.0
2019-03-18,19.4375,19.525,19.4125,19.525,48874832.0,0.0
2019-03-19,19.525,19.6,19.4625,19.6,34417184.0,0.0
2019-03-20,19.5875,19.6375,19.55,19.625,47424108.0,0.0
2019-03-21,19.7,19.7875,19.6625,19.7875,45364852.0,0.0
2019-03-22,19.875,19.925,19.7625,19.8375,27721428.0,0.0
2019-03-25,19.525,19.5875,19.5,19.5375,28083024.0,0.0
2019-03-26,19.625,19.675,19.6,19.6625,10800360.0,0.0
2019-03-27,19.6125,19.675,19.55,19.625,10222736.0,0.0
2019-03-28,19.575,19.65,19.5375,19.625,13661728.0,0.0
2019-03-29,19.675,19.7875,19.5625,19.7875,22721936.0,0.0
2019-04-01,20.0,20.1,19.9,19.9625,44213620.0,0.0
2019-04-02,20.025,20.1125,20.025,20.0375,22420368.0,0.0
2019-04-03,20.1,20.1125,19.9875,20.0375,27468696.0,0.0
2019-04-08,20.2,20.25,20.175,20.225,31963128.0,0.0
2019-04-09,20.2375,20.35,20.2125,20.35,61088188.0,0.0
2019-04-10,20.275,20.3875,20.275,20.375,43452644.0,0.0
2019-04-11,20.3375,20.3875,20.225,20.2875,33089720.0,0.0
2019-04-12,20.2875,20.325,20.25,20.275,29993636.0,0.0
2019-04-15,20.4125,20.5,20.3875,20.4625,30726216.0,0.0
2019-04-16,20.4625,20.5375,20.45,20.525,31071724.0,0.0
2019-04-17,20.575,20.725,20.575,20.6875,92419348.0,0.0
2019-04-18,20.725,20.8375,20.6125,20.675,82761460.0,0.0
2019-04-19,20.8125,20.875,20.675,20.7,50062636.0,0.0
2019-04-22,20.75,20.775,20.6625,20.675,11497248.0,0.0
2019-04-23,20.675,20.8,20.6375,20.7625,24048124.0,0.0
2019-04-24,20.85,20.8875,20.725,20.8,12434224.0,0.0
2019-04-25,20.775,20.8625,20.75,20.85,14116156.0,0.0
2019-04-26,20.7,20.7,20.55,20.6125,15260360.0,0.0
2019-04-29,20.65,20.7375,20.625,20.7,12647828.0,0.0
2019-04-30,20.7,20.725,20.6,20.7,12991564.0,0.0
2019-05-02,20.7375,20.8625,20.725,20.75,24622252.0,0.0
2019-05-03,20.775,20.95,20.775,20.9375,121297864.0,0.0
2019-05-06,20.65,20.65,20.5125,20.575,29854448.0,0.0
2019-05-07,20.6625,20.825,20.6625,20.7875,56045768.0,0.0
2019-05-08,20.6,20.7125,20.5625,20.6375,54292568.0,0.0
2019-05-09,20.5375,20.55,20.3125,20.3875,27694692.0,0.0
2019-05-10,20.3875,20.5375,20.225,20.375,47176540.0,0.0
2019-05-13,20.275,20.275,20.025,20.0375,74712424.0,0.0
2019-05-14,19.9,20.0125,19.725,19.9125,81118520.0,0.0
2019-05-15,19.9125,20.0,19.8625,19.9375,69047356.0,0.0
2019-05-16,19.875,19.9,19.75,19.7625,68399896.0,0.0
2019-05-17,19.875,19.8875,19.5625,19.5625,94295304.0,0.0
2019-05-20,19.625,19.7,19.5375,19.55,57219052.0,0.0
2019-05-21,19.5,19.6125,19.425,19.6,79259372.0,0.0
2019-05-22,19.55,19.6625,19.525,19.6,42231964.0,0.0
2019-05-23,19.4625,19.4625,19.2125,19.2375,102730308.0,0.0
2019-05-24,19.2625,19.375,19.25,19.3375,24117696.0,0.0
2019-05-27,19.375,19.375,19.2125,19.2875,46164288.0,0.0
2019-05-28,19.3125,19.3125,19.2125,19.275,39249240.0,0.0
2019-05-29,19.125,19.2,19.075,19.1875,38638076.0,0.0
2019-05-30,19.1875,19.375,19.1875,19.35,30634636.0,0.0
2019-05-31,19.3375,19.6125,19.325,19.6125,30265240.0,0.0
2019-06-03,19.55,19.6625,19.4125,19.6375,24070776.0,0.0
2019-06-04,19.6125,19.65,19.5,19.5125,28915316.0,0.0
2019-06-05,19.7125,19.7375,19.5625,19.575,28207576.0,0.0
2019-06-06,19.425,19.4625,19.3625,19.425,29824812.0,0.0
2019-06-10,19.6625,19.7625,19.5875,19.7625,30667052.0,0.0
2019-06-11,19.8,19.95,19.7625,19.85,42495944.0,0.0
2019-06-12,19.85,19.95,19.8125,19.925,37033184.0,0.0
2019-06-13,19.85,19.8875,19.7375,19.7625,23659764.0,0.0
2019-06-14,19.75,19.7875,19.7,19.725,12656348.0,0.0
2019-06-17,19.6125,19.7375,19.525,19.675,24564512.0,0.0
2019-06-18,19.7,19.75,19.65,19.725,11561508.0,0.0
2019-06-19,20.0,20.2,19.9875,20.1875,87330036.0,0.0
2019-06-20,20.1875,20.25,20.1625,20.2125,46327976.0,0.0
2019-06-21,20.275,20.3,20.2,20.2125,61374128.0,0.0
2019-06-24,20.2,20.375,20.175,20.3,66402988.0,0.0
2019-06-25,20.2875,20.35,20.15,20.1875,31764512.0,0.0
2019-06-26,20.15,20.15,20.0625,20.0875,23653408.0,0.0
2019-06-27,20.1375,20.4,20.1375,20.375,61405316.0,0.0
2019-06-28,20.3625,20.3875,20.2125,20.225,15762744.0,0.0
2019-07-01,20.5125,20.7,20.5125,20.6625,55085580.0,0.0
2019-07-02,20.6625,20.675,20.6,20.6125,20837160.0,0.0
2019-07-03,20.5875,20.5875,20.3375,20.375,34461696.0,0.0
2019-07-04,20.45,20.55,20.45,20.5,23110224.0,0.0
2019-07-05,20.525,20.5875,20.45,20.475,6451732.0,0.0
2019-07-08,20.45,20.5,20.35,20.4,15436232.0,0.0
2019-07-09,20.4375,20.4375,20.35,20.375,16332620.0,0.0
2019-07-10,20.4875,20.5625,20.4625,20.55,17710920.0,0.0
2019-07-11,20.6625,20.7625,20.625,20.7125,41519092.0,0.0
2019-07-12,20.7125,20.75,20.675,20.6875,11890020.0,0.0
2019-07-15,20.7125,20.8375,20.5625,20.8,37344172.0,0.0
2019-07-16,20.8,20.8625,20.7875,20.8375,22012980.0,0.0
2019-07-17,20.8125,20.8125,20.7,20.7,42394120.0,0.0
2019-07-18,20.65,20.7375,20.65,20.675,30164104.0,0.0
2019-07-19,20.75,20.8625,20.75,20.75,39123688.0,0.175
2019-07-22,20.775,20.875,20.775,20.85,33474176.0,0.0
2019-07-23,20.9,20.975,20.875,20.9,23596464.0,0.0
2019-07-24,20.9375,20.975,20.8875,20.8875,13457344.0,0.0
2019-07-25,20.8875,20.95,20.85,20.95,19726636.0,0.0
2019-07-26,20.85,20.85,20.8,20.8125,12518748.0,0.0
2019-07-29,20.775,20.8625,20.7625,20.8625,12168984.0,0.0
2019-07-30,20.9,20.925,20.8,20.8,8333496.0,0.0
2019-07-31,20.7875,20.7875,20.6125,20.7,12477048.0,0.0
2019-08-01,20.55,20.6375,20.525,20.575,20171772.0,0.0
2019-08-02,20.2625,20.3,20.15,20.2375,67385608.0,0.0
2019-08-05,20.175,20.2125,19.975,20.0375,82638024.0,0.0
2019-08-06,19.6625,20.1125,19.625,20.025,99607384.0,0.0
2019-08-07,20.0375,20.05,19.8875,19.925,67424016.0,0.0
2019-08-08,20.0125,20.2,20.0,20.1625,20144484.0,0.0
2019-08-12,20.1625,20.2125,20.0375,20.15,12672120.0,0.0
2019-08-13,20.0375,20.0375,19.8875,19.925,29726076.0,0.0
2019-08-14,20.175,20.2,20.075,20.075,29528552.0,0.0
2019-08-15,19.8,19.9,19.775,19.85,63888356.0,0.0
2019-08-16,19.8625,20.0875,19.8125,20.0875,24634992.0,0.0
2019-08-19,20.1875,20.225,20.075,20.2,25901408.0,0.0
2019-08-20,20.2125,20.275,20.2,20.25,16716788.0,0.0
2019-08-21,20.2375,20.2875,20.225,20.275,24371584.0,0.0
2019-08-22,20.325,20.4125,20.2,20.225,37517592.0,0.0
2019-08-23,20.225,20.275,20.1875,20.25,12844144.0,0.0
2019-08-26,19.95,20.025,19.9,19.9125,49169240.0,0.0
2019-08-27,20.0375,20.05,19.9375,19.9625,10143456.0,0.0
2019-08-28,20.025,20.1375,20.025,20.1,13272752.0,0.0
2019-08-29,20.1125,20.15,20.0,20.1375,12934596.0,0.0
2019-08-30,20.2875,20.475,20.2875,20.4625,77483576.0,0.0
2019-09-02,20.45,20.5,20.4125,20.475,25831480.0,0.0
2019-09-03,20.4625,20.5,20.3,20.3,20211700.0,0.0
2019-09-04,20.3625,20.55,20.35,20.5375,42995084.0,0.0
2019-09-05,20.6375,20.8,20.6375,20.75,101717560.0,0.0
2019-09-06,20.8125,20.8875,20.8125,20.875,68905212.0,0.0
2019-09-10,20.9875,20.9875,20.8,20.85,20687388.0,0.0
2019-09-11,20.9375,20.975,20.825,20.8625,18984800.0,0.0
2019-09-12,21.025,21.0625,20.9375,20.975,37124488.0,0.0
2019-09-16,21.0,21.1125,20.9875,21.1,43719168.0,0.0
2019-09-17,21.1,21.1125,21.05,21.0625,19867120.0,0.0
2019-09-18,21.1,21.25,21.0875,21.2375,67997944.0,0.0
2019-09-19,21.2375,21.2875,21.1,21.1125,31109456.0,0.0
2019-09-20,21.1625,21.225,21.1625,21.175,32926796.0,0.0
2019-09-23,21.1625,21.2125,21.125,21.125,17479356.0,0.0
2019-09-24,21.125,21.2125,21.0875,21.1625,19408048.0,0.0
2019-09-25,21.0875,21.0875,20.975,21.025,15710696.0,0.0
2019-09-26,21.1125,21.175,21.0375,21.075,20778748.0,0.0
2019-09-27,21.225,21.3,21.125,21.15,35538780.0,0.0
2019-10-01,21.2,21.5,21.2,21.4875,36467632.0,0.0
2019-10-02,21.4,21.475,21.4,21.4125,22614632.0,0.0
2019-10-03,21.1,21.275,21.075,21.2,19472948.0,0.0
2019-10-04,21.3,21.35,21.1875,21.2875,14987948.0,0.0
2019-10-07,21.35,21.4125,21.3,21.3625,16562988.0,0.0
2019-10-08,21.4625,21.65,21.4625,21.625,48781740.0,0.0
2019-10-09,21.5375,21.55,21.45,21.45,27667316.0,0.0
2019-10-14,21.75,21.8875,21.75,21.8875,37965192.0,0.0
2019-10-15,21.8875,21.9625,21.825,21.925,17510440.0,0.0
2019-10-16,22.0,22.0375,21.9625,22.025,15934688.0,0.0
2019-10-17,22.0125,22.0375,21.95,22.0375,10163532.0,0.0
2019-10-18,22.0375,22.1625,21.975,21.9875,11263192.0,0.0
2019-10-21,21.9875,22.0,21.9375,21.9625,4310608.0,0.0
2019-10-22,22.05,22.2,22.05,22.175,13025596.0,0.0
2019-10-23,22.175,22.2,22.075,22.1125,10322624.0,0.0
2019-10-24,22.175,22.2,22.125,22.2,10318236.0,0.0
2019-10-25,22.3,22.3,22.15,22.2,31884760.0,0.0
2019-10-28,22.3125,22.325,22.25,22.3,20039096.0,0.0
2019-10-29,22.375,22.4125,22.3375,22.3625,29643940.0,0.0
2019-10-30,22.3625,22.4625,22.325,22.4625,21537080.0,0.0
2019-10-31,22.475,22.65,22.475,22.525,37832656.0,0.0
2019-11-01,22.5,22.55,22.4375,22.525,11227112.0,0.0
2019-11-04,22.6375,23.0625,22.6375,23.05,26922724.0,0.0
2019-11-05,23.1,23.225,23.0875,23.225,15865116.0,0.0
2019-11-06,23.2375,23.3375,23.1875,23.3375,17977276.0,0.0
2019-11-07,23.3,23.3,23.0875,23.2125,12200472.0,0.0
2019-11-08,23.25,23.2625,23.1,23.1375,11562144.0,0.0
2019-11-11,23.1,23.1125,22.7625,22.7875,23437376.0,0.0
2019-11-12,22.8875,23.0,22.8875,23.0,9705188.0,0.0
2019-11-13,22.8875,22.9125,22.7625,22.8625,7742180.0,0.0
2019-11-14,22.9,22.95,22.8,22.85,8697124.0,0.0
2019-11-15,23.0,23.125,23.0,23.075,10043516.0,0.0
2019-11-18,23.125,23.225,23.1,23.225,8350452.0,0.0
2019-11-19,23.225,23.4,23.1625,23.4,11286496.0,0.0
2019-11-20,23.4,23.4,23.275,23.3125,31818476.0,0.0
2019-11-21,23.075,23.1375,22.95,23.125,13135352.0,0.0
2019-11-22,23.1375,23.1875,23.1,23.1375,6026176.0,0.0
2019-11-25,23.25,23.275,23.1375,23.15,10082776.0,0.0
2019-11-26,23.2375,23.325,23.2,23.2125,15309920.0,0.0
2019-11-27,23.2125,23.3,23.1875,23.3,7830704.0,0.0
2019-11-28,23.3125,23.3125,23.2,23.2375,5410880.0,0.0
2019-11-29,23.2125,23.2125,22.8625,22.875,21376832.0,0.0
2019-12-02,22.9875,23.0375,22.9375,23.0125,8273364.0,0.0
2019-12-03,22.925,23.05,22.9,23.0125,5643176.0,0.0
2019-12-04,22.9625,22.975,22.85,22.925,9242032.0,0.0
2019-12-05,23.0875,23.25,23.05,23.225,13764200.0,0.0
2019-12-06,23.325,23.375,23.1875,23.2625,13577732.0,0.0
2019-12-09,23.3,23.45,23.3,23.4125,11648776.0,0.0
2019-12-10,23.35,23.35,23.2,23.25,21181724.0,0.0
2019-12-11,23.25,23.4375,23.2375,23.4375,7747088.0,0.0
2019-12-12,23.5875,24.025,23.5875,23.9625,33680444.0,0.0
2019-12-13,24.1875,24.35,24.175,24.225,23520544.0,0.0
2019-12-16,24.2375,24.2625,24.1625,24.2125,281792.0,0.0
2019-12-17,24.1875,24.5375,24.175,24.5375,18812892.0,0.0
2019-12-18,24.5,24.575,24.45,24.55,15049420.0,0.0
2019-12-19,24.5375,24.55,24.3875,24.4125,9084028.0,0.0
2019-12-20,24.3875,24.3875,24.175,24.2375,13413940.0,0.0
2019-12-23,24.25,24.325,24.2375,24.2875,13666916.0,0.0
2019-12-24,24.325,24.3625,24.3,24.3,5638912.0,0.0
2019-12-25,24.3,24.3625,24.2625,24.3375,7156668.0,0.0
2019-12-26,24.3875,24.3875,24.275,24.3375,12383876.0,0.0
2019-12-27,24.4,24.5375,24.4,24.5,11912188.0,0.0
2019-12-30,24.5,24.5625,24.4,24.45,12555048.0,0.0
2019-12-31,24.275,24.3,24.2375,24.2375,17215788.0,0.0
2020-01-02,24.2625,24.5,24.2625,24.4125,19528060.0,0.0
2020-01-03,24.575,24.675,24.25,24.4125,27254188.0,0.0
2020-01-06,24.2625,24.275,24.1,24.1,37287072.0,0.0
2020-01-07,24.1125,24.175,23.85,24.025,25314408.0,0.0
2020-01-08,23.8,24.05,23.7625,23.9125,34067980.0,0.0
2020-01-09,24.075,24.275,24.075,24.2375,28655772.0,0.0
2020-01-10,24.375,24.45,24.2375,24.325,36287700.0,0.0
2020-01-13,24.4625,24.525,24.375,24.5,26603592.0,0.0
2020-01-14,24.625,24.7125,24.6,24.65,46179824.0,0.0
2020-01-15,24.675,24.675,24.3625,24.4,41037416.0,0.0
2020-01-16,24.2875,24.375,24.25,24.325,34745996.0,0.0
2020-01-17,24.425,24.4375,24.275,24.325,32484536.0,0.0
2020-01-20,24.3875,24.5,24.3875,24.425,27879780.0,0.0
2020-01-30,23.75,23.75,23.0375,23.0375,129051496.0,0.0
2020-01-31,22.6625,22.6625,22.4125,22.4875,89991068.0,0.725
2020-02-03,22.125,22.2875,21.9,22.2625,63294372.0,0.0
2020-02-04,24.2375,24.2375,22.65,22.65,35617884.0,0.0
2020-02-05,22.75,22.825,22.575,22.7125,26806032.0,0.0
2020-02-06,22.9125,23.075,22.8375,23.075,42785908.0,0.0
2020-02-07,22.9125,22.9125,22.7375,22.8,38219312.0,0.0
2020-02-10,22.5,22.8,22.4,22.75,29235632.0,0.0
2020-02-11,22.8375,22.9875,22.8375,22.9375,20461608.0,0.0
2020-02-12,23.0,23.225,23.0,23.1625,22560468.0,0.0
2020-02-13,23.25,23.3125,23.175,23.2,23017268.0,0.0
2020-02-14,23.2,23.3125,23.1375,23.2375,19952660.0,0.0
2020-02-17,23.075,23.1375,22.9875,23.075,25064844.0,0.0
2020-02-18,22.85,22.9,22.75,22.7625,50117424.0,0.0
2020-02-19,22.7875,23.0625,22.7625,23.025,31788044.0,0.0
2020-02-20,23.0875,23.125,22.8375,22.925,26153344.0,0.0
2020-02-21,22.9125,22.9875,22.7375,22.8125,21604752.0,0.0
2020-02-24,22.5625,22.6,22.425,22.525,54287744.0,0.0
2020-02-25,22.375,22.625,22.3625,22.5875,35360416.0,0.0
2020-02-26,22.2875,22.4375,22.225,22.3625,60324012.0,0.0
2020-02-27,22.3375,22.375,22.0875,22.1625,98752216.0,0.0
2020-03-02,21.875,22.0625,21.7125,21.8375,111578564.0,0.0
2020-03-03,22.2125,22.2375,22.0625,22.15,44287600.0,0.0
2020-03-04,22.2,22.3,22.1,22.3,33749660.0,0.0
2020-03-05,22.45,22.5625,22.4375,22.55,39141932.0,0.0
2020-03-06,22.4125,22.4125,22.075,22.0875,68385504.0,0.0
2020-03-09,21.7,21.7,21.4,21.4625,110937704.0,0.0
2020-03-10,21.25,21.575,21.225,21.575,95137380.0,0.0
2020-03-11,21.6125,21.6375,21.2625,21.325,61226280.0,0.0
2020-03-12,21.125,21.125,20.2875,20.5375,179640984.0,0.0
2020-03-13,19.5,20.35,18.9875,20.25,214819440.0,0.0
2020-03-16,20.0,20.1,19.2375,19.325,135255804.0,0.0
2020-03-17,18.575,19.175,18.575,18.7125,204583328.0,0.0
2020-03-18,18.7375,18.8125,18.2,18.2,187162012.0,0.0
2020-03-19,17.75,17.75,16.8125,17.1375,272153360.0,0.0
2020-03-20,17.75,18.5,17.725,18.5,163642132.0,0.0
2020-03-23,17.75,18.025,17.3875,17.7,89860468.0,0.0
2020-03-24,18.4625,18.825,18.425,18.5625,107027372.0,0.0
2020-03-25,19.2,19.3625,19.025,19.2125,130751280.0,0.0
2020-03-26,19.35,19.3625,19.0,19.3,76862752.0,0.0
2020-03-27,19.575,19.675,19.1125,19.15,87815604.0,0.0
2020-03-30,18.675,19.0375,18.5125,18.9625,54423532.0,0.0
2020-03-31,19.2,19.3,18.9,19.0375,39056000.0,0.0
2020-04-01,19.125,19.1625,18.9625,18.975,39792068.0,0.0
2020-04-06,19.2375,19.275,18.9375,19.2625,48830504.0,0.0
2020-04-07,19.625,19.725,19.5125,19.625,61208152.0,0.0
2020-04-08,19.625,19.925,19.5875,19.9,60922792.0,0.0
2020-04-09,19.9625,20.025,19.7125,19.8125,62600420.0,0.0
2020-04-10,19.75,19.8375,19.675,19.825,23299116.0,0.0
2020-04-13,19.75,19.85,19.6375,19.7,29723656.0,0.0
2020-04-14,19.7625,20.2375,19.7625,20.2375,52487168.0,0.0
2020-04-15,20.3125,20.375,20.25,20.3,69444464.0,0.0
2020-04-16,20.05,20.275,20.0125,20.2,49638100.0,0.0
2020-04-17,20.75,21.0,20.675,20.8125,138128152.0,0.0
2020-04-20,20.8125,20.875,20.7,20.75,49345664.0,0.0
2020-04-21,20.6625,20.6625,20.125,20.15,84329816.0,0.0
2020-04-22,20.0,20.15,19.875,20.15,43584604.0,0.0
2020-04-23,20.2875,20.5,20.075,20.225,53195792.0,0.0
2020-04-24,20.2,20.25,20.1125,20.225,23059008.0,0.0
2020-04-27,20.5375,20.65,20.4125,20.6375,55670896.0,0.0
2020-04-28,20.725,20.725,20.5,20.6375,30226644.0,0.0
2020-04-29,20.7625,20.975,20.7375,20.925,47496316.0,0.0
2020-04-30,21.1125,21.375,21.1,21.375,75140624.0,0.0
2020-05-04,20.6,20.825,20.55,20.75,62593520.0,0.0
2020-05-05,20.875,20.95,20.75,20.85,31242544.0,0.0
2020-05-06,20.825,20.9375,20.65,20.875,24570372.0,0.0
2020-05-07,20.875,21.0375,20.825,20.9625,24563980.0,0.0
2020-05-08,21.15,21.1875,21.0,21.0875,24136052.0,0.0
2020-05-11,21.25,21.35,21.175,21.2625,26621688.0,0.0
2020-05-12,21.15,21.15,20.9125,21.0125,46197460.0,0.0
2020-05-13,20.925,21.1,20.9,21.075,19868660.0,0.0
2020-05-14,20.95,20.9625,20.8,20.825,34973072.0,0.0
2020-05-15,21.0125,21.0625,20.7625,20.9625,24763124.0,0.0
2020-05-18,20.7625,20.8625,20.7,20.7875,33086812.0,0.0
2020-05-19,21.1,21.125,20.9125,20.975,21911100.0,0.0
2020-05-20,21.0,21.05,20.875,20.95,39576564.0,0.0
2020-05-21,21.0375,21.2,21.025,21.125,30272188.0,0.0
2020-05-22,20.95,20.975,20.725,20.7375,53416584.0,0.0
2020-05-25,20.7875,20.875,20.5375,20.875,21002176.0,0.0
2020-05-26,21.0625,21.1625,20.9625,21.1125,61819796.0,0.0
2020-05-27,21.175,21.2125,21.0125,21.0875,18359068.0,0.0
2020-05-28,21.225,21.225,20.8875,20.9625,29907636.0,0.0
2020-05-29,20.85,21.1125,20.75,21.1125,21282760.0,0.0
2020-06-01,21.1125,21.2875,21.1,21.225,33461284.0,0.0
2020-06-02,21.25,21.375,21.25,21.325,47788240.0,0.0
2020-06-03,21.5375,21.725,21.525,21.7,72468976.0,0.0
2020-06-04,21.875,21.9375,21.7875,21.9,60146212.0,0.0
2020-06-05,21.925,22.0875,21.925,22.0875,39666328.0,0.0
2020-06-08,22.225,22.45,22.2,22.375,62198168.0,0.0
2020-06-09,22.4,22.45,22.2375,22.4,45426316.0,0.0
2020-06-10,22.4125,22.675,22.3875,22.6125,43995588.0,0.0
2020-06-11,22.6125,22.7125,22.25,22.2625,56716768.0,0.0
2020-06-12,21.8125,22.125,21.775,22.0625,86253484.0,0.0
2020-06-15,22.025,22.075,21.725,21.75,38294800.0,0.0
2020-06-16,22.0375,22.3,22.0375,22.225,43364188.0,0.0
2020-06-17,22.3,22.3,22.075,22.25,46040944.0,0.0
2020-06-18,22.2625,22.325,22.0875,22.225,20143004.0,0.0
2020-06-19,22.25,22.2875,22.1625,22.2125,9335940.0,0.0
2020-06-22,22.2125,22.425,22.2125,22.2625,42317824.0,0.0
2020-06-23,22.4,22.5125,22.2,22.3625,34659556.0,0.0
2020-06-24,22.45,22.625,22.45,22.5,40247616.0,0.0
2020-06-29,22.3125,22.4,22.1625,22.275,39140028.0,0.0
2020-06-30,22.3875,22.4875,22.35,22.475,32140548.0,0.0
2020-07-01,22.4875,22.725,22.4875,22.625,39917000.0,0.0
2020-07-02,22.6625,22.875,22.65,22.875,30405896.0,0.0
2020-07-03,23.025,23.1875,23.025,23.1375,59932652.0,0.0
2020-07-06,23.3,23.575,23.3,23.5375,57877356.0,0.0
2020-07-07,23.75,23.875,23.525,23.625,55711092.0,0.0
2020-07-08,23.625,23.85,23.6,23.7875,44581472.0,0.0
2020-07-09,23.925,23.9625,23.7875,23.8625,28966628.0,0.0
2020-07-10,23.8875,23.925,23.65,23.6625,46010216.0,0.0
2020-07-13,23.85,24.025,23.8125,24.0125,48218048.0,0.0
2020-07-14,23.95,24.1625,23.925,24.1625,53922656.0,0.0
2020-07-15,24.325,24.4875,24.175,24.2625,85262896.0,0.0
2020-07-16,24.25,24.25,23.9625,24.025,30528516.0,0.0
2020-07-17,24.2625,24.425,24.175,24.3,72041880.0,0.0
2020-07-20,24.3,24.3375,24.0625,24.2625,37945628.0,0.0
2020-07-21,24.2875,24.775,24.275,24.675,98963900.0,0.175
2020-07-22,24.6375,24.8125,24.5875,24.7375,28975572.0,0.0
2020-07-23,24.7125,24.725,24.525,24.7125,24035888.0,0.0
2020-07-24,24.75,25.025,24.5625,24.625,69510488.0,0.0
2020-07-27,25.45,25.8875,25.45,25.825,91496696.0,0.0
2020-07-28,26.8125,27.175,25.825,25.9,89691044.0,0.0
2020-07-29,25.7,25.95,25.525,25.6375,38546660.0,0.0
2020-07-30,26.05,26.25,25.825,26.0125,26348340.0,0.0
2020-07-31,25.975,26.075,25.8625,25.95,21256084.0,0.0
2020-08-03,25.8625,25.875,25.5,25.5,29035656.0,0.0
2020-08-04,25.6375,25.8375,25.6375,25.825,19192588.0,0.0
2020-08-05,26.025,26.125,25.9375,26.075,20425524.0,0.0
2020-08-06,26.3625,26.4875,26.2125,26.35,29720380.0,0.0
2020-08-07,26.3875,26.3875,26.075,26.1625,27214920.0,0.0
2020-08-10,26.025,26.4625,26.025,26.4,23623008.0,0.0
2020-08-11,26.35,26.4125,26.1875,26.2,12796564.0,0.0
2020-08-12,26.0,26.0,25.75,25.8125,23666892.0,0.0
2020-08-13,26.175,26.225,26.0125,26.0625,21845004.0,0.0
2020-08-14,25.95,26.125,25.875,26.125,15119800.0,0.0
2020-08-17,26.125,26.425,26.0625,26.4,22566640.0,0.0
2020-08-18,26.425,26.475,26.1625,26.25,14982444.0,0.0
2020-08-19,26.25,26.3625,26.025,26.0625,24173256.0,0.0
2020-08-20,25.95,25.95,24.675,25.15,74952860.0,0.0
2020-08-21,25.5375,25.75,25.425,25.7,32530852.0,0.0
2020-08-24,25.7125,25.8875,25.575,25.775,14874236.0,0.0
2020-08-25,25.8625,26.0875,25.8375,25.975,14439236.0,0.0
2020-08-26,26.0,26.0875,25.9,26.075,10662080.0,0.0
2020-08-27,26.275,26.425,26.1125,26.1375,22824424.0,0.0
2020-08-28,25.9625,26.0625,25.75,25.875,15653196.0,0.0
2020-08-31,26.025,26.0625,25.45,25.45,23039732.0,0.0
2020-09-01,25.6125,25.8375,25.4625,25.8375,22942548.0,0.0
2020-09-02,25.9125,26.0125,25.575,25.75,16532332.0,0.0
2020-09-03,25.925,26.075,25.8,25.825,20516792.0,0.0
2020-09-04,25.5,25.675,25.475,25.6375,23664048.0,0.0
2020-09-07,25.6375,25.7625,25.475,25.6,21998628.0,0.0
2020-09-08,25.6875,25.775,25.6125,25.75,18017812.0,0.0
2020-09-09,25.4375,25.5875,25.2875,25.575,25096132.0,0.0
2020-09-10,25.7,25.8375,25.65,25.8,14325348.0,0.0
2020-09-11,25.8,25.8375,25.7,25.8125,11621164.0,0.0
2020-09-14,25.875,26.1375,25.8125,26.1375,23013896.0,0.0
2020-09-15,26.1125,26.3,26.0625,26.2375,21755072.0,0.0
2020-09-16,26.6375,26.75,26.5875,26.6375,59421060.0,0.0
2020-09-17,26.5125,26.5875,26.275,26.35,34995384.0,0.0
2020-09-18,26.35,26.425,26.2125,26.325,19806876.0,0.0
2020-09-21,26.3,26.475,26.0875,26.1125,22838940.0,0.0
2020-09-22,26.075,26.075,25.7375,25.775,26544220.0,0.0
2020-09-23,25.875,25.875,25.6,25.7375,21448400.0,0.0
2020-09-24,25.3875,25.45,25.0625,25.1125,63139092.0,0.0
2020-09-25,25.1875,25.3625,25.0125,25.1625,37995720.0,0.0
2020-09-28,25.3375,25.575,25.25,25.575,24107520.0,0.0
2020-09-29,25.6875,25.8125,25.5375,25.6375,15037048.0,0.0
2020-09-30,25.6875,25.8625,25.65,25.75,14181940.0,0.0
2020-10-05,25.8625,26.0125,25.75,25.7625,23650396.0,0.0
2020-10-06,26.0,26.0875,25.9625,26.0625,27501040.0,0.0
2020-10-07,26.0,26.25,25.875,26.2,16044556.0,0.0
2020-10-08,26.3625,26.5875,26.325,26.55,53883596.0,0.0
2020-10-12,26.675,26.925,26.675,26.7625,39351996.0,0.0
2020-10-13,26.8375,26.9,26.55,26.775,21642456.0,0.0
2020-10-14,26.7625,26.8,26.6125,26.675,10251440.0,0.0
2020-10-15,26.625,26.625,26.275,26.425,18200616.0,0.0
2020-10-16,26.425,26.575,26.275,26.3125,12956020.0,0.0
2020-10-19,26.4125,26.65,26.4,26.65,13837292.0,0.0
2020-10-20,26.6,26.6125,26.5,26.5,5656128.0,0.0
2020-10-21,26.5,26.6375,26.4125,26.4875,29197548.0,0.0
2020-10-22,26.425,26.525,26.375,26.525,8633040.0,0.0
2020-10-23,26.625,26.6625,26.4125,26.525,12823320.0,0.0
2020-10-26,26.525,26.65,26.45,26.525,11397560.0,0.0
2020-10-27,26.4375,26.4375,26.2875,26.375,13401076.0,0.0
2020-10-28,26.375,26.375,26.2,26.25,18679320.0,0.0
2020-10-29,26.0,26.025,25.8125,25.9625,27817540.0,0.0
2020-10-30,25.8875,25.9,25.675,25.75,25728748.0,0.0
2020-11-02,25.7875,25.8625,25.575,25.85,40253256.0,0.0
2020-11-03,26.05,26.2125,26.0125,26.15,17541280.0,0.0
2020-11-04,26.25,26.55,26.175,26.5375,20039872.0,0.0
2020-11-05,26.55,26.6,26.3875,26.5125,17073216.0,0.0
2020-11-06,26.5875,26.7625,26.575,26.675,24951576.0,0.0
2020-11-09,26.9375,27.1,26.8125,27.025,45122576.0,0.0
2020-11-10,27.0,27.0,26.7,26.775,17402444.0,0.0
2020-11-11,26.775,27.1875,26.775,27.1875,34070304.0,0.0
2020-11-12,27.25,27.35,27.175,27.2,15213688.0,0.0
2020-11-13,27.15,27.325,27.1125,27.3125,15047188.0,0.0
2020-11-16,27.6,28.2,27.6,28.2,36918392.0,0.0
2020-11-17,28.75,28.9375,28.35,28.4,32548044.0,0.0
2020-11-18,28.4,28.7375,28.2875,28.5875,78556616.0,0.0
2020-11-19,28.6125,28.6375,28.45,28.5375,17636132.0,0.0
2020-11-20,28.5375,28.5375,28.3375,28.5,18833544.0,0.0
2020-11-23,28.6625,28.9625,28.6625,28.8625,22791684.0,0.0
2020-11-24,28.9875,28.9875,28.6875,28.725,24011592.0,0.0
2020-11-25,28.925,28.925,28.475,28.4875,16114800.0,0.0
2020-11-26,28.5125,28.75,28.5125,28.7125,9998860.0,0.0
2020-11-27,28.625,28.7125,28.525,28.6625,20880260.0,0.0
2020-11-30,28.7,28.7875,28.325,28.325,37349512.0,0.0
2020-12-01,28.45,28.575,28.3375,28.575,19992688.0,0.0
2020-12-02,28.75,28.8875,28.625,28.85,24192848.0,0.0
2020-12-03,28.8625,29.025,28.75,28.85,23526348.0,0.0
2020-12-04,28.975,29.3625,28.975,29.325,48885676.0,0.0
2020-12-07,29.625,29.6875,29.375,29.6,26824392.0,0.0
2020-12-08,29.6125,30.0125,29.4875,30.0125,25060472.0,0.0
2020-12-09,30.0,30.05,29.875,30.0125,24530532.0,0.0
2020-12-10,29.7875,29.7875,29.5125,29.65,32259652.0,0.0
2020-12-11,29.7,29.7875,29.3125,29.6875,18466948.0,0.0
2020-12-14,29.6625,29.6625,29.5,29.5625,9507816.0,0.0
2020-12-15,29.4875,29.5,29.1875,29.2625,37529272.0,0.0
2020-12-16,29.475,29.825,29.4625,29.8125,53189928.0,0.0
2020-12-17,29.7875,29.7875,29.5,29.65,11618644.0,0.0
2020-12-18,29.6375,29.675,29.5,29.55,9963540.0,0.0
2020-12-21,29.5625,29.85,29.375,29.8375,17230064.0,0.0
2020-12-22,29.7625,29.875,29.4625,29.5,22844676.0,0.0
2020-12-23,29.4625,29.575,29.375,29.5375,16682148.0,0.0
2020-12-24,29.6,29.7125,29.55,29.7,9804560.0,0.0
2020-12-25,29.775,29.9,29.65,29.7375,11205268.0,0.0
2020-12-28,29.7625,30.0,29.7625,30.0,13629768.0,0.0
2020-12-29,30.0125,30.05,29.8375,29.975,12375916.0,0.0
2020-12-30,30.0,30.4,29.975,30.4,21472816.0,0.0
2020-12-31,30.5375,30.6,30.425,30.5625,22965352.0,0.0
2021-01-04,30.55,31.125,30.5,31.0875,24563188.0,0.0
2021-01-05,31.05,31.1625,30.9375,31.15,18926280.0,0.0
2021-01-06,31.525,31.7875,31.025,31.4875,42348292.0,0.0
2021-01-07,31.6375,32.25,31.6375,32.225,26764652.0,0.0
2021-01-08,32.65,32.8125,32.3875,32.8,51960980.0,0.0
2021-01-11,32.8,33.075,32.625,33.075,40583424.0,0.0
2021-01-12,33.075,33.2875,32.9,33.025,43497448.0,0.0
2021-01-13,33.1875,33.8625,33.175,33.825,42755604.0,0.0
2021-01-14,33.75,33.7625,33.3375,33.5125,48001796.0,0.0
2021-01-15,34.2875,34.5,33.6,33.625,86095908.0,0.0
2021-01-18,33.65,33.7375,33.025,33.6,56811080.0,0.0
2021-01-19,33.8,34.525,33.8,34.4875,48277244.0,0.0
2021-01-20,34.525,34.875,34.4125,34.55,119861744.0,0.0
2021-01-21,34.6,35.8125,34.5875,35.75,54689548.0,0.0
2021-01-22,34.55,34.75,33.75,34.3625,95071252.0,0.7625
2021-01-25,34.3,34.325,33.55,33.9,55002504.0,0.0
2021-01-26,33.8875,34.15,32.95,33.2125,57505908.0,0.0
2021-01-27,33.325,33.6,33.0625,33.2625,31419364.0,0.0
2021-01-28,32.5,32.825,32.35,32.5875,58015204.0,0.0
2021-01-29,32.9,32.9625,32.05,32.05,56158664.0,0.0
2021-02-01,32.05,32.7375,31.8875,32.6875,56531932.0,0.0
2021-02-02,33.125,33.7625,33.125,33.6125,43553492.0,0.0
2021-02-03,33.8625,33.875,33.55,33.5875,28327880.0,0.0
2021-02-04,33.35,33.6375,33.0875,33.3875,26233916.0,0.0
2021-02-05,33.7,34.075,33.55,33.7,35199004.0,0.0
2021-02-17,34.75,35.2125,34.75,35.1375,75622784.0,0.0
2021-02-18,35.1375,35.3125,34.9,35.0875,41912192.0,0.0
2021-02-19,34.8875,34.8875,34.4,34.7125,35106384.0,0.0
2021-02-22,34.95,35.1875,34.6875,34.7,27254544.0,0.0
2021-02-23,34.2875,34.675,34.1125,34.625,30629724.0,0.0
2021-02-24,34.25,34.55,34.0625,34.1125,41942244.0,0.0
2021-02-25,34.4625,34.5375,34.175,34.3875,40729192.0,0.0
2021-02-26,33.6625,33.8,33.325,33.35,105334836.0,0.0
2021-03-02,33.875,33.9125,33.3625,33.3625,28506280.0,0.0
2021-03-03,33.4375,33.85,33.175,33.85,33512376.0,0.0
2021-03-04,33.5875,33.5875,32.925,33.1875,66353052.0,0.0
2021-03-05,32.5125,33.15,32.375,32.9875,56613844.0,0.0
2021-03-08,33.4375,33.45,32.875,32.9625,48210408.0,0.0
2021-03-09,32.6375,32.9,32.4375,32.8375,53095728.0,0.0
2021-03-10,33.075,33.15,32.85,32.975,21353912.0,0.0
2021-03-11,33.0125,33.7375,33.0125,33.675,36663172.0,0.0
2021-03-12,33.8125,33.9125,33.625,33.8125,22112176.0,0.0
2021-03-15,33.8125,33.8125,33.6125,33.725,14718124.0,0.0
2021-03-16,33.8625,33.9125,33.6875,33.8375,26876500.0,0.0
2021-03-17,33.8375,33.85,33.5,33.55,26582624.0,0.0
2021-03-18,33.775,34.0125,33.7,33.725,27618816.0,0.0
2021-03-19,33.3625,33.375,33.075,33.2,39701288.0,0.0
2021-03-22,33.1,33.4,32.9,33.35,21224136.0,0.0
2021-03-23,33.475,33.675,33.4,33.4,27467604.0,0.0
2021-03-24,32.95,33.1125,32.825,32.875,40972516.0,0.0
2021-03-25,32.775,33.1375,32.65,32.9875,19540068.0,0.0
2021-03-26,33.2625,33.6,33.1375,33.5875,31879756.0,0.0
2021-03-29,33.8,33.975,33.7625,33.8625,32263336.0,0.0
2021-03-30,33.95,33.9875,33.8,33.975,19052992.0,0.0
2021-03-31,33.95,33.95,33.65,33.6875,30413248.0,0.0
2021-04-01,33.925,34.0125,33.8,33.9375,28893264.0,0.0
2021-04-07,34.425,34.4875,34.2875,34.45,17117556.0,0.0
2021-04-08,34.3375,34.5625,34.1625,34.5625,24794268.0,0.0
2021-04-09,34.7125,34.725,34.4125,34.4875,14374740.0,0.0
2021-04-12,34.5125,34.6,34.1625,34.2875,23586236.0,0.0
2021-04-13,34.3,34.7,34.25,34.2875,22351296.0,0.0
2021-04-14,34.3375,34.475,34.0125,34.475,25502040.0,0.0
2021-04-15,34.5125,34.7625,34.4,34.7625,30128784.0,0.0
2021-04-16,34.725,34.8125,34.6,34.8125,44717424.0,0.0
2021-04-19,34.8125,34.9375,34.6625,34.875,31997080.0,0.0
2021-04-20,34.7125,34.8875,34.7,34.8125,19005996.0,0.0
2021-04-21,34.7375,34.7375,34.5,34.5,31261660.0,0.0
2021-04-22,34.6375,34.7625,34.425,34.475,15844676.0,0.0
2021-04-23,34.475,34.7875,34.35,34.7875,23838556.0,0.0
2021-04-26,35.0,35.3375,34.975,35.3,47495696.0,0.0
2021-04-27,35.3,35.425,35.2,35.3125,26350460.0,0.0
2021-04-28,35.3125,35.3125,35.05,35.1,11847132.0,0.0
2021-04-29,35.25,35.5,35.15,35.15,35394172.0,0.0
2021-05-03,35.1,35.1,34.525,34.5625,26886696.0,0.0
2021-05-04,34.5625,34.5875,33.75,34.2625,53149348.0,0.0
2021-05-05,34.2625,34.325,33.925,33.9375,35123544.0,0.0
2021-05-06,34.075,34.375,33.875,34.2375,31910052.0,0.0
2021-05-07,34.5375,34.8625,34.4875,34.85,27887364.0,0.0
2021-05-10,34.875,34.875,34.525,34.6125,17145392.0,0.0
2021-05-11,33.9375,33.95,33.15,33.3125,101487268.0,0.0
2021-05-12,33.225,33.225,30.3,32.35,153849896.0,0.0
2021-05-13,31.5625,32.5,31.25,31.875,108572604.0,0.0
2021-05-14,32.125,32.5625,31.9625,32.2375,60858732.0,0.0
2021-05-17,31.3,32.2,31.175,31.625,126414496.0,0.0
2021-05-18,32.0875,33.075,32.0,33.075,65091716.0,0.0
2021-05-19,33.05,33.1625,32.625,32.85,67681988.0,0.0
2021-05-20,32.8375,32.85,32.425,32.625,38038476.0,0.0
2021-05-21,33.125,33.4625,32.825,33.0875,40364120.0,0.0
2021-05-24,32.8875,33.1625,32.7875,33.0375,40898176.0,0.0
2021-05-25,33.225,33.6625,33.225,33.6,36364972.0,0.0
2021-05-26,33.7125,33.7875,33.4875,33.625,20554356.0,0.0
2021-05-27,33.375,33.425,33.0875,33.3875,22624404.0,0.0
2021-05-28,33.725,33.975,33.575,33.95,38184028.0,0.0
2021-05-31,33.95,34.3875,33.95,34.275,41441512.0,0.0
2021-06-01,34.3,34.525,34.3,34.425,22239920.0,0.0
2021-06-02,34.45,34.5,34.1625,34.425,19776268.0,0.0
2021-06-03,34.4875,34.6125,34.375,34.4,19899456.0,0.0
2021-06-04,34.25,34.25,34.075,34.2375,12430320.0,0.0
2021-06-07,34.3,34.35,33.6625,34.325,42978416.0,0.0
2021-06-08,34.325,34.375,34.125,34.125,11574400.0,0.0
2021-06-09,34.075,34.075,33.7625,33.875,23961704.0,0.0
2021-06-10,34.0,34.4625,33.95,34.4,27041116.0,0.0
2021-06-11,34.525,34.625,34.4625,34.525,13123036.0,0.0
2021-06-15,34.65,34.75,34.6,34.7125,15841824.0,0.0
2021-06-16,34.675,34.7375,34.5375,34.675,28848448.0,0.0
2021-06-17,34.45,34.575,34.2875,34.575,12704604.0,0.0
2021-06-18,34.7125,34.7125,34.4875,34.5,8566312.0,0.0
2021-06-21,34.225,34.25,33.65,33.675,62771964.0,0.0
2021-06-22,33.9,34.0125,33.625,33.7125,23116784.0,0.0
2021-06-23,33.75,34.2875,33.7,34.2625,25554192.0,0.0
2021-06-24,34.2625,34.3125,34.1125,34.175,24711284.0,0.0
2021-06-25,34.3625,34.4875,34.175,34.2375,25873856.0,0.0
2021-06-28,34.25,34.375,34.125,34.3,15924228.0,0.0
2021-06-29,34.475,34.675,34.325,34.4,35947620.0,0.0
2021-06-30,34.525,34.8375,34.5125,34.7375,37738688.0,0.0
2021-07-01,34.75,34.8,34.5125,34.575,18035100.0,0.0
2021-07-02,34.575,34.625,34.475,34.575,18841708.0,0.0
2021-07-05,34.6875,35.0,34.6875,34.9,30418260.0,0.0
2021-07-06,34.9625,35.0125,34.8625,34.9375,25581352.0,0.0
2021-07-07,34.9,34.9125,34.65,34.75,26349512.0,0.0
2021-07-08,34.7875,34.875,34.55,34.7125,15770840.0,0.0
2021-07-09,34.475,34.475,34.2375,34.4375,26946384.0,0.0
2021-07-12,34.7625,35.0125,34.6375,34.75,54207240.0,0.0
2021-07-13,35.0,35.25,34.9875,35.0375,54740836.0,0.0
2021-07-14,35.05,35.275,35.0375,35.125,37822716.0,0.0
2021-07-15,35.2375,35.4625,35.2,35.45,48290328.0,0.0
2021-07-16,34.95,35.0,34.7625,34.975,37001536.0,0.0
2021-07-19,34.75,34.8,34.3875,34.575,41802040.0,0.0
2021-07-20,34.45,34.575,34.2625,34.3,31443692.0,0.0
2021-07-21,34.5,34.5,34.025,34.175,50775656.0,0.0875
2021-07-22,34.45,34.6375,34.3125,34.4125,24405396.0,0.0
2021-07-23,34.5125,34.575,34.3375,34.4125,12374240.0,0.0
2021-07-26,34.4375,34.5125,34.0625,34.1125,46350908.0,0.0
2021-07-27,34.125,34.2625,34.0125,34.1,41265188.0,0.0
2021-07-28,34.025,34.025,33.4375,33.5625,120230996.0,0.0
2021-07-29,33.9625,34.15,33.8125,34.125,42856636.0,0.0
2021-07-30,34.15,34.15,34.0,34.0125,15472072.0,0.0
2021-08-02,34.25,34.5,34.0125,34.475,28890076.0,0.0
2021-08-03,34.4875,34.6125,34.425,34.6125,24320952.0,0.0
2021-08-04,34.6625,34.825,34.6125,34.8125,21724496.0,0.0
2021-08-05,34.8125,34.8625,34.7125,34.75,22573208.0,0.0
2021-08-06,34.725,34.75,34.45,34.7,15681916.0,0.0
2021-08-09,34.55,34.6375,34.175,34.6,20148264.0,0.0
2021-08-10,34.6125,34.625,34.375,34.4125,9903104.0,0.0
2021-08-11,34.3375,34.4125,34.15,34.3,14460116.0,0.0
2021-08-12,34.3,34.3125,34.125,34.2375,8938108.0,0.0
2021-08-13,34.15,34.2125,33.8875,33.9125,28719444.0,0.0
2021-08-16,33.875,33.9375,33.725,33.8375,42835976.0,0.0
2021-08-17,33.85,33.875,33.575,33.5875,52037948.0,0.0
2021-08-18,33.4,33.7375,33.1125,33.725,85849596.0,0.0
2021-08-19,33.625,33.625,32.9,32.95,105585004.0,0.0
2021-08-20,33.05,33.2,32.55,32.6875,62649456.0,0.0
2021-08-23,33.0625,33.6125,33.0375,33.5875,23545608.0,0.0
2021-08-24,33.8,33.8375,33.65,33.6875,19796404.0,0.0
2021-08-25,33.7875,34.025,33.7875,34.0125,27403636.0,0.0
2021-08-26,34.3625,34.5,34.0875,34.25,28349696.0,0.0
2021-08-27,34.175,34.625,34.1125,34.5375,66067832.0,0.0
2021-08-30,34.6625,34.875,34.6125,34.875,85414624.0,0.0
2021-08-31,34.85,35.0875,34.525,35.0875,64500216.0,0.0
2021-09-01,35.0375,35.325,35.0125,35.25,72891272.0,0.0
2021-09-02,35.225,35.35,34.975,34.975,27917864.0,0.0
2021-09-03,35.1625,35.525,35.1125,35.475,44336692.0,0.0
2021-09-06,35.475,35.875,35.4,35.6375,55343340.0,0.0
2021-09-07,35.7,35.7,35.3625,35.475,32844564.0,0.0
2021-09-08,35.4375,35.5,34.9875,35.1625,27915944.0,0.0
2021-09-09,34.9125,35.25,34.825,35.075,12250292.0,0.0
2021-09-10,35.175,35.525,35.125,35.4875,11929744.0,0.0
2021-09-13,35.4625,35.4625,35.2875,35.3625,12939284.0,0.0
2021-09-14,35.4625,35.55,35.3375,35.4,9637564.0,0.0
2021-09-15,35.325,35.3625,35.1,35.1875,47972592.0,0.0
2021-09-16,35.2,35.25,34.9375,35.025,32048512.0,0.0
2021-09-17,35.025,35.2625,34.875,35.125,15056364.0,0.0
2021-09-22,34.275,34.4,34.075,34.3,95626476.0,0.0
2021-09-23,34.5,34.625,34.4,34.5,22950432.0,0.0
2021-09-24,34.7,34.9125,34.675,34.9125,24728896.0,0.0
2021-09-27,34.9625,35.0875,34.8,35.0,46916492.0,0.0
2021-09-28,34.8125,34.8375,34.5625,34.75,70802024.0,0.0
2021-09-29,34.225,34.225,33.8625,34.0,118838624.0,0.0
2021-09-30,34.075,34.275,33.8,34.2625,66370156.0,0.0
2021-10-01,34.075,34.075,33.4125,33.4875,108369932.0,0.0
2021-10-04,33.675,33.7,33.2125,33.2875,93019620.0,0.0
2021-10-05,33.0,33.25,32.725,33.2375,107861208.0,0.0
2021-10-06,33.5,33.5,33.0,33.25,88152372.0,0.0
2021-10-07,33.5125,33.9,33.4875,33.8375,54266868.0,0.0
2021-10-08,33.9125,33.9125,33.4875,33.55,30805556.0,0.0
2021-10-12,33.175,33.2875,32.9,33.2125,44110052.0,0.0
2021-10-13,33.35,33.4,33.0375,33.1,21732664.0,0.0
2021-10-14,33.375,33.425,33.125,33.1875,13018476.0,0.0
2021-10-15,33.6625,34.0875,33.575,34.0625,53612692.0,0.0
2021-10-18,34.175,34.225,33.9,33.9625,21166076.0,0.0
2021-10-19,34.05,34.3125,34.0125,34.2375,33879576.0,0.0
2021-10-20,34.2625,34.325,34.1125,34.15,58064224.0,0.0
2021-10-21,34.175,34.45,34.025,34.025,52200656.0,0.0
2021-10-22,34.0625,34.1875,33.9125,34.125,20749424.0,0.0
2021-10-25,34.0,34.175,33.8,34.1,29361584.0,0.0
2021-10-26,34.1625,34.4375,34.15,34.3875,42011924.0,0.0
2021-10-27,34.2375,34.3875,34.175,34.3875,29550340.0,0.0
2021-10-28,34.3625,34.4125,34.15,34.2875,17775576.0,0.0
2021-10-29,34.2625,34.2625,33.8375,33.95,19783344.0,0.0
2021-11-01,34.05,34.1875,34.05,34.125,12073852.0,0.0
2021-11-02,34.2,34.4125,34.0375,34.0625,15930308.0,0.0
2021-11-03,34.1,34.25,34.1,34.15,9295528.0,0.0
2021-11-04,34.3125,34.375,34.0375,34.0375,10037280.0,0.0
2021-11-05,34.275,34.55,34.2,34.525,44980008.0,0.0
2021-11-08,34.55,34.8,34.55,34.8,29547192.0,0.0
2021-11-09,35.0375,35.3,35.025,35.175,49103720.0,0.0
2021-11-10,35.1625,35.1625,35.0,35.125,21403752.0,0.0
2021-11-11,34.775,34.9375,34.7,34.8125,17749988.0,0.0
2021-11-12,34.975,35.2,34.875,34.925,22775288.0,0.0
2021-11-15,35.1375,35.3125,35.1375,35.2375,25918820.0,0.0
2021-11-16,35.2375,35.3625,35.2,35.3,22967136.0,0.0
2021-11-17,35.325,35.425,35.2875,35.4125,81202148.0,0.0
2021-11-18,35.4375,35.6375,35.4125,35.6125,23376840.0,0.0
2021-11-19,35.875,35.8875,35.6625,35.7,23825376.0,0.0
2021-11-22,35.675,35.725,35.6,35.6125,14822488.0,0.0
2021-11-23,35.5,35.5,35.2625,35.275,17951904.0,0.0
2021-11-24,35.275,35.2875,35.0375,35.125,12176628.0,0.0
2021-11-25,35.125,35.225,35.0,35.1125,9909604.0,0.0
2021-11-26,34.8875,34.9625,34.4875,34.5375,46647920.0,0.0
2021-11-29,34.4,34.7,34.375,34.5375,44655660.0,0.0
2021-11-30,34.7,34.9,34.4625,34.5,41102956.0,0.0
2021-12-01,34.525,35.125,34.5125,35.075,16704276.0,0.0
2021-12-02,35.025,35.4875,34.925,35.45,35537196.0,0.0
2021-12-03,35.4875,35.5375,35.275,35.4375,19330520.0,0.0
2021-12-06,35.175,35.475,35.0,35.3375,15418468.0,0.0
2021-12-07,35.3375,35.45,35.0875,35.45,12050156.0,0.0
2021-12-08,35.775,35.9,35.575,35.5875,43552320.0,0.0
2021-12-09,35.6125,35.6625,35.425,35.5,18162644.0,0.0
2021-12-10,35.45,35.525,35.3375,35.4875,13121360.0,0.0
2021-12-13,35.55,35.6125,35.375,35.375,18437204.0,0.0
2021-12-14,35.0875,35.175,34.9875,35.025,18753476.0,0.0
2021-12-15,35.025,35.15,34.925,35.075,39734372.0,0.0
2021-12-16,35.3375,35.5125,35.2875,35.5125,22468220.0,0.0
2021-12-17,35.3875,35.5,35.3,35.475,19549972.0,0.0
2021-12-20,35.45,35.4625,35.075,35.1625,17373652.0,0.0
2021-12-21,35.175,35.4875,35.175,35.4625,26402952.0,0.0
2021-12-22,35.4875,35.5,35.4125,35.4625,16285780.0,0.0
2021-12-23,35.6875,35.8,35.5625,35.6625,55705360.0,0.0
2021-12-24,35.75,35.9,35.7375,35.7625,50101524.0,0.0
2021-12-27,35.8,36.0625,35.775,36.0375,26048796.0,0.0
2021-12-28,36.075,36.325,36.075,36.325,89823980.0,0.0
2021-12-29,36.3625,36.5375,36.2625,36.4875,90088896.0,0.0
2021-12-30,36.4875,36.5,36.3375,36.375,24985712.0,0.0
2022-01-03,36.5,36.8375,36.5,36.6,27136808.0,0.0
2022-01-04,36.925,37.4,36.925,37.4,38537760.0,0.0
2022-01-05,37.525,37.6375,37.275,37.325,45626404.0,0.0
2022-01-06,37.075,37.1875,36.75,36.975,34484932.0,0.0
2022-01-07,37.075,37.25,36.625,36.65,27956496.0,0.0
2022-01-10,36.5,36.95,36.35,36.8875,62807884.0,0.0
2022-01-11,36.9,37.125,36.675,37.075,71021608.0,0.0
2022-01-12,37.3375,37.4,37.175,37.3875,40619208.0,0.0
2022-01-13,37.3875,37.6125,37.3875,37.575,29812384.0,0.0
2022-01-14,37.7,37.8,37.2625,37.575,40446116.0,0.0
2022-01-17,37.775,38.1,37.775,38.0,27711192.0,0.0
2022-01-18,38.05,38.0625,37.5375,37.575,57660460.0,0.0
2022-01-19,37.25,37.4125,37.0625,37.125,58657148.0,0.0
2022-01-20,37.125,37.3,36.9,37.275,65053388.0,0.0
2022-01-21,35.975,35.9875,35.575,35.6625,119510380.0,0.8
2022-01-24,35.525,36.0,35.425,36.0,52641948.0,0.0
2022-01-25,35.6375,35.6375,35.3125,35.4125,96087792.0,0.0
2022-01-26,35.2875,35.55,35.2625,35.3875,71003288.0,0.0
2022-02-07,35.65,35.7,35.3,35.575,96090320.0,0.0
2022-02-08,35.825,35.875,35.7,35.725,44340368.0,0.0
2022-02-09,35.875,35.875,35.6625,35.85,32243600.0,0.0
2022-02-10,35.975,36.2625,35.875,36.2625,24016868.0,0.0
2022-02-11,36.175,36.2625,36.0125,36.2375,17259684.0,0.0
2022-02-14,35.9875,35.9875,35.55,35.675,47456160.0,0.0
2022-02-15,35.675,35.8,35.4875,35.5125,29444908.0,0.0
2022-02-16,35.975,36.1125,35.95,36.1,26800172.0,0.0
2022-02-17,36.1,36.25,36.0,36.125,19763216.0,0.0
2022-02-18,35.875,36.0375,35.7625,36.025,15468844.0,0.0
2022-02-21,35.8625,35.9625,35.7,35.95,18011756.0,0.0
2022-02-22,35.65,35.6625,35.1875,35.4625,74872596.0,0.0
2022-02-23,35.4625,35.6,35.4125,35.5625,17635428.0,0.0
2022-02-24,35.275,35.275,34.575,34.7,117813808.0,0.0
2022-02-25,34.7625,34.8,34.4625,34.625,90309080.0,0.0
2022-03-01,34.7625,35.2,34.7125,35.1125,32958060.0,0.0
2022-03-02,35.0,35.025,34.8,34.9125,24524616.0,0.0
2022-03-03,35.125,35.2,34.9625,34.9875,17755472.0,0.0
2022-03-04,34.625,34.7125,34.4875,34.6125,50396708.0,0.0
2022-03-07,34.225,34.225,33.4375,33.5,208177676.0,0.0
2022-03-08,33.1125,33.2875,32.75,32.7875,167283432.0,0.0
2022-03-09,33.05,33.3125,33.05,33.125,83526340.0,0.0
2022-03-10,33.8,34.1375,33.8,34.0875,57746092.0,0.0
2022-03-11,33.9625,33.9625,33.55,33.6,42419380.0,0.0
2022-03-14,33.75,33.8375,33.5,33.6,34346608.0,0.0
2022-03-15,33.2875,33.2875,32.85,32.9125,94122712.0,0.0
2022-03-16,33.3,33.3125,32.775,33.05,75954080.0,0.0
2022-03-17,33.8625,34.125,33.8,34.1,56006192.0,0.0
2022-03-18,34.15,34.15,33.875,34.025,50581376.0,0.0
2022-03-21,34.2,34.4125,34.2,34.25,30873588.0,0.0
2022-03-22,34.2,34.25,34.075,34.2,24184288.0,0.0
2022-03-23,34.4,34.5875,34.3875,34.525,41079752.0,0.0
2022-03-24,34.375,34.525,34.2625,34.5,17108564.0,0.0
2022-03-25,34.6,34.625,34.475,34.55,19496792.0,0.0
2022-03-28,34.25,34.25,33.8875,34.175,42024708.0,0.0
2022-03-29,34.25,34.3,34.15,34.2125,25774216.0,0.0
2022-03-30,34.5125,34.675,34.5125,34.6375,32665068.0,0.0
2022-03-31,34.6375,34.6625,34.525,34.525,14238552.0,0.0
2022-04-01,34.15,34.2375,34.0375,34.2375,30795024.0,0.0
2022-04-06,33.8125,34.0875,33.75,34.0625,46251656.0,0.0
2022-04-07,33.775,33.775,33.45,33.45,58991464.0,0.0
2022-04-08,33.525,33.6375,33.4375,33.6375,35768872.0,0.0
2022-04-11,33.5375,33.6125,33.05,33.1125,66837660.0,0.0
2022-04-12,33.0375,33.2125,32.9,33.1375,56875520.0,0.0
2022-04-13,33.35,33.8,33.3,33.7625,28186852.0,0.0
2022-04-14,33.9375,33.9375,33.6375,33.6375,19791976.0,0.0
2022-04-15,33.2125,33.2625,33.0,33.0625,82769516.0,0.0
2022-04-18,33.0,33.0625,32.7875,32.8875,71848084.0,0.0
2022-04-19,33.0625,33.2375,32.9625,33.0,36238036.0,0.0
2022-04-20,33.05,33.175,32.9125,33.1625,27048540.0,0.0
2022-04-21,33.3125,33.4,33.1625,33.1875,15936376.0,0.0
2022-04-22,32.85,32.9375,32.7125,32.9,44801348.0,0.0
2022-04-25,32.5,32.5125,32.1625,32.3125,128851880.0,0.0
2022-04-26,32.4375,32.45,32.2125,32.3125,37409408.0,0.0
2022-04-27,31.75,31.75,31.5125,31.6375,114986256.0,0.0
2022-04-28,31.8375,31.85,31.4875,31.775,46171364.0,0.0
2022-04-29,32.225,32.375,32.0625,32.1875,47537724.0,0.0
2022-05-03,32.1375,32.175,31.8625,31.95,25125076.0,0.0
2022-05-04,32.075,32.1125,31.875,31.95,39598772.0,0.0
2022-05-05,32.375,32.45,32.2375,32.3125,24902416.0,0.0
2022-05-06,31.6125,31.7125,31.4875,31.6625,68203532.0,0.0
2022-05-09,31.375,31.3875,31.125,31.1375,51720992.0,0.0
2022-05-10,30.5375,31.025,30.3875,31.0,55376572.0,0.0
2022-05-11,30.9625,31.1125,30.825,31.05,32199604.0,0.0
2022-05-12,30.75,30.75,30.3,30.3125,47755260.0,0.0
2022-05-13,30.525,30.5875,30.3875,30.5875,28106200.0,0.0
2022-05-16,30.8625,31.0,30.625,30.75,22904664.0,0.0
2022-05-17,30.7875,31.125,30.7875,31.0875,16662204.0,0.0
2022-05-18,31.3375,31.5,31.3125,31.425,25266444.0,0.0
2022-05-19,30.8625,30.95,30.6625,30.825,29033480.0,0.0
2022-05-20,30.9375,31.2375,30.9125,31.1625,14661664.0,0.0
2022-05-23,31.325,31.4,31.125,31.225,10715572.0,0.0
2022-05-24,31.25,31.3,30.85,30.875,20276748.0,0.0
2022-05-25,30.925,31.175,30.8625,31.1125,10270292.0,0.0
2022-05-26,31.25,31.25,30.7125,30.725,23219872.0,0.0
2022-05-27,31.0375,31.45,31.0125,31.375,46801572.0,0.0
2022-05-30,31.8125,32.15,31.7625,32.1375,58170520.0,0.0
2022-05-31,32.1125,32.45,31.9,32.45,28102668.0,0.0
2022-06-01,32.325,32.5125,32.25,32.2875,25626728.0,0.0
2022-06-02,32.1125,32.1125,31.9,31.95,17718612.0,0.0
2022-06-06,32.0625,32.25,31.8625,32.175,16111300.0,0.0
2022-06-07,31.9875,31.9875,31.7125,31.85,19365760.0,0.0
2022-06-08,32.125,32.275,32.0375,32.2,15916200.0,0.0
2022-06-09,32.05,32.125,31.9125,32.1,7709100.0,0.0
2022-06-10,31.7,31.85,31.6,31.775,16998412.0,0.0
2022-06-13,31.025,31.0625,30.8625,30.8875,67467100.0,0.0
2022-06-14,30.65,30.8875,30.525,30.8375,47559120.0,0.0
2022-06-15,30.75,30.9,30.6625,30.6875,35393308.0,0.0
2022-06-16,31.025,31.25,30.5625,30.625,51071688.0,0.0
2022-06-17,30.25,30.375,30.1,30.2125,78686220.0,0.0
2022-06-20,30.225,30.2375,29.875,29.9375,42257108.0,0.0
2022-06-21,30.2375,30.55,30.0875,30.55,25930500.0,0.0
2022-06-22,30.425,30.425,29.8375,29.875,60435976.0,0.0
2022-06-23,29.95,29.95,29.3125,29.475,67491772.0,0.0
2022-06-24,29.6625,29.825,29.4875,29.5375,43073528.0,0.0
2022-06-27,29.95,30.3625,29.95,30.2375,66723816.0,0.0
2022-06-28,30.2,30.2,29.8125,29.95,43233840.0,0.0
2022-06-29,29.675,29.8875,29.625,29.7,25087984.0,0.0
2022-06-30,29.425,29.45,28.875,28.95,81720980.0,0.0
2022-07-01,28.9125,28.9125,27.8,27.8875,138878240.0,0.0
2022-07-04,27.8125,28.05,27.5,27.6125,105770848.0,0.0
2022-07-05,28.1375,28.2375,27.25,27.75,64857832.0,0.0
2022-07-06,27.75,27.7625,27.1125,27.2125,62447924.0,0.0
2022-07-07,27.3625,28.0375,27.1375,28.025,53732760.0,0.0
2022-07-08,28.325,28.475,28.075,28.3125,40711428.0,0.0
2022-07-11,28.4125,28.425,27.9625,28.0625,30291812.0,0.0
2022-07-12,27.7375,27.7375,27.2875,27.3875,44533776.0,0.0
2022-07-13,28.25,28.4125,28.15,28.3625,99299588.0,0.0
2022-07-14,28.175,28.5625,27.95,28.5,59001712.0,0.0
2022-07-15,28.65,28.9125,28.4375,28.875,74221248.0,0.0
2022-07-18,28.6625,28.7125,28.4875,28.55,88829376.0,0.45
2022-07-19,28.4875,28.6625,28.4,28.575,53005460.0,0.0
2022-07-20,28.9625,29.05,28.675,28.7625,67345152.0,0.0
2022-07-21,28.85,29.0875,28.75,29.0875,35213080.0,0.0
2022-07-22,29.15,29.3,29.075,29.2,62459656.0,0.0
2022-07-25,29.075,29.2375,29.0,29.175,42173440.0,0.0
2022-07-26,29.15,29.15,28.825,28.9125,50495728.0,0.0
2022-07-27,28.875,29.175,28.7875,29.175,31668200.0,0.0
2022-07-28,29.4625,29.4875,29.225,29.225,33228832.0,0.0
2022-07-29,29.5375,29.625,29.4125,29.5,32121328.0,0.0
2022-08-01,29.525,29.525,29.3,29.4125,38018536.0,0.0
2022-08-02,29.1375,29.1375,28.775,28.8875,70777800.0,0.0575
2022-08-03,28.9125,29.0625,28.875,29.0625,31360808.0,0.0
2022-08-04,29.0875,29.2,28.8,29.1375,27397668.0,0.0
2022-08-05,29.5,29.875,29.475,29.875,37238236.0,0.0
2022-08-08,29.75,29.8125,29.575,29.8125,34765628.0,0.0
2022-08-09,29.6,29.875,29.5,29.7875,31536632.0,0.0
2022-08-10,29.5,29.55,29.375,29.475,28891416.0,0.0
2022-08-11,29.95,30.1125,29.9,30.0125,42912384.0,0.0
2022-08-12,30.1375,30.25,30.075,30.2,33697348.0,0.0
2022-08-15,30.3625,30.525,30.3125,30.475,38189448.0,0.0
2022-08-16,30.5,30.575,30.475,30.525,39489064.0,0.0
2022-08-17,30.525,30.575,30.45,30.5375,55419464.0,0.0
2022-08-18,30.35,30.3625,30.2375,30.3375,21088012.0,0.0
2022-08-19,30.3125,30.5,30.225,30.3875,16104076.0,0.0
2022-08-22,30.0,30.0625,29.9375,30.0125,20028000.0,0.0
2022-08-23,29.6375,29.75,29.55,29.55,41302508.0,0.0
2022-08-24,29.7,29.7375,29.4125,29.475,28253912.0,0.0
2022-08-25,29.625,29.8625,29.6125,29.75,19574876.0,0.0
2022-08-26,29.9625,30.025,29.8625,29.9,39838948.0,0.0
2022-08-29,29.0625,29.2375,29.0,29.1375,63102952.0,0.0
2022-08-30,29.1375,29.3,29.05,29.1875,48621412.0,0.0
2022-08-31,28.9875,29.4,28.95,29.4,28183656.0,0.0
2022-09-01,28.875,28.9,28.6875,28.7875,84246316.0,0.0
2022-09-02,28.775,28.775,28.4625,28.475,55976232.0,0.0
2022-09-05,28.525,28.6875,28.425,28.5375,35512716.0,0.0
2022-09-06,28.7,28.85,28.5625,28.725,25904464.0,0.0
2022-09-07,28.275,28.2875,28.025,28.05,61955568.0,0.0
2022-09-08,28.2625,28.2625,28.1,28.25,28468684.0,0.0
2022-09-12,28.825,28.9125,28.75,28.85,30181272.0,0.0
2022-09-13,29.025,29.1,28.9375,29.0,18161944.0,0.0
2022-09-14,28.2625,28.4875,28.2,28.4125,43782264.0,0.0
2022-09-15,28.375,28.5625,28.3,28.4625,14736400.0,0.0
2022-09-16,28.1625,28.2125,28.075,28.1375,51803628.0,0.0
2022-09-19,28.2375,28.2375,27.975,28.0125,28709272.0,0.0
2022-09-20,28.1375,28.2875,28.0625,28.2625,23028824.0,0.0
2022-09-21,28.2,28.2,27.95,28.025,44046172.0,0.0
2022-09-22,27.6,27.6875,27.375,27.6875,59646724.0,0.0
2022-09-23,27.5625,27.5875,27.3375,27.425,58395944.0,0.0
2022-09-26,27.0125,27.0125,26.7875,26.9125,79683304.0,0.0
2022-09-27,26.95,26.9875,26.75,26.875,35851112.0,0.0
2022-09-28,26.9,26.9125,26.3125,26.3125,75593876.0,0.0
2022-09-29,26.6125,26.6125,26.15,26.225,41608432.0,0.0
2022-09-30,25.825,25.975,25.75,25.8625,50705712.0,0.0
2022-10-03,25.625,25.9,25.5125,25.55,43969468.0,0.0
2022-10-04,26.1375,26.2,26.025,26.2,30114732.0,0.0
2022-10-05,26.625,26.9625,26.5875,26.8125,42787184.0,0.0
2022-10-06,26.95,27.0,26.875,27.0,33828044.0,0.0
2022-10-07,26.85,26.85,26.525,26.55,34802512.0,0.0
2022-10-11,25.5,25.5375,25.125,25.175,125921740.0,0.0
2022-10-12,25.1,25.175,24.8875,25.05,53397184.0,0.0
2022-10-13,25.1375,25.1375,24.75,24.75,83371040.0,0.0
2022-10-14,25.4375,25.575,25.275,25.4625,45731032.0,0.0
2022-10-17,24.9875,25.025,24.7625,24.9875,78771904.0,0.0
2022-10-18,25.375,25.3875,24.9875,25.275,25608136.0,0.0
2022-10-19,25.2,25.25,24.8875,24.9375,62496316.0,0.0
2022-10-20,24.55,24.8625,24.3375,24.8,75939888.0,0.0
2022-10-21,24.825,24.9625,24.675,24.725,48662404.0,0.0
2022-10-24,25.1875,25.2,24.65,24.65,67982140.0,0.0
2022-10-25,24.65,24.65,24.125,24.175,80259668.0,0.0
2022-10-26,24.2125,24.5,24.125,24.4,43837832.0,0.0
2022-10-27,24.625,24.8375,24.625,24.75,32068688.0,0.0
2022-10-28,24.65,24.65,24.3125,24.4375,45962880.0,0.0
2022-10-31,24.7125,24.8375,24.525,24.7625,40352320.0,0.0
2022-11-01,24.7125,24.9875,24.7,24.9,32777216.0,0.0
2022-11-02,24.9,25.0125,24.85,25.0,28021220.0,0.0
2022-11-03,24.625,24.7125,24.5875,24.675,54132456.0,0.0
2022-11-04,24.525,24.7375,24.375,24.7125,25730140.0,0.0
2022-11-07,24.95,25.2125,24.8875,25.1375,48426144.0,0.0
2022-11-08,25.3625,25.4875,25.3125,25.4,41625688.0,0.0
2022-11-09,25.6375,26.125,25.6375,26.125,75645316.0,0.0
2022-11-10,25.8625,25.9625,25.8,25.875,58931616.0,0.0
2022-11-11,27.1375,27.25,26.95,27.25,137249556.0,0.0
2022-11-14,27.45,27.6,27.35,27.5,72667064.0,0.0
2022-11-15,27.8,28.7375,27.8,28.675,135373028.0,0.0
2022-11-16,28.75,28.9375,28.4625,28.625,94684964.0,0.0
2022-11-17,28.4875,28.6625,28.2125,28.6375,53409672.0,0.0
2022-11-18,28.725,28.9625,28.5125,28.5625,42624300.0,0.0
2022-11-21,28.5875,28.6625,28.425,28.4625,34742276.0,0.0
2022-11-22,28.35,28.75,28.2625,28.7,22178072.0,0.0
2022-11-23,28.9125,28.975,28.7625,28.9,31755848.0,0.0
2022-11-24,29.0,29.2125,28.975,29.175,60955344.0,0.0
2022-11-25,29.1625,29.2375,29.0875,29.175,64081944.0,0.0
2022-11-28,28.65,28.825,28.475,28.5875,60178952.0,0.0
2022-11-29,28.4625,28.85,28.275,28.85,42685868.0,0.0
2022-11-30,28.775,29.1,28.7125,29.0875,37184264.0,0.0
2022-12-01,29.8,29.875,29.5,29.5875,98737356.0,0.0
2022-12-02,29.325,29.4875,29.25,29.325,29920608.0,0.0
2022-12-05,29.325,29.625,29.3,29.3625,47951016.0,0.0
2022-12-06,29.2,29.2,28.8,28.825,39880032.0,0.0
2022-12-07,28.625,28.9625,28.55,28.65,32901556.0,0.0
2022-12-08,28.5125,28.525,28.1125,28.3125,36475576.0,0.0
2022-12-09,28.5,28.8125,28.4875,28.75,24947356.0,0.0
2022-12-12,28.55,28.55,28.3125,28.475,33456200.0,0.0
2022-12-13,28.625,28.625,28.3125,28.35,26088568.0,0.0
2022-12-14,28.525,28.75,28.5,28.7,31534172.0,0.0
2022-12-15,28.575,28.7625,28.475,28.725,31236764.0,0.0
2022-12-16,28.125,28.325,28.0625,28.25,47527104.0,0.0
2022-12-19,28.0875,28.2375,28.0,28.0875,24526112.0,0.0
2022-12-20,28.0375,28.125,27.5125,27.575,49743932.0,0.0
2022-12-21,27.7,27.85,27.575,27.6875,47612612.0,0.0
2022-12-22,27.9375,28.1875,27.9375,28.15,20092604.0,0.0
2022-12-23,27.675,27.7625,27.6,27.675,23941448.0,0.0
2022-12-26,27.7,27.8,27.675,27.775,16120680.0,0.0
2022-12-27,27.85,28.0625,27.85,27.9,16508700.0,0.0
2022-12-28,27.625,27.625,27.35,27.5,48701404.0,0.0
2022-12-29,27.3,27.4,27.1,27.375,55414224.0,0.0
2022-12-30,27.65,27.6875,27.55,27.55,34572648.0,0.0
2023-01-03,27.4,27.725,27.1125,27.6875,59242536.0,0.0
2023-01-04,27.575,27.7,27.525,27.625,55019412.0,0.0
2023-01-05,27.8125,27.925,27.7375,27.825,48283616.0,0.0
2023-01-06,27.8,28.05,27.7875,27.95,46347120.0,0.0
2023-01-09,28.5,28.95,28.475,28.95,59992304.0,0.0
2023-01-10,28.9875,29.1,28.9375,29.0625,47897080.0,0.0
2023-01-11,29.1625,29.1875,28.975,29.0875,62409904.0,0.0
2023-01-12,29.125,29.15,28.9125,28.9625,39816908.0,0.0
2023-01-13,29.625,29.65,29.2375,29.3,113933548.0,0.0
2023-01-16,29.525,29.6375,29.5,29.525,110397484.0,0.0
2023-01-17,29.5875,29.5875,29.45,29.525,56226344.0,0.0
2023-01-30,30.2,30.25,30.0,30.175,173329284.0,0.65
2023-01-31,30.15,30.15,29.575,29.575,86450304.0,0.0
2023-02-01,29.775,29.8625,29.6125,29.75,26163640.0,0.0
2023-02-02,30.075,30.275,30.0625,30.25,62178044.0,0.0
2023-02-03,30.2375,30.3,30.05,30.25,38029112.0,0.0
2023-02-06,30.025,30.025,29.8125,29.8125,53519476.0,0.0
2023-02-07,29.775,29.8125,29.6375,29.75,33203448.0,0.0
2023-02-08,30.025,30.2375,30.0,30.2125,35659720.0,0.0
2023-02-09,30.125,30.25,30.075,30.225,19396980.0,0.0
2023-02-10,30.225,30.275,30.15,30.25,24871900.0,0.0
2023-02-13,30.175,30.225,29.975,30.1875,15322364.0,0.0
2023-02-14,30.3125,30.45,30.3125,30.4125,30469028.0,0.0
2023-02-15,29.9875,30.0625,29.7,29.7125,49084992.0,0.0
2023-02-16,29.825,30.125,29.825,30.075,44040076.0,0.0
2023-02-17,29.825,29.825,29.6,29.6875,31532096.0,0.0
2023-02-20,29.6375,29.8375,29.525,29.75,23364440.0,0.0
2023-02-21,29.75,29.775,29.6375,29.7375,17772152.0,0.0
2023-02-22,29.375,29.4375,29.275,29.4125,43550488.0,0.0
2023-02-23,29.4875,29.95,29.4875,29.85,24790780.0,0.0
2023-02-24,29.975,30.025,29.7,29.7,21990924.0,0.0
2023-03-01,29.325,29.8625,29.2125,29.8375,29869272.0,0.0
2023-03-02,29.8375,29.8375,29.575,29.8125,13924924.0,0.0
2023-03-03,29.95,30.025,29.8,29.8375,12403748.0,0.0
2023-03-06,30.0375,30.225,29.975,30.125,37364848.0,0.0
2023-03-07,30.1375,30.35,30.05,30.325,29874380.0,0.0
2023-03-08,30.125,30.15,29.95,30.075,24727856.0,0.0
2023-03-09,30.1875,30.2,30.05,30.05,13108684.0,0.0
2023-03-10,29.7125,29.7375,29.5,29.575,52548684.0,0.0
2023-03-13,29.4875,29.775,29.35,29.7,74943036.0,0.0
2023-03-14,29.3875,29.4875,29.2875,29.375,44186128.0,0.0
2023-03-15,29.6,29.675,29.3625,29.4,48857440.0,0.0
2023-03-16,29.3,29.35,29.125,29.2625,62425580.0,0.0
2023-03-17,29.4625,29.7375,29.45,29.7375,43399212.0,0.0
2023-03-20,29.7375,29.7625,29.4625,29.525,28429916.0,0.0
2023-03-21,29.625,29.6875,29.55,29.6625,14367480.0,0.0
2023-03-22,29.8625,30.225,29.8625,30.225,56968508.0,0.0
2023-03-23,30.1625,30.575,30.1125,30.4625,62131916.0,0.0
2023-03-24,30.5,30.575,30.3875,30.55,53829576.0,0.0
2023-03-27,30.4375,30.475,30.3,30.3625,42578380.0,0.0
2023-03-28,30.2375,30.2875,30.05,30.1,38965956.0,0.0
2023-03-29,30.1625,30.2625,30.0375,30.15,12297708.0,0.0
2023-03-30,30.35,30.425,30.1875,30.3,45522456.0,0.0
2023-03-31,30.425,30.5875,30.35,30.4,59806560.0,0.0
2023-04-06,30.2125,30.25,30.05,30.25,30005676.0,0.0
2023-04-07,30.3125,30.3625,30.2,30.25,17655436.0,0.0
2023-04-10,30.3125,30.4125,30.225,30.25,15124112.0,0.0
2023-04-11,30.25,30.2875,30.1,30.2125,23765992.0,0.0
2023-04-12,30.2125,30.2125,30.0375,30.1375,11568680.0,0.0
2023-04-13,30.0125,30.0375,29.875,29.875,26200016.0,0.0
2023-04-14,30.0,30.225,29.9625,30.1625,12363216.0,0.0
2023-04-17,30.0875,30.125,29.95,30.0875,22756672.0,0.0
2023-04-18,30.0875,30.1,29.9375,29.9875,19338552.0,0.0
2023-04-19,30.0,30.0125,29.7,29.7625,31139140.0,0.0
2023-04-20,29.7125,29.85,29.6,29.725,25631852.0,0.0
2023-04-21,29.8625,29.8875,29.625,29.65,19224952.0,0.0
2023-04-24,29.45,29.625,29.425,29.5375,26235392.0,0.0
2023-04-25,29.575,29.575,29.1375,29.15,74111004.0,0.0
2023-04-26,29.1375,29.15,28.9125,29.025,51812420.0,0.0
2023-04-27,29.0125,29.1625,28.875,29.0,37843400.0,0.0
2023-04-28,29.2125,29.3875,29.2125,29.35,22563740.0,0.0
2023-05-02,29.3625,29.5,29.275,29.425,20658196.0,0.0
2023-05-03,29.3375,29.3375,29.2,29.3,16713728.0,0.0
2023-05-04,29.25,29.375,29.175,29.375,14828800.0,0.0
2023-05-05,29.425,29.5125,29.35,29.45,8875004.0,0.0
2023-05-08,29.625,29.725,29.5875,29.6375,24044836.0,0.0
2023-05-09,29.65,29.75,29.575,29.725,18544840.0,0.0
2023-05-10,29.7,29.7,29.4125,29.45,16300476.0,0.0
2023-05-11,29.5625,29.6125,29.3875,29.3875,14739856.0,0.0
2023-05-12,29.2875,29.375,29.1875,29.3,15253396.0,0.0
2023-05-15,29.2375,29.3375,29.1625,29.3,16478796.0,0.0
2023-05-16,29.475,29.75,29.4625,29.65,31605876.0,0.0
2023-05-17,29.6625,30.175,29.6625,30.1375,104119624.0,0.0
2023-05-18,30.45,30.6,30.4,30.5375,87894220.0,0.0
2023-05-19,30.65,30.7125,30.55,30.625,136498504.0,0.0
2023-05-22,30.625,30.6625,30.525,30.575,71936104.0,0.0
2023-05-23,30.575,30.6625,30.45,30.55,49062812.0,0.0
2023-05-24,30.4125,30.45,30.275,30.4,43519312.0,0.0
2023-05-25,30.75,30.85,30.6125,30.7625,45771436.0,0.0
2023-05-26,31.25,31.5125,31.25,31.4875,95122080.0,0.0
2023-05-29,31.8625,31.8875,31.625,31.6875,57995472.0,0.0
2023-05-30,31.6875,31.7625,31.6125,31.6875,48495216.0,0.0
2023-05-31,31.675,31.675,31.2875,31.5375,35461188.0,0.0
2023-06-01,31.3375,31.4,31.225,31.2875,15517372.0,0.0
2023-06-02,31.45,31.75,31.45,31.6875,31771276.0,0.0
2023-06-05,31.6875,31.7,31.5625,31.5875,25440488.0,0.0
2023-06-06,31.5875,31.8125,31.5375,31.675,26369656.0,0.0
2023-06-07,31.75,32.0625,31.75,32.025,48306172.0,0.0
2023-06-08,31.975,32.05,31.6375,31.7125,20562940.0,0.0
2023-06-09,31.875,32.05,31.85,31.95,22207812.0,0.0
2023-06-12,32.125,32.325,32.125,32.25,54885148.0,0.0
2023-06-13,32.55,32.9875,32.55,32.8875,93752808.0,0.0
2023-06-14,32.85,32.9,32.75,32.875,26707972.0,0.0
2023-06-15,32.8875,33.0,32.875,32.975,44164476.0,0.0
2023-06-16,32.95,32.95,32.775,32.8875,28808864.0,0.0
2023-06-19,32.7375,32.875,32.6375,32.8125,23915984.0,0.0
2023-06-20,32.775,32.8125,32.5875,32.6375,26115876.0,0.0
2023-06-21,32.6375,32.7625,32.5625,32.6375,106262060.0,0.0
2023-06-26,32.5875,32.5875,32.35,32.4375,29573612.0,0.0
2023-06-27,32.2875,32.3875,32.175,32.225,26296196.0,0.0
2023-06-28,32.3375,32.425,32.2,32.275,22783412.0,0.0
2023-06-29,32.4375,32.625,32.225,32.2625,22786068.0,0.0
2023-06-30,32.2,32.275,32.075,32.275,28116752.0,0.0
2023-07-03,32.4,32.675,32.4,32.675,26491300.0,0.0
2023-07-04,32.6875,32.7875,32.6375,32.75,22718680.0,0.0
2023-07-05,32.75,32.8,32.6,32.7,20003768.0,0.0
2023-07-06,32.425,32.425,31.925,31.975,65609104.0,0.0
2023-07-07,31.8875,32.075,31.775,31.925,32081608.0,0.0
2023-07-10,32.025,32.125,31.75,31.8625,31486556.0,0.0
2023-07-11,32.0,32.3,32.0,32.3,18161736.0,0.0
2023-07-12,32.325,32.3625,32.2125,32.3625,13757804.0,0.0
2023-07-13,32.825,32.975,32.7125,32.725,62665236.0,0.0
2023-07-14,32.8625,33.125,32.8625,33.0625,58928984.0,0.0
2023-07-17,33.0,33.05,32.9375,33.0,61113608.0,0.0
2023-07-18,32.75,32.75,32.425,32.4625,43350244.0,0.475
2023-07-19,32.5375,32.625,32.1875,32.1875,57198712.0,0.0
2023-07-20,32.2625,32.425,32.25,32.3375,14887776.0,0.0
2023-07-21,31.85,31.85,31.625,31.8,51028788.0,0.0
2023-07-24,31.75,31.9125,31.65,31.8125,38900724.0,0.0
2023-07-25,31.925,32.3,31.925,32.2125,27691160.0,0.0
2023-07-26,32.275,32.3,32.0875,32.125,17586968.0,0.0
2023-07-27,32.2875,32.375,32.25,32.375,16027612.0,0.0
2023-07-28,32.35,32.475,32.25,32.375,10722548.0,0.0
2023-07-31,32.575,32.6625,32.0625,32.2,28994208.0,0.0
2023-08-01,32.25,32.3875,32.2125,32.3625,17791060.0,0.0
2023-08-02,32.35,32.3625,31.8625,31.9625,48022884.0,0.0
2023-08-04,31.8125,31.875,31.725,31.8125,26939664.0,0.0
2023-08-07,31.9125,32.175,31.8875,32.125,18407492.0,0.0
2023-08-08,32.025,32.05,31.6,31.75,42070044.0,0.0
2023-08-09,31.7,31.9125,31.6625,31.8,14657596.0,0.0
2023-08-10,31.725,31.75,31.575,31.6,43583592.0,0.0
2023-08-11,31.75,31.8375,31.5375,31.575,30991408.0,0.0
2023-08-14,31.4125,31.425,31.025,31.125,90266740.0,0.0
2023-08-15,31.3125,31.3625,31.15,31.175,29644352.0,0.0
2023-08-16,31.0375,31.1,30.9,31.0125,72292252.0,0.0
2023-08-17,30.9,31.1625,30.725,31.15,38535436.0,0.0
2023-08-18,31.05,31.2,30.925,30.9625,30402880.0,0.0
2023-08-21,31.05,31.1125,30.75,30.75,40236924.0,0.0
2023-08-22,31.0,31.0875,30.925,31.0,14564580.0,0.0
2023-08-23,31.0,31.2875,31.0,31.2125,27136280.0,0.0
2023-08-24,31.6,31.775,31.5625,31.75,26694756.0,0.0
2023-08-25,31.375,31.375,31.125,31.1375,28754872.0,0.0
2023-08-28,31.2125,31.425,31.1875,31.3375,17258996.0,0.0
2023-08-29,31.5,31.5125,31.175,31.5125,25960364.0,0.0
2023-08-30,31.6875,31.7625,31.525,31.65,22997780.0,0.0
2023-08-31,31.6375,31.6375,31.375,31.425,17424156.0,0.0
2023-09-01,31.375,31.575,31.275,31.475,12327708.0,0.0
2023-09-04,31.475,31.7,31.4,31.6875,13690652.0,0.0
2023-09-05,31.6375,31.65,31.5125,31.6125,14489636.0,0.0
2023-09-06,31.65,31.675,31.4625,31.5,29338084.0,0.0
2023-09-07,31.325,31.375,31.175,31.2125,22600776.0,0.0
2023-09-08,31.025,31.125,30.9625,31.075,22110532.0,0.0
2023-09-11,31.1125,31.125,30.85,30.95,33026528.0,0.0
2023-09-12,31.025,31.2625,30.9625,31.2625,10398692.0,0.0
2023-09-13,31.3,31.4,31.175,31.3,12823132.0,0.0
2023-09-14,31.475,31.7375,31.3875,31.7375,28711600.0,0.0
2023-09-15,31.75,31.8375,31.6875,31.8375,22933528.0,0.0
2023-09-18,31.65,31.65,31.4625,31.5,28383636.0,0.0
2023-09-19,31.4625,31.5125,31.3375,31.3625,16069368.0,0.0
2023-09-20,31.2625,31.3,31.125,31.1875,23793164.0,0.0
2023-09-21,30.95,30.9625,30.6625,30.6875,84682840.0,0.0
2023-09-22,30.6125,30.7,30.5125,30.6625,38237532.0,0.0
2023-09-25,30.6875,30.9375,30.6875,30.8875,15972528.0,0.0
2023-09-26,30.6625,30.75,30.5,30.525,40307016.0,0.0
2023-09-27,30.4625,30.575,30.3875,30.5375,26110120.0,0.0
2023-09-28,30.6875,30.7875,30.5125,30.6625,22157308.0,0.0
2023-10-02,30.9,31.125,30.9,31.0625,25845048.0,0.0
2023-10-03,30.9875,31.0375,30.8625,30.875,20273816.0,0.0
2023-10-04,30.525,30.55,30.3375,30.475,44900108.0,0.0
2023-10-05,30.6,30.9125,30.6,30.9125,16421960.0,0.0
2023-10-06,30.95,31.075,30.95,31.025,19539980.0,0.0
2023-10-11,31.475,31.6,31.4625,31.5625,53988076.0,0.0
2023-10-12,31.625,31.8375,31.575,31.825,57188056.0,0.0
2023-10-13,31.75,31.85,31.625,31.7375,25451284.0,0.0
2023-10-16,31.575,31.575,31.425,31.5625,30968164.0,0.0
2023-10-17,31.675,31.75,31.6,31.6375,27344148.0,0.0
2023-10-18,31.5625,31.5625,31.2,31.2,38264128.0,0.0
2023-10-19,31.1,31.3,31.1,31.2125,31304980.0,0.0
2023-10-20,31.1875,31.3625,30.975,31.35,17549164.0,0.0
2023-10-23,31.2125,31.2125,30.8875,30.9625,32149280.0,0.0
2023-10-24,30.95,30.9875,30.675,30.9875,28788744.0,0.0
2023-10-25,31.05,31.225,31.05,31.05,15920360.0,0.0
2023-10-26,30.4625,30.6,30.4,30.4375,87896488.0,0.0
2023-10-27,30.5375,30.6875,30.525,30.575,16275748.0,0.0
2023-10-30,30.6,30.7125,30.4375,30.5,36553408.0,0.0
2023-10-31,30.6,30.6125,30.275,30.2875,43123508.0,0.0
2023-11-01,30.5,30.5375,30.3125,30.4375,17689308.0,0.0
2023-11-02,30.7875,31.125,30.7875,31.125,39232848.0,0.0
2023-11-03,31.25,31.4,31.175,31.3625,34794272.0,0.0
2023-11-06,31.6375,31.8,31.5875,31.6375,63692796.0,0.0
2023-11-07,31.625,31.7,31.525,31.625,26172452.0,0.0
2023-11-08,31.6625,31.8625,31.625,31.8,44402716.0,0.0
2023-11-09,31.725,31.85,31.6625,31.8125,24907492.0,0.0
2023-11-10,31.675,31.7125,31.6,31.6875,17006284.0,0.0
2023-11-13,32.3125,32.4,32.125,32.175,101550224.0,0.0
2023-11-14,32.3,32.4,32.2375,32.25,80377828.0,0.0
2023-11-15,32.725,32.75,32.5125,32.6375,91164196.0,0.0
2023-11-16,32.7,32.8,32.575,32.65,73317344.0,0.0
2023-11-17,32.65,32.875,32.6375,32.75,108590352.0,0.0
2023-11-20,32.7625,32.7625,32.6125,32.7375,34641500.0,0.0
2023-11-21,32.8625,33.175,32.8625,33.1375,113513384.0,0.0
2023-11-22,32.8125,32.95,32.7875,32.8375,24548288.0,0.0
2023-11-23,32.8375,32.8625,32.6875,32.825,24937264.0,0.0
2023-11-24,32.825,32.9125,32.7625,32.8,53237608.0,0.0
2023-11-27,32.8,32.9625,32.525,32.5875,37727104.0,0.0
2023-11-28,32.6,32.95,32.575,32.8125,38275884.0,0.0
2023-11-29,32.825,33.05,32.7625,32.7875,26470308.0,0.0
2023-11-30,32.825,32.875,32.6625,32.8375,43669324.0,0.0
2023-12-01,32.75,32.95,32.7,32.95,21198560.0,0.0
2023-12-04,32.95,33.0,32.725,32.825,17596136.0,0.0
2023-12-05,32.65,32.65,32.475,32.5875,19111864.0,0.0
2023-12-06,32.6,32.85,32.6,32.7,28548196.0,0.0
2023-12-07,32.65,32.6625,32.5,32.5,10954636.0,0.0
2023-12-08,32.7875,32.9,32.725,32.7625,52095808.0,0.0
2023-12-11,32.7625,32.8375,32.6625,32.8,12519352.0,0.0
2023-12-12,32.975,33.0125,32.8375,32.875,21902040.0,0.0
2023-12-13,32.9,32.95,32.85,32.8875,11761744.0,0.0
2023-12-14,33.1625,33.3625,33.125,33.2875,128026068.0,0.0
2023-12-15,33.4125,33.55,33.4125,33.425,73515340.0,0.0
2023-12-18,33.4125,33.475,33.15,33.475,26607988.0,0.0
2023-12-19,33.45,33.45,33.1875,33.35,22424988.0,0.0
2023-12-20,33.3875,33.4625,33.35,33.4375,26463340.0,0.0
2023-12-21,33.05,33.175,33.0125,33.15,21419804.0,0.0
2023-12-22,33.15,33.275,33.15,33.2375,24816776.0,0.0
2023-12-25,33.25,33.45,33.2375,33.375,32321648.0,0.0
2023-12-26,33.375,33.6,33.375,33.5625,67267856.0,0.0
2023-12-27,33.6,33.975,33.5875,33.9375,119800140.0,0.0
2023-12-28,33.9375,34.0,33.8625,33.9375,59393184.0,0.0
2023-12-29,33.925,34.0,33.8375,33.8625,52446432.0,0.0
2024-01-02,33.9,33.9875,33.6625,33.725,23688304.0,0.0
2024-01-03,33.425,33.475,33.075,33.1375,54189900.0,0.0
2024-01-04,33.1375,33.1875,33.075,33.125,18270372.0,0.0
2024-01-05,33.1375,33.2375,33.025,33.0375,15998684.0,0.0
2024-01-08,33.25,33.4,33.1875,33.1875,37578880.0,0.0
2024-01-09,33.4625,33.4875,33.1875,33.25,22804060.0,0.0
2024-01-10,33.1,33.1625,33.0,33.075,27125880.0,0.0
2024-01-11,33.1125,33.3125,33.0875,33.2125,22504312.0,0.0
2024-01-12,33.05,33.2625,32.9875,33.1625,25937588.0,0.0
2024-01-15,33.1625,33.1625,33.1625,33.1625,0.0,0.0
2024-01-16,33.0125,33.075,32.775,32.9125,87905184.0,0.0
2024-01-17,32.5,32.5,31.825,31.8625,145373216.0,0.75
2024-01-18,31.975,32.1375,31.975,32.075,28368372.0,0.0
2024-01-19,32.925,33.275,32.775,33.225,104149832.0,0.0
2024-01-22,33.45,33.5875,33.3375,33.45,51769732.0,0.0
2024-01-23,33.475,33.5625,33.375,33.5125,27609740.0,0.0
2024-01-24,33.5375,33.6,33.4875,33.5,56681432.0,0.0
2024-01-25,33.7625,33.925,33.725,33.9125,104278032.0,0.0
2024-01-26,33.9125,33.9875,33.825,33.9125,63300248.0,0.0
2024-01-29,33.9125,34.1625,33.9,34.125,106544936.0,0.0
2024-01-30,34.0875,34.1625,34.0125,34.0375,38244096.0,0.0
2024-01-31,33.8125,33.825,33.5875,33.5875,27139568.0,0.0
2024-02-01,33.5875,33.625,33.4,33.5875,33583900.0,0.0
2024-02-02,33.75,33.8,33.6625,33.775,35616952.0,0.0
2024-02-05,33.775,34.05,33.75,33.9875,68850940.0,0.0
2024-02-15,35.55,35.675,35.35,35.5875,166902248.0,0.0
2024-02-16,35.5875,35.5875,35.3,35.325,70613876.0,0.0
2024-02-19,35.25,35.3125,35.15,35.275,35994992.0,0.0
2024-02-20,35.1375,35.5,35.1,35.4125,53273328.0,0.0
2024-02-21,35.35,35.375,35.2625,35.3,41419940.0,0.0
2024-02-22,35.7375,35.7625,35.4625,35.7,49482432.0,0.0
2024-02-23,35.8625,36.025,35.825,35.9375,76632740.0,0.0
2024-02-26,35.925,36.0,35.75,35.9875,39179224.0,0.0
2024-02-27,35.9875,36.05,35.6625,35.8375,23922688.0,0.0
2024-02-29,35.75,35.9875,35.675,35.825,27390448.0,0.0
2024-03-01,35.8875,35.9875,35.7,35.7,34647028.0,0.0
2024-03-04,36.25,36.8,36.2125,36.7375,97571592.0,0.0
2024-03-05,36.9375,37.1375,36.8375,37.0375,65483708.0,0.0
2024-03-06,36.75,37.2625,36.6,37.2125,66132768.0,0.0
2024-03-07,37.75,38.25,37.6875,38.075,118461268.0,0.0
2024-03-08,38.9,39.1125,38.25,38.6125,115837004.0,0.0
2024-03-11,38.4625,38.55,38.1375,38.225,52057640.0,0.0
2024-03-12,38.05,38.65,38.025,38.625,58684560.0,0.0
2024-03-13,38.8875,39.0375,38.7375,38.8125,51296604.0,0.0
2024-03-14,38.725,38.95,38.575,38.775,33274472.0,0.0
2024-03-15,38.575,38.6875,38.25,38.25,34403816.0,0.0
2024-03-18,38.25,38.625,38.25,38.6,71751072.0,0.0
2024-03-19,38.35,38.6375,38.25,38.5125,34279156.0,0.0
2024-03-20,38.55,38.825,38.25,38.3,40321616.0,0.0
2024-03-21,38.8875,39.425,38.8875,39.35,79843224.0,0.0
2024-03-22,39.375,39.5625,39.125,39.3,27109996.0,0.0
2024-03-25,39.3,39.5,39.2375,39.375,34332452.0,0.0
2024-03-26,39.575,39.8,39.1,39.4,26127772.0,0.0
2024-03-27,39.35,39.4625,39.225,39.4125,17547948.0,0.0
2024-03-28,39.325,39.325,38.975,39.225,12641392.0,0.0
2024-03-29,39.225,39.4875,39.225,39.45,20572000.0,0.0
2024-04-01,39.55,39.6875,39.3125,39.35,21344696.0,0.0
2024-04-02,39.6125,39.9125,39.6,39.9125,29364088.0,0.0
2024-04-03,39.6625,39.725,39.45,39.6375,18550252.0,0.0
2024-04-08,39.6625,39.9625,39.6375,39.8625,22629184.0,0.0
2024-04-09,40.0,40.8375,39.975,40.8125,32581692.0,0.0
2024-04-10,40.6875,40.825,40.6125,40.75,21203720.0,0.0
2024-04-11,40.5125,40.625,40.4125,40.625,17270700.0,0.0
2024-04-12,40.65,40.7,40.4875,40.525,23321576.0,0.0
2024-04-15,40.0625,40.1375,39.9,40.0,31563124.0,0.0
2024-04-16,39.575,39.575,38.6875,38.9125,66621548.0,0.0
2024-04-17,38.9875,39.425,38.975,39.35,30823556.0,0.0
2024-04-18,39.0875,39.7375,38.95,39.7375,26278092.0,0.0
2024-04-19,38.525,38.5375,37.375,37.725,121590104.0,0.0
2024-04-22,37.6,37.9375,37.425,37.6125,37041220.0,0.0
2024-04-23,38.0375,38.1125,37.825,37.975,21648704.0,0.0
2024-04-24,38.5,39.125,38.5,39.0875,30701016.0,0.0
2024-04-25,38.525,38.6125,38.3125,38.375,18805640.0,0.0
2024-04-26,39.0,39.2,38.875,39.0,23018032.0,0.0
2024-04-29,39.325,39.775,39.325,39.7,30810776.0,0.0
2024-04-30,39.65,39.8375,39.5625,39.5625,17931740.0,0.0
2024-05-02,39.3375,39.3375,39.0,39.0375,24868108.0,0.0
2024-05-03,39.6375,39.6625,39.1125,39.2375,22758784.0,0.0
2024-05-06,39.75,40.0375,39.75,39.8,34385032.0,0.0
2024-05-07,40.0625,40.1375,39.875,40.025,24914944.0,0.0
2024-05-08,40.0,40.2,39.9125,40.175,23909068.0,0.0
2024-05-09,40.1875,40.3125,40.1,40.125,20302276.0,0.0
2024-05-10,40.3125,40.525,40.1375,40.4125,38735812.0,0.0
2024-05-13,40.8375,40.975,40.7375,40.825,36463372.0,0.0
2024-05-14,40.8,41.1125,40.675,41.1,30997876.0,0.0
2024-05-15,41.4,41.9625,41.375,41.6625,58324000.0,0.0
2024-05-16,42.2375,42.4375,41.775,41.8625,48239680.0,0.0
2024-05-17,41.8875,41.925,41.675,41.8125,18716540.0,0.0
2024-05-20,41.8125,41.85,41.325,41.8,27022924.0,0.0
2024-05-21,41.6,41.7875,41.4625,41.75,17396092.0,0.0
2024-05-22,41.8,42.5,41.8,42.5,25594296.0,0.0
2024-05-23,42.575,42.8625,42.5,42.825,24008260.0,0.0
2024-05-24,42.325,42.7,42.325,42.65,14620304.0,0.0
2024-05-27,42.9375,43.35,42.9375,43.2375,22741680.0,0.0
2024-05-28,43.2375,43.35,43.125,43.3,22098816.0,0.0
2024-05-29,43.1125,43.125,42.6375,42.7125,27187816.0,0.0
2024-05-30,42.0,42.25,41.925,41.975,37110048.0,0.0
2024-05-31,42.0625,42.225,41.5,41.5,33146844.0,0.0
2024-06-03,42.1625,42.4375,41.825,42.3875,35980328.0,0.0
2024-06-04,42.1875,42.1875,41.625,41.7125,31950448.0,0.0
2024-06-05,41.85,42.2,41.5375,42.1125,18128396.0,0.0
2024-06-06,43.1875,43.65,43.1625,43.55,68229592.0,0.0
2024-06-07,43.325,43.35,43.1,43.2125,27000588.0,0.0
2024-06-11,43.2875,43.5625,43.225,43.325,43428272.0,0.0
2024-06-12,43.325,44.1125,43.325,44.1,30368844.0,0.0
2024-06-13,44.725,45.125,44.45,44.7375,64426456.0,0.0
2024-06-14,44.7375,45.0,44.45,45.0,25992432.0,0.0
2024-06-17,44.8,45.1125,44.7,45.0,32511172.0,0.0
2024-06-18,45.625,45.7625,45.5,45.75,26253244.0,0.0
2024-06-19,46.1875,47.225,46.1875,46.9875,101354688.0,0.0
2024-06-20,46.9875,47.4375,46.95,47.4375,45286572.0,0.0
2024-06-21,46.775,47.3,46.7375,47.15,40956144.0,0.0
2024-06-24,46.625,46.625,45.8875,46.0,52787124.0,0.0
2024-06-25,45.4875,45.975,45.2,45.975,52138524.0,0.0
2024-06-26,46.2375,46.525,46.0625,46.3375,35664104.0,0.0
2024-06-27,45.9,46.325,45.85,46.325,24876244.0,0.0
2024-06-28,46.325,46.85,46.1625,46.6125,16587884.0,0.0
2024-07-01,46.6375,47.0125,46.5625,46.65,29279212.0,0.0
2024-07-02,46.4875,46.6875,46.125,46.3375,21777344.0,0.0
2024-07-03,46.9,46.9,46.6,46.9,25915028.0,0.0
2024-07-04,47.65,48.1625,47.65,48.125,50576828.0,0.0
2024-07-05,48.15,48.2125,47.8875,47.95,38933332.0,0.0
2024-07-08,47.975,49.625,47.9625,49.4625,69409868.0,0.0
2024-07-09,49.3625,50.0125,48.8625,49.4125,61955156.0,0.0
2024-07-10,49.2375,49.6,48.75,49.5875,28674444.0,0.0
2024-07-11,50.1625,50.7,50.0,50.6875,39186920.0,0.0
2024-07-12,49.55,49.5875,49.0,49.0875,56633068.0,0.0
2024-07-15,49.4125,49.525,49.025,49.175,39160740.0,0.0
2024-07-16,49.1375,49.75,49.0,49.2125,53022152.0,0.25
2024-07-17,49.1,49.125,48.4,48.525,57959112.0,0.0
2024-07-18,47.15,47.725,47.05,47.65,71520052.0,0.0
2024-07-19,47.1875,47.25,46.55,46.5625,65815640.0,0.0
2024-07-22,46.35,46.35,45.0125,45.175,84847384.0,0.0
2024-07-23,45.925,46.575,45.925,46.575,50108316.0,0.0
2024-07-26,44.5125,44.8625,44.275,44.75,103626472.0,0.0
2024-07-29,45.45,45.5,44.9875,45.15,39785056.0,0.0
2024-07-30,44.8125,45.325,44.375,45.15,52429524.0,0.0
2024-07-31,44.7125,45.2875,44.65,45.2125,36314216.0,0.0
2024-08-01,46.25,46.275,45.675,46.0,56246796.0,0.0
2024-08-02,44.5375,44.725,43.675,43.675,118827260.0,0.0
2024-08-05,41.6625,41.6625,39.6,39.6875,222308816.0,0.0
2024-08-06,41.825,42.6,40.2,41.875,252563844.0,0.0
2024-08-07,42.4625,43.6875,42.25,43.5375,127298960.0,0.0
2024-08-08,42.7625,43.1,42.25,42.6375,103364420.0,0.0
2024-08-09,43.75,44.225,43.625,43.9625,93415024.0,0.0
2024-08-12,44.3125,44.95,44.3125,44.5125,70286956.0,0.0
2024-08-13,44.825,44.875,44.5,44.625,43433840.0,0.0
2024-08-14,45.0875,45.4625,44.9875,45.1875,74857276.0,0.0
2024-08-15,45.15,45.25,44.7625,44.8375,45926588.0,0.0
2024-08-16,45.75,45.9125,45.5875,45.85,52823660.0,0.0
2024-08-19,45.875,46.175,45.7875,45.9125,37122372.0,0.0
2024-08-20,46.15,46.3,45.925,45.9375,43139504.0,0.0
2024-08-21,45.75,45.7625,45.3625,45.45,46736568.0,0.0
2024-08-22,45.525,45.65,45.0875,45.2125,20872828.0,0.0
2024-08-23,44.75,45.3375,44.725,45.2375,31773940.0,0.0
2024-08-26,45.6,45.85,45.2,45.3125,45593952.0,0.0
2024-08-27,45.1,45.225,44.9375,45.1125,21167864.0,0.0
2024-08-28,45.125,45.75,44.9625,45.75,21989684.0,0.0
2024-08-29,44.875,45.2875,44.7875,45.125,43063780.0,0.0
2024-08-30,45.2375,45.5125,45.1625,45.3375,32202952.0,0.0
2024-09-02,45.475,45.6125,45.125,45.2125,32057896.0,0.0
2024-09-03,45.25,45.375,44.925,45.0125,38411312.0,0.0
2024-09-04,42.75,43.45,42.5,42.8125,119635984.0,0.0
2024-09-05,43.2125,43.6625,42.9375,43.075,35275304.0,0.0
2024-09-06,43.25,43.725,42.9625,43.6875,34331020.0,0.0
2024-09-09,42.6,43.025,42.575,43.0125,60735940.0,0.0
2024-09-10,43.35,43.35,42.7875,43.0875,37207812.0,0.0
2024-09-11,43.0875,43.125,42.875,42.9625,20056236.0,0.0
2024-09-12,44.025,44.6625,44.025,44.575,62978008.0,0.0
2024-09-13,44.75,44.8375,44.4625,44.6,18047504.0,0.0
2024-09-16,44.65,44.8,44.575,44.6875,23507632.0,0.0
2024-09-18,44.625,44.775,44.1375,44.4625,36769256.0,0.0
2024-09-19,44.5,45.05,44.25,45.0375,32440304.0,0.0
2024-09-20,45.775,46.025,45.6125,45.6125,54531520.0,0.0
2024-09-23,45.6375,45.9125,45.6375,45.8125,31601992.0,0.0
2024-09-24,45.8,46.25,45.525,46.25,39809384.0,0.0
2024-09-25,46.925,47.0,46.8375,46.9375,46692004.0,0.0
2024-09-26,47.4,47.5,47.1875,47.325,66903724.0,0.0
2024-09-27,47.55,47.8125,47.15,47.225,45613256.0,0.0
2024-09-30,46.6375,46.8,45.9875,45.9875,52747800.0,0.0
2024-10-01,45.975,46.15,45.8375,45.9,37640876.0,0.0
2024-10-04,46.0,46.325,45.75,45.9,35462652.0,0.0
2024-10-07,46.45,47.05,46.45,47.0375,53806008.0,0.0
2024-10-08,46.7375,46.8375,46.375,46.8125,37917328.0,0.0
2024-10-09,47.25,47.55,47.25,47.25,45188240.0,0.0
2024-10-11,47.2625,48.2,47.2625,48.0375,49226984.0,0.0
2024-10-14,48.025,48.225,47.7375,48.075,40439036.0,0.0
2024-10-15,48.25,49.15,48.25,49.1,59070828.0,0.0
2024-10-16,48.1125,48.825,47.9125,48.25,71201552.0,0.0
2024-10-17,48.5,48.525,47.975,48.325,38164820.0,0.0
2024-10-18,49.825,50.05,49.3125,49.525,129283608.0,0.0
2024-10-21,49.7625,49.9875,49.5,49.5125,52918584.0,0.0
2024-10-22,49.3,49.325,48.8375,49.325,33857660.0,0.0
2024-10-23,49.175,49.225,48.9125,49.0,37794896.0,0.0
2024-10-24,49.0,49.175,48.625,48.7,32493848.0,0.0
2024-10-25,48.75,49.1375,48.75,49.1,50566572.0,0.0
2024-10-28,49.475,49.5375,48.7375,49.0125,45978476.0,0.0
2024-10-29,48.3125,48.3125,47.55,47.875,96980096.0,0.0
2024-10-30,48.2375,48.5125,47.875,47.95,56626752.0,0.0
2024-11-01,46.5375,47.6375,46.4875,47.625,78483628.0,0.0
2024-11-04,47.7625,48.3,47.7,48.2375,29118288.0,0.0
2024-11-05,47.8875,48.675,47.85,48.4125,40432828.0,0.0
2024-11-06,48.5125,49.5125,48.375,48.8,66825504.0,0.0
2024-11-07,48.725,49.5125,48.625,49.3625,53994208.0,0.0
2024-11-08,49.85,50.0,49.675,49.75,51800604.0,0.0
2024-11-11,49.7125,49.775,49.2,49.775,49456052.0,0.0
2024-11-12,48.8,48.9625,48.5,48.5,105088348.0,0.0
2024-11-13,48.4625,48.5,48.125,48.1875,36778360.0,0.0
2024-11-14,48.075,48.125,47.525,47.75,48586460.0,0.0
2024-11-15,48.0125,48.2125,47.7125,48.0875,29542324.0,0.0
2024-11-18,47.8625,47.925,47.4,47.4125,53578064.0,0.0
2024-11-19,47.675,48.2375,47.55,48.0625,30473284.0,0.0
2024-11-20,47.8625,47.8625,47.8625,47.8625,312000.0,0.0
2024-11-21,47.5,47.5375,47.15,47.3375,63506468.0,0.0
2024-11-22,47.775,48.3,47.775,48.2625,31862348.0,0.0
2024-11-25,48.675,48.6875,48.0625,48.0875,31306652.0,0.0
2024-11-26,47.525,47.575,47.2,47.4625,45563288.0,0.0
2024-11-27,47.2875,47.3625,46.75,46.775,56290744.0,0.0
2024-11-28,46.75,46.775,46.3625,46.7,52436456.0,0.0
2024-11-29,46.2375,47.0,46.125,46.8125,32512880.0,0.0
2024-12-02,47.125,47.925,47.125,47.925,42176312.0,0.0
2024-12-03,48.575,48.7125,48.4375,48.575,39812424.0,0.0
2024-12-04,48.675,48.8625,48.5125,48.8625,25820996.0,0.0
2024-12-05,48.9375,49.15,48.9125,49.125,29784812.0,0.0
2024-12-06,49.125,49.175,48.75,48.9375,27238024.0,0.0
2024-12-09,49.0375,49.0625,48.925,49.0,18559456.0,0.0
2024-12-10,48.9375,49.1125,48.6375,48.65,17909228.0,0.0
2024-12-11,48.25,48.5625,48.15,48.225,26858756.0,0.0
2024-12-12,48.725,48.9375,48.6125,48.7875,20108964.0,0.0
2024-12-13,48.6625,48.9,48.525,48.825,18081708.0,0.0
2024-12-16,49.25,49.4125,48.9375,49.025,29374368.0,0.0
2024-12-17,49.275,49.5125,49.1875,49.275,37176916.0,0.0
2024-12-18,49.2,49.4625,48.9,49.275,26215508.0,0.0
2024-12-19,48.5875,48.7,48.3875,48.6,52180188.0,0.0
2024-12-20,48.4375,48.4375,48.0,48.15,44493576.0,0.0
2024-12-23,48.675,49.325,48.625,49.3125,44704264.0,0.0
2024-12-24,49.625,49.775,49.375,49.45,32783608.0,0.0
2024-12-25,49.625,49.625,49.3625,49.6,23624492.0,0.0
2024-12-26,49.6,49.625,49.5,49.5625,19214244.0,0.0
2024-12-27,49.4,49.7625,49.325,49.725,27949668.0,0.0
2024-12-30,49.5375,49.6625,49.4125,49.45,34709064.0,0.0
2024-12-31,49.175,49.225,48.9,48.9375,31346136.0,0.0
2025-01-02,48.9125,48.9125,48.3125,48.5125,51190808.0,0.0
2025-01-03,49.0,49.2375,48.8,49.0,28453484.0,0.0
2025-01-06,49.6625,50.575,49.65,50.5375,98511172.0,0.0
2025-01-07,51.2375,51.5,51.0625,51.1,63775376.0,0.0
2025-01-08,50.6625,50.8375,50.2625,50.3375,47422868.0,0.0
2025-01-09,50.05,50.2875,49.75,49.7625,33722620.0,0.0
2025-01-10,49.75,49.8875,49.5,49.75,33285296.0,0.0
2025-01-13,49.75,49.75,48.525,48.6,83504716.0,0.0
2025-01-14,48.675,48.975,48.5125,48.9,43511100.0,0.0
2025-01-15,49.0,49.0,48.4375,48.525,69536468.0,0.0
2025-01-16,49.475,49.875,49.35,49.5125,62348392.0,0.0
2025-01-17,49.25,49.3375,48.6,49.075,60550264.0,0.675
2025-01-20,49.2875,49.6625,49.2875,49.575,29670284.0,0.0
2025-01-21,49.325,49.8,49.175,49.675,42450952.0,0.0
2025-01-22,50.075,50.425,50.075,50.325,51457596.0,0.0
2025-02-03,48.075,48.25,47.6625,48.175,223159112.0,0.0
2025-02-04,48.4125,48.6375,48.2625,48.4625,77136476.0,0.0
2025-02-05,48.9375,49.45,48.9375,49.2,60958500.0,0.0
2025-02-06,49.5,49.6,49.275,49.4125,44838828.0,0.0
2025-02-07,49.4125,49.65,49.275,49.6375,22434376.0,0.0
2025-02-10,49.55,49.55,49.025,49.075,65528040.0,0.0
2025-02-11,49.375,49.625,49.25,49.375,19842444.0,0.0
2025-02-12,49.5,49.6625,49.25,49.3,27301116.0,0.0
2025-02-13,49.325,49.35,48.8875,49.0875,56673980.0,0.0
2025-02-14,48.7875,48.7875,48.375,48.5,92217264.0,0.0
2025-02-17,48.6875,49.2375,48.6875,49.2375,46591960.0,0.0
2025-02-18,49.475,49.475,49.15,49.4125,32278676.0,0.0
2025-02-19,49.4125,49.475,49.25,49.325,47313232.0,0.0
2025-02-20,49.2375,49.2375,48.775,49.1375,55359052.0,0.0
2025-02-21,49.125,49.4875,48.975,49.4875,33879192.0,0.0
2025-02-24,49.0375,49.1,48.875,49.05,49672024.0,0.0
2025-02-25,48.5,48.5125,48.15,48.4125,106710684.0,0.0
2025-02-26,48.225,48.675,47.975,48.675,73176320.0,0.0
2025-02-27,48.7375,48.7375,48.0875,48.125,74694820.0,0.0
2025-03-03,47.2,47.25,46.7,47.0125,221959024.0,0.0
2025-03-04,46.25,46.8125,46.1625,46.7,114655652.0,0.0
2025-03-05,47.0,47.375,47.0,47.3125,51369564.0,0.0
2025-03-06,47.3375,47.3375,46.8375,47.025,56890884.0,0.0
2025-03-07,46.7,46.75,46.45,46.5875,68483412.0,0.0
2025-03-10,46.5875,46.5875,46.0875,46.3125,79006576.0,0.0
2025-03-11,45.1875,45.525,44.775,45.5,134191768.0,0.0
2025-03-12,45.525,46.1,45.4,45.7,51035508.0,0.0
2025-03-13,46.3,46.4625,45.2625,45.275,52268912.0,0.0
2025-03-14,45.275,45.2875,44.8875,45.125,49198232.0,0.0
2025-03-17,45.6375,45.875,45.4,45.5125,43897376.0,0.0
2025-03-18,45.775,45.9625,45.5875,45.7,30603120.0,0.0
2025-03-19,45.65,45.6625,45.025,45.1375,46763368.0,0.0
2025-03-20,45.6125,46.1125,45.6125,46.1125,30658212.0,0.0
2025-03-21,46.0,46.0,45.625,45.7375,28538176.0,0.0
2025-03-24,46.1,46.1,45.575,45.6875,29239460.0,0.0
2025-03-25,46.1625,46.375,46.0,46.1625,31256652.0,0.0
2025-03-26,46.3,46.35,45.9625,46.125,26915048.0,0.0
2025-03-27,45.375,45.4,45.1125,45.25,69966552.0,0.0
2025-03-28,44.7875,44.825,44.5,44.8,78993236.0,0.0
2025-03-31,43.4,43.5625,43.05,43.1875,146065632.0,0.0
2025-04-01,43.4,44.1375,43.4,44.075,47284600.0,0.0
2025-04-02,44.2125,44.3375,44.0,44.0,41725300.0,0.0
2025-04-07,39.6,39.6,39.6,39.6,92658524.0,0.0
2025-04-08,37.8,39.3625,37.6375,38.3125,321307308.0,0.0
2025-04-09,38.125,38.5375,36.25,36.55,300494796.0,0.0
2025-04-10,40.2,40.2,40.2,40.2,22371068.0,0.0
2025-04-11,39.3125,41.1375,38.8375,41.1375,189919436.0,0.0
2025-04-14,42.125,42.175,40.875,40.925,175434800.0,0.0
2025-04-15,41.0125,41.375,40.825,41.3375,73965868.0,0.0
2025-04-16,40.95,40.95,40.35,40.5875,98068248.0,0.0
2025-04-17,40.325,40.325,39.8625,40.1375,72955972.0,0.0
2025-04-18,40.35,40.45,40.15,40.225,44335540.0,0.0
2025-04-21,40.1875,40.1875,39.625,39.65,62867512.0,0.0
2025-04-22,39.3875,39.475,38.9875,38.9875,75640860.0,0.0
2025-04-23,40.075,40.775,40.075,40.7125,63235952.0,0.0
2025-04-24,40.975,41.0125,40.325,40.475,53776468.0,0.0
2025-04-25,41.55,41.7375,41.375,41.4375,70563724.0,0.0
2025-04-28,41.7,41.875,41.7,41.7875,48371852.0,0.0
2025-04-29,41.7875,42.0,41.625,41.95,43388416.0,0.0
2025-04-30,41.9625,42.25,41.875,42.15,37552524.0,0.0
2025-05-02,43.0,43.375,42.875,43.375,57160960.0,0.0
2025-05-05,43.65,43.65,42.475,42.9875,127935288.0,0.0
2025-05-06,42.4875,43.025,42.3375,42.75,116316784.0,0.0
2025-05-07,42.95,43.125,42.4875,42.5875,53137384.0,0.0
2025-05-08,43.0125,43.3,42.9,43.15,39311228.0,0.0
2025-05-09,43.175,43.7375,43.0875,43.6875,51888384.0,0.0
2025-05-12,43.875,44.25,43.875,44.175,53767756.0,0.0
2025-05-13,45.2125,45.275,44.7125,44.7125,79922716.0,0.0
2025-05-14,45.4625,45.725,45.3375,45.725,90203212.0,0.0
2025-05-15,45.725,45.725,45.5,45.625,45677800.0,0.0
2025-05-16,45.5625,45.8,45.425,45.75,37815732.0,0.0
2025-05-19,45.6625,45.6625,45.0875,45.1125,37940744.0,0.0
2025-05-20,45.4625,45.6,45.125,45.2,21364336.0,0.0
2025-05-21,45.225,45.9625,45.225,45.9,54450212.0,0.0
2025-05-22,45.5125,45.5125,45.15,45.4,33358772.0,0.0
2025-05-23,45.6875,45.7,45.05,45.2125,26094416.0,0.0
2025-05-26,45.1625,45.375,45.075,45.1625,55195720.0,0.0
2025-05-27,45.1625,45.1625,44.5,44.7625,48275072.0,0.0
2025-05-28,45.225,45.3375,44.575,44.8375,32309448.0,0.0
2025-05-29,45.375,45.425,44.825,44.9375,36265824.0,0.0
2025-06-02,44.5,44.5125,43.8125,43.975,70595756.0,0.0
2025-06-03,44.375,44.7,44.25,44.2875,28229464.0,0.0
2025-06-04,44.825,45.325,44.7875,45.325,45804932.0,0.0
2025-06-05,45.5,45.6625,45.375,45.4125,40696376.0,0.0
2025-06-06,45.475,45.6,45.375,45.4875,32768028.0,0.0
2025-06-09,45.85,46.0125,45.7625,45.925,52629020.0,0.0
2025-06-10,46.225,47.225,46.225,47.1625,116037804.0,0.0
2025-06-11,47.1625,47.1625,47.1625,47.1625,0.0,0.0
2025-06-12,47.1625,47.1625,47.1625,47.1625,0.0,0.0
2025-06-13,47.1625,47.1625,47.1625,47.1625,0.0,0.0
2025-06-16,47.1625,47.1625,47.1625,47.1625,0.0,0.0
2025-06-17,47.1625,47.1625,47.1625,47.1625,0.0,0.0
2025-06-18,47.5,47.72,47.14,47.57,244697327.0,0.0
2025-06-19,47.5,47.55,47.02,47.1,166284920.0,0.0
2025-06-20,47.1,47.16,46.69,47.03,80561608.0,0.0
2025-06-23,46.54,46.66,46.28,46.64,101938627.0,0.0
2025-06-24,47.3,47.49,47.3,47.49,54574616.0,0.0
2025-06-25,47.9,48.18,47.89,48.18,77814637.0,0.0
2025-06-26,48.3,48.45,48.17,48.24,77281242.0,0.0
2025-06-27,48.32,48.37,48.0,48.29,94190611.0,0.0
2025-06-30,48.37,48.42,48.24,48.36,59086358.0,0.0
2025-07-01,48.38,49.15,48.38,48.64,74674904.0,0.0
2025-07-02,48.57,48.75,48.38,48.65,75071035.0,0.0
2025-07-03,49.35,49.6,49.26,49.32,61179330.0,0.0
2025-07-04,49.4,49.49,48.83,48.86,73712387.0,0.0
2025-07-07,48.82,48.82,48.44,48.57,78503277.0,0.0
2025-07-08,48.45,48.51,48.21,48.35,50214875.0,0.0
2025-07-09,48.35,48.99,48.27,48.85,38540142.0,0.0
2025-07-10,49.0,49.47,48.99,49.41,53089295.0,0.0
2025-07-11,49.36,49.63,49.28,49.62,44752569.0,0.0
2025-07-14,49.59,49.59,49.21,49.33,62300823.0,0.0
2025-07-15,49.35,50.1,49.33,50.0,68008041.0,0.0
2025-07-16,50.15,50.7,50.15,50.4,90231230.0,0.0
2025-07-17,50.6,50.8,50.3,50.7,88235423.0,0.0
2025-07-18,51.4,51.6,51.3,51.45,105861549.0,0.0
2025-07-21,51.1,51.1,50.75,50.9,75792981.0,0.36
2025-07-22,50.9,51.3,50.45,50.55,88841474.0,0.0
2025-07-23,50.6,50.85,50.55,50.7,63766890.0,0.0
2025-07-24,51.0,51.1,50.8,51.0,79659820.0,0.0
2025-07-25,51.0,51.1,50.8,50.9,38620389.0,0.0
2025-07-28,51.2,51.4,50.9,51.05,52312766.0,0.0
2025-07-29,51.05,51.05,50.25,50.45,102624231.0,0.0
2025-07-30,50.8,51.1,50.65,51.0,82807206.0,0.0
2025-07-31,51.1,51.6,51.1,51.55,81565859.0,0.0
2025-08-01,50.8,51.2,50.65,51.1,98235777.0,0.0
2025-08-04,50.65,50.8,50.4,50.8,85556033.0,0.0
2025-08-05,51.25,51.45,51.05,51.45,46655329.0,0.0
2025-08-06,51.1,51.1,50.85,51.0,48326240.0,0.0
2025-08-07,51.65,52.6,51.65,52.45,125733157.0,0.0
2025-08-08,52.55,52.6,52.3,52.45,59604000.0,0.0
2025-08-11,52.35,53.1,52.05,52.85,71600855.0,0.0
2025-08-12,52.85,53.0,52.55,52.9,57519835.0,0.0
2025-08-13,53.15,53.4,52.95,53.35,75956144.0,0.0
2025-08-14,53.2,53.3,52.95,53.15,57038858.0,0.0
2025-08-15,53.15,53.3,52.8,53.15,52736409.0,0.0
2025-08-18,52.95,53.35,52.8,53.3,46297216.0,0.0
2025-08-19,53.3,53.3,53.05,53.2,29425841.0,0.0
2025-08-20,52.55,52.6,51.5,51.7,223798736.0,0.0
2025-08-21,51.75,52.1,51.75,52.0,73508730.0,0.0
2025-08-22,52.05,52.1,51.65,51.75,44549133.0,0.0
2025-08-25,52.45,52.95,52.35,52.7,62750061.0,0.0
2025-08-26,52.55,52.85,52.3,52.75,40863870.0,0.0
2025-08-27,53.0,53.15,52.9,53.0,90133682.0,0.0
2025-08-28,52.8,52.9,52.5,52.5,59176066.0,0.0
2025-08-29,52.8,52.95,52.5,52.5,36369305.0,0.0
2025-09-01,52.15,52.45,51.75,52.0,76529981.0,0.0
2025-09-02,52.3,52.5,51.95,52.0,33217612.0,0.0
2025-09-03,51.9,52.2,51.75,51.95,39472404.0,0.0
2025-09-04,52.55,52.7,52.25,52.3,37461241.0,0.0
2025-09-05,52.7,52.9,52.65,52.85,37395300.0,0.0
2025-09-08,53.4,53.55,53.25,53.35,59980892.0,0.0
2025-09-09,53.55,53.95,53.5,53.9,56315324.0,0.0
2025-09-10,54.4,55.0,54.4,54.95,73272121.0,0.0
2025-09-11,55.55,55.9,55.25,55.45,84750243.0,0.0
2025-09-12,55.75,56.0,55.7,56.0,57457218.0,0.0
2025-09-15,56.0,56.05,55.8,56.0,52544684.0,0.0
2025-09-16,56.15,56.85,56.15,56.75,63314427.0,0.0
2025-09-17,56.6,56.6,56.25,56.35,66204045.0,0.0
2025-09-18,56.5,56.95,56.25,56.95,44089588.0,0.0
2025-09-19,57.0,57.1,56.6,57.0,71674519.0,0.0
2025-09-22,57.0,57.4,56.75,57.4,56355369.0,0.0
2025-09-23,57.85,58.6,57.85,58.45,89181458.0,0.0
2025-09-24,58.7,58.95,58.1,58.4,90579906.0,0.0
2025-09-25,58.35,58.4,58.0,58.2,56318217.0,0.0
2025-09-26,57.9,57.9,56.85,57.25,158564436.0,0.0
2025-09-30,57.55,57.9,57.55,57.8,62389962.0,0.0
2025-10-01,57.9,58.75,57.9,58.1,74531798.0,0.0
2025-10-02,59.0,59.25,58.85,59.2,72057003.0,0.0
2025-10-03,59.2,60.1,59.05,60.05,73601535.0,0.0
2025-10-07,61.0,61.7,60.9,61.7,132381054.0,0.0
2025-10-08,61.0,61.15,60.6,61.15,112448112.0,0.0
2025-10-09,61.85,61.95,61.5,61.6,72911291.0,0.0
2025-10-13,59.9,61.0,59.6,61.0,261787970.0,0.0
2025-10-14,61.85,62.15,60.65,60.7,157148588.0,0.0
2025-10-15,61.0,61.8,60.6,61.8,97216134.0,0.0
2025-10-16,62.1,63.0,62.1,63.0,112923095.0,0.0
2025-10-17,62.05,62.3,61.9,62.05,157583768.0,0.0
2025-10-20,62.35,63.2,62.15,63.1,102880277.0,0.0
2025-10-21,63.4,63.65,63.05,63.2,124931191.0,0.0
2025-10-22,62.6,62.85,62.25,62.7,116660310.0,0.0
2025-10-23,62.1,62.4,61.75,62.35,161355781.0,0.0
2025-10-27,63.75,63.9,63.45,63.8,102297434.0,0.0
2025-10-28,63.55,63.7,63.2,63.35,93730892.0,0.0
2025-10-29,63.7,64.45,63.7,64.4,65206490.0,0.0
2025-10-30,64.6,64.8,64.0,64.4,91073965.0,0.0
2025-10-31,64.6,64.8,64.4,64.75,53629924.0,0.0
2025-11-03,64.45,64.8,63.9,64.15,130638786.0,0.0
2025-11-04,64.5,64.85,63.85,63.95,83118781.0,0.0
2025-11-05,62.95,63.15,62.3,63.15,210997899.0,0.0
2025-11-06,63.35,63.5,63.15,63.3,65559913.0,0.0
2025-11-07,62.65,62.75,62.4,62.55,102458588.0,0.0
2025-11-10,62.8,63.35,62.6,63.35,80256746.0,0.0
2025-11-11,63.65,63.7,62.85,62.9,75382949.0,0.0
2025-11-12,62.95,63.3,62.75,63.2,59822193.0,0.0
2025-11-13,62.8,62.95,62.6,62.9,74963633.0,0.0
2025-11-14,61.65,61.9,61.4,61.7,204108022.0,0.0
2025-11-17,62.0,62.2,61.8,61.9,86927813.0,0.0
2025-11-18,61.3,61.3,60.3,60.45,240526230.0,0.0
2025-11-19,60.15,60.5,59.9,60.05,138705085.0,0.0
2025-11-20,61.55,61.95,61.35,61.9,81330710.0,0.0
2025-11-21,60.1,60.15,59.5,59.85,299502200.0,0.0
2025-11-24,60.1,60.1,59.45,59.55,153617414.0,0.0
2025-11-25,60.7,60.75,60.1,60.35,61913501.0,0.0
2025-11-26,61.1,61.5,61.0,61.35,73622900.0,0.0
2025-11-27,61.8,62.1,61.65,61.9,52209933.0,0.0
2025-11-28,61.95,62.4,61.85,62.35,66700125.0,0.0
2025-12-01,61.8,61.95,61.4,61.5,96548521.0,0.0
2025-12-02,61.8,62.2,61.65,61.7,41397425.0,0.0
2025-12-03,62.4,62.5,62.1,62.3,44855416.0,0.0
2025-12-04,62.4,62.5,62.0,62.2,38785824.0,0.0
2025-12-05,62.45,62.75,62.35,62.75,45051403.0,0.0
2025-12-08,63.0,63.7,62.95,63.7,76124318.0,0.0
2025-12-09,63.8,63.85,63.55,63.6,48271330.0,0.0
2025-12-10,63.7,64.2,63.65,64.05,64151249.0,0.0
2025-12-11,64.3,64.5,63.2,63.35,94638653.0,0.0
2025-12-12,63.55,63.8,63.3,63.45,57687594.0,0.0
2025-12-15,62.5,62.85,62.4,62.8,105905436.0,0.0
2025-12-16,62.1,62.25,61.7,62.25,155552766.0,0.0
2025-12-17,62.15,62.45,61.85,61.9,89657544.0,0.0
2025-12-18,61.8,62.1,61.55,61.9,112535790.0,0.0
2025-12-19,62.4,62.75,62.35,62.5,79433169.0,0.0
2025-12-22,63.3,63.45,63.05,63.4,91596850.0,0.0
2025-12-23,63.5,63.8,63.5,63.7,100327038.0,0.0
2025-12-24,63.95,64.05,63.75,63.85,62393202.0,0.0
2025-12-26,64.2,64.5,64.1,64.4,68362335.0,0.0
2025-12-29,64.65,65.35,64.6,65.25,83563905.0,0.0
2025-12-30,64.9,65.3,64.75,65.15,58116367.0,0.0
2025-12-31,65.1,65.85,64.9,65.6,69494353.0,0.0
2026-01-02,66.0,67.0,65.8,66.95,77878570.0,0.0
2026-01-05,68.1,70.05,68.05,69.5,225924687.0,0.0
2026-01-06,69.45,70.4,68.95,70.4,125256215.0,0.0
2026-01-07,70.4,70.45,69.7,69.85,113869755.0,0.0
2026-01-08,69.65,70.35,69.4,70.1,71394567.0,0.0
2026-01-09,69.8,70.25,68.9,69.85,106682469.0,0.0
2026-01-12,70.5,70.55,70.05,70.35,80365400.0,0.0
2026-01-13,71.1,71.2,70.3,70.7,99445355.0,0.0
2026-01-14,70.95,71.1,70.65,70.75,82266008.0,0.0
2026-01-15,70.7,70.7,70.15,70.65,89452635.0,0.0
2026-01-16,71.75,72.1,71.2,72.0,97268614.0,0.0
2026-01-19,71.7,72.8,71.45,72.6,116848644.0,0.0
2026-01-20,71.9,72.65,71.85,72.6,104977401.0,0.0
2026-01-21,71.8,72.5,71.7,71.85,161269608.0,0.0
2026-01-22,71.9,72.05,71.6,71.8,96360058.0,1.0
2026-01-23,72.1,72.3,71.8,72.25,68701320.0,0.0
2026-01-26,72.25,72.65,72.2,72.25,84082813.0,0.0
2026-01-27,72.4,73.15,72.35,73.05,70421120.0,0.0
2026-01-28,73.55,74.2,73.5,74.2,87294077.0,0.0
2026-01-29,74.4,74.5,73.5,73.75,111905919.0,0.0
2026-01-30,73.15,73.2,72.3,72.6,159055585.0,0.0
2026-02-02,71.55,71.75,70.9,71.5,211262670.0,0.0
2026-02-03,73.0,73.05,72.4,72.95,70926930.0,0.0
2026-02-04,72.4,73.15,72.3,72.9,56597222.0,0.0
2026-02-05,72.05,72.25,71.75,72.0,95746290.0,0.0
2026-02-06,71.4,72.25,70.8,71.9,102980565.0,0.0
2026-02-09,74.05,74.15,73.75,73.95,118533745.0,0.0
2026-02-10,74.65,75.5,74.6,75.5,98559015.0,0.0
2026-02-11,75.9,77.45,75.9,77.2,114028587.0,0.0
2026-02-23,78.45,78.45,77.2,77.4,212974781.0,0.0
2026-02-24,77.95,79.65,77.85,79.4,143721014.0,0.0
2026-02-25,80.35,81.8,80.25,81.1,158561421.0,0.0
2026-02-26,81.25,81.5,80.8,81.15,123812672.0,0.0
2026-03-02,79.5,80.8,79.15,80.35,204278933.0,0.0
2026-03-03,80.05,80.4,78.65,78.75,288356288.0,0.0
2026-03-04,77.4,77.45,75.5,75.6,455564304.0,0.0
2026-03-05,78.3,78.85,76.7,77.4,194777972.0,0.0
2026-03-06,76.8,77.3,76.3,76.85,139697065.0,0.0
2026-03-09,73.15,73.6,71.65,73.6,493890200.0,0.0
2026-03-10,75.9,76.25,74.3,75.2,164247105.0,0.0
2026-03-11,76.3,78.5,76.1,78.2,147508364.0,0.0
2026-03-12,77.1,77.6,76.35,76.6,120680192.0,0.0
2026-03-13,75.15,76.55,75.0,75.95,105970280.0,0.0
2026-03-16,76.3,76.7,75.45,75.6,97649824.0,0.0
2026-03-17,76.45,77.0,76.3,76.65,61503521.0,0.0
2026-03-18,77.75,78.05,77.45,77.8,72305179.0,0.0
2026-03-19,76.6,76.8,75.95,76.0,128778782.0,0.0
2026-03-20,76.2,76.4,75.5,75.9,67265037.0,0.0
2026-03-23,73.5,74.45,73.3,74.25,210502502.0,0.0
2026-03-24,75.5,75.6,73.8,74.4,83942753.0,0.0
2026-03-25,76.35,76.65,76.0,76.2,91456088.0,0.0
2026-03-26,76.3,76.85,75.6,75.8,76157584.0,0.0
2026-03-27,74.45,75.1,74.1,75.0,106078935.0,0.0
2026-03-30,73.3,74.05,72.8,73.9,158608942.0,0.0
2026-03-31,73.35,73.45,72.15,72.35,231400782.0,0.0
2026-04-01,75.0,75.6,74.6,75.45,126562159.0,0.0
2026-04-02,75.9,76.05,73.8,73.95,105707506.0,0.0
2026-04-07,75.15,75.45,74.65,75.3,76885542.0,0.0
2026-04-08,78.1,79.25,78.1,79.2,227364928.0,0.0
2026-04-09,79.3,79.4,78.8,79.15,92049631.0,0.0
2026-04-10,80.0,80.8,79.95,80.75,115520077.0,0.0
2026-04-13,80.6,81.0,80.4,80.6,87581345.0,0.0
2026-04-14,81.75,83.2,81.75,83.1,123920345.0,0.0
2026-04-15,84.1,85.1,83.8,84.15,122414906.0,0.0
2026-04-16,84.75,85.1,84.15,85.0,76987129.0,0.0
2026-04-17,84.2,84.5,84.0,84.15,93304532.0,0.0
2026-04-20,84.55,85.1,84.45,84.55,95994589.0,0.0
2026-04-21,85.5,86.1,85.0,86.0,71987659.0,0.0
2026-04-22,85.75,86.6,85.55,86.35,64147874.0,0.0
2026-04-23,87.65,88.8,85.15,86.35,148310644.0,0.0
2026-04-24,87.6,89.95,87.55,89.95,125117290.0,0.0
2026-04-27,92.7,94.25,92.7,93.0,183173507.0,0.0
2026-04-28,92.55,93.65,91.9,92.0,114706934.0,0.0
2026-04-29,90.7,91.5,90.0,90.75,93857452.0,0.0
2026-04-30,91.25,91.9,90.3,90.5,82229228.0,0.0
2026-05-04,92.5,94.65,92.4,94.6,120393477.0,0.0
2026-05-05,94.4,94.75,94.0,94.6,76579608.0,0.0
2026-05-06,96.05,96.9,94.7,95.75,105507530.0,0.0
2026-05-07,97.95,98.4,97.4,97.7,110289613.0,0.0
2026-05-08,97.35,97.7,95.85,97.0,117639791.0,0.0
2026-05-11,96.65,97.15,96.5,96.9,88544547.0,0.0
2026-05-12,96.85,97.35,95.5,96.85,94676481.0,0.0
2026-05-13,94.85,95.8,94.7,95.5,113598688.0,0.0
2026-05-14,96.9,97.2,95.75,96.05,53565899.0,0.0
2026-05-15,97.65,98.25,95.2,95.4,90487261.0,0.0
2026-05-18,94.0,95.2,93.3,94.9,105172915.0,0.0
2026-05-19,94.35,94.7,93.1,93.1,116385289.0,0.0
2026-05-20,93.0,93.5,92.45,92.5,108931614.0,0.0
2026-05-21,94.8,96.05,94.7,95.85,59494294.0,0.0
2026-05-22,96.3,97.3,96.0,97.3,60917271.0,0.0
2026-05-25,99.55,101.0,99.55,100.8,124114624.0,0.0
2026-05-26,101.6,101.8,100.1,100.1,87695026.0,0.0
2026-05-27,102.4,103.9,102.0,102.55,90102044.0,0.0
2026-05-28,104.0,104.25,100.1,100.5,140421329.0,0.0
2026-05-29,103.2,105.4,102.7,105.4,98892043.0,0.0
2026-06-01,105.25,106.7,104.5,105.5,127067000.0,0.0
2026-06-02,106.3,106.3,104.2,105.7,107794552.0,0.0
2026-06-03,107.3,107.85,107.1,107.6,75111550.0,0.0
2026-06-04,106.75,107.0,106.05,106.1,108491104.0,0.0
2026-06-05,105.0,105.35,102.8,104.15,164564140.0,0.0
2026-06-08,98.05,101.3,98.05,100.95,320685641.0,0.0
2026-06-09,102.1,103.6,101.35,103.5,89392847.0,0.0
2026-06-10,102.6,102.95,100.2,100.25,166445287.0,0.0
2026-06-11,100.0,100.55,97.6,99.85,248828975.0,0.0
2026-06-12,103.25,103.75,101.55,101.95,73401960.0,0.0
2026-06-15,105.1,105.5,104.3,105.25,95906242.0,0.0
2026-06-16,106.05,106.05,104.85,105.9,67088029.0,0.0
2026-06-17,105.0,106.0,104.5,106.0,75416209.0,0.0
2026-06-18,107.0,107.45,106.65,107.3,74587200.0,0.0
2026-06-22,109.45,111.2,109.45,111.15,110460961.0,0.0
2026-06-23,112.0,112.3,110.05,110.1,120564830.0,0.0
2026-06-24,108.0,108.1,106.15,107.15,208531754.0,0.0
2026-06-25,108.0,108.05,106.35,107.2,89454929.0,0.0
2026-06-26,105.4,105.85,102.8,103.1,251693794.0,0.0
2026-06-29,103.35,105.35,103.3,104.45,101519378.0,0.0
2026-06-30,106.85,108.25,106.75,107.8,103816325.0,0.0
2026-07-01,109.8,109.95,108.6,109.35,72216950.0,0.0
2026-07-02,107.2,108.95,106.9,108.8,67727796.0,0.0
2026-07-03,106.15,108.8,106.1,108.35,76733905.0,0.0
2026-07-06,109.05,109.6,107.7,108.25,70136815.0,0.0
2026-07-07,108.55,109.05,105.85,106.2,111060971.0,0.0
2026-07-08,106.4,106.6,105.05,106.05,86877553.0,0.0
2026-07-09,106.35,107.0,105.45,105.8,51733962.0,0.0
2026-07-10,105.8,105.8,105.8,105.8,0.0,0.0
2026-07-13,107.0,107.55,105.7,106.0,65558453.0,0.0
2026-07-14,105.5,105.5,102.25,104.4,225466504.0,0.0
2026-07-15,105.3,106.45,104.65,106.3,106147811.0,0.0
2026-07-16,105.35,106.75,104.55,106.4,68042614.0,0.0
2026-07-17,102.9,103.05,100.0,100.15,443467989.0,0.0
2026-07-20,100.2,100.6,98.3,99.2,335645366.0,0.0
2026-07-21,100.0,102.5,99.85,102.5,91004977.0,0.6
2026-07-22,104.5,104.8,103.3,103.85,103568792.0,0.0
2026-07-23,104.25,104.8,102.9,103.9,51221177.0,0.0
2026-07-24,102.55,103.05,101.3,101.7,94377095.0,0.0
2026-07-27,101.3,101.6,100.05,101.45,100975462.0,0.0
2026-07-28,98.35,98.35,96.9,97.15,403103877.0,0.0
2026-07-29,96.95,97.0,91.8,93.7,481594751.0,0.0
2026-07-30,93.4,96.0,92.0,93.5,277813661.0,0.0
2026-07-31,100.0,102.85,99.8,102.85,335230300.0,0.0
2026-08-03,102.0,102.7,101.0,102.0,162020882.0,0.0
2026-08-04,100.65,102.25,99.75,100.65,114567629.0,0.0
2026-08-05,103.75,104.75,102.9,103.8,162326921.0,0.0
2026-08-06,103.25,103.7,102.55,103.3,75072269.0,0.0
2026-08-07,103.8,104.0,102.05,102.85,64762811.0,0.0
2026-08-10,103.9,104.75,103.5,104.25,77669272.0,0.0
2026-08-11,104.05,104.85,103.4,104.6,64953565.0,0.0
2026-08-12,105.0,105.25,104.45,105.2,58197041.0,0.0
2026-08-13,106.55,107.0,106.15,106.7,84987116.0,0.0
2026-08-14,107.1,107.5,106.05,106.4,77523902.0,0.0
2026-08-17,106.4,106.95,106.0,106.45,54027248.0,0.0
2026-08-18,106.45,106.45,104.85,104.9,58726823.0,0.0
2026-08-19,103.05,103.85,102.7,103.1,90920782.0,0.0
2026-08-20,104.2,104.25,102.95,103.8,40117137.0,0.0
2026-08-21,103.8,104.8,103.2,104.65,39048145.0,0.0
2026-08-24,104.65,104.8,103.8,103.8,40662714.0,0.0
2026-08-25,102.9,104.4,102.4,104.4,55019407.0,0.0
2026-08-26,104.1,106.05,103.5,105.9,84991710.0,0.0
2026-08-27,106.5,107.0,105.9,106.05,64989695.0,0.0
2026-08-28,107.1,107.35,106.7,106.95,74083764.0,0.0
2026-08-31,105.6,106.25,105.0,106.25,63750315.0,0.0
2026-09-01,106.5,108.7,106.5,108.45,105037149.0,0.0
2026-09-02,107.5,107.85,106.65,106.8,61574987.0,0.0
2026-09-03,106.9,107.4,106.15,106.2,45432677.0,0.0
2026-09-04,107.7,108.0,106.85,107.9,44288868.0,0.0
2026-09-07,109.05,110.0,108.85,109.9,102774668.0,0.0
2026-09-08,110.0,110.75,109.55,109.65,70633942.0,0.0
2026-09-09,109.95,110.6,109.5,109.65,43057835.0,0.0
2026-09-10,108.6,109.15,108.4,109.15,40733536.0,0.0
2026-09-11,107.4,108.0,106.9,107.7,90140839.0,0.0
2026-09-14,106.3,107.15,105.85,106.9,82639330.0,0.0
2026-09-15,106.75,106.95,106.15,106.25,55674721.0,0.0
2026-09-16,106.15,107.4,106.15,106.9,69357559.0,0.0
2026-09-17,107.9,109.2,107.85,108.05,47371508.0,0.0
2026-09-18,109.6,109.95,108.85,109.85,79772537.0,0.0
2026-09-21,109.9,111.45,109.85,111.35,114373545.0,0.0
2026-09-22,113.35,113.75,111.85,111.85,80283889.0,0.0
2026-09-23,112.8,113.15,112.3,112.45,55410585.0,0.0
2026-09-24,112.0,112.45,111.75,112.4,66490792.0,0.0
2026-09-29,111.8,112.25,111.05,111.3,101008614.0,0.0
2026-09-30,112.5,113.05,112.05,112.05,58123385.0,0.0
2026-10-01,112.2,112.9,111.7,112.9,51775460.0,0.0
2026-10-02,112.85,112.95,112.3,112.8,65136810.0,0.0
2026-10-05,115.75,116.15,115.25,115.95,97729977.0,0.0
