date,open,high,low,close,volume,dividend
2015-01-05,47.9808,48.0769,47.1154,47.6442,8295040.0,0.0
2015-01-06,47.1635,47.1635,46.25,46.3462,12618320.0,0.0
2015-01-07,46.3462,46.5865,46.1538,46.1538,8456240.0,0.0
2015-01-08,46.25,47.5481,46.2019,47.2115,11006320.0,0.0
2015-01-09,47.4038,48.2692,47.2115,47.9327,8864960.0,0.0
2015-01-12,47.6923,47.6923,47.2596,47.3558,4585360.0,0.0
2015-01-13,47.3077,48.5577,47.2596,48.5577,10316800.0,0.0
2015-01-14,48.4615,48.4615,47.5,47.5,8359520.0,0.0
2015-01-15,48.0769,48.5577,47.8365,48.4615,6575920.0,0.0
2015-01-16,48.6538,49.0385,47.6442,48.5577,9188400.0,0.0
2015-01-19,48.6538,49.0385,47.9808,48.0769,3432000.0,0.0
2015-01-20,48.1731,48.5577,47.9808,47.9808,2698800.0,0.0
2015-01-21,48.3654,49.1346,48.3654,49.0385,10978240.0,0.0
2015-01-22,49.0385,49.4231,48.8462,49.2308,7814560.0,0.0
2015-01-23,49.6154,50.5769,49.5192,50.5769,17855760.0,0.0
2015-01-26,50.2885,50.5769,50.0,50.4808,4596800.0,0.0
2015-01-27,50.4808,50.6731,49.3269,50.0,6507280.0,0.0
2015-01-28,49.4231,49.9038,49.3269,49.8077,4582240.0,0.0
2015-01-29,49.7115,50.0,49.2308,49.9038,7157280.0,0.0
2015-01-30,49.5192,49.9038,48.5577,48.5577,12496640.0,0.0
2015-02-02,48.6538,48.9423,48.2692,48.9423,5649280.0,0.0
2015-02-03,48.3654,49.5192,48.3654,49.1346,4624880.0,0.0
2015-02-04,49.5192,50.4808,49.2308,50.2885,10313680.0,0.0
2015-02-05,50.2885,50.8654,50.1923,50.6731,11520080.0,0.0
2015-02-06,50.9615,51.4423,50.6731,51.1538,11109280.0,0.0
2015-02-09,51.1538,51.5385,50.5769,51.25,7574320.0,0.0
2015-02-10,51.1538,51.4423,50.8654,50.9615,6414720.0,0.0
2015-02-11,50.9615,51.5385,50.8654,51.25,10237760.0,0.0
2015-02-12,51.5385,51.5385,50.7692,51.25,6282640.0,0.0
2015-02-13,50.9615,51.4423,50.9615,51.25,5606640.0,0.0
2015-02-24,51.5385,51.7308,50.5769,51.5385,17755920.0,0.0
2015-02-25,51.1538,51.6346,50.9615,51.3462,7662720.0,0.0
2015-02-26,51.1538,51.3462,50.7692,50.7692,11096800.0,0.0
2015-03-02,50.9615,51.0577,50.1923,50.3846,9558640.0,0.0
2015-03-03,50.4808,50.7692,49.7115,50.0962,7887360.0,0.0
2015-03-04,50.0962,51.3462,50.0962,51.1538,12318800.0,0.0
2015-03-05,51.1538,51.25,50.0962,50.2885,7644000.0,0.0
2015-03-06,50.0,50.4808,49.8077,50.0962,7968480.0,0.0
2015-03-09,49.7115,50.4808,49.5192,50.3846,4768400.0,0.0
2015-03-10,49.8077,50.4808,49.6154,50.0,5964400.0,0.0
2015-03-11,49.7115,50.3846,49.6154,50.0,5769920.0,0.0
2015-03-12,50.3846,50.3846,49.7115,50.0962,6365840.0,0.0
2015-03-13,50.0962,50.1923,49.6154,49.6154,3867760.0,0.0
2015-03-16,49.6154,49.8077,49.1346,49.1346,5952960.0,0.0
2015-03-17,49.5192,50.0,49.0385,49.0385,7793760.0,0.0
2015-03-18,48.8462,49.7115,48.8462,49.3269,7434960.0,0.0
2015-03-19,49.6154,49.9038,49.1346,49.5192,9771840.0,0.0
2015-03-20,49.4231,49.7115,49.2308,49.5192,11096800.0,0.0
2015-03-23,49.9038,50.0,49.3269,50.0,6253520.0,0.0
2015-03-24,49.8077,50.0,49.4231,50.0,6538480.0,0.0
2015-03-25,50.0,50.0,49.4231,49.8077,3856320.0,0.0
2015-03-26,49.6154,50.7692,49.6154,50.7692,9698000.0,0.0
2015-03-27,50.1923,50.4808,49.8077,50.1923,7878000.0,0.0
2015-03-30,50.0,50.4808,49.8077,50.1923,5453760.0,0.0
2015-03-31,49.8077,50.3846,49.8077,50.3846,11264240.0,0.0
2015-04-01,49.8077,49.9038,49.5192,49.6154,9661600.0,0.0
2015-04-02,49.6154,50.6731,49.6154,50.4808,9028240.0,0.0
2015-04-07,50.5769,50.9615,50.5769,50.7692,4015440.0,0.0
2015-04-08,50.9615,50.9615,50.3846,50.4808,6235840.0,0.0
2015-04-09,50.3846,51.3462,50.3846,50.7692,7861360.0,0.0
2015-04-10,50.9615,51.3462,50.7692,51.0577,10566400.0,0.0
2015-04-13,51.0577,51.1538,50.6731,50.8654,16458000.0,0.0
2015-04-14,50.8654,50.8654,49.1346,49.5192,20637760.0,0.0
2015-04-15,49.5192,49.7115,48.3654,48.8462,13444080.0,0.0
2015-04-16,48.8462,49.5192,48.8462,49.5192,6734000.0,0.0
2015-04-17,49.4231,49.5192,48.8462,48.8462,8199360.0,0.0
2015-04-20,48.75,48.75,48.2692,48.5577,8109920.0,0.0
2015-04-21,48.75,48.8462,48.5577,48.75,3706560.0,0.0
2015-04-22,48.75,49.1346,48.4615,48.4615,7241520.0,0.0
2015-04-23,48.5577,49.1346,48.4615,48.75,9782240.0,0.0
2015-04-24,48.8462,49.5192,48.8462,48.8462,9706320.0,0.0
2015-04-27,48.9423,49.4231,48.9423,49.2308,7332000.0,0.0
2015-04-28,49.2308,49.2308,48.75,49.0385,6122480.0,0.0
2015-04-29,49.0385,49.2308,48.8462,49.0385,6280560.0,0.0
2015-04-30,49.2308,49.4231,48.3654,48.3654,11539840.0,0.0
2015-05-04,48.4615,48.6538,48.1731,48.3654,5629520.0,0.0
2015-05-05,48.5577,48.8462,48.0769,48.3654,9825920.0,0.0
2015-05-06,48.3654,48.4615,47.9808,48.2692,6672640.0,0.0
2015-05-07,48.0769,48.1731,47.9808,47.9808,5445440.0,0.0
2015-05-08,48.0769,48.1731,47.9808,48.0769,4989920.0,0.0
2015-05-11,48.0769,48.5577,48.0288,48.0769,5076240.0,0.0
2015-05-12,49.0385,50.4808,49.0385,50.0962,22115600.0,0.0
2015-05-13,50.4808,51.4423,50.2885,50.9615,21166080.0,0.0
2015-05-14,51.4423,52.8846,51.4423,52.2115,38474800.0,0.0
2015-05-15,52.5,52.8846,51.5385,52.0192,15101840.0,0.0
2015-05-18,51.9231,52.8846,51.9231,52.8846,13664560.0,0.0
2015-05-19,52.8846,53.2692,52.2115,52.3077,12927200.0,0.0
2015-05-20,52.7885,52.8846,52.2115,52.5,7185360.0,0.0
2015-05-21,52.1154,52.5,50.9615,52.0192,12385360.0,0.0
2015-05-22,52.3077,52.3077,51.6346,52.0192,6488560.0,0.0
2015-05-25,52.0192,52.1154,51.25,51.9231,3984240.0,0.0
2015-05-26,52.3077,52.5,51.7308,51.7308,2988960.0,0.0
2015-05-27,52.3077,52.9808,51.9231,52.1154,11434800.0,0.0
2015-05-28,52.1154,53.0769,52.1154,52.6923,13177840.0,0.0
2015-05-29,52.6923,52.9808,52.5962,52.5962,12124320.0,0.0
2015-06-01,52.5,52.5,51.5385,51.8269,6123520.0,0.0
2015-06-02,51.9231,52.8846,51.7308,52.6923,11563760.0,0.0
2015-06-03,52.7885,52.7885,51.8269,52.0192,5309200.0,0.0
2015-06-04,51.9231,52.1154,50.9615,51.6346,7726160.0,0.0
2015-06-05,51.4423,51.5385,50.1923,51.1538,8629920.0,0.0
2015-06-08,51.0577,51.6346,50.5769,51.25,6062160.0,0.0
2015-06-09,51.1538,51.1538,49.8077,49.8077,6169280.0,0.0
2015-06-10,50.3846,52.4038,50.1923,51.5385,10624640.0,0.0
2015-06-11,51.9231,52.0192,50.3846,50.7692,7385040.0,0.0
2015-06-12,50.7692,51.0577,50.1923,50.1923,5817760.0,0.0
2015-06-15,50.3846,50.6731,49.8077,50.5769,3830320.0,0.0
2015-06-16,50.8654,51.25,50.3846,51.25,7540000.0,0.0
2015-06-17,51.3462,51.3462,50.2885,50.4808,8254480.0,0.0
2015-06-18,50.6731,50.6731,50.0962,50.0962,6762080.0,0.0
2015-06-22,50.1923,51.0577,50.1923,50.3846,7205120.0,0.0
2015-06-23,50.7692,50.7692,50.0962,50.0962,5836480.0,0.0
2015-06-24,50.0962,50.5769,50.0962,50.5769,4732000.0,0.0
2015-06-25,50.6731,52.1154,50.5769,51.9231,14258400.0,0.0
2015-06-26,52.3077,52.4038,51.3462,51.7308,8029840.0,0.0
2015-06-29,51.7308,52.0192,51.4423,51.5385,6471920.0,0.0
2015-06-30,51.9231,52.8846,51.3462,52.5962,11191440.0,0.0
2015-07-01,52.5962,52.7885,52.2115,52.2115,7102160.0,0.0
2015-07-02,52.4038,52.8846,52.1154,52.8846,5324800.0,0.0
2015-07-03,52.6923,52.8846,51.7308,52.7885,6886880.0,0.0
2015-07-06,52.0192,52.5,51.8269,52.0192,6774560.0,0.0
2015-07-07,52.0192,52.5962,52.0192,52.1154,9729200.0,0.0
2015-07-08,51.9231,52.4038,51.25,51.9231,13423280.0,0.0
2015-07-09,51.7308,52.2115,51.0577,51.9231,10593440.0,0.0
2015-07-10,51.9231,51.9231,51.9231,51.9231,0.0,0.0
2015-07-13,52.0192,52.0192,51.25,51.7308,9717760.0,0.0
2015-07-14,52.0192,52.0192,51.3462,51.3462,5386160.0,0.0
2015-07-15,51.6346,52.1154,51.3462,52.1154,6748560.0,0.0
2015-07-16,51.9231,52.6923,51.7308,52.5,5403840.0,0.0
2015-07-17,52.7885,52.8846,52.5962,52.6923,8095360.0,0.0
2015-07-20,53.0769,53.2692,52.0192,52.2115,8302320.0,0.0
2015-07-21,52.2115,54.8077,52.2115,54.8077,29287440.0,0.0
2015-07-22,54.8077,54.8077,53.0769,53.1731,22865440.0,0.0
2015-07-23,53.1731,53.75,52.2115,52.5962,17113200.0,0.0
2015-07-24,53.1731,53.5577,52.0192,53.5577,11467040.0,0.0
2015-07-27,53.0769,53.4615,52.3077,52.4038,13231920.0,0.0
2015-07-28,52.8846,53.8462,52.6923,53.4615,13804960.0,0.0
2015-07-29,53.4615,53.9423,52.7885,52.9808,11137360.0,0.0
2015-07-30,52.8846,54.2308,52.8846,53.3654,10939760.0,0.0
2015-07-31,53.3654,53.4615,52.2115,53.4615,16738800.0,0.0
2015-08-03,53.3654,53.4615,52.4038,53.3654,9153040.0,0.0
2015-08-04,53.4615,54.1346,53.3654,53.9423,19975280.0,0.0
2015-08-05,53.9423,55.0962,53.5577,54.8077,29150160.0,0.0
2015-08-06,54.0,54.5,53.1,53.1,25512000.0,1.2944
2015-08-07,53.1,53.5,52.7,52.8,11405000.0,0.0
2015-08-10,53.2,56.3,53.2,55.5,17262000.0,0.0
2015-08-11,55.9,56.0,54.0,54.0,18914000.0,0.0
2015-08-12,54.6,55.8,54.6,55.4,18729000.0,0.0
2015-08-13,55.0,55.8,54.7,55.8,15960000.0,0.0
2015-08-14,55.8,57.0,55.4,56.9,14124000.0,0.0
2015-08-17,57.2,57.8,56.3,57.1,13641000.0,0.0
2015-08-18,57.9,60.0,57.8,59.2,27142000.0,0.0
2015-08-19,59.0,59.0,57.4,58.4,22731000.0,0.0
2015-08-20,57.5,59.0,57.3,58.6,20026000.0,0.0
2015-08-21,58.2,58.4,56.9,56.9,15859000.0,0.0
2015-08-24,56.1,56.8,52.8,55.2,23196000.0,0.0
2015-08-25,55.3,55.6,54.6,55.3,14450000.0,0.0
2015-08-26,56.2,56.9,54.9,56.4,17984000.0,0.0
2015-08-27,56.4,56.8,55.1,56.4,17226000.0,0.0
2015-08-28,56.4,56.5,55.7,56.3,11139000.0,0.0
2015-08-31,56.3,58.0,55.3,58.0,20615000.0,0.0
2015-09-01,57.6,58.0,55.6,55.6,10953000.0,0.0
2015-09-02,55.6,57.0,55.4,56.5,12623000.0,0.0
2015-09-03,57.0,57.5,56.3,57.5,13138000.0,0.0
2015-09-04,57.0,57.2,56.0,56.1,9052000.0,0.0
2015-09-07,55.8,56.4,54.3,54.5,11598000.0,0.0
2015-09-08,54.9,55.2,53.9,54.5,11489000.0,0.0
2015-09-09,56.0,57.2,56.0,56.3,17007000.0,0.0
2015-09-10,56.4,57.5,56.4,57.2,8592000.0,0.0
2015-09-11,57.5,58.0,57.3,57.5,8388000.0,0.0
2015-09-14,57.5,57.7,56.2,56.6,6437000.0,0.0
2015-09-15,56.6,56.7,55.8,56.4,5952000.0,0.0
2015-09-16,56.9,56.9,56.2,56.5,7944000.0,0.0
2015-09-17,57.0,58.0,57.0,57.6,15358000.0,0.0
2015-09-18,57.5,57.5,56.8,56.8,10162000.0,0.0
2015-09-21,56.3,56.6,55.5,56.1,9620000.0,0.0
2015-09-22,56.2,57.1,56.1,57.1,7810000.0,0.0
2015-09-23,56.2,56.3,54.9,55.0,12988000.0,0.0
2015-09-24,55.2,55.5,54.5,55.0,6140000.0,0.0
2015-09-25,55.5,55.8,55.1,55.3,9351000.0,0.0
2015-09-29,55.3,55.3,55.3,55.3,0.0,0.0
2015-09-30,54.9,57.0,54.8,57.0,20147000.0,0.0
2015-10-01,56.9,57.9,56.2,57.5,13637000.0,0.0
2015-10-02,57.3,57.5,56.9,57.5,4941000.0,0.0
2015-10-05,57.7,58.2,57.2,58.0,8403000.0,0.0
2015-10-06,58.1,58.7,58.0,58.4,9043000.0,0.0
2015-10-07,58.2,58.9,58.0,58.6,11724000.0,0.0
2015-10-08,58.6,58.6,57.7,57.9,6375000.0,0.0
2015-10-12,57.2,57.8,56.2,57.7,10117000.0,0.0
2015-10-13,57.3,57.5,56.9,57.5,6344000.0,0.0
2015-10-14,56.7,57.5,56.7,56.7,5318000.0,0.0
2015-10-15,57.3,57.5,56.6,56.9,6901000.0,0.0
2015-10-16,57.2,57.4,56.9,56.9,4137000.0,0.0
2015-10-19,57.2,57.3,56.4,56.8,5762000.0,0.0
2015-10-20,56.5,57.4,56.5,57.1,6441000.0,0.0
2015-10-21,57.3,57.5,56.5,56.7,3078000.0,0.0
2015-10-22,57.1,57.2,56.6,56.9,4148000.0,0.0
2015-10-23,57.5,57.7,56.7,56.9,5886000.0,0.0
2015-10-26,56.9,57.2,56.3,56.4,7358000.0,0.0
2015-10-27,56.6,56.7,54.6,55.6,18058000.0,0.0
2015-10-28,55.4,55.6,54.8,55.4,8930000.0,0.0
2015-10-29,55.9,56.0,55.0,55.2,7964000.0,0.0
2015-10-30,55.2,55.5,54.8,55.0,7523000.0,0.0
2015-11-02,54.7,55.2,54.4,54.5,7475000.0,0.0
2015-11-03,54.9,55.4,54.7,55.4,12852000.0,0.0
2015-11-04,55.6,56.6,55.3,56.2,9841000.0,0.0
2015-11-05,56.2,56.2,55.4,55.5,5591000.0,0.0
2015-11-06,55.5,55.5,54.4,54.6,11195000.0,0.0
2015-11-09,54.6,55.4,54.2,55.0,7437000.0,0.0
2015-11-10,54.5,54.6,53.5,53.8,10801000.0,0.0
2015-11-11,54.8,54.8,53.9,54.5,8788000.0,0.0
2015-11-12,54.5,54.8,54.3,54.4,6931000.0,0.0
2015-11-13,53.6,54.1,53.6,53.6,8944000.0,0.0
2015-11-16,53.5,54.7,53.1,54.2,11204000.0,0.0
2015-11-17,54.2,55.1,54.1,54.9,9048000.0,0.0
2015-11-18,54.5,54.8,53.4,53.4,10443000.0,0.0
2015-11-19,53.8,55.1,53.8,54.9,12351000.0,0.0
2015-11-20,54.9,55.1,54.0,54.9,7737000.0,0.0
2015-11-23,55.2,55.2,54.4,54.8,4455000.0,0.0
2015-11-24,54.8,55.2,54.2,54.3,6385000.0,0.0
2015-11-25,54.2,54.7,53.9,54.2,4464000.0,0.0
2015-11-26,54.6,55.5,54.4,54.9,5840000.0,0.0
2015-11-27,54.9,54.9,54.4,54.4,2475000.0,0.0
2015-11-30,53.6,54.1,53.0,53.8,24412000.0,0.0
2015-12-01,54.0,54.3,53.6,54.1,6103000.0,0.0
2015-12-02,54.0,54.2,53.7,53.8,4202000.0,0.0
2015-12-03,53.5,54.7,53.4,54.0,4811000.0,0.0
2015-12-04,53.9,54.0,53.4,53.6,6537000.0,0.0
2015-12-07,53.8,54.9,53.8,54.2,5832000.0,0.0
2015-12-08,54.0,54.0,53.4,53.7,7841000.0,0.0
2015-12-09,53.2,53.7,53.0,53.0,6960000.0,0.0
2015-12-10,52.9,53.6,52.5,53.6,10976000.0,0.0
2015-12-11,53.7,53.9,53.1,53.8,8805000.0,0.0
2015-12-14,53.3,53.4,52.8,52.9,6727000.0,0.0
2015-12-15,53.0,54.4,53.0,53.4,7098000.0,0.0
2015-12-16,54.1,55.0,53.8,55.0,10265000.0,0.0
2015-12-17,55.0,55.2,54.4,55.2,8096000.0,0.0
2015-12-18,54.8,55.2,54.5,54.6,6870000.0,0.0
2015-12-21,54.2,54.3,53.6,53.6,7198000.0,0.0
2015-12-22,53.5,54.5,53.4,54.5,5062000.0,0.0
2015-12-23,54.7,55.2,54.6,55.0,4376000.0,0.0
2015-12-24,55.3,55.5,55.2,55.2,4086000.0,0.0
2015-12-25,55.2,55.7,55.2,55.7,3108000.0,0.0
2015-12-28,55.7,55.9,55.6,55.6,4284000.0,0.0
2015-12-29,55.0,55.1,54.2,54.2,4872000.0,0.0
2015-12-30,54.5,55.1,54.4,54.5,2716000.0,0.0
2015-12-31,54.7,55.2,54.6,54.9,3097000.0,0.0
2016-01-04,55.1,55.4,53.5,53.9,7430000.0,0.0
2016-01-05,53.9,54.6,53.8,54.1,4814000.0,0.0
2016-01-06,54.1,54.7,53.7,54.1,8944000.0,0.0
2016-01-07,54.4,54.5,53.2,53.8,8842000.0,0.0
2016-01-08,53.3,53.6,52.8,53.0,9200000.0,0.0
2016-01-11,52.6,52.8,51.9,51.9,12596000.0,0.0
2016-01-12,52.2,52.4,50.3,51.0,15280000.0,0.0
2016-01-13,51.6,52.3,51.6,52.3,7805000.0,0.0
2016-01-14,51.6,53.0,51.0,53.0,9739000.0,0.0
2016-01-15,52.8,53.1,51.7,52.9,15633000.0,0.0
2016-01-18,51.7,52.5,51.6,52.1,8980000.0,0.0
2016-01-19,52.5,53.3,52.1,52.5,5384000.0,0.0
2016-01-20,52.3,53.0,52.1,53.0,7742000.0,0.0
2016-01-21,53.2,53.3,52.2,52.3,9222000.0,0.0
2016-01-22,53.0,53.2,52.1,52.3,6342000.0,0.0
2016-01-25,52.1,53.8,52.1,53.3,6725000.0,0.0
2016-01-26,52.9,53.2,52.4,53.0,5203000.0,0.0
2016-01-27,53.5,54.0,53.2,54.0,6275000.0,0.0
2016-01-28,54.0,55.3,53.7,55.3,11695000.0,0.0
2016-01-29,54.5,55.5,54.5,55.5,12581000.0,0.0
2016-02-01,54.5,55.6,54.4,55.6,4969000.0,0.0
2016-02-02,55.5,56.3,55.2,56.3,11062000.0,0.0
2016-02-03,55.9,56.1,54.8,54.8,8276000.0,0.0
2016-02-15,55.3,56.4,55.3,56.3,17039000.0,0.0
2016-02-16,56.3,56.6,56.1,56.5,8568000.0,0.0
2016-02-17,56.6,56.7,55.8,56.1,11050000.0,0.0
2016-02-18,56.8,57.2,56.4,57.0,13925000.0,0.0
2016-02-19,57.0,57.0,56.5,57.0,4928000.0,0.0
2016-02-22,57.0,57.1,56.7,56.8,6001000.0,0.0
2016-02-23,56.6,56.6,56.4,56.6,6590000.0,0.0
2016-02-24,56.6,57.5,55.2,55.2,6940000.0,0.0
2016-02-25,55.6,56.7,55.6,56.4,9511000.0,0.0
2016-02-26,56.8,57.3,56.5,57.3,7398000.0,0.0
2016-03-01,57.2,57.4,56.8,57.2,7041000.0,0.0
2016-03-02,57.5,57.5,56.3,56.5,7654000.0,0.0
2016-03-03,56.5,57.1,56.4,56.9,10300000.0,0.0
2016-03-04,56.9,56.9,56.4,56.7,5787000.0,0.0
2016-03-07,56.7,57.4,56.5,57.4,7257000.0,0.0
2016-03-08,57.4,57.5,56.9,57.5,6981000.0,0.0
2016-03-09,57.4,57.5,56.8,57.0,4257000.0,0.0
2016-03-10,57.0,57.5,57.0,57.5,5335000.0,0.0
2016-03-11,57.5,57.5,56.9,57.2,6946000.0,0.0
2016-03-14,57.2,57.3,56.7,56.8,8017000.0,0.0
2016-03-15,57.0,57.5,56.9,57.5,9699000.0,0.0
2016-03-16,57.7,57.7,57.0,57.0,6790000.0,0.0
2016-03-17,57.5,58.8,57.4,58.1,13633000.0,0.0
2016-03-18,57.9,58.6,57.8,58.5,13287000.0,0.0
2016-03-21,58.3,58.4,57.5,57.8,4934000.0,0.0
2016-03-22,57.7,58.0,57.3,58.0,5958000.0,0.0
2016-03-23,58.0,58.5,57.9,58.5,7772000.0,0.0
2016-03-24,57.9,58.4,57.1,57.6,10105000.0,0.0
2016-03-25,57.9,57.9,56.9,56.9,1887000.0,0.0
2016-03-28,56.9,57.8,56.7,57.7,3121000.0,0.0
2016-03-29,57.0,57.0,55.7,56.5,12149000.0,0.0
2016-03-30,56.4,57.2,56.3,56.3,8839000.0,0.0
2016-03-31,56.4,56.9,55.8,56.5,14631000.0,0.0
2016-04-01,55.5,56.0,55.5,55.8,11001000.0,0.0
2016-04-06,55.1,56.8,54.3,55.6,14636000.0,0.0
2016-04-07,55.6,55.9,55.1,55.2,9799000.0,0.0
2016-04-08,55.0,56.0,54.9,55.6,12820000.0,0.0
2016-04-11,55.5,56.9,55.0,56.9,10056000.0,0.0
2016-04-12,56.9,57.5,56.6,57.1,11579000.0,0.0
2016-04-13,57.1,58.2,57.0,58.2,15906000.0,0.0
2016-04-14,58.4,58.5,57.4,57.9,8338000.0,0.0
2016-04-15,58.3,59.0,58.2,59.0,11600000.0,0.0
2016-04-18,58.5,59.1,58.2,59.1,4436000.0,0.0
2016-04-19,59.1,59.2,58.3,58.3,5159000.0,0.0
2016-04-20,58.9,59.3,57.3,58.2,9430000.0,0.0
2016-04-21,57.5,58.1,57.2,58.1,5129000.0,0.0
2016-04-22,58.0,58.5,57.3,58.5,3846000.0,0.0
2016-04-25,58.4,58.8,57.7,58.8,2712000.0,0.0
2016-04-26,58.4,58.9,58.2,58.6,3459000.0,0.0
2016-04-27,58.6,59.2,58.5,59.0,6429000.0,0.0
2016-04-28,59.1,59.3,58.0,59.1,7615000.0,0.0
2016-04-29,58.2,58.6,57.6,58.2,6467000.0,0.0
2016-05-03,59.0,59.0,57.8,57.8,4904000.0,0.0
2016-05-04,57.5,57.7,56.4,56.6,10882000.0,0.0
2016-05-05,56.6,57.2,56.2,56.9,5653000.0,0.0
2016-05-06,57.8,57.8,56.3,57.3,7915000.0,0.0
2016-05-09,57.0,57.2,56.2,56.5,3939000.0,0.0
2016-05-10,56.3,56.6,56.1,56.6,4130000.0,0.0
2016-05-11,56.7,57.3,56.3,57.3,6224000.0,0.0
2016-05-12,57.3,58.5,57.3,58.4,5804000.0,0.0
2016-05-13,59.0,60.8,58.8,60.8,23791000.0,0.0
2016-05-16,60.6,60.8,60.0,60.4,7331000.0,0.0
2016-05-17,60.5,60.8,59.3,60.2,6924000.0,0.0
2016-05-18,59.8,60.2,59.0,60.1,6187000.0,0.0
2016-05-19,59.5,60.0,59.0,59.4,7845000.0,0.0
2016-05-20,59.6,60.5,59.3,60.0,6607000.0,0.0
2016-05-23,59.3,61.0,58.8,60.7,8023000.0,0.0
2016-05-24,60.5,60.6,60.0,60.0,4259000.0,0.0
2016-05-25,60.5,60.8,59.8,60.8,7307000.0,0.0
2016-05-26,60.1,60.5,60.0,60.1,3293000.0,0.0
2016-05-27,60.7,60.7,59.9,60.2,4853000.0,0.0
2016-05-30,60.5,61.8,60.2,61.6,6765000.0,0.0
2016-05-31,61.5,62.1,61.2,62.1,14053000.0,0.0
2016-06-01,61.9,63.0,61.3,62.7,7812000.0,0.0
2016-06-02,63.0,63.5,62.9,63.4,8862000.0,0.0
2016-06-03,63.5,63.7,62.6,62.8,5544000.0,0.0
2016-06-06,62.8,64.1,62.7,63.9,8992000.0,0.0
2016-06-07,64.0,65.0,63.9,65.0,8784000.0,0.0
2016-06-08,65.0,66.0,62.8,63.0,13848000.0,0.0
2016-06-13,60.0,62.8,59.9,61.8,18592000.0,0.0
2016-06-14,61.8,63.0,61.8,62.8,4653000.0,0.0
2016-06-15,63.1,64.3,62.9,64.3,5889000.0,0.0
2016-06-16,64.3,64.3,62.6,64.0,6575000.0,0.0
2016-06-17,64.3,65.0,63.7,64.1,9161000.0,0.0
2016-06-20,64.2,64.8,64.0,64.2,6019000.0,0.0
2016-06-21,64.2,64.9,63.9,64.9,8703000.0,0.0
2016-06-22,64.6,64.8,63.8,64.3,7408000.0,0.0
2016-06-23,64.0,64.2,63.4,63.9,6308000.0,0.0
2016-06-24,64.0,64.0,60.8,62.3,11586000.0,0.0
2016-06-27,62.6,63.4,62.0,63.3,4649000.0,0.0
2016-06-28,62.2,62.6,61.3,62.0,11586000.0,0.0
2016-06-29,62.3,63.4,62.3,63.4,7409000.0,0.0
2016-06-30,63.7,63.7,62.7,63.5,6170000.0,0.0
2016-07-01,63.7,65.0,63.6,64.9,10467000.0,0.0
2016-07-04,64.6,65.0,64.2,64.5,4240000.0,0.0
2016-07-05,64.4,64.8,63.9,64.4,5480000.0,0.0
2016-07-06,64.0,64.0,62.8,63.6,5690000.0,0.0
2016-07-07,63.9,64.4,63.5,63.6,7763000.0,0.0
2016-07-08,63.6,63.6,63.6,63.6,0.0,0.0
2016-07-11,64.4,65.1,63.8,65.1,16569000.0,0.0
2016-07-12,64.5,65.6,64.4,65.6,10537000.0,0.0
2016-07-13,66.0,67.2,65.6,67.2,10486000.0,0.0
2016-07-14,67.1,67.2,65.9,66.0,6673000.0,0.0
2016-07-15,66.1,67.4,65.7,66.0,10688000.0,0.0
2016-07-18,66.5,67.2,65.9,66.9,6819000.0,0.0
2016-07-19,66.5,67.0,65.7,66.8,9263000.0,0.0
2016-07-20,66.8,67.0,66.1,66.7,10875000.0,0.0
2016-07-21,66.8,67.0,66.0,66.8,14760000.0,0.0
2016-07-22,66.2,66.6,65.5,65.8,10326000.0,0.0
2016-07-25,66.8,66.9,65.4,66.0,9996000.0,0.0
2016-07-26,66.0,66.6,65.5,66.2,10407000.0,0.0
2016-07-27,66.4,66.4,65.6,66.2,8079000.0,0.0
2016-07-28,66.0,66.3,65.6,66.3,6533000.0,0.0
2016-07-29,66.0,66.3,65.2,65.2,8476000.0,0.0
2016-08-01,65.7,66.3,65.6,66.0,8643000.0,0.0
2016-08-02,66.0,66.0,65.2,65.5,7229000.0,0.0
2016-08-03,64.9,66.0,64.2,66.0,8245000.0,0.0
2016-08-04,64.2,64.5,63.3,63.5,11957000.0,2.0
2016-08-05,64.3,64.9,63.6,64.2,7844000.0,0.0
2016-08-08,64.5,64.7,62.8,63.4,5594000.0,0.0
2016-08-09,63.0,63.1,62.2,62.7,8130000.0,0.0
2016-08-10,62.9,64.0,62.6,63.8,11962000.0,0.0
2016-08-11,64.2,64.8,63.6,64.2,11234000.0,0.0
2016-08-12,64.7,65.1,64.4,65.1,7130000.0,0.0
2016-08-15,64.4,64.4,62.1,62.2,15249000.0,0.0
2016-08-16,62.5,62.7,61.5,61.8,11236000.0,0.0
2016-08-17,61.8,62.6,61.5,61.7,5124000.0,0.0
2016-08-18,61.2,61.5,60.6,60.7,14393000.0,0.0
2016-08-19,60.9,61.1,59.7,59.8,9523000.0,0.0
2016-08-22,59.6,60.5,59.6,60.1,5254000.0,0.0
2016-08-23,60.4,60.7,60.0,60.4,5653000.0,0.0
2016-08-24,60.7,61.1,60.6,60.8,4652000.0,0.0
2016-08-25,60.6,61.2,60.5,61.1,7809000.0,0.0
2016-08-26,61.1,61.7,61.1,61.4,5310000.0,0.0
2016-08-29,61.6,61.7,60.1,61.0,6504000.0,0.0
2016-08-30,61.4,61.7,61.0,61.5,5065000.0,0.0
2016-08-31,61.4,61.7,59.6,59.7,14015000.0,0.0
2016-09-01,59.6,59.7,58.3,58.4,10765000.0,0.0
2016-09-02,58.6,59.2,58.3,58.6,8582000.0,0.0
2016-09-05,59.6,59.9,58.6,58.8,6997000.0,0.0
2016-09-06,58.8,58.8,57.5,58.1,14988000.0,0.0
2016-09-07,58.1,59.1,58.0,59.0,14037000.0,0.0
2016-09-08,59.0,59.3,58.6,59.1,6493000.0,0.0
2016-09-09,58.3,58.9,57.8,58.0,8498000.0,0.0
2016-09-12,57.2,57.9,56.6,57.7,11637000.0,0.0
2016-09-13,57.5,57.8,56.5,57.5,10317000.0,0.0
2016-09-14,56.7,57.0,56.0,56.2,15145000.0,0.0
2016-09-19,55.7,58.0,55.7,58.0,21310000.0,0.0
2016-09-20,57.5,58.0,57.5,57.7,10799000.0,0.0
2016-09-21,57.6,58.5,57.5,58.5,9490000.0,0.0
2016-09-22,59.5,59.6,59.0,59.6,18674000.0,0.0
2016-09-23,58.8,60.0,58.6,59.1,13950000.0,0.0
2016-09-26,59.2,59.6,58.8,59.2,5011000.0,0.0
2016-09-27,59.2,59.2,59.2,59.2,0.0,0.0
2016-09-28,59.2,59.2,59.2,59.2,0.0,0.0
2016-09-29,60.0,60.7,59.8,60.7,16645000.0,0.0
2016-09-30,59.9,60.0,58.8,59.0,12032000.0,0.0
2016-10-03,59.7,60.7,59.3,60.5,9430000.0,0.0
2016-10-04,60.5,61.7,60.4,61.7,14430000.0,0.0
2016-10-05,60.8,61.9,60.8,61.8,10863000.0,0.0
2016-10-06,61.1,61.5,60.5,60.9,7468000.0,0.0
2016-10-07,60.9,61.3,60.7,61.3,4375000.0,0.0
2016-10-11,61.3,61.4,59.7,60.5,10992000.0,0.0
2016-10-12,59.6,59.9,59.3,59.7,6527000.0,0.0
2016-10-13,59.7,61.0,59.3,61.0,7574000.0,0.0
2016-10-14,60.5,60.5,59.7,59.8,7822000.0,0.0
2016-10-17,59.8,60.0,59.0,59.9,4795000.0,0.0
2016-10-18,59.9,60.9,59.9,60.9,3925000.0,0.0
2016-10-19,60.9,61.2,60.5,61.2,8607000.0,0.0
2016-10-20,61.0,61.1,60.7,60.8,6893000.0,0.0
2016-10-21,61.0,61.3,60.8,61.2,2708000.0,0.0
2016-10-24,61.5,61.6,60.8,61.0,4769000.0,0.0
2016-10-25,61.0,61.2,60.7,60.7,6526000.0,0.0
2016-10-26,60.7,61.0,60.3,60.9,5626000.0,0.0
2016-10-27,60.6,60.8,59.3,59.3,9319000.0,0.0
2016-10-28,59.3,60.0,59.3,60.0,5843000.0,0.0
2016-10-31,59.9,61.5,59.4,61.1,8472000.0,0.0
2016-11-01,60.6,60.9,60.3,60.8,4261000.0,0.0
2016-11-02,60.3,60.8,60.2,60.7,3825000.0,0.0
2016-11-03,60.3,60.4,59.6,59.8,6298000.0,0.0
2016-11-04,60.0,60.4,59.9,60.0,2791000.0,0.0
2016-11-07,60.0,60.3,59.4,59.6,4700000.0,0.0
2016-11-08,59.8,60.3,59.2,59.6,4856000.0,0.0
2016-11-09,59.0,59.0,56.3,56.5,25070000.0,0.0
2016-11-10,57.1,57.9,56.6,56.8,20319000.0,0.0
2016-11-11,55.8,56.0,54.7,54.9,26296000.0,0.0
2016-11-14,54.9,55.3,54.5,54.5,18506000.0,0.0
2016-11-15,54.5,55.9,54.3,55.0,14348000.0,0.0
2016-11-16,55.6,56.7,55.4,56.2,20095000.0,0.0
2016-11-17,55.5,55.7,55.0,55.2,17190000.0,0.0
2016-11-18,55.1,55.2,54.6,54.6,12051000.0,0.0
2016-11-21,54.7,54.8,54.5,54.6,7968000.0,0.0
2016-11-22,54.9,55.4,54.6,54.6,12704000.0,0.0
2016-11-23,54.9,55.2,54.5,54.5,14321000.0,0.0
2016-11-24,54.9,55.2,54.5,54.9,7843000.0,0.0
2016-11-25,55.0,55.2,55.0,55.0,4903000.0,0.0
2016-11-28,55.0,55.4,55.0,55.3,7173000.0,0.0
2016-11-29,55.4,55.7,54.7,55.0,15149000.0,0.0
2016-11-30,54.7,55.0,54.5,54.5,19134000.0,0.0
2016-12-01,54.6,55.1,54.5,54.5,10349000.0,0.0
2016-12-02,54.5,54.5,52.9,54.1,12585000.0,0.0
2016-12-05,54.2,54.3,53.6,54.0,6170000.0,0.0
2016-12-06,54.3,54.3,54.0,54.0,9140000.0,0.0
2016-12-07,54.2,54.3,54.0,54.0,4493000.0,0.0
2016-12-08,54.1,55.3,54.1,55.3,12230000.0,0.0
2016-12-09,55.0,55.7,54.8,55.7,7863000.0,0.0
2016-12-12,55.7,56.0,54.8,55.4,9215000.0,0.0
2016-12-13,55.0,55.4,54.6,54.9,8364000.0,0.0
2016-12-14,55.2,55.4,54.6,54.9,8501000.0,0.0
2016-12-15,54.6,54.7,53.3,53.3,19198000.0,0.0
2016-12-16,53.4,53.8,53.0,53.3,15054000.0,0.0
2016-12-19,53.3,53.6,53.1,53.3,7905000.0,0.0
2016-12-20,53.3,53.6,53.0,53.0,5445000.0,0.0
2016-12-21,53.0,53.3,53.0,53.0,6758000.0,0.0
2016-12-22,53.0,53.1,52.6,52.6,5067000.0,0.0
2016-12-23,52.6,52.7,52.2,52.2,5241000.0,0.0
2016-12-26,52.3,52.8,52.3,52.7,1686000.0,0.0
2016-12-27,52.9,53.1,52.8,53.0,2818000.0,0.0
2016-12-28,53.1,53.3,52.8,52.9,4758000.0,0.0
2016-12-29,53.0,53.1,52.8,52.8,4418000.0,0.0
2016-12-30,53.0,53.6,53.0,53.4,5494000.0,0.0
2017-01-03,53.4,53.6,53.2,53.3,2752000.0,0.0
2017-01-04,53.5,53.7,52.9,53.0,8942000.0,0.0
2017-01-05,53.0,54.1,52.9,54.1,12565000.0,0.0
2017-01-06,54.1,54.3,53.8,54.1,7392000.0,0.0
2017-01-09,54.2,54.5,54.0,54.2,4854000.0,0.0
2017-01-10,54.0,54.1,53.3,53.7,6369000.0,0.0
2017-01-11,54.0,54.2,53.4,54.0,9040000.0,0.0
2017-01-12,54.1,54.6,54.0,54.4,8616000.0,0.0
2017-01-13,54.6,55.0,54.4,55.0,9340000.0,0.0
2017-01-16,54.8,54.8,54.1,54.5,6156000.0,0.0
2017-01-17,54.5,54.9,54.4,54.8,5105000.0,0.0
2017-01-18,54.8,54.8,54.0,54.0,7606000.0,0.0
2017-01-19,54.0,54.6,54.0,54.6,5669000.0,0.0
2017-01-20,54.6,54.6,54.1,54.3,5687000.0,0.0
2017-01-23,54.3,54.7,54.2,54.5,16361000.0,0.0
2017-01-24,54.3,54.5,53.5,53.5,13622000.0,0.0
2017-02-02,52.4,53.1,52.4,52.5,25306000.0,0.0
2017-02-03,52.6,52.9,52.6,52.8,10560000.0,0.0
2017-02-06,53.1,53.9,53.0,53.8,11465000.0,0.0
2017-02-07,53.3,54.5,53.1,54.3,10048000.0,0.0
2017-02-08,54.0,54.0,53.5,53.9,12914000.0,0.0
2017-02-09,53.9,54.3,53.9,54.1,6587000.0,0.0
2017-02-10,54.1,54.4,54.0,54.4,14502000.0,0.0
2017-02-13,54.5,54.9,54.4,54.9,7415000.0,0.0
2017-02-14,54.9,54.9,54.2,54.2,11855000.0,0.0
2017-02-15,54.4,55.0,54.2,55.0,10575000.0,0.0
2017-02-16,55.3,55.5,54.8,55.5,8375000.0,0.0
2017-02-17,55.4,55.7,55.0,55.1,6004000.0,0.0
2017-02-20,55.0,55.0,54.3,54.5,6332000.0,0.0
2017-02-21,54.5,54.6,54.3,54.5,4983000.0,0.0
2017-02-22,54.6,55.1,54.4,54.8,6243000.0,0.0
2017-02-23,55.0,55.1,54.1,54.5,7083000.0,0.0
2017-02-24,54.7,55.0,54.5,54.6,8230000.0,0.0
2017-03-01,55.2,56.5,55.2,56.5,19456000.0,0.0
2017-03-02,57.0,57.1,56.1,56.5,15237000.0,0.0
2017-03-03,56.0,56.7,55.5,56.3,10908000.0,0.0
2017-03-06,56.0,56.9,55.9,56.7,6201000.0,0.0
2017-03-07,56.8,56.9,56.4,56.8,3545000.0,0.0
2017-03-08,56.8,56.9,56.1,56.7,8518000.0,0.0
2017-03-09,56.1,56.3,55.2,55.7,13194000.0,0.0
2017-03-10,55.7,55.7,54.4,54.8,12842000.0,0.0
2017-03-13,54.9,55.0,54.4,54.8,7376000.0,0.0
2017-03-14,55.2,56.4,55.2,56.4,9214000.0,0.0
2017-03-15,56.2,56.6,56.0,56.4,7541000.0,0.0
2017-03-16,56.7,57.0,56.5,57.0,10427000.0,0.0
2017-03-17,57.2,58.1,56.8,58.1,15216000.0,0.0
2017-03-20,57.9,57.9,57.1,57.4,5003000.0,0.0
2017-03-21,57.4,57.9,57.3,57.6,7373000.0,0.0
2017-03-22,57.3,57.3,56.2,57.2,5672000.0,0.0
2017-03-23,57.5,57.6,57.1,57.6,3629000.0,0.0
2017-03-24,57.3,57.8,57.1,57.7,5782000.0,0.0
2017-03-27,57.1,57.2,56.6,56.7,6571000.0,0.0
2017-03-28,57.3,57.4,56.6,57.1,7814000.0,0.0
2017-03-29,56.8,57.2,56.6,57.2,5251000.0,0.0
2017-03-30,57.3,57.4,56.4,57.0,9716000.0,0.0
2017-03-31,57.0,57.1,56.8,56.9,8085000.0,0.0
2017-04-05,56.5,58.2,56.5,58.2,16900000.0,0.0
2017-04-06,58.2,58.3,57.5,57.7,9726000.0,0.0
2017-04-07,57.2,57.5,56.1,56.2,12338000.0,0.0
2017-04-10,56.4,56.7,56.0,56.0,5728000.0,0.0
2017-04-11,55.5,55.9,55.3,55.3,7683000.0,0.0
2017-04-12,55.4,56.3,55.4,56.1,5961000.0,0.0
2017-04-13,56.3,56.4,55.8,56.0,2296000.0,0.0
2017-04-14,56.0,56.0,55.5,55.8,1681000.0,0.0
2017-04-17,55.8,56.4,55.6,56.3,4023000.0,0.0
2017-04-18,56.3,56.3,55.7,55.9,3624000.0,0.0
2017-04-19,55.5,55.8,55.0,55.0,8059000.0,0.0
2017-04-20,54.7,55.1,54.5,55.1,9367000.0,0.0
2017-04-21,55.3,55.7,55.1,55.7,4644000.0,0.0
2017-04-24,56.0,56.1,55.7,55.9,2520000.0,0.0
2017-04-25,56.1,56.5,56.0,56.5,8295000.0,0.0
2017-04-26,56.5,56.7,56.2,56.3,7166000.0,0.0
2017-04-27,56.3,56.3,55.9,56.3,3893000.0,0.0
2017-04-28,56.0,56.3,55.7,55.7,3974000.0,0.0
2017-05-02,56.0,56.7,55.8,56.1,7594000.0,0.0
2017-05-03,56.3,56.5,55.9,56.0,5454000.0,0.0
2017-05-04,55.8,56.0,55.4,55.5,8042000.0,0.0
2017-05-05,55.9,56.4,55.8,56.2,6558000.0,0.0
2017-05-08,56.6,56.6,56.1,56.3,4281000.0,0.0
2017-05-09,56.3,56.6,55.8,56.1,6276000.0,0.0
2017-05-10,56.2,56.9,56.1,56.9,8280000.0,0.0
2017-05-11,57.1,57.5,57.0,57.5,15707000.0,0.0
2017-05-12,57.5,58.1,56.8,57.0,13233000.0,0.0
2017-05-15,57.6,57.8,56.7,57.0,9206000.0,0.0
2017-05-16,57.6,57.6,56.9,57.6,12655000.0,0.0
2017-05-17,57.9,57.9,57.3,57.5,11983000.0,0.0
2017-05-18,57.0,57.5,56.8,57.5,9780000.0,0.0
2017-05-19,57.7,57.7,56.9,57.4,7373000.0,0.0
2017-05-22,57.3,57.3,56.7,56.7,5345000.0,0.0
2017-05-23,56.5,57.1,56.5,57.0,6757000.0,0.0
2017-05-24,57.3,57.4,57.1,57.4,6491000.0,0.0
2017-05-25,57.7,59.6,57.5,59.5,23143000.0,0.0
2017-05-26,60.3,61.4,59.7,60.6,35605000.0,0.0
2017-05-31,60.6,61.4,59.5,60.1,19237000.0,0.0
2017-06-01,60.1,60.2,59.6,59.6,9777000.0,0.0
2017-06-02,59.7,60.5,59.7,60.0,7333000.0,0.0
2017-06-05,59.8,59.9,58.6,59.5,9882000.0,0.0
2017-06-06,59.5,59.6,59.0,59.5,7876000.0,0.0
2017-06-07,59.2,60.4,59.2,60.4,9191000.0,0.0
2017-06-08,60.2,60.2,59.2,59.2,8292000.0,0.0
2017-06-09,59.2,59.5,58.7,58.8,11876000.0,0.0
2017-06-12,58.7,58.8,58.5,58.5,6885000.0,0.0
2017-06-13,59.2,59.4,59.0,59.3,6143000.0,0.0
2017-06-14,59.5,59.6,58.8,59.5,9001000.0,0.0
2017-06-15,59.4,59.4,58.5,58.7,7113000.0,0.0
2017-06-16,58.6,58.7,58.2,58.6,9766000.0,0.0
2017-06-19,58.8,58.8,58.3,58.5,7795000.0,0.0
2017-06-20,58.6,58.9,58.5,58.6,6163000.0,0.0
2017-06-21,58.7,59.4,58.7,59.2,11567000.0,0.0
2017-06-22,59.7,60.5,59.7,60.5,11510000.0,0.0
2017-06-23,60.5,60.9,60.2,60.6,8708000.0,0.0
2017-06-26,60.7,61.0,60.4,61.0,10488000.0,0.0
2017-06-27,61.1,61.3,60.8,61.2,9101000.0,0.0
2017-06-28,61.1,61.5,60.7,61.5,9789000.0,0.0
2017-06-29,61.6,61.6,60.3,60.6,11439000.0,0.0
2017-06-30,60.7,61.0,60.3,61.0,5351000.0,0.0
2017-07-03,61.2,61.2,60.8,61.1,5519000.0,0.0
2017-07-04,60.8,61.3,60.6,60.6,4858000.0,0.0
2017-07-05,60.6,61.2,60.2,61.0,4785000.0,0.0
2017-07-06,60.8,61.1,60.5,61.1,3592000.0,0.0
2017-07-07,60.6,60.7,60.3,60.3,4347000.0,0.0
2017-07-10,60.3,60.5,59.9,60.1,4303000.0,0.0
2017-07-11,60.0,60.6,60.0,60.3,5722000.0,0.0
2017-07-12,60.1,60.5,60.0,60.2,6351000.0,0.0
2017-07-13,60.3,60.8,60.1,60.3,6519000.0,0.0
2017-07-14,60.3,60.5,60.1,60.4,6190000.0,0.0
2017-07-17,60.4,60.6,60.2,60.2,6537000.0,0.0
2017-07-18,60.2,60.5,60.2,60.3,6740000.0,0.0
2017-07-19,60.3,60.7,60.2,60.3,9305000.0,0.0
2017-07-20,60.3,60.5,59.9,60.0,6982000.0,0.0
2017-07-21,60.0,60.3,59.9,60.0,5598000.0,0.0
2017-07-24,60.5,60.8,60.2,60.6,9892000.0,0.0
2017-07-25,60.8,60.8,60.1,60.3,6957000.0,0.0
2017-07-26,60.7,61.0,60.3,60.5,7926000.0,0.0
2017-07-27,60.5,60.5,60.5,60.5,0.0,0.0
2017-07-28,58.2,59.8,58.2,58.4,30513000.0,0.0
2017-07-31,58.4,58.6,56.5,57.8,27432000.0,0.0
2017-08-01,57.9,59.3,57.8,59.0,25092000.0,0.0
2017-08-02,59.1,59.2,58.7,58.8,18246000.0,0.0
2017-08-03,56.4,57.5,56.4,57.5,14318000.0,2.1
2017-08-04,57.6,57.8,57.5,57.8,11206000.0,0.0
2017-08-07,58.0,58.1,57.2,57.4,4440000.0,0.0
2017-08-08,57.4,57.8,57.4,57.6,8533000.0,0.0
2017-08-09,57.1,58.5,57.1,57.4,15650000.0,0.0
2017-08-10,57.7,58.0,57.4,57.8,8856000.0,0.0
2017-08-11,57.8,57.8,57.4,57.7,5591000.0,0.0
2017-08-14,57.8,57.9,57.5,57.5,5997000.0,0.0
2017-08-15,57.8,59.5,57.8,59.1,10649000.0,0.0
2017-08-16,59.4,59.5,59.0,59.4,9695000.0,0.0
2017-08-17,59.6,59.8,59.2,59.8,6779000.0,0.0
2017-08-18,59.5,60.1,59.1,60.0,6643000.0,0.0
2017-08-21,60.0,60.0,59.4,59.7,3792477.0,0.0
2017-08-22,60.0,60.4,59.8,60.4,8792019.0,0.0
2017-08-23,60.7,62.3,60.7,61.4,17282241.0,0.0
2017-08-24,62.0,63.2,61.7,63.0,23285067.0,0.0
2017-08-25,63.5,65.1,63.3,64.1,30786460.0,0.0
2017-08-28,64.9,64.9,62.9,63.4,22643719.0,0.0
2017-08-29,63.4,64.0,62.5,64.0,10528849.0,0.0
2017-08-30,63.9,64.3,63.5,64.3,10610627.0,0.0
2017-08-31,64.3,64.3,63.3,64.2,12268036.0,0.0
2017-09-01,64.2,64.2,63.7,63.8,7402124.0,0.0
2017-09-04,63.7,63.8,63.3,63.8,9077110.0,0.0
2017-09-05,63.8,63.9,63.0,63.9,9896782.0,0.0
2017-09-06,63.8,64.0,63.8,63.9,9120566.0,0.0
2017-09-07,64.0,64.5,63.8,64.5,11045686.0,0.0
2017-09-08,65.0,65.2,64.7,65.2,13249257.0,0.0
2017-09-11,65.5,65.6,65.0,65.1,6015208.0,0.0
2017-09-12,65.0,65.1,64.2,64.6,7594471.0,0.0
2017-09-13,65.0,65.3,64.6,65.0,8287511.0,0.0
2017-09-14,65.0,65.5,65.0,65.5,6164192.0,0.0
2017-09-15,65.4,65.6,64.7,65.6,12897673.0,0.0
2017-09-18,65.6,66.3,65.6,66.3,8308068.0,0.0
2017-09-19,66.4,66.5,64.9,65.1,7093194.0,0.0
2017-09-20,65.1,65.2,63.2,65.0,9562001.0,0.0
2017-09-21,64.9,64.9,64.2,64.5,5762994.0,0.0
2017-09-22,65.0,65.0,63.6,63.7,5607960.0,0.0
2017-09-25,63.7,63.7,62.7,63.0,6447863.0,0.0
2017-09-26,63.0,63.2,62.6,62.8,5587565.0,0.0
2017-09-27,62.5,62.6,61.8,62.0,8942433.0,0.0
2017-09-28,61.8,63.5,61.7,62.3,6035991.0,0.0
2017-09-29,63.0,63.5,62.8,63.5,5676698.0,0.0
2017-10-02,63.3,63.3,62.5,62.6,4204076.0,0.0
2017-10-03,63.1,63.4,62.6,63.4,7298356.0,0.0
2017-10-05,62.8,63.6,62.7,63.1,5592012.0,0.0
2017-10-06,63.5,63.6,62.9,63.6,4895749.0,0.0
2017-10-11,66.1,66.2,64.3,64.8,11226477.0,0.0
2017-10-12,64.3,65.6,64.3,65.5,11085191.0,0.0
2017-10-13,65.4,65.5,64.5,65.3,8677348.0,0.0
2017-10-16,65.0,65.0,64.7,64.9,6710926.0,0.0
2017-10-17,65.1,65.4,64.9,65.3,11179783.0,0.0
2017-10-18,65.2,65.2,64.1,64.1,5078895.0,0.0
2017-10-19,64.1,64.3,63.7,63.7,3863120.0,0.0
2017-10-20,64.0,64.1,63.2,63.6,6703260.0,0.0
2017-10-23,64.2,65.3,63.8,65.1,7966452.0,0.0
2017-10-24,65.3,65.3,64.1,64.4,5857119.0,0.0
2017-10-25,64.2,64.3,63.4,63.4,3821729.0,0.0
2017-10-26,63.1,63.4,62.7,62.8,4330313.0,0.0
2017-10-27,63.3,63.3,62.8,63.1,5620948.0,0.0
2017-10-30,63.5,63.6,62.8,63.2,7107569.0,0.0
2017-10-31,63.0,63.2,62.9,63.0,5754287.0,0.0
2017-11-01,63.3,63.3,62.8,63.3,5580463.0,0.0
2017-11-02,63.1,63.4,62.1,62.3,6353706.0,0.0
2017-11-03,62.6,63.0,62.2,62.7,5117973.0,0.0
2017-11-06,62.2,62.6,61.9,62.3,6152966.0,0.0
2017-11-07,62.3,62.6,62.0,62.3,6452408.0,0.0
2017-11-08,61.9,63.8,61.9,63.8,7105608.0,0.0
2017-11-09,64.2,64.8,63.5,64.0,11466192.0,0.0
2017-11-10,63.7,64.0,63.0,63.4,5314645.0,0.0
2017-11-13,63.0,64.2,63.0,63.8,7234461.0,0.0
2017-11-14,65.4,65.4,64.0,64.3,8020888.0,0.0
2017-11-15,64.2,64.3,63.4,64.3,8764395.0,0.0
2017-11-16,64.4,64.4,63.9,64.0,6634675.0,0.0
2017-11-17,64.3,64.8,64.3,64.4,9480119.0,0.0
2017-11-20,64.4,65.0,64.2,64.4,5048472.0,0.0
2017-11-21,64.1,64.4,63.9,64.2,4204547.0,0.0
2017-11-22,64.5,65.1,64.2,65.0,12268461.0,0.0
2017-11-23,65.0,65.0,64.5,64.7,5429423.0,0.0
2017-11-24,64.8,64.8,64.0,64.0,3121815.0,0.0
2017-11-27,64.1,64.2,63.2,63.3,3382552.0,0.0
2017-11-28,63.3,64.2,63.2,63.5,5670117.0,0.0
2017-11-29,63.7,64.1,63.5,63.5,4651048.0,0.0
2017-11-30,64.2,64.3,63.1,63.7,14343501.0,0.0
2017-12-01,63.9,65.0,63.5,64.3,9792971.0,0.0
2017-12-04,63.8,64.0,62.6,62.9,8089312.0,0.0
2017-12-05,62.7,64.0,62.2,64.0,10312663.0,0.0
2017-12-06,64.0,64.7,63.4,64.7,10124659.0,0.0
2017-12-07,64.7,65.3,64.0,64.7,10897802.0,0.0
2017-12-08,64.4,65.3,64.0,65.1,12891845.0,0.0
2017-12-11,64.4,65.3,64.4,64.5,6333509.0,0.0
2017-12-12,64.3,64.7,64.1,64.7,5066344.0,0.0
2017-12-13,65.0,65.5,64.7,65.5,9074940.0,0.0
2017-12-14,65.7,66.9,65.6,66.5,12782514.0,0.0
2017-12-15,66.4,66.5,65.3,66.4,11333397.0,0.0
2017-12-18,66.6,66.6,65.3,65.7,5809812.0,0.0
2017-12-19,65.3,65.3,64.0,64.4,7567826.0,0.0
2017-12-20,64.6,65.2,64.3,65.1,3769082.0,0.0
2017-12-21,65.0,65.1,64.5,64.9,3509420.0,0.0
2017-12-22,65.0,65.5,64.7,65.3,3927236.0,0.0
2017-12-25,65.3,65.3,64.8,65.0,1235244.0,0.0
2017-12-26,65.0,65.0,64.4,64.7,1304531.0,0.0
2017-12-27,64.9,65.2,64.5,65.2,2157693.0,0.0
2017-12-28,65.2,66.3,64.8,66.2,5393058.0,0.0
2017-12-29,66.2,66.5,65.3,66.0,3931080.0,0.0
2018-01-02,66.0,67.2,65.7,67.2,6245001.0,0.0
2018-01-03,67.2,67.7,66.4,67.5,8154266.0,0.0
2018-01-04,67.2,67.5,66.7,67.5,7408237.0,0.0
2018-01-05,67.4,67.4,66.7,67.3,7507133.0,0.0
2018-01-08,67.2,67.9,67.0,67.9,5839656.0,0.0
2018-01-09,67.2,67.9,67.1,67.6,8285336.0,0.0
2018-01-10,67.5,67.6,67.0,67.6,4060565.0,0.0
2018-01-11,67.6,67.9,67.2,67.9,4772094.0,0.0
2018-01-12,67.7,68.1,67.5,68.1,4853112.0,0.0
2018-01-15,68.4,68.9,67.9,68.7,6355881.0,0.0
2018-01-16,68.3,68.5,67.8,68.3,4256567.0,0.0
2018-01-17,68.3,68.3,67.2,67.6,5274480.0,0.0
2018-01-18,67.9,69.0,67.3,68.2,10092114.0,0.0
2018-01-19,68.3,69.3,68.1,69.2,7077777.0,0.0
2018-01-22,68.7,69.9,68.6,69.9,6755807.0,0.0
2018-01-23,69.7,69.8,68.6,69.1,5789627.0,0.0
2018-01-24,68.6,69.4,68.1,68.4,7991277.0,0.0
2018-01-25,68.2,69.0,68.1,68.7,9107465.0,0.0
2018-01-26,68.5,68.5,67.0,67.5,6072908.0,0.0
2018-01-29,67.5,69.3,67.5,69.2,8203924.0,0.0
2018-01-30,69.0,69.4,68.1,69.4,8026509.0,0.0
2018-01-31,69.1,70.2,68.6,70.0,9584350.0,0.0
2018-02-01,69.4,70.3,69.4,70.3,8280437.0,0.0
2018-02-02,69.5,70.0,68.1,69.0,9468857.0,0.0
2018-02-05,68.0,68.8,68.0,68.3,6984778.0,0.0
2018-02-06,66.4,66.6,65.0,65.7,16091295.0,0.0
2018-02-07,66.5,68.0,66.3,66.8,10180777.0,0.0
2018-02-08,66.7,67.3,66.0,66.6,5933287.0,0.0
2018-02-09,64.7,66.7,64.6,66.0,8699275.0,0.0
2018-02-12,65.9,65.9,65.1,65.5,7523134.0,0.0
2018-02-21,67.9,69.2,66.7,69.2,11551939.0,0.0
2018-02-22,67.5,67.6,66.1,66.8,13553525.0,0.0
2018-02-23,66.4,66.9,66.3,66.8,11154159.0,0.0
2018-02-26,68.0,69.2,68.0,68.4,11514695.0,0.0
2018-02-27,69.0,69.2,68.6,69.0,8425162.0,0.0
2018-03-01,67.8,69.6,67.8,69.3,11928742.0,0.0
2018-03-02,68.3,69.5,68.3,68.7,7183062.0,0.0
2018-03-05,68.4,68.5,67.3,67.8,6887391.0,0.0
2018-03-06,68.2,68.6,67.3,67.5,4037325.0,0.0
2018-03-07,68.0,69.0,67.7,69.0,5416167.0,0.0
2018-03-08,68.9,68.9,68.5,68.5,2713821.0,0.0
2018-03-09,68.3,68.6,68.1,68.2,1726365.0,0.0
2018-03-12,69.0,69.7,68.5,69.6,6017910.0,0.0
2018-03-13,69.0,69.8,68.3,69.8,4414304.0,0.0
2018-03-14,69.5,69.5,68.6,69.3,5558191.0,0.0
2018-03-15,69.3,69.3,68.7,69.0,3181404.0,0.0
2018-03-16,68.7,70.1,68.0,70.1,18926505.0,0.0
2018-03-19,69.3,69.4,68.7,69.3,3901002.0,0.0
2018-03-20,69.2,69.2,68.1,68.1,6123015.0,0.0
2018-03-21,68.5,68.8,67.9,68.8,6152781.0,0.0
2018-03-22,68.6,68.8,67.7,68.6,7695883.0,0.0
2018-03-23,67.4,68.1,67.4,68.0,6623500.0,0.0
2018-03-26,68.0,68.0,67.3,68.0,5928576.0,0.0
2018-03-27,68.2,68.7,68.0,68.2,5425818.0,0.0
2018-03-28,68.2,68.3,67.7,68.0,5261723.0,0.0
2018-03-29,69.1,70.0,68.3,68.3,17148089.0,0.0
2018-03-30,68.9,69.3,68.3,68.5,6690954.0,0.0
2018-04-02,69.2,69.5,69.1,69.4,3095714.0,0.0
2018-04-03,69.0,69.1,68.1,68.2,8853532.0,0.0
2018-04-09,68.9,70.4,68.5,70.2,11705027.0,0.0
2018-04-10,69.4,71.0,69.4,70.6,10029282.0,0.0
2018-04-11,70.6,70.8,69.9,70.7,5963256.0,0.0
2018-04-12,70.7,71.0,70.2,70.8,5376124.0,0.0
2018-04-13,70.8,71.3,70.5,70.7,7438166.0,0.0
2018-04-16,70.8,72.5,70.8,71.6,6306044.0,0.0
2018-04-17,71.7,71.7,70.4,70.5,7597732.0,0.0
2018-04-18,71.3,71.3,70.8,71.2,5142366.0,0.0
2018-04-19,71.3,73.5,71.2,73.4,11542004.0,0.0
2018-04-20,73.0,73.0,71.0,71.4,7357955.0,0.0
2018-04-23,71.3,71.3,69.9,70.3,7207762.0,0.0
2018-04-24,71.0,71.1,69.8,70.3,6504758.0,0.0
2018-04-25,70.0,70.0,69.3,69.6,6920920.0,0.0
2018-04-26,70.1,70.8,70.1,70.8,6647193.0,0.0
2018-04-27,70.1,70.5,69.9,70.3,9425402.0,0.0
2018-04-30,70.0,72.2,70.0,71.6,10130735.0,0.0
2018-05-02,71.0,71.6,70.1,70.5,7970304.0,0.0
2018-05-03,70.0,70.2,68.7,68.8,12138766.0,0.0
2018-05-04,68.5,70.6,68.5,70.0,11741099.0,0.0
2018-05-07,70.1,70.5,69.8,70.2,4683061.0,0.0
2018-05-08,69.8,70.2,69.6,69.8,6525672.0,0.0
2018-05-09,69.5,69.8,68.8,68.9,8874162.0,0.0
2018-05-10,69.0,70.3,69.0,70.3,5763206.0,0.0
2018-05-11,70.5,70.5,69.9,70.0,5453530.0,0.0
2018-05-14,70.5,72.2,70.4,72.0,10081799.0,0.0
2018-05-15,72.0,72.7,71.2,72.0,8557893.0,0.0
2018-05-16,72.3,72.5,71.2,72.5,6075080.0,0.0
2018-05-17,72.0,72.0,70.7,70.7,9898865.0,0.0
2018-05-18,71.0,71.8,71.0,71.4,5882955.0,0.0
2018-05-21,71.4,71.8,71.0,71.7,4197661.0,0.0
2018-05-22,71.7,72.2,71.6,71.8,5312739.0,0.0
2018-05-23,72.2,72.8,71.9,72.0,6171691.0,0.0
2018-05-24,72.8,72.8,71.8,72.1,7096352.0,0.0
2018-05-25,72.1,72.5,72.1,72.4,4512257.0,0.0
2018-05-28,72.4,73.5,72.3,73.3,5311014.0,0.0
2018-05-29,73.3,74.1,73.3,73.5,5572132.0,0.0
2018-05-30,72.5,73.0,71.9,71.9,12323731.0,0.0
2018-05-31,72.9,73.1,72.1,73.1,22284892.0,0.0
2018-06-01,73.0,74.0,72.5,74.0,7165215.0,0.0
2018-06-04,74.2,75.1,73.9,75.1,8476390.0,0.0
2018-06-05,75.0,75.2,74.5,75.0,6909273.0,0.0
2018-06-06,75.4,76.0,74.6,75.9,8103562.0,0.0
2018-06-07,76.0,76.1,75.3,75.5,10044667.0,0.0
2018-06-08,75.5,75.5,74.8,75.0,6444673.0,0.0
2018-06-11,74.9,74.9,73.8,74.0,7460982.0,0.0
2018-06-12,73.2,74.8,73.2,74.5,11467171.0,0.0
2018-06-13,74.0,74.0,73.6,73.7,6511338.0,0.0
2018-06-14,73.0,73.4,72.5,72.5,9964250.0,0.0
2018-06-15,72.2,74.2,72.2,74.2,14602344.0,0.0
2018-06-19,72.5,75.0,72.3,74.3,14891126.0,0.0
2018-06-20,75.0,76.2,74.4,75.9,13482905.0,0.0
2018-06-21,76.8,77.7,76.0,77.0,10409212.0,0.0
2018-06-22,76.5,77.0,75.8,76.7,7400211.0,0.0
2018-06-25,76.6,77.1,76.1,76.7,6610466.0,0.0
2018-06-26,76.8,77.4,76.7,76.8,6541868.0,0.0
2018-06-27,76.8,77.9,76.2,77.5,8090448.0,0.0
2018-06-28,77.0,77.4,75.0,75.0,13036649.0,0.0
2018-06-29,74.6,77.4,74.5,77.4,15029466.0,0.0
2018-07-02,76.9,77.7,76.8,76.9,7894751.0,0.0
2018-07-03,76.8,77.5,76.3,76.6,6932636.0,0.0
2018-07-04,76.9,78.0,76.8,77.1,4064282.0,0.0
2018-07-05,77.5,77.5,76.4,77.0,5035174.0,0.0
2018-07-06,77.5,78.3,76.7,78.0,10114157.0,0.0
2018-07-09,78.8,79.2,78.2,78.8,6633614.0,0.0
2018-07-10,79.5,80.0,78.8,79.7,8199417.0,0.0
2018-07-11,79.6,80.4,79.1,80.1,6963302.0,0.0
2018-07-12,79.7,80.0,79.0,79.5,8261853.0,0.0
2018-07-13,80.0,80.0,78.8,79.3,6725605.0,0.0
2018-07-16,79.0,79.7,79.0,79.0,3784029.0,0.0
2018-07-17,79.0,80.3,78.6,79.4,15243099.0,0.0
2018-07-18,80.0,83.8,79.7,82.4,15565972.0,0.0
2018-07-19,82.1,83.0,81.8,82.1,16181932.0,0.0
2018-07-20,82.7,82.7,80.7,80.8,15115885.0,0.0
2018-07-23,80.4,80.7,79.8,80.1,12987254.0,0.0
2018-07-24,80.7,80.8,80.1,80.6,11233523.0,0.0
2018-07-25,81.0,81.8,79.6,79.8,12258857.0,0.0
2018-07-26,80.5,81.6,80.2,80.7,11240948.0,0.0
2018-07-27,80.9,80.9,80.2,80.7,10443394.0,0.0
2018-07-30,81.3,81.5,80.7,80.7,9561373.0,0.0
2018-07-31,80.7,81.0,79.8,80.8,19223720.0,0.0
2018-08-01,78.0,79.7,78.0,78.8,33999841.0,0.0
2018-08-02,73.5,74.8,73.5,73.9,25807904.0,5.5
2018-08-03,74.1,74.8,74.1,74.6,8105187.0,0.0
2018-08-06,75.0,75.0,74.0,74.2,5430057.0,0.0
2018-08-07,74.2,74.7,73.4,73.4,7304678.0,0.0
2018-08-08,73.6,74.0,72.1,72.2,14334913.0,0.0
2018-08-09,72.2,72.2,70.6,71.0,13949427.0,0.0
2018-08-10,71.1,72.9,71.1,72.7,10147635.0,0.0
2018-08-13,73.1,73.2,71.4,72.2,8594717.0,0.0
2018-08-14,74.0,75.5,73.5,75.0,19197534.0,0.0
2018-08-15,75.0,75.8,74.6,74.8,8538716.0,0.0
2018-08-16,74.8,75.5,74.8,75.1,8169036.0,0.0
2018-08-17,75.8,77.0,75.8,77.0,14473161.0,0.0
2018-08-20,77.1,77.5,74.8,75.4,11737419.0,0.0
2018-08-21,75.8,76.4,75.6,76.2,5465180.0,0.0
2018-08-22,76.9,76.9,76.0,76.3,7887136.0,0.0
2018-08-23,77.0,78.0,76.8,78.0,11362908.0,0.0
2018-08-24,78.1,78.2,77.0,77.7,9691235.0,0.0
2018-08-27,78.0,78.5,77.3,77.9,9139532.0,0.0
2018-08-28,78.2,78.8,77.9,78.8,8064482.0,0.0
2018-08-29,78.9,79.2,77.3,77.5,11475572.0,0.0
2018-08-30,77.2,77.8,76.5,77.2,6970581.0,0.0
2018-08-31,77.2,77.6,76.7,77.6,7341477.0,0.0
2018-09-03,77.3,77.3,76.0,76.2,3205060.0,0.0
2018-09-04,76.3,76.9,76.0,76.6,3722784.0,0.0
2018-09-05,76.1,76.4,75.0,75.0,6599998.0,0.0
2018-09-06,74.9,76.4,74.2,75.5,6976408.0,0.0
2018-09-07,74.9,75.4,74.6,74.8,6928171.0,0.0
2018-09-10,76.0,76.0,74.7,75.7,5894590.0,0.0
2018-09-11,76.0,76.8,75.5,76.8,5383705.0,0.0
2018-09-12,77.0,77.0,75.4,76.4,6051730.0,0.0
2018-09-13,75.8,75.8,75.0,75.0,5834045.0,0.0
2018-09-14,75.4,75.9,75.2,75.4,7803175.0,0.0
2018-09-17,76.1,76.2,75.4,75.6,4141046.0,0.0
2018-09-18,76.3,78.4,75.9,78.4,14300596.0,0.0
2018-09-19,78.5,79.0,77.5,79.0,9583366.0,0.0
2018-09-20,77.6,78.2,77.2,77.7,5877299.0,0.0
2018-09-21,78.1,78.8,78.0,78.1,11275019.0,0.0
2018-09-25,80.0,80.0,78.5,79.1,7662145.0,0.0
2018-09-26,78.6,79.9,78.3,79.8,8336350.0,0.0
2018-09-27,79.9,80.0,78.8,79.3,6853575.0,0.0
2018-09-28,78.9,79.8,78.7,79.7,6085501.0,0.0
2018-10-01,80.0,80.0,78.8,78.9,3762570.0,0.0
2018-10-02,78.5,78.6,77.1,77.5,5539960.0,0.0
2018-10-03,77.9,78.4,77.8,78.3,2946458.0,0.0
2018-10-04,77.5,77.9,75.4,75.4,10854393.0,0.0
2018-10-05,75.0,76.4,75.0,75.3,8466937.0,0.0
2018-10-08,75.5,75.6,75.0,75.5,3803602.0,0.0
2018-10-09,75.6,75.8,75.3,75.3,6549038.0,0.0
2018-10-11,72.2,73.1,69.7,70.2,26845451.0,0.0
2018-10-12,69.7,72.9,69.7,72.9,11788184.0,0.0
2018-10-15,71.2,72.9,70.6,72.8,10093730.0,0.0
2018-10-16,72.6,74.2,72.0,73.3,7479137.0,0.0
2018-10-17,73.8,74.4,73.0,73.5,7475889.0,0.0
2018-10-18,73.8,74.0,72.7,72.7,4524834.0,0.0
2018-10-19,72.7,76.3,72.5,74.9,28995758.0,0.0
2018-10-22,74.3,74.9,73.5,74.1,6280002.0,0.0
2018-10-23,73.1,74.0,72.3,72.8,6798610.0,0.0
2018-10-24,72.8,74.0,72.6,73.1,7990223.0,0.0
2018-10-25,73.5,75.3,73.1,75.0,13437491.0,0.0
2018-10-26,74.9,75.8,73.7,75.8,8806622.0,0.0
2018-10-29,76.0,76.9,76.0,76.7,5407571.0,0.0
2018-10-30,76.0,76.0,74.2,74.8,11200193.0,0.0
2018-10-31,74.0,75.1,74.0,74.9,9717344.0,0.0
2018-11-01,74.4,76.2,74.1,76.2,9185502.0,0.0
2018-11-02,76.2,76.2,74.2,75.6,7201233.0,0.0
2018-11-05,75.2,76.3,74.3,76.3,5286804.0,0.0
2018-11-06,76.7,76.7,74.9,75.9,4975008.0,0.0
2018-11-07,76.1,76.4,75.2,76.0,3512561.0,0.0
2018-11-08,75.6,75.8,74.2,75.0,9368046.0,0.0
2018-11-09,74.5,74.7,71.8,72.1,13815822.0,0.0
2018-11-12,71.9,73.1,71.5,72.4,8874089.0,0.0
2018-11-13,72.0,75.0,71.9,75.0,10771646.0,0.0
2018-11-14,74.8,74.8,73.5,74.3,6303171.0,0.0
2018-11-15,74.5,74.5,73.3,73.6,5585643.0,0.0
2018-11-16,74.8,74.9,73.7,74.8,7387865.0,0.0
2018-11-19,75.4,76.2,74.9,76.2,9084444.0,0.0
2018-11-20,75.8,76.2,75.0,75.1,4925077.0,0.0
2018-11-21,74.2,75.0,74.2,74.6,4556700.0,0.0
2018-11-22,74.1,74.5,73.6,73.9,3619558.0,0.0
2018-11-23,73.7,74.0,73.1,73.8,3035079.0,0.0
2018-11-26,74.0,75.5,73.7,74.1,5609455.0,0.0
2018-11-27,73.5,73.6,72.0,72.6,11525289.0,0.0
2018-11-28,72.6,73.2,72.1,72.8,9688950.0,0.0
2018-11-29,72.9,73.5,72.2,72.2,10157008.0,0.0
2018-11-30,72.8,72.9,72.2,72.2,16282011.0,0.0
2018-12-03,73.0,73.4,72.3,73.3,11447675.0,0.0
2018-12-04,72.0,72.4,70.7,70.7,20367953.0,0.0
2018-12-05,70.5,71.3,69.2,69.3,16867737.0,0.0
2018-12-06,69.0,69.1,66.7,67.4,26656070.0,0.0
2018-12-07,68.2,68.9,68.0,68.9,8639121.0,0.0
2018-12-10,68.5,68.8,67.8,68.2,7825631.0,0.0
2018-12-11,69.2,69.5,68.8,68.9,9183969.0,0.0
2018-12-12,70.4,70.4,69.4,69.4,9400401.0,0.0
2018-12-13,70.5,70.6,69.9,70.3,6521330.0,0.0
2018-12-14,70.0,70.4,68.6,68.9,7748859.0,0.0
2018-12-17,68.9,70.0,68.8,69.8,4956917.0,0.0
2018-12-18,69.8,70.4,69.3,69.8,9258037.0,0.0
2018-12-19,69.5,70.5,69.3,70.1,7014991.0,0.0
2018-12-20,70.4,71.0,69.4,69.7,5738357.0,0.0
2018-12-21,70.2,70.5,69.4,69.4,8024219.0,0.0
2018-12-24,69.6,69.8,68.8,69.0,3440272.0,0.0
2018-12-25,67.9,68.4,67.9,68.0,2453952.0,0.0
2018-12-26,68.5,69.0,68.3,68.6,1834859.0,0.0
2018-12-27,69.1,70.2,68.6,69.2,8411943.0,0.0
2018-12-28,69.7,69.8,68.8,69.8,6172491.0,0.0
2019-01-02,69.3,69.7,68.2,68.3,4970267.0,0.0
2019-01-03,67.5,68.5,67.3,67.5,6445068.0,0.0
2019-01-04,67.4,68.3,67.0,67.9,6980664.0,0.0
2019-01-07,69.4,70.9,69.0,70.4,10548593.0,0.0
2019-01-08,71.0,71.0,70.1,70.2,6923404.0,0.0
2019-01-09,71.0,72.1,70.7,72.1,9586482.0,0.0
2019-01-10,71.1,71.2,70.1,70.5,9450722.0,0.0
2019-01-11,71.0,71.2,70.5,71.1,6766267.0,0.0
2019-01-14,71.5,72.0,70.8,71.3,6245952.0,0.0
2019-01-15,71.8,72.2,71.6,72.1,8520084.0,0.0
2019-01-16,72.3,73.0,71.8,73.0,6620243.0,0.0
2019-01-17,73.0,73.4,71.8,72.9,9468370.0,0.0
2019-01-18,72.9,72.9,72.1,72.1,5963520.0,0.0
2019-01-21,72.1,72.8,71.8,72.8,5279371.0,0.0
2019-01-22,72.8,72.9,72.3,72.9,3423213.0,0.0
2019-01-23,73.4,73.4,72.3,72.5,3727348.0,0.0
2019-01-24,72.3,72.5,71.6,72.4,7103587.0,0.0
2019-01-25,72.4,73.5,72.2,73.3,7357390.0,0.0
2019-01-28,72.8,73.0,72.2,72.5,6098050.0,0.0
2019-01-29,72.2,73.1,72.2,72.5,7458363.0,0.0
2019-01-30,72.2,73.0,71.9,71.9,9971047.0,0.0
2019-02-11,73.3,73.5,72.2,72.5,12884224.0,0.0
2019-02-12,73.4,74.0,72.8,73.9,8290705.0,0.0
2019-02-13,74.2,74.2,72.6,72.7,6308026.0,0.0
2019-02-14,72.3,73.5,72.3,73.0,5268702.0,0.0
2019-02-15,72.4,73.4,72.4,72.7,4715703.0,0.0
2019-02-18,73.4,73.8,72.9,73.4,4058349.0,0.0
2019-02-19,73.7,73.7,73.2,73.6,2794221.0,0.0
2019-02-20,73.7,73.9,72.8,73.4,8242325.0,0.0
2019-02-21,73.2,74.2,73.2,74.2,7399340.0,0.0
2019-02-22,74.0,75.0,73.8,75.0,6037521.0,0.0
2019-02-25,74.4,74.7,73.5,74.4,5408867.0,0.0
2019-02-26,73.9,74.8,73.9,74.5,4341730.0,0.0
2019-02-27,74.5,75.0,74.1,75.0,8259277.0,0.0
2019-03-04,73.5,74.2,72.5,72.5,11995239.0,0.0
2019-03-05,72.5,73.0,72.3,72.6,4594723.0,0.0
2019-03-06,72.5,73.4,72.5,73.3,3605951.0,0.0
2019-03-07,73.5,73.7,73.0,73.1,5332314.0,0.0
2019-03-08,72.3,72.4,71.5,71.7,8862429.0,0.0
2019-03-11,72.5,72.9,72.1,72.5,5681092.0,0.0
2019-03-12,72.5,73.3,72.2,72.5,5614906.0,0.0
2019-03-13,72.2,72.7,71.8,71.9,3985644.0,0.0
2019-03-14,71.9,72.6,71.9,72.3,5840632.0,0.0
2019-03-15,72.5,74.2,72.4,73.3,18174734.0,0.0
2019-03-18,73.4,73.6,73.0,73.6,3190154.0,0.0
2019-03-19,73.6,73.9,73.2,73.5,3511462.0,0.0
2019-03-20,73.3,73.7,73.3,73.6,3767145.0,0.0
2019-03-21,73.6,73.7,73.2,73.5,4577794.0,0.0
2019-03-22,73.5,73.9,73.3,73.9,3289646.0,0.0
2019-03-25,73.3,74.2,73.0,74.2,3757540.0,0.0
2019-03-26,73.9,74.8,73.8,74.8,3405159.0,0.0
2019-03-27,73.6,75.2,73.6,74.7,4740634.0,0.0
2019-03-28,73.8,74.6,73.2,74.6,9639732.0,0.0
2019-03-29,74.8,75.0,74.0,74.8,11067099.0,0.0
2019-04-01,75.0,75.3,74.6,75.0,7023008.0,0.0
2019-04-02,75.1,75.2,74.4,75.1,6329770.0,0.0
2019-04-03,75.1,75.3,74.6,75.0,7105487.0,0.0
2019-04-08,74.4,74.8,73.5,74.1,11059483.0,0.0
2019-04-09,73.5,74.2,73.5,73.9,6397034.0,0.0
2019-04-10,73.4,74.0,73.3,73.5,8772649.0,0.0
2019-04-11,73.2,73.5,72.3,72.4,7858872.0,0.0
2019-04-12,73.3,73.5,72.7,73.5,4090100.0,0.0
2019-04-15,73.7,73.9,73.1,73.6,5943399.0,0.0
2019-04-16,73.4,73.8,73.3,73.6,6123862.0,0.0
2019-04-17,73.3,73.4,72.8,72.8,8243300.0,0.0
2019-04-18,72.6,72.6,71.0,71.1,19746894.0,0.0
2019-04-19,71.3,71.9,71.3,71.6,2881127.0,0.0
2019-04-22,72.0,72.1,71.6,71.7,1551681.0,0.0
2019-04-23,71.6,72.3,71.5,72.0,6121894.0,0.0
2019-04-24,71.9,72.3,71.8,72.0,6029228.0,0.0
2019-04-25,71.9,71.9,71.3,71.4,9256001.0,0.0
2019-04-26,71.2,72.1,71.0,72.0,3923711.0,0.0
2019-04-29,72.2,72.9,72.1,72.8,4917238.0,0.0
2019-04-30,72.3,73.4,72.3,73.4,8360472.0,0.0
2019-05-02,73.4,73.7,73.0,73.7,7085361.0,0.0
2019-05-03,73.7,73.8,73.1,73.8,5309979.0,0.0
2019-05-06,72.3,73.1,72.1,73.1,6210423.0,0.0
2019-05-07,73.1,74.0,72.8,74.0,8500909.0,0.0
2019-05-08,79.0,79.0,75.0,76.4,25523728.0,0.0
2019-05-09,75.7,76.8,74.5,76.5,20166968.0,0.0
2019-05-10,76.4,77.8,76.0,77.3,15623588.0,0.0
2019-05-13,77.0,78.2,76.8,77.7,10579630.0,0.0
2019-05-14,77.8,78.2,77.1,78.2,13693169.0,0.0
2019-05-15,77.4,78.2,77.1,77.7,9011399.0,0.0
2019-05-16,77.3,77.8,76.7,76.8,8956263.0,0.0
2019-05-17,77.8,79.2,77.2,78.8,14417392.0,0.0
2019-05-20,78.2,80.0,78.2,80.0,12206669.0,0.0
2019-05-21,80.1,81.5,80.1,81.4,15459628.0,0.0
2019-05-22,81.0,81.0,79.4,79.5,8541364.0,0.0
2019-05-23,80.7,80.7,79.7,80.0,10275372.0,0.0
2019-05-24,80.5,81.0,79.2,80.0,6869544.0,0.0
2019-05-27,80.0,81.4,79.6,80.9,7562555.0,0.0
2019-05-28,81.0,81.4,80.8,81.4,20598847.0,0.0
2019-05-29,81.4,81.5,80.4,81.0,5975687.0,0.0
2019-05-30,79.7,80.8,79.7,80.1,9316101.0,0.0
2019-05-31,80.3,81.4,79.7,81.3,12592431.0,0.0
2019-06-03,81.7,81.7,80.4,80.9,4951860.0,0.0
2019-06-04,80.5,81.0,80.5,80.9,5491221.0,0.0
2019-06-05,81.0,81.5,80.6,81.5,5914827.0,0.0
2019-06-06,80.8,81.4,80.6,81.2,5519941.0,0.0
2019-06-10,81.7,82.0,80.8,82.0,7642122.0,0.0
2019-06-11,82.0,82.0,80.4,80.6,8176450.0,0.0
2019-06-12,81.0,81.2,80.3,80.3,6180446.0,0.0
2019-06-13,81.0,81.8,80.4,81.8,6575934.0,0.0
2019-06-14,80.9,81.2,80.6,80.6,4776019.0,0.0
2019-06-17,80.3,80.8,79.8,79.9,6548468.0,0.0
2019-06-18,80.3,81.0,80.0,80.4,5480354.0,0.0
2019-06-19,80.5,81.2,80.2,81.2,10215994.0,0.0
2019-06-20,82.0,82.1,81.5,81.8,8706096.0,0.0
2019-06-21,82.1,82.3,81.0,82.3,13196627.0,0.0
2019-06-24,81.3,82.3,81.3,82.2,5186698.0,0.0
2019-06-25,81.2,82.2,81.2,82.0,6130433.0,0.0
2019-06-26,82.0,82.1,81.3,81.4,5055193.0,0.0
2019-06-27,82.2,83.8,82.0,82.0,18035137.0,0.0
2019-06-28,82.0,82.7,81.5,82.7,7037024.0,0.0
2019-07-01,81.4,82.0,81.1,81.5,5563139.0,0.0
2019-07-02,81.3,81.5,80.9,81.3,5432757.0,0.0
2019-07-03,81.3,81.6,81.0,81.6,4934884.0,0.0
2019-07-04,81.5,81.7,80.8,81.5,3782439.0,0.0
2019-07-05,81.5,82.0,81.3,82.0,3018526.0,0.0
2019-07-08,81.6,81.8,81.2,81.8,4593249.0,0.0
2019-07-09,81.7,82.9,81.3,82.9,5974443.0,0.0
2019-07-10,82.0,82.7,81.7,82.0,6934064.0,0.0
2019-07-11,82.7,83.0,82.1,83.0,6345774.0,0.0
2019-07-12,82.1,82.3,82.0,82.0,3138432.0,0.0
2019-07-15,82.0,82.8,81.7,82.4,4476451.0,0.0
2019-07-16,81.9,82.4,81.8,82.2,4435191.0,0.0
2019-07-17,81.6,82.3,81.5,82.2,4750425.0,0.0
2019-07-18,81.6,82.1,81.2,81.2,4249293.0,0.0
2019-07-19,81.8,82.4,81.3,81.8,5566766.0,0.0
2019-07-22,81.8,81.9,81.5,81.6,3528804.0,0.0
2019-07-23,81.7,81.7,80.9,80.9,6033473.0,0.0
2019-07-24,81.0,81.6,81.0,81.3,7630988.0,0.0
2019-07-25,81.5,82.6,81.3,82.4,12776542.0,0.0
2019-07-26,81.6,82.3,81.2,81.3,5541709.0,0.0
2019-07-29,81.0,81.1,79.6,80.3,8778955.0,0.0
2019-07-30,80.5,81.0,80.0,80.0,5119838.0,0.0
2019-07-31,80.0,81.0,80.0,80.8,8836775.0,0.0
2019-08-01,78.3,78.3,77.1,77.1,13926121.0,2.5
2019-08-02,76.1,77.6,75.7,76.8,8975847.0,0.0
2019-08-05,76.1,77.5,76.0,77.0,6970761.0,0.0
2019-08-06,75.7,77.3,75.2,76.6,8221123.0,0.0
2019-08-07,76.0,77.3,75.8,76.7,9499289.0,0.0
2019-08-08,77.0,78.6,76.8,78.2,7313925.0,0.0
2019-08-12,79.5,79.5,78.0,78.3,6867292.0,0.0
2019-08-13,77.4,78.5,77.4,78.0,7730126.0,0.0
2019-08-14,78.0,78.1,77.5,77.7,8245252.0,0.0
2019-08-15,76.3,76.8,76.2,76.5,7102959.0,0.0
2019-08-16,76.1,77.9,76.1,77.5,9517355.0,0.0
2019-08-19,78.4,78.4,77.0,77.0,6643846.0,0.0
2019-08-20,77.0,78.0,76.8,77.8,5100412.0,0.0
2019-08-21,77.1,77.4,76.8,77.0,6550841.0,0.0
2019-08-22,76.5,76.8,75.6,75.9,12706960.0,0.0
2019-08-23,75.3,76.5,75.3,76.5,6520343.0,0.0
2019-08-26,75.5,76.3,75.0,75.8,7087639.0,0.0
2019-08-27,75.6,75.8,75.0,75.0,13081645.0,0.0
2019-08-28,75.4,75.6,75.0,75.2,4942644.0,0.0
2019-08-29,75.1,76.2,74.7,76.2,6583563.0,0.0
2019-08-30,76.2,76.6,75.6,76.6,9382702.0,0.0
2019-09-02,76.5,76.8,76.1,76.7,1825574.0,0.0
2019-09-03,77.0,77.0,75.8,75.8,5934321.0,0.0
2019-09-04,76.5,76.9,76.1,76.6,5937179.0,0.0
2019-09-05,77.3,78.1,76.9,77.5,10887748.0,0.0
2019-09-06,77.1,77.7,77.0,77.1,7370057.0,0.0
2019-09-10,77.8,77.9,77.0,77.0,6276752.0,0.0
2019-09-11,77.7,77.7,76.3,76.8,6518818.0,0.0
2019-09-12,77.6,77.7,76.6,77.5,5844661.0,0.0
2019-09-16,77.2,78.0,77.1,78.0,6873767.0,0.0
2019-09-17,78.0,78.0,76.8,76.9,7980244.0,0.0
2019-09-18,77.0,77.6,76.9,77.0,7308048.0,0.0
2019-09-19,77.0,77.3,76.6,76.6,5874260.0,0.0
2019-09-20,76.6,78.0,76.5,78.0,11142403.0,0.0
2019-09-23,77.2,77.5,76.8,77.0,5101569.0,0.0
2019-09-24,76.8,76.8,76.2,76.5,7552920.0,0.0
2019-09-25,76.1,76.4,76.1,76.1,6393180.0,0.0
2019-09-26,76.0,76.5,75.8,75.8,7711015.0,0.0
2019-09-27,75.7,76.1,74.8,74.8,6433888.0,0.0
2019-10-01,74.8,75.0,73.2,73.2,18358596.0,0.0
2019-10-02,73.3,74.3,73.1,73.4,9599083.0,0.0
2019-10-03,72.3,73.8,71.6,73.2,6814787.0,0.0
2019-10-04,72.9,73.6,72.9,73.6,3936073.0,0.0
2019-10-07,73.0,73.5,72.7,73.5,4253677.0,0.0
2019-10-08,72.8,73.3,72.7,73.0,6729747.0,0.0
2019-10-09,72.6,72.7,72.0,72.0,7935841.0,0.0
2019-10-14,72.0,72.4,71.4,71.6,16057557.0,0.0
2019-10-15,72.0,72.8,71.8,72.4,8475774.0,0.0
2019-10-16,72.4,72.6,71.6,72.4,11702477.0,0.0
2019-10-17,72.4,72.5,72.0,72.3,6516418.0,0.0
2019-10-18,72.6,73.0,71.6,73.0,27578556.0,0.0
2019-10-21,72.9,74.0,72.7,73.6,9189237.0,0.0
2019-10-22,74.0,74.3,73.5,74.2,9899573.0,0.0
2019-10-23,74.0,74.3,72.8,72.8,8726695.0,0.0
2019-10-24,73.5,74.3,73.1,74.2,8104425.0,0.0
2019-10-25,74.5,74.9,74.0,74.1,6309251.0,0.0
2019-10-28,74.8,75.2,74.6,75.2,7909320.0,0.0
2019-10-29,75.6,75.9,74.9,75.8,8818519.0,0.0
2019-10-30,75.9,76.1,75.3,75.7,9065988.0,0.0
2019-10-31,76.4,76.4,74.9,75.2,7925622.0,0.0
2019-11-01,74.6,74.8,73.8,74.2,10056043.0,0.0
2019-11-04,75.0,76.4,74.7,76.4,7459778.0,0.0
2019-11-05,76.5,76.9,75.3,76.0,6205282.0,0.0
2019-11-06,76.3,76.3,74.7,74.7,10070803.0,0.0
2019-11-07,74.7,75.1,74.0,74.4,7294867.0,0.0
2019-11-08,74.4,74.4,73.0,73.0,11967967.0,0.0
2019-11-11,73.1,73.6,72.9,73.2,8296803.0,0.0
2019-11-12,73.8,73.9,73.0,73.4,6034595.0,0.0
2019-11-13,72.9,73.4,72.8,73.0,7126468.0,0.0
2019-11-14,72.7,73.0,72.6,72.6,7375981.0,0.0
2019-11-15,73.4,73.4,72.5,73.0,9207226.0,0.0
2019-11-18,73.0,74.0,72.9,73.9,7398940.0,0.0
2019-11-19,73.2,74.1,73.0,74.0,6499374.0,0.0
2019-11-20,74.0,74.4,73.8,74.3,7121516.0,0.0
2019-11-21,73.0,73.4,72.3,73.0,15460444.0,0.0
2019-11-22,73.2,73.4,72.6,73.4,8680339.0,0.0
2019-11-25,73.6,74.2,73.4,74.0,7759609.0,0.0
2019-11-26,73.5,73.6,72.4,72.4,28059574.0,0.0
2019-11-27,72.7,73.1,72.6,72.8,6935774.0,0.0
2019-11-28,72.8,73.3,72.8,72.9,4877595.0,0.0
2019-11-29,72.9,73.1,72.4,72.5,6994532.0,0.0
2019-12-02,72.6,72.7,72.4,72.6,6854076.0,0.0
2019-12-03,72.5,72.7,72.4,72.5,2548872.0,0.0
2019-12-04,72.4,72.5,72.1,72.2,6717825.0,0.0
2019-12-05,72.2,72.4,71.7,71.8,11911598.0,0.0
2019-12-06,72.0,72.8,72.0,72.7,4573735.0,0.0
2019-12-09,72.7,72.9,72.4,72.4,3388011.0,0.0
2019-12-10,72.0,72.3,71.8,71.8,8700095.0,0.0
2019-12-11,71.9,72.8,71.9,72.8,6208906.0,0.0
2019-12-12,72.8,73.2,72.5,72.5,9256114.0,0.0
2019-12-13,72.6,73.2,72.5,72.5,10904520.0,0.0
2019-12-16,72.8,73.0,72.3,72.3,10850.0,0.0
2019-12-17,72.3,72.8,72.2,72.6,10395835.0,0.0
2019-12-18,72.6,73.5,72.6,73.5,8924028.0,0.0
2019-12-19,73.5,73.7,73.2,73.5,7822169.0,0.0
2019-12-20,73.5,74.1,73.4,74.1,10891657.0,0.0
2019-12-23,74.1,74.9,74.1,74.9,6252183.0,0.0
2019-12-24,74.6,75.0,74.5,74.6,3440387.0,0.0
2019-12-25,74.6,74.9,74.5,74.8,1968422.0,0.0
2019-12-26,74.8,74.8,74.1,74.6,2095671.0,0.0
2019-12-27,74.8,74.8,74.4,74.6,4158934.0,0.0
2019-12-30,74.5,74.6,74.3,74.6,5201030.0,0.0
2019-12-31,74.0,74.6,74.0,74.2,3719123.0,0.0
2020-01-02,74.3,74.6,73.5,74.2,4655355.0,0.0
2020-01-03,74.3,74.8,74.3,74.8,4106135.0,0.0
2020-01-06,74.4,74.4,73.6,73.9,5749361.0,0.0
2020-01-07,73.7,74.0,73.1,73.4,6383030.0,0.0
2020-01-08,73.4,73.4,72.6,72.6,5159215.0,0.0
2020-01-09,72.7,73.8,72.6,73.4,4408040.0,0.0
2020-01-10,73.3,74.4,73.3,74.0,3916374.0,0.0
2020-01-13,74.1,74.8,74.1,74.6,4507176.0,0.0
2020-01-14,74.5,74.7,74.1,74.4,7371510.0,0.0
2020-01-15,74.4,74.6,74.1,74.6,6292051.0,0.0
2020-01-16,74.3,75.5,74.2,75.5,9104708.0,0.0
2020-01-17,75.7,75.8,75.3,75.7,6706898.0,0.0
2020-01-20,75.5,75.7,75.2,75.4,4587787.0,0.0
2020-01-30,75.4,75.4,71.8,72.0,21392030.0,0.0
2020-01-31,72.1,73.7,72.1,72.6,11500409.0,0.0
2020-02-03,72.5,74.2,72.4,73.0,7888011.0,0.0
2020-02-04,72.8,73.5,72.6,73.5,7872245.0,0.0
2020-02-05,73.5,73.7,72.8,73.7,7322908.0,0.0
2020-02-06,73.8,74.0,73.5,74.0,4854050.0,0.0
2020-02-07,73.2,74.1,73.1,73.6,6078371.0,0.0
2020-02-10,73.8,75.0,73.4,75.0,7204865.0,0.0
2020-02-11,74.8,75.3,74.3,74.6,6537317.0,0.0
2020-02-12,74.4,74.9,74.4,74.4,7259875.0,0.0
2020-02-13,74.3,74.7,74.1,74.5,6318870.0,0.0
2020-02-14,74.1,74.6,74.1,74.2,4469080.0,0.0
2020-02-17,74.2,75.0,74.2,75.0,2937800.0,0.0
2020-02-18,74.9,75.2,74.6,75.1,5917254.0,0.0
2020-02-19,75.2,75.3,74.9,75.0,6012958.0,0.0
2020-02-20,75.0,75.0,74.0,74.0,8024475.0,0.0
2020-02-21,74.0,74.4,73.7,74.0,4703263.0,0.0
2020-02-24,72.2,73.8,72.2,73.5,8430439.0,0.0
2020-02-25,73.0,73.6,72.8,73.5,7236856.0,0.0
2020-02-26,72.8,73.3,72.8,73.0,8524928.0,0.0
2020-02-27,72.8,73.5,72.6,73.2,10275934.0,0.0
2020-03-02,71.4,71.9,71.2,71.2,18205933.0,0.0
2020-03-03,71.7,72.3,71.4,72.0,9426839.0,0.0
2020-03-04,72.0,73.5,72.0,73.5,8270691.0,0.0
2020-03-05,74.2,74.2,72.8,73.6,8456162.0,0.0
2020-03-06,73.6,73.7,72.5,72.7,8688680.0,0.0
2020-03-09,71.6,72.7,71.2,71.8,15373808.0,0.0
2020-03-10,71.8,72.8,71.4,72.4,13507295.0,0.0
2020-03-11,72.0,73.2,71.8,72.9,13332307.0,0.0
2020-03-12,72.7,72.7,68.9,70.3,19721933.0,0.0
2020-03-13,66.3,69.0,63.4,68.2,28827276.0,0.0
2020-03-16,67.6,68.2,66.0,66.3,15121759.0,0.0
2020-03-17,63.0,65.9,62.9,64.9,22276147.0,0.0
2020-03-18,64.5,64.5,61.9,61.9,18256131.0,0.0
2020-03-19,61.5,65.0,60.6,62.9,19234181.0,0.0
2020-03-20,63.5,68.1,63.4,65.0,24719546.0,0.0
2020-03-23,62.6,65.1,62.5,62.6,12182671.0,0.0
2020-03-24,65.7,68.0,65.0,66.6,13682328.0,0.0
2020-03-25,66.4,68.4,66.4,66.6,11435852.0,0.0
2020-03-26,66.3,67.8,65.8,65.8,12857099.0,0.0
2020-03-27,66.2,66.7,64.1,64.1,13130706.0,0.0
2020-03-30,62.7,64.5,62.7,63.8,11044114.0,0.0
2020-03-31,64.8,66.2,64.5,65.6,13541060.0,0.0
2020-04-01,66.1,67.0,65.1,65.1,9982723.0,0.0
2020-04-06,68.2,69.0,67.1,69.0,17282448.0,0.0
2020-04-07,70.3,70.9,68.8,69.0,12621954.0,0.0
2020-04-08,69.0,71.0,69.0,70.2,9998101.0,0.0
2020-04-09,70.0,70.7,69.2,69.6,6283504.0,0.0
2020-04-10,69.2,69.6,68.9,69.0,3617302.0,0.0
2020-04-13,68.3,69.3,68.1,68.1,4326039.0,0.0
2020-04-14,68.0,69.4,68.0,68.1,10186959.0,0.0
2020-04-15,68.0,68.5,68.0,68.0,13614473.0,0.0
2020-04-16,67.8,68.2,67.5,67.5,8790987.0,0.0
2020-04-17,68.2,68.9,67.8,67.8,13307681.0,0.0
2020-04-20,67.8,68.4,67.6,67.8,10617785.0,0.0
2020-04-21,67.5,67.8,66.0,66.0,14264274.0,0.0
2020-04-22,66.0,67.5,65.8,67.1,8927358.0,0.0
2020-04-23,67.4,68.0,67.3,67.9,7489345.0,0.0
2020-04-24,67.9,68.0,66.6,66.6,13716121.0,0.0
2020-04-27,67.5,68.1,67.2,67.7,8207757.0,0.0
2020-04-28,68.0,68.6,67.9,68.3,7522614.0,0.0
2020-04-29,68.6,70.0,68.5,69.0,10730437.0,0.0
2020-04-30,69.2,70.0,69.2,69.5,10128339.0,0.0
2020-05-04,68.0,68.9,67.7,68.3,9501639.0,0.0
2020-05-05,68.9,70.2,68.9,70.0,7039574.0,0.0
2020-05-06,70.2,70.5,69.1,69.7,9809574.0,0.0
2020-05-07,70.1,70.8,69.9,70.1,6382407.0,0.0
2020-05-08,70.2,71.2,70.2,70.9,7819061.0,0.0
2020-05-11,71.2,71.8,70.9,71.0,5012056.0,0.0
2020-05-12,70.1,70.4,69.4,69.4,10055008.0,0.0
2020-05-13,69.5,70.4,69.3,70.4,5585381.0,0.0
2020-05-14,70.0,70.1,69.3,70.0,7019442.0,0.0
2020-05-15,70.0,70.2,69.1,69.1,9376065.0,0.0
2020-05-18,68.6,70.2,68.6,69.8,5906133.0,0.0
2020-05-19,71.1,71.2,70.0,70.2,9576729.0,0.0
2020-05-20,71.0,71.3,70.6,71.3,7554847.0,0.0
2020-05-21,71.3,72.7,71.1,72.3,9100745.0,0.0
2020-05-22,73.0,73.3,71.8,71.9,11194201.0,0.0
2020-05-25,72.2,72.2,70.6,71.8,5610584.0,0.0
2020-05-26,72.5,73.2,72.1,72.3,7717692.0,0.0
2020-05-27,72.3,72.8,72.0,72.4,4468697.0,0.0
2020-05-28,72.8,72.8,71.5,71.5,8364435.0,0.0
2020-05-29,71.1,72.8,71.1,72.8,14164198.0,0.0
2020-06-01,73.5,74.2,73.0,73.4,7344063.0,0.0
2020-06-02,73.3,73.9,73.2,73.5,5213404.0,0.0
2020-06-03,74.8,74.8,73.9,74.3,9140724.0,0.0
2020-06-04,73.6,74.6,73.5,74.6,8928120.0,0.0
2020-06-05,74.5,74.5,73.7,73.9,5604879.0,0.0
2020-06-08,74.1,74.2,73.4,73.5,9304573.0,0.0
2020-06-09,73.0,74.0,72.8,73.9,8373982.0,0.0
2020-06-10,73.9,74.0,73.4,73.7,7420912.0,0.0
2020-06-11,73.3,73.8,72.8,73.0,7147534.0,0.0
2020-06-12,72.5,72.6,72.0,72.0,9604531.0,0.0
2020-06-15,71.9,72.0,70.6,70.6,12811589.0,0.0
2020-06-16,71.1,73.4,71.1,73.3,11778619.0,0.0
2020-06-17,73.3,73.3,72.2,72.5,7695746.0,0.0
2020-06-18,72.8,73.3,72.3,72.5,7285404.0,0.0
2020-06-19,72.5,72.7,71.2,71.2,18600757.0,0.0
2020-06-22,71.2,71.8,70.9,71.0,9824234.0,0.0
2020-06-23,71.4,72.1,70.9,72.1,8002518.0,0.0
2020-06-24,72.2,72.3,71.3,71.4,10540157.0,0.0
2020-06-29,71.8,72.2,71.0,71.8,9600128.0,0.0
2020-06-30,71.9,72.0,71.3,71.3,10759466.0,0.0
2020-07-01,71.3,71.6,71.2,71.2,8133087.0,0.0
2020-07-02,71.7,72.6,71.3,72.4,8751360.0,0.0
2020-07-03,72.7,73.3,72.6,73.2,7119084.0,0.0
2020-07-06,73.3,73.8,72.7,73.8,8648223.0,0.0
2020-07-07,73.8,73.8,72.8,73.2,12664264.0,0.0
2020-07-08,73.2,73.6,72.6,73.3,7652157.0,0.0
2020-07-09,73.0,73.9,72.5,73.5,8281085.0,0.0
2020-07-10,73.4,73.8,72.6,73.6,7779462.0,0.0
2020-07-13,73.6,74.0,73.4,73.6,8174809.0,0.0
2020-07-14,73.1,73.3,72.6,72.9,7224104.0,0.0
2020-07-15,72.7,73.6,72.6,73.0,7612528.0,0.0
2020-07-16,72.7,73.4,72.7,73.0,5221857.0,0.0
2020-07-17,73.8,73.8,72.5,72.5,3785038.0,0.0
2020-07-20,72.4,72.7,72.2,72.6,2398695.0,0.0
2020-07-21,72.8,73.1,72.1,72.1,3998475.0,0.0
2020-07-22,72.1,72.5,72.0,72.1,5009532.0,0.0
2020-07-23,71.8,72.4,71.5,72.0,7505848.0,0.0
2020-07-24,71.3,71.8,71.2,71.3,9331257.0,0.0
2020-07-27,71.2,72.1,71.2,71.3,5197798.0,0.0
2020-07-28,70.8,71.0,70.4,70.6,8665373.0,0.0
2020-07-29,70.4,71.4,70.4,70.7,8732805.0,0.0
2020-07-30,70.9,72.0,70.5,72.0,6055731.0,0.0
2020-07-31,72.0,72.0,71.0,71.5,7799895.0,0.0
2020-08-03,71.0,71.4,70.0,70.0,10263028.0,0.0
2020-08-04,70.2,70.6,70.1,70.2,7943654.0,0.0
2020-08-05,70.2,70.7,70.1,70.7,10313210.0,0.0
2020-08-06,69.6,69.7,69.0,69.5,10290311.0,2.5
2020-08-07,69.2,69.4,69.0,69.1,8624982.0,0.0
2020-08-10,69.2,69.3,68.7,69.0,7488211.0,0.0
2020-08-11,69.1,69.3,68.6,68.6,8109159.0,0.0
2020-08-12,68.7,68.8,67.7,67.8,10385674.0,0.0
2020-08-13,68.2,68.6,68.1,68.3,6958262.0,0.0
2020-08-14,68.2,68.7,67.9,68.3,7638106.0,0.0
2020-08-17,68.3,69.3,68.3,69.2,6174883.0,0.0
2020-08-18,69.0,69.2,68.6,68.7,6022950.0,0.0
2020-08-19,68.5,68.9,68.4,68.4,8495152.0,0.0
2020-08-20,68.3,68.4,67.0,67.1,12516220.0,0.0
2020-08-21,67.6,67.8,67.1,67.1,6068298.0,0.0
2020-08-24,67.1,67.2,66.8,67.0,5611658.0,0.0
2020-08-25,67.1,67.8,67.0,67.4,6457130.0,0.0
2020-08-26,67.1,67.4,66.9,67.3,7643281.0,0.0
2020-08-27,67.2,67.4,67.0,67.4,3330951.0,0.0
2020-08-28,67.4,67.6,66.8,67.0,8592705.0,0.0
2020-08-31,67.6,67.6,66.1,66.6,13974186.0,0.0
2020-09-01,66.5,66.6,65.9,66.2,12177133.0,0.0
2020-09-02,66.4,66.5,64.3,65.2,15120878.0,0.0
2020-09-03,64.6,65.8,62.7,64.6,22478278.0,0.0
2020-09-04,64.0,64.4,63.6,63.6,22599706.0,0.0
2020-09-07,64.3,65.2,64.1,64.9,7663377.0,0.0
2020-09-08,65.2,66.0,64.9,66.0,9988376.0,0.0
2020-09-09,65.0,65.6,64.8,65.3,8555569.0,0.0
2020-09-10,65.5,66.0,65.0,66.0,4692497.0,0.0
2020-09-11,65.7,66.1,65.5,66.0,4932992.0,0.0
2020-09-14,66.3,66.8,65.9,66.8,5462887.0,0.0
2020-09-15,66.8,66.8,65.8,66.0,6104522.0,0.0
2020-09-16,66.2,66.4,65.7,66.4,5971423.0,0.0
2020-09-17,64.3,65.3,64.3,64.5,18066013.0,0.0
2020-09-18,64.8,65.1,64.5,64.5,16871680.0,0.0
2020-09-21,64.3,64.6,64.0,64.0,10387960.0,0.0
2020-09-22,63.8,64.4,63.5,64.0,8844829.0,0.0
2020-09-23,64.0,64.4,63.5,64.0,6136007.0,0.0
2020-09-24,63.4,63.4,61.7,61.7,17291485.0,0.0
2020-09-25,62.1,62.5,61.8,61.8,9466282.0,0.0
2020-09-28,62.3,63.3,62.3,62.8,6489432.0,0.0
2020-09-29,63.3,63.4,62.3,62.5,4646901.0,0.0
2020-09-30,63.1,63.6,62.5,62.5,8891219.0,0.0
2020-10-05,63.4,63.6,62.5,62.6,8887514.0,0.0
2020-10-06,63.2,63.5,62.9,63.4,6568022.0,0.0
2020-10-07,62.5,62.8,62.4,62.4,11484455.0,0.0
2020-10-08,62.5,63.2,62.4,63.1,8638420.0,0.0
2020-10-12,62.8,63.7,62.8,63.1,8629206.0,0.0
2020-10-13,62.6,63.0,62.6,62.8,5156205.0,0.0
2020-10-14,62.7,63.1,62.6,62.7,6572498.0,0.0
2020-10-15,62.4,62.8,62.3,62.5,8494747.0,0.0
2020-10-16,62.5,62.7,62.1,62.1,6765222.0,0.0
2020-10-19,62.3,62.9,62.3,62.3,4134604.0,0.0
2020-10-20,62.8,62.9,62.4,62.5,3560708.0,0.0
2020-10-21,62.8,62.8,62.0,62.0,4371443.0,0.0
2020-10-22,61.9,63.0,61.9,63.0,5708709.0,0.0
2020-10-23,63.0,63.1,62.6,62.6,4424817.0,0.0
2020-10-26,62.6,63.1,62.4,62.6,4152782.0,0.0
2020-10-27,62.2,62.3,61.8,61.9,9497672.0,0.0
2020-10-28,61.7,61.9,61.7,61.7,7310386.0,0.0
2020-10-29,61.7,61.7,61.2,61.2,7707528.0,0.0
2020-10-30,61.1,61.8,60.6,61.3,11979872.0,0.0
2020-11-02,61.3,61.5,60.8,61.2,4809290.0,0.0
2020-11-03,61.5,62.3,61.3,62.3,5315451.0,0.0
2020-11-04,62.1,62.5,61.9,62.5,4257076.0,0.0
2020-11-05,62.8,62.9,62.5,62.6,4775966.0,0.0
2020-11-06,62.6,62.8,62.2,62.8,4260209.0,0.0
2020-11-09,63.2,63.3,63.0,63.3,7642678.0,0.0
2020-11-10,63.5,64.3,63.4,64.3,11280420.0,0.0
2020-11-11,64.3,65.1,63.9,65.1,10222826.0,0.0
2020-11-12,66.5,67.7,66.3,67.5,23621743.0,0.0
2020-11-13,67.5,68.4,67.2,68.4,14536481.0,0.0
2020-11-16,68.6,68.7,67.7,68.0,10297596.0,0.0
2020-11-17,68.0,68.0,67.3,67.9,9885577.0,0.0
2020-11-18,67.9,68.5,67.8,68.3,9479681.0,0.0
2020-11-19,68.8,68.8,68.0,68.4,7233484.0,0.0
2020-11-20,68.4,68.4,67.9,68.1,4602689.0,0.0
2020-11-23,68.0,68.5,67.6,68.5,6129927.0,0.0
2020-11-24,68.1,68.2,67.6,67.6,4573697.0,0.0
2020-11-25,67.8,67.9,66.8,67.0,6909916.0,0.0
2020-11-26,67.1,67.1,66.5,67.0,5111751.0,0.0
2020-11-27,66.6,66.7,66.1,66.3,10189993.0,0.0
2020-11-30,66.3,67.0,65.0,65.0,30169105.0,0.0
2020-12-01,65.2,66.1,65.2,66.1,9346794.0,0.0
2020-12-02,65.5,65.9,65.3,65.3,10720218.0,0.0
2020-12-03,65.3,66.2,65.2,65.7,8224593.0,0.0
2020-12-04,66.2,66.5,65.8,66.3,7543164.0,0.0
2020-12-07,66.5,66.5,65.1,65.6,9439815.0,0.0
2020-12-08,65.2,65.7,65.1,65.4,6917302.0,0.0
2020-12-09,65.4,65.7,65.3,65.4,6179981.0,0.0
2020-12-10,65.2,66.0,65.2,65.5,5297351.0,0.0
2020-12-11,65.2,65.7,65.0,65.1,8180230.0,0.0
2020-12-14,65.1,65.6,64.9,65.0,8267526.0,0.0
2020-12-15,64.9,65.3,64.4,65.0,11377926.0,0.0
2020-12-16,65.3,66.0,65.0,65.7,12103535.0,0.0
2020-12-17,66.0,67.4,65.9,67.0,13248038.0,0.0
2020-12-18,67.2,67.4,66.5,66.5,12182153.0,0.0
2020-12-21,66.2,66.9,66.0,66.8,8042870.0,0.0
2020-12-22,66.5,66.7,65.9,66.1,6552263.0,0.0
2020-12-23,65.8,66.2,65.5,65.9,3965211.0,0.0
2020-12-24,66.1,66.3,65.9,66.0,2845648.0,0.0
2020-12-25,66.5,66.8,66.1,66.3,3836604.0,0.0
2020-12-28,66.8,66.9,66.2,66.9,4345522.0,0.0
2020-12-29,67.0,67.1,66.6,66.9,4127949.0,0.0
2020-12-30,67.2,68.0,67.0,67.8,8734638.0,0.0
2020-12-31,68.0,68.0,67.3,67.5,6537998.0,0.0
2021-01-04,67.0,68.0,66.9,67.6,8689598.0,0.0
2021-01-05,67.6,67.7,66.8,67.0,8458768.0,0.0
2021-01-06,66.8,67.2,65.8,66.1,14030612.0,0.0
2021-01-07,66.5,66.7,66.2,66.6,6129976.0,0.0
2021-01-08,66.5,67.8,66.1,67.7,16483733.0,0.0
2021-01-11,67.7,67.8,66.8,67.3,9638716.0,0.0
2021-01-12,66.8,67.0,66.4,67.0,6540205.0,0.0
2021-01-13,66.5,67.0,66.4,67.0,9975934.0,0.0
2021-01-14,67.1,67.4,66.2,66.8,12022496.0,0.0
2021-01-15,66.5,66.7,66.0,66.0,8653439.0,0.0
2021-01-18,66.3,67.4,65.9,67.4,10241508.0,0.0
2021-01-19,67.4,67.4,66.8,67.1,7921753.0,0.0
2021-01-20,67.0,67.1,64.2,64.3,22329856.0,0.0
2021-01-21,66.0,66.4,65.6,66.1,9945923.0,0.0
2021-01-22,66.8,67.7,66.2,66.7,19862473.0,0.0
2021-01-25,66.8,66.8,66.3,66.7,8566323.0,0.0
2021-01-26,66.8,67.2,66.5,67.0,8086100.0,0.0
2021-01-27,67.6,67.6,67.0,67.2,8968726.0,0.0
2021-01-28,67.2,67.9,67.0,67.9,16614567.0,0.0
2021-01-29,67.7,68.9,67.5,68.0,18859130.0,0.0
2021-02-01,68.5,69.0,68.0,68.0,13265988.0,0.0
2021-02-02,67.8,68.3,66.6,67.6,13676302.0,0.0
2021-02-03,67.6,68.3,67.3,68.1,5337143.0,0.0
2021-02-04,67.7,68.5,67.6,68.5,8343704.0,0.0
2021-02-05,68.7,68.8,68.0,68.7,10806117.0,0.0
2021-02-17,68.4,69.0,67.6,68.8,15078585.0,0.0
2021-02-18,68.6,69.4,68.4,68.7,11019630.0,0.0
2021-02-19,68.4,68.8,68.1,68.4,7386629.0,0.0
2021-02-22,68.6,68.9,68.3,68.5,6153686.0,0.0
2021-02-23,68.5,69.5,68.3,69.0,8760000.0,0.0
2021-02-24,68.9,69.9,68.9,69.1,7337774.0,0.0
2021-02-25,69.7,69.9,69.1,69.9,7612921.0,0.0
2021-02-26,69.7,69.7,67.2,67.2,20033107.0,0.0
2021-03-02,69.0,69.0,68.0,68.0,11871824.0,0.0
2021-03-03,68.6,69.3,68.1,69.1,9564551.0,0.0
2021-03-04,68.8,69.1,67.9,68.5,9660690.0,0.0
2021-03-05,67.6,69.0,67.6,68.4,8843135.0,0.0
2021-03-08,69.0,69.3,68.4,68.8,4799771.0,0.0
2021-03-09,68.8,70.1,68.8,70.1,12934051.0,0.0
2021-03-10,70.4,70.6,70.1,70.2,7297723.0,0.0
2021-03-11,70.2,70.9,69.7,69.8,9209049.0,0.0
2021-03-12,70.0,70.0,69.6,70.0,6111527.0,0.0
2021-03-15,69.5,69.9,69.1,69.7,6618158.0,0.0
2021-03-16,69.7,69.8,69.3,69.3,6791615.0,0.0
2021-03-17,69.3,69.7,69.1,69.4,6444495.0,0.0
2021-03-18,69.3,70.2,69.3,70.1,7866929.0,0.0
2021-03-19,69.3,69.5,68.5,68.5,21017523.0,0.0
2021-03-22,68.5,69.4,68.4,69.0,3962323.0,0.0
2021-03-23,68.9,69.0,68.7,68.9,4119195.0,0.0
2021-03-24,68.9,69.3,68.5,68.5,5235720.0,0.0
2021-03-25,68.7,70.0,68.7,69.7,8197152.0,0.0
2021-03-26,70.2,71.7,70.2,71.2,15899635.0,0.0
2021-03-29,71.7,72.0,70.8,71.7,9099835.0,0.0
2021-03-30,71.7,73.0,71.6,73.0,12672118.0,0.0
2021-03-31,73.0,73.0,72.3,73.0,12598414.0,0.0
2021-04-01,72.6,72.9,72.3,72.5,5059347.0,0.0
2021-04-07,72.9,73.0,72.5,73.0,5937472.0,0.0
2021-04-08,73.0,73.2,72.8,73.0,4779118.0,0.0
2021-04-09,72.9,73.0,72.5,72.8,6973442.0,0.0
2021-04-12,72.3,72.8,72.3,72.5,5203577.0,0.0
2021-04-13,72.5,73.5,72.4,72.7,10067804.0,0.0
2021-04-14,72.4,73.1,72.0,73.0,6738384.0,0.0
2021-04-15,72.5,73.1,72.5,73.1,4242256.0,0.0
2021-04-16,73.1,73.2,72.8,73.2,5433840.0,0.0
2021-04-19,73.2,74.8,73.0,74.7,8590159.0,0.0
2021-04-20,74.8,75.8,74.8,75.8,11592148.0,0.0
2021-04-21,75.4,75.7,74.6,74.7,7432600.0,0.0
2021-04-22,75.0,76.4,74.9,76.0,14645259.0,0.0
2021-04-23,76.5,76.9,75.0,75.6,8134474.0,0.0
2021-04-26,74.8,75.5,74.1,75.5,9685131.0,0.0
2021-04-27,74.7,75.3,74.6,75.2,6215029.0,0.0
2021-04-28,74.7,75.9,74.2,75.8,7786145.0,0.0
2021-04-29,75.0,76.2,75.0,75.1,10202304.0,0.0
2021-05-03,74.1,76.0,74.1,74.5,7014203.0,0.0
2021-05-04,74.6,75.7,73.7,74.1,13596468.0,0.0
2021-05-05,73.9,74.2,72.5,73.0,6562542.0,0.0
2021-05-06,72.5,74.7,72.5,74.7,7850623.0,0.0
2021-05-07,74.7,75.1,74.4,74.6,3891213.0,0.0
2021-05-10,75.0,75.5,74.6,75.2,4399435.0,0.0
2021-05-11,75.5,75.5,74.1,74.7,6394802.0,0.0
2021-05-12,75.0,75.5,69.0,72.6,17898600.0,0.0
2021-05-13,72.9,74.2,71.8,72.7,12839562.0,0.0
2021-05-14,72.2,74.2,71.7,74.2,8780316.0,0.0
2021-05-17,74.3,76.9,72.0,72.6,19635691.0,0.0
2021-05-18,72.7,74.2,72.3,74.0,7481083.0,0.0
2021-05-19,73.0,74.0,72.9,73.4,4835109.0,0.0
2021-05-20,73.5,74.5,73.4,74.5,6890712.0,0.0
2021-05-21,75.0,76.0,74.1,75.0,8658419.0,0.0
2021-05-24,74.5,74.5,73.2,73.6,6171440.0,0.0
2021-05-25,73.3,73.7,73.0,73.2,5698977.0,0.0
2021-05-26,73.1,73.1,72.4,72.8,7006628.0,0.0
2021-05-27,73.0,73.0,71.9,72.0,18303698.0,0.0
2021-05-28,73.0,73.1,72.4,72.8,9308767.0,0.0
2021-05-31,73.4,73.7,72.6,73.6,6780213.0,0.0
2021-06-01,73.2,74.4,73.2,74.1,2773688.0,0.0
2021-06-02,73.9,74.8,73.6,74.5,6326449.0,0.0
2021-06-03,74.5,74.6,73.9,74.1,1990794.0,0.0
2021-06-04,73.2,73.9,73.1,73.6,3004968.0,0.0
2021-06-07,73.9,73.9,72.6,73.0,3876517.0,0.0
2021-06-08,73.6,73.6,72.8,73.4,2331324.0,0.0
2021-06-09,73.2,73.5,72.6,73.3,4014296.0,0.0
2021-06-10,73.2,73.5,72.6,73.1,4410763.0,0.0
2021-06-11,73.4,74.2,73.1,73.6,3949957.0,0.0
2021-06-15,73.4,73.9,73.1,73.6,2989202.0,0.0
2021-06-16,73.2,74.3,73.2,74.1,4093059.0,0.0
2021-06-17,73.0,73.3,72.2,73.2,5644234.0,0.0
2021-06-18,72.8,73.7,72.4,73.7,12993415.0,0.0
2021-06-21,72.7,73.2,72.1,72.6,5058592.0,0.0
2021-06-22,73.0,73.1,72.4,72.5,4512611.0,0.0
2021-06-23,72.5,73.5,72.5,73.3,4268523.0,0.0
2021-06-24,73.1,73.7,72.9,73.4,1528410.0,0.0
2021-06-25,73.2,73.8,73.1,73.5,3707532.0,0.0
2021-06-28,73.4,73.8,73.3,73.8,1597989.0,0.0
2021-06-29,73.4,73.7,73.0,73.5,2871417.0,0.0
2021-06-30,73.6,73.8,73.2,73.2,3867052.0,0.0
2021-07-01,73.2,73.5,72.7,72.7,2887332.0,0.0
2021-07-02,72.8,73.7,72.5,73.4,3455595.0,0.0
2021-07-05,73.5,73.9,73.0,73.9,4700722.0,0.0
2021-07-06,73.9,74.1,73.5,73.8,2931472.0,0.0
2021-07-07,73.2,73.9,73.2,73.9,2574797.0,0.0
2021-07-08,73.8,74.2,73.5,74.1,4347992.0,0.0
2021-07-09,73.5,74.1,72.6,73.8,6891065.0,0.0
2021-07-12,73.4,73.8,72.8,72.9,4369625.0,0.0
2021-07-13,73.5,73.9,73.1,73.9,5992155.0,0.0
2021-07-14,73.5,73.8,72.8,73.2,4598362.0,0.0
2021-07-15,72.8,73.4,72.8,73.4,3201089.0,0.0
2021-07-16,72.9,73.5,72.8,73.1,3668993.0,0.0
2021-07-19,72.6,73.3,72.4,73.2,4681370.0,0.0
2021-07-20,73.0,73.2,72.3,72.5,2607757.0,0.0
2021-07-21,72.3,72.8,72.2,72.7,3250513.0,0.0
2021-07-22,72.8,73.5,72.7,73.5,5195484.0,0.0
2021-07-23,73.5,73.6,73.0,73.2,2540019.0,0.0
2021-07-26,72.6,73.2,72.5,72.5,3002062.0,0.0
2021-07-27,73.0,73.3,72.6,73.3,3407985.0,0.0
2021-07-28,73.3,73.4,72.0,72.6,7101513.0,0.0
2021-07-29,72.9,73.5,72.8,73.5,5367122.0,0.0
2021-07-30,74.0,74.0,73.0,73.2,4351791.0,0.0
2021-08-02,73.7,74.9,73.4,74.7,11780499.0,0.0
2021-08-03,74.1,75.0,74.0,75.0,4675561.0,0.0
2021-08-04,74.2,76.0,74.2,75.5,9098418.0,0.0
2021-08-05,75.5,75.5,74.6,75.3,4375734.0,0.0
2021-08-06,75.1,75.2,74.2,75.2,5077108.0,0.0
2021-08-09,74.2,74.8,72.5,74.6,6352717.0,0.0
2021-08-10,74.8,75.0,73.7,75.0,4231396.0,0.0
2021-08-11,74.0,74.4,73.4,74.4,5060991.0,0.0
2021-08-12,74.0,74.0,72.5,73.0,7306556.0,0.0
2021-08-13,72.0,72.2,69.8,69.8,19985136.0,0.0
2021-08-16,69.5,70.6,69.3,70.1,13649189.0,0.0
2021-08-17,70.1,70.1,70.1,70.1,0.0,0.0
2021-08-18,69.8,70.2,69.5,70.1,6911187.0,0.0
2021-08-19,69.8,70.0,68.6,69.1,13381649.0,0.0
2021-08-20,69.8,70.0,68.6,68.9,9087240.0,0.0
2021-08-23,69.8,70.9,69.5,69.5,6367160.0,0.0
2021-08-24,69.9,70.5,69.8,70.5,2833461.0,0.0
2021-08-25,70.1,71.0,69.9,70.6,6316163.0,0.0
2021-08-26,70.0,70.9,69.7,69.8,9060502.0,0.0
2021-08-27,69.9,71.7,69.8,70.5,8011327.0,0.0
2021-08-30,70.6,71.6,70.5,71.6,5002266.0,0.0
2021-08-31,71.1,72.3,70.7,72.3,9033787.0,0.0
2021-09-01,71.5,72.0,71.1,71.4,4774405.0,0.0
2021-09-02,71.2,73.0,71.1,71.6,6899615.0,0.0
2021-09-03,72.1,72.4,71.3,72.0,5822699.0,0.0
2021-09-06,72.0,72.1,71.4,71.5,2931388.0,0.0
2021-09-07,71.4,71.5,70.6,70.7,6059780.0,0.0
2021-09-08,70.5,71.2,70.5,70.9,7096696.0,0.0
2021-09-09,68.1,68.2,67.0,67.2,15493354.0,2.7
2021-09-10,67.2,68.5,67.0,68.4,5666080.0,0.0
2021-09-13,68.5,69.1,68.3,69.1,4382908.0,0.0
2021-09-14,69.4,69.8,69.1,69.4,4443769.0,0.0
2021-09-15,69.4,69.8,69.2,69.4,4572285.0,0.0
2021-09-16,69.4,69.7,68.4,69.1,10135920.0,0.0
2021-09-17,69.4,70.4,69.3,69.6,12671054.0,0.0
2021-09-22,68.5,69.0,67.7,68.5,10054459.0,0.0
2021-09-23,68.7,69.3,68.6,68.8,5324938.0,0.0
2021-09-24,69.3,69.8,68.9,69.1,3565562.0,0.0
2021-09-27,69.5,70.0,69.1,69.5,4859563.0,0.0
2021-09-28,69.0,69.5,68.5,68.7,5177991.0,0.0
2021-09-29,68.8,68.9,67.8,68.6,8041662.0,0.0
2021-09-30,68.1,68.7,68.0,68.3,6224745.0,0.0
2021-10-01,67.9,68.5,66.9,67.1,10049816.0,0.0
2021-10-04,67.8,67.8,67.1,67.5,2832114.0,0.0
2021-10-05,67.1,67.2,66.3,66.7,7038446.0,0.0
2021-10-06,67.5,67.6,66.7,67.3,7223233.0,0.0
2021-10-07,67.9,68.5,67.4,68.0,6209325.0,0.0
2021-10-08,68.3,68.4,67.6,68.0,3629600.0,0.0
2021-10-12,67.2,67.9,66.7,67.2,7090139.0,0.0
2021-10-13,67.9,67.9,66.9,67.2,4002687.0,0.0
2021-10-14,67.9,68.5,67.7,67.7,3376954.0,0.0
2021-10-15,68.0,68.2,67.2,68.1,6092339.0,0.0
2021-10-18,68.1,68.3,67.8,68.1,3103590.0,0.0
2021-10-19,68.3,68.4,67.7,67.8,3020710.0,0.0
2021-10-20,67.9,68.2,67.4,67.4,6049411.0,0.0
2021-10-21,67.8,67.8,67.0,67.0,6562441.0,0.0
2021-10-22,67.0,67.4,66.8,67.3,4501124.0,0.0
2021-10-25,67.0,67.3,66.9,67.1,2764204.0,0.0
2021-10-26,67.5,67.7,67.0,67.3,8163528.0,0.0
2021-10-27,67.2,67.5,66.7,67.2,9537301.0,0.0
2021-10-28,67.2,67.3,66.7,67.2,3860102.0,0.0
2021-10-29,67.0,67.0,66.6,66.6,9006525.0,0.0
2021-11-01,66.8,67.1,66.8,66.9,4942539.0,0.0
2021-11-02,67.1,67.4,67.0,67.4,5108810.0,0.0
2021-11-03,67.3,67.9,67.0,67.5,4689998.0,0.0
2021-11-04,67.8,67.8,66.8,66.8,3820440.0,0.0
2021-11-05,66.7,67.1,66.6,67.1,5361395.0,0.0
2021-11-08,67.1,67.5,66.8,67.4,5380076.0,0.0
2021-11-09,67.0,67.3,66.7,67.3,10139058.0,0.0
2021-11-10,67.5,67.5,67.1,67.3,4482793.0,0.0
2021-11-11,67.3,67.5,66.9,67.2,8466882.0,0.0
2021-11-12,67.5,67.7,66.9,67.3,8363777.0,0.0
2021-11-15,67.5,68.0,67.3,68.0,10379870.0,0.0
2021-11-16,68.2,68.6,68.1,68.6,11143112.0,0.0
2021-11-17,68.5,68.6,67.7,68.4,10749353.0,0.0
2021-11-18,68.5,68.8,68.0,68.5,6968645.0,0.0
2021-11-19,68.5,68.7,68.1,68.2,5064630.0,0.0
2021-11-22,68.2,68.3,67.5,67.5,4153376.0,0.0
2021-11-23,67.5,67.6,67.0,67.1,6282876.0,0.0
2021-11-24,67.2,68.0,67.2,67.5,4947176.0,0.0
2021-11-25,68.0,68.2,67.8,68.1,2616078.0,0.0
2021-11-26,67.6,68.0,67.2,67.4,5058905.0,0.0
2021-11-29,67.1,67.7,67.0,67.3,5577363.0,0.0
2021-11-30,67.1,67.5,65.4,65.4,21517584.0,0.0
2021-12-01,66.1,67.5,66.0,67.1,8858421.0,0.0
2021-12-02,67.0,67.8,66.9,67.7,3652547.0,0.0
2021-12-03,67.8,68.0,67.1,67.5,6143132.0,0.0
2021-12-06,67.4,67.8,67.1,67.3,4300605.0,0.0
2021-12-07,67.2,68.5,67.0,68.5,7494508.0,0.0
2021-12-08,68.6,68.9,68.2,68.4,6437626.0,0.0
2021-12-09,68.5,68.9,68.3,68.9,4346908.0,0.0
2021-12-10,68.6,69.0,68.5,68.9,4450519.0,0.0
2021-12-13,68.9,69.0,68.2,68.4,5728795.0,0.0
2021-12-14,68.0,68.8,67.8,68.8,3577896.0,0.0
2021-12-15,68.8,68.9,68.2,68.4,4474167.0,0.0
2021-12-16,68.7,68.7,68.1,68.5,4625218.0,0.0
2021-12-17,68.0,68.7,67.9,67.9,10476851.0,0.0
2021-12-20,67.6,68.3,67.5,67.6,7161237.0,0.0
2021-12-21,67.9,68.2,67.7,67.9,4761631.0,0.0
2021-12-22,67.9,68.2,67.7,68.2,3537909.0,0.0
2021-12-23,67.9,68.4,67.8,68.3,2419700.0,0.0
2021-12-24,68.4,68.5,68.3,68.5,1484205.0,0.0
2021-12-27,68.5,68.7,68.4,68.4,2091101.0,0.0
2021-12-28,68.4,68.8,68.2,68.7,2578934.0,0.0
2021-12-29,68.9,69.6,68.8,69.4,5207377.0,0.0
2021-12-30,69.0,69.2,68.5,68.6,2998236.0,0.0
2022-01-03,68.8,69.3,68.3,68.4,2480896.0,0.0
2022-01-04,68.3,68.8,68.3,68.8,2719357.0,0.0
2022-01-05,68.2,68.9,68.0,68.9,3773631.0,0.0
2022-01-06,68.6,68.7,68.1,68.4,3978678.0,0.0
2022-01-07,68.3,68.4,68.0,68.0,3986984.0,0.0
2022-01-10,68.0,68.7,68.0,68.7,3242790.0,0.0
2022-01-11,68.1,68.9,68.1,68.7,3614754.0,0.0
2022-01-12,68.7,69.3,68.5,69.3,5685932.0,0.0
2022-01-13,69.4,69.8,69.3,69.8,4846905.0,0.0
2022-01-14,69.8,69.8,68.9,69.3,3540402.0,0.0
2022-01-17,68.5,69.0,68.3,68.8,4159690.0,0.0
2022-01-18,68.8,68.8,68.3,68.3,3092311.0,0.0
2022-01-19,68.9,68.9,68.2,68.3,3640536.0,0.0
2022-01-20,68.3,68.9,68.1,68.3,4424054.0,0.0
2022-01-21,67.8,67.9,66.9,67.8,9688063.0,0.0
2022-01-24,67.9,68.5,67.4,68.1,4463833.0,0.0
2022-01-25,67.0,67.6,66.7,67.6,8401919.0,0.0
2022-01-26,67.5,67.9,67.5,67.6,4738163.0,0.0
2022-02-07,66.3,67.3,66.3,67.0,14112559.0,0.0
2022-02-08,67.2,68.0,67.0,67.8,6816646.0,0.0
2022-02-09,67.5,68.4,67.5,68.4,3872841.0,0.0
2022-02-10,68.4,68.8,68.0,68.8,6767893.0,0.0
2022-02-11,68.0,68.8,68.0,68.8,5916373.0,0.0
2022-02-14,68.4,68.5,67.7,68.1,6166448.0,0.0
2022-02-15,67.9,68.5,67.7,67.9,6275522.0,0.0
2022-02-16,68.5,68.6,68.2,68.4,3987133.0,0.0
2022-02-17,68.5,68.8,68.1,68.5,6581965.0,0.0
2022-02-18,67.9,68.4,67.6,67.6,8360515.0,0.0
2022-02-21,67.6,68.6,67.6,68.5,4288081.0,0.0
2022-02-22,67.8,68.2,67.2,67.6,10078220.0,0.0
2022-02-23,67.6,68.2,67.6,68.0,5451935.0,0.0
2022-02-24,67.1,67.6,66.6,66.8,16495396.0,0.0
2022-02-25,67.1,67.3,66.6,67.1,12855997.0,0.0
2022-03-01,66.8,67.5,66.8,67.5,11607919.0,0.0
2022-03-02,67.4,68.0,67.1,68.0,6918470.0,0.0
2022-03-03,67.7,68.1,67.5,68.0,5250694.0,0.0
2022-03-04,67.0,67.8,66.7,67.2,6950691.0,0.0
2022-03-07,66.7,67.0,66.0,66.2,13116117.0,0.0
2022-03-08,66.1,66.2,64.5,65.4,18787548.0,0.0
2022-03-09,65.6,65.9,64.8,65.1,10769576.0,0.0
2022-03-10,65.5,66.1,65.3,66.0,7138100.0,0.0
2022-03-11,66.1,66.5,65.9,66.3,5660946.0,0.0
2022-03-14,66.4,66.5,65.4,65.5,8254604.0,0.0
2022-03-15,65.5,65.7,65.1,65.3,6617839.0,0.0
2022-03-16,65.1,65.4,64.5,65.3,15719146.0,0.0
2022-03-17,65.9,66.3,65.3,65.5,11945880.0,0.0
2022-03-18,65.5,65.7,65.3,65.5,12508072.0,0.0
2022-03-21,65.5,66.2,65.3,65.7,5931850.0,0.0
2022-03-22,65.8,65.9,65.4,65.5,6749125.0,0.0
2022-03-23,65.9,66.2,65.5,65.9,7095426.0,0.0
2022-03-24,65.7,65.8,65.5,65.6,5808108.0,0.0
2022-03-25,65.3,65.6,65.2,65.5,9149740.0,0.0
2022-03-28,65.2,65.5,65.1,65.5,6297891.0,0.0
2022-03-29,65.5,65.8,65.2,65.6,4119506.0,0.0
2022-03-30,65.9,65.9,65.5,65.7,7715431.0,0.0
2022-03-31,65.9,66.2,65.6,65.6,9815104.0,0.0
2022-04-01,65.4,66.1,65.2,66.1,6495762.0,0.0
2022-04-06,65.1,66.0,65.1,65.9,10569972.0,0.0
2022-04-07,65.4,66.2,65.3,65.5,11695181.0,0.0
2022-04-08,65.5,66.2,65.5,66.0,4510797.0,0.0
2022-04-11,66.0,66.1,65.5,65.5,5635488.0,0.0
2022-04-12,65.6,65.9,65.5,65.7,6024961.0,0.0
2022-04-13,66.1,66.3,65.8,66.0,4235916.0,0.0
2022-04-14,65.8,66.5,65.6,66.3,4353056.0,0.0
2022-04-15,66.3,68.0,66.2,67.4,11031520.0,0.0
2022-04-18,67.4,67.9,66.8,67.0,5031978.0,0.0
2022-04-19,67.4,67.6,66.8,66.8,3719322.0,0.0
2022-04-20,66.5,67.5,66.5,67.3,6458530.0,0.0
2022-04-21,67.8,67.9,67.3,67.5,5720199.0,0.0
2022-04-22,66.9,67.6,66.9,67.4,4980897.0,0.0
2022-04-25,67.1,67.8,66.8,67.6,10112830.0,0.0
2022-04-26,68.0,68.6,67.8,68.2,8368558.0,0.0
2022-04-27,67.8,68.1,67.1,67.3,7935023.0,0.0
2022-04-28,68.0,68.5,67.6,68.3,9381706.0,0.0
2022-04-29,68.3,68.6,67.8,68.4,4223372.0,0.0
2022-05-03,68.4,68.8,68.0,68.6,5750227.0,0.0
2022-05-04,68.3,68.6,68.0,68.2,3802752.0,0.0
2022-05-05,68.2,68.5,67.8,68.0,4171842.0,0.0
2022-05-06,67.3,68.0,67.2,67.3,9294590.0,0.0
2022-05-09,66.5,67.3,66.4,66.5,6122793.0,0.0
2022-05-10,66.3,67.2,66.0,66.9,6383490.0,0.0
2022-05-11,66.4,67.3,66.1,66.3,5429388.0,0.0
2022-05-12,66.2,66.3,65.2,65.3,7026720.0,0.0
2022-05-13,65.5,65.8,65.1,65.2,6349504.0,0.0
2022-05-16,66.0,66.0,64.1,64.5,10261208.0,0.0
2022-05-17,65.0,65.1,64.2,64.2,6198927.0,0.0
2022-05-18,64.1,65.5,64.1,65.1,5129162.0,0.0
2022-05-19,64.9,64.9,64.3,64.5,5243020.0,0.0
2022-05-20,65.0,65.2,64.5,64.6,3896506.0,0.0
2022-05-23,65.4,65.4,64.5,65.1,5864411.0,0.0
2022-05-24,64.8,65.0,64.4,64.4,6364006.0,0.0
2022-05-25,64.9,65.0,64.3,64.9,5950818.0,0.0
2022-05-26,65.2,65.4,64.5,64.9,4223079.0,0.0
2022-05-27,65.3,65.3,64.5,65.0,5951839.0,0.0
2022-05-30,65.3,66.0,65.0,66.0,7630463.0,0.0
2022-05-31,65.9,67.4,65.2,67.4,19605733.0,0.0
2022-06-01,66.6,66.6,65.6,65.6,7469800.0,0.0
2022-06-02,65.2,65.5,64.8,65.1,3455833.0,0.0
2022-06-06,65.5,65.6,64.5,65.2,5182293.0,0.0
2022-06-07,65.1,65.1,64.6,64.8,5247427.0,0.0
2022-06-08,65.4,65.4,65.1,65.3,3811231.0,0.0
2022-06-09,65.0,65.4,64.9,64.9,3284493.0,0.0
2022-06-10,64.5,64.9,64.3,64.6,3726759.0,0.0
2022-06-13,64.2,64.7,64.0,64.4,6595919.0,0.0
2022-06-14,64.5,64.5,64.0,64.0,4055408.0,0.0
2022-06-15,64.0,64.6,64.0,64.1,5750360.0,0.0
2022-06-16,64.7,64.7,64.1,64.2,5085453.0,0.0
2022-06-17,63.5,64.3,63.4,63.6,14604131.0,0.0
2022-06-20,63.6,63.9,63.0,63.0,7302996.0,0.0
2022-06-21,63.9,64.7,63.8,64.7,9162928.0,0.0
2022-06-22,64.5,64.9,64.0,64.0,4793493.0,0.0
2022-06-23,65.3,66.2,65.2,66.0,12930865.0,0.0
2022-06-24,66.7,66.8,65.8,66.4,6291609.0,0.0
2022-06-27,66.8,67.5,66.6,66.6,7916558.0,0.0
2022-06-28,66.9,67.1,66.7,67.1,4044458.0,0.0
2022-06-29,66.6,67.4,66.6,66.9,5416503.0,0.0
2022-06-30,66.8,67.6,66.6,67.0,10077345.0,0.0
2022-07-01,67.3,68.3,67.2,67.9,12168507.0,0.0
2022-07-04,67.9,68.7,67.8,68.0,11773097.0,0.0
2022-07-05,68.6,69.2,68.4,68.7,11681058.0,0.0
2022-07-06,69.3,70.2,69.2,69.6,14244595.0,0.0
2022-07-07,69.6,70.9,69.5,70.6,14007202.0,0.0
2022-07-08,69.9,69.9,67.9,68.8,10450770.0,0.0
2022-07-11,69.5,70.4,69.2,69.3,6620492.0,0.0
2022-07-12,68.7,69.6,68.7,69.5,6631266.0,0.0
2022-07-13,70.0,70.0,68.5,68.6,11112985.0,0.0
2022-07-14,69.0,69.4,68.5,69.1,8986176.0,0.0
2022-07-15,68.5,69.2,67.9,68.5,6215334.0,0.0
2022-07-18,68.0,68.2,67.2,67.9,7095329.0,0.0
2022-07-19,67.7,68.4,66.9,67.5,6607108.0,0.0
2022-07-20,70.1,71.7,67.5,67.8,20028858.0,0.0
2022-07-21,68.2,68.2,66.8,67.9,8442178.0,0.0
2022-07-22,68.5,69.8,67.7,69.6,10060713.0,0.0
2022-07-25,70.0,70.5,69.5,70.0,7256699.0,0.0
2022-07-26,69.5,70.5,69.5,70.5,6088475.0,0.0
2022-07-27,70.8,70.9,69.8,70.4,3955117.0,0.0
2022-07-28,70.5,70.5,69.4,69.9,5356360.0,0.0
2022-07-29,70.5,70.5,69.9,70.4,7385736.0,0.0
2022-08-01,70.4,70.4,69.6,70.0,7470880.0,0.0
2022-08-02,69.3,69.6,67.7,67.9,18718435.0,0.0
2022-08-03,67.7,68.7,67.5,68.5,7116082.0,0.0
2022-08-04,65.9,66.2,64.0,65.1,14868923.0,2.7
2022-08-05,66.4,66.4,65.4,65.8,4980139.0,0.0
2022-08-08,65.8,66.1,65.4,66.0,3795473.0,0.0
2022-08-09,66.3,66.4,65.7,66.2,3277499.0,0.0
2022-08-10,65.7,66.0,65.4,65.6,6012684.0,0.0
2022-08-11,65.6,66.1,65.4,66.0,5279518.0,0.0
2022-08-12,66.4,66.4,65.5,65.9,5237805.0,0.0
2022-08-15,66.1,66.2,65.7,65.7,5064853.0,0.0
2022-08-16,65.5,66.1,65.0,65.8,8209309.0,0.0
2022-08-17,66.0,66.0,65.4,66.0,6260783.0,0.0
2022-08-18,65.9,66.0,65.3,65.9,4300274.0,0.0
2022-08-19,65.5,66.1,65.5,65.8,4527902.0,0.0
2022-08-22,65.4,66.3,65.4,66.2,1371000.0,0.0
2022-08-23,66.0,66.2,65.7,65.9,3574734.0,0.0
2022-08-24,65.9,66.1,65.6,65.8,3413879.0,0.0
2022-08-25,65.8,66.5,65.8,66.1,2631310.0,0.0
2022-08-26,66.4,66.7,66.2,66.4,3682419.0,0.0
2022-08-29,64.9,66.3,64.9,66.0,6336419.0,0.0
2022-08-30,65.4,66.3,65.4,65.6,6065327.0,0.0
2022-08-31,65.6,66.1,65.4,66.0,9032143.0,0.0
2022-09-01,65.3,66.0,65.0,65.7,8331087.0,0.0
2022-09-02,65.5,66.0,65.4,65.5,4364405.0,0.0
2022-09-05,65.5,65.9,65.5,65.7,3496456.0,0.0
2022-09-06,66.0,66.4,65.5,66.4,5538440.0,0.0
2022-09-07,66.0,66.7,65.8,66.5,7938379.0,0.0
2022-09-08,66.6,67.0,66.2,66.9,4141088.0,0.0
2022-09-12,68.1,68.2,66.6,67.2,6186749.0,0.0
2022-09-13,67.8,68.0,67.2,67.8,6587151.0,0.0
2022-09-14,66.7,67.8,66.5,67.0,8245544.0,0.0
2022-09-15,66.7,67.2,66.1,66.9,6420521.0,0.0
2022-09-16,66.1,66.3,65.4,65.7,17321124.0,0.0
2022-09-19,65.5,65.8,64.9,65.2,8853568.0,0.0
2022-09-20,65.5,65.7,64.7,65.5,8020962.0,0.0
2022-09-21,65.1,65.8,65.0,65.7,4850113.0,0.0
2022-09-22,65.1,65.7,64.7,65.3,6649114.0,0.0
2022-09-23,65.5,65.8,65.1,65.5,5689320.0,0.0
2022-09-26,65.2,66.6,64.8,66.0,7200692.0,0.0
2022-09-27,66.3,66.4,65.6,65.9,6332137.0,0.0
2022-09-28,66.3,67.0,66.0,66.6,10695905.0,0.0
2022-09-29,67.2,67.7,66.6,67.5,9840247.0,0.0
2022-09-30,66.6,67.4,66.5,67.3,13562428.0,0.0
2022-10-03,66.6,67.2,66.2,66.4,5203697.0,0.0
2022-10-04,66.4,66.7,65.6,65.7,4748712.0,0.0
2022-10-05,65.7,66.3,65.7,66.3,5360696.0,0.0
2022-10-06,66.7,67.0,65.7,66.0,7395125.0,0.0
2022-10-07,65.7,66.1,65.5,65.7,5355006.0,0.0
2022-10-11,65.1,66.5,65.1,65.8,11658556.0,0.0
2022-10-12,66.1,67.0,66.1,66.9,9608620.0,0.0
2022-10-13,65.9,67.0,65.6,66.4,11725506.0,0.0
2022-10-14,67.0,67.0,65.9,66.1,7661582.0,0.0
2022-10-17,66.0,66.4,65.6,65.9,5234111.0,0.0
2022-10-18,66.0,66.0,65.2,65.3,6455933.0,0.0
2022-10-19,65.4,65.7,65.1,65.3,6612272.0,0.0
2022-10-20,65.0,65.3,63.8,64.7,13764709.0,0.0
2022-10-21,64.6,64.8,64.0,64.1,3990635.0,0.0
2022-10-24,64.9,65.3,64.5,65.1,6767320.0,0.0
2022-10-25,65.6,65.7,64.6,65.5,8854520.0,0.0
2022-10-26,65.5,65.8,65.0,65.6,5614244.0,0.0
2022-10-27,65.8,66.2,65.5,65.8,7521084.0,0.0
2022-10-28,66.1,66.1,65.3,65.8,3790611.0,0.0
2022-10-31,66.1,66.2,65.3,65.5,4897537.0,0.0
2022-11-01,65.5,66.2,65.3,66.1,5279339.0,0.0
2022-11-02,66.2,66.6,65.6,65.9,3659284.0,0.0
2022-11-03,66.0,66.0,65.1,65.6,6600204.0,0.0
2022-11-04,65.5,65.5,64.9,65.5,6873892.0,0.0
2022-11-07,65.1,65.8,65.0,65.8,5677370.0,0.0
2022-11-08,65.3,65.6,65.0,65.5,5832767.0,0.0
2022-11-09,65.2,65.4,64.8,65.3,8773959.0,0.0
2022-11-10,64.9,65.2,64.5,64.9,8347309.0,0.0
2022-11-11,65.5,65.9,65.1,65.4,8702207.0,0.0
2022-11-14,65.8,66.2,65.5,66.1,9687482.0,0.0
2022-11-15,65.7,66.1,65.5,66.0,8893896.0,0.0
2022-11-16,64.9,65.3,64.5,64.5,16044681.0,0.0
2022-11-17,64.5,64.7,63.9,64.1,12546162.0,0.0
2022-11-18,64.0,64.3,63.9,64.1,6843623.0,0.0
2022-11-21,64.1,64.4,63.7,64.2,9989475.0,0.0
2022-11-22,63.6,63.8,63.3,63.8,13328471.0,0.0
2022-11-23,64.0,64.1,63.3,64.0,11236325.0,0.0
2022-11-24,64.3,65.3,63.6,65.3,19251219.0,0.0
2022-11-25,64.5,65.7,64.2,65.7,17937908.0,0.0
2022-11-28,64.8,65.3,64.1,65.3,23420464.0,0.0
2022-11-29,65.1,65.8,64.6,65.8,15023676.0,0.0
2022-11-30,65.5,66.3,65.2,66.1,32027609.0,0.0
2022-12-01,66.2,66.2,65.3,65.9,18199509.0,0.0
2022-12-02,65.2,65.4,64.8,65.0,15132406.0,0.0
2022-12-05,65.0,65.5,64.8,65.4,9685275.0,0.0
2022-12-06,65.1,65.3,64.6,64.6,13143721.0,0.0
2022-12-07,65.0,65.6,64.7,65.2,13655538.0,0.0
2022-12-08,64.9,65.1,64.4,65.0,9134317.0,0.0
2022-12-09,65.4,66.0,65.0,66.0,8280741.0,0.0
2022-12-12,65.5,66.0,65.2,65.8,4965756.0,0.0
2022-12-13,66.0,66.2,65.1,65.4,9663360.0,0.0
2022-12-14,65.9,66.0,65.6,66.0,7391928.0,0.0
2022-12-15,65.7,66.0,65.4,65.5,7404684.0,0.0
2022-12-16,65.0,65.7,64.9,65.3,10705789.0,0.0
2022-12-19,64.9,65.6,64.9,65.3,4918421.0,0.0
2022-12-20,65.1,66.0,65.0,65.6,5901447.0,0.0
2022-12-21,65.9,65.9,65.0,65.4,6331176.0,0.0
2022-12-22,65.5,65.9,65.2,65.9,3353148.0,0.0
2022-12-23,65.2,65.9,65.2,65.9,2794840.0,0.0
2022-12-26,65.8,66.0,65.7,65.8,1546875.0,0.0
2022-12-27,66.0,66.3,65.9,66.2,3748499.0,0.0
2022-12-28,65.8,66.2,65.6,66.2,5295483.0,0.0
2022-12-29,65.7,66.4,65.7,66.3,5965204.0,0.0
2022-12-30,66.2,66.9,66.1,66.6,6922370.0,0.0
2023-01-03,65.8,66.9,65.7,66.6,6156379.0,0.0
2023-01-04,66.1,66.8,66.1,66.5,6471487.0,0.0
2023-01-05,66.5,66.8,66.2,66.6,7266554.0,0.0
2023-01-06,66.8,67.2,66.5,66.6,6589068.0,0.0
2023-01-09,67.5,67.8,67.2,67.6,10123171.0,0.0
2023-01-10,67.6,67.7,66.7,67.1,7377383.0,0.0
2023-01-11,67.2,67.5,66.7,66.9,5721541.0,0.0
2023-01-12,67.3,67.7,67.0,67.1,10420369.0,0.0
2023-01-13,67.8,67.9,67.3,67.5,4437599.0,0.0
2023-01-16,68.0,68.2,67.3,68.0,5141728.0,0.0
2023-01-17,68.0,68.0,67.6,67.9,7101739.0,0.0
2023-01-30,68.2,68.6,66.7,68.0,20157167.0,0.0
2023-01-31,68.1,68.1,67.1,67.3,10727388.0,0.0
2023-02-01,67.2,67.4,66.8,67.1,5678018.0,0.0
2023-02-02,67.4,67.5,66.8,67.5,6938006.0,0.0
2023-02-03,67.0,67.0,66.2,66.3,9245515.0,0.0
2023-02-06,66.4,66.7,66.1,66.2,5831670.0,0.0
2023-02-07,66.3,66.8,66.2,66.8,5361110.0,0.0
2023-02-08,66.4,66.8,66.4,66.6,3209843.0,0.0
2023-02-09,66.5,66.8,66.5,66.8,2113182.0,0.0
2023-02-10,66.3,66.8,66.3,66.6,3150692.0,0.0
2023-02-13,66.5,67.1,66.2,67.1,5562912.0,0.0
2023-02-14,67.2,67.4,66.8,67.0,3797801.0,0.0
2023-02-15,66.8,67.1,66.4,66.5,3681363.0,0.0
2023-02-16,66.6,66.8,66.3,66.3,4249679.0,0.0
2023-02-17,66.3,66.5,66.3,66.4,3396096.0,0.0
2023-02-20,66.3,66.6,66.3,66.4,2884003.0,0.0
2023-02-21,66.7,66.8,66.5,66.8,2259084.0,0.0
2023-02-22,66.6,66.8,66.4,66.6,4711681.0,0.0
2023-02-23,66.8,67.5,66.5,67.2,9299152.0,0.0
2023-02-24,67.2,67.6,66.9,67.5,10035318.0,0.0
2023-03-01,66.8,67.7,66.8,67.1,8971000.0,0.0
2023-03-02,67.1,68.0,66.9,68.0,7360575.0,0.0
2023-03-03,68.3,68.6,68.2,68.4,7615821.0,0.0
2023-03-06,68.9,69.2,68.5,69.0,8221288.0,0.0
2023-03-07,69.1,69.2,68.6,68.8,5917314.0,0.0
2023-03-08,68.5,69.0,68.0,68.9,5340861.0,0.0
2023-03-09,68.7,68.8,68.2,68.8,5260387.0,0.0
2023-03-10,68.8,69.1,68.1,68.4,5692509.0,0.0
2023-03-13,68.4,68.7,68.2,68.5,7034950.0,0.0
2023-03-14,68.0,68.9,67.7,68.9,8230623.0,0.0
2023-03-15,68.6,69.2,68.3,69.2,6722061.0,0.0
2023-03-16,69.0,69.2,68.5,69.2,7523872.0,0.0
2023-03-17,68.9,69.0,68.5,68.7,11195878.0,0.0
2023-03-20,69.2,69.5,68.9,69.0,4533301.0,0.0
2023-03-21,69.3,69.8,69.0,69.3,5635633.0,0.0
2023-03-22,69.8,69.8,69.2,69.6,6392138.0,0.0
2023-03-23,69.6,69.9,69.3,69.8,5679804.0,0.0
2023-03-24,70.0,70.5,69.7,70.4,6855532.0,0.0
2023-03-27,70.5,71.4,70.4,71.0,9718516.0,0.0
2023-03-28,71.2,71.8,71.0,71.3,10039382.0,0.0
2023-03-29,71.5,72.0,71.0,71.9,9121274.0,0.0
2023-03-30,72.1,72.2,71.8,72.0,6603170.0,0.0
2023-03-31,72.0,72.2,71.9,71.9,6898699.0,0.0
2023-04-06,72.1,73.4,71.9,72.6,14048644.0,0.0
2023-04-07,72.6,72.6,71.9,71.9,4180589.0,0.0
2023-04-10,71.9,72.7,71.6,72.5,3537592.0,0.0
2023-04-11,72.8,73.9,72.5,73.9,9143098.0,0.0
2023-04-12,73.9,73.9,73.0,73.1,8670658.0,0.0
2023-04-13,73.0,73.8,72.7,73.8,7449471.0,0.0
2023-04-14,73.8,73.8,72.9,73.1,4841776.0,0.0
2023-04-17,73.0,73.5,72.8,73.3,3850160.0,0.0
2023-04-18,73.4,73.8,73.3,73.6,5726671.0,0.0
2023-04-19,73.6,73.6,72.9,73.6,6952399.0,0.0
2023-04-20,73.0,73.4,72.1,72.5,6937512.0,0.0
2023-04-21,72.5,73.3,72.5,73.0,5494298.0,0.0
2023-04-24,72.8,73.1,72.6,73.0,4849562.0,0.0
2023-04-25,73.2,73.5,72.9,73.0,7502270.0,0.0
2023-04-26,73.0,74.0,73.0,73.9,9673215.0,0.0
2023-04-27,73.5,73.8,73.0,73.5,4666303.0,0.0
2023-04-28,73.5,73.6,72.7,73.6,5924247.0,0.0
2023-05-02,73.7,73.9,73.4,73.9,5567496.0,0.0
2023-05-03,74.0,74.0,73.1,73.5,3159328.0,0.0
2023-05-04,73.5,74.1,73.3,74.1,6073551.0,0.0
2023-05-05,74.1,74.3,73.6,73.9,2294008.0,0.0
2023-05-08,74.1,74.4,73.7,74.4,5115590.0,0.0
2023-05-09,74.4,74.6,74.1,74.4,4105255.0,0.0
2023-05-10,74.7,74.7,74.2,74.5,3554224.0,0.0
2023-05-11,74.0,74.6,73.6,74.4,3680586.0,0.0
2023-05-12,74.6,75.0,74.3,74.6,5194428.0,0.0
2023-05-15,74.1,74.8,74.1,74.6,5371078.0,0.0
2023-05-16,75.0,75.1,74.6,74.9,7666087.0,0.0
2023-05-17,75.0,76.2,74.7,76.2,15182486.0,0.0
2023-05-18,75.6,76.0,75.2,75.3,9255193.0,0.0
2023-05-19,75.7,75.9,75.1,75.4,8267986.0,0.0
2023-05-22,75.3,76.0,75.0,75.7,5136486.0,0.0
2023-05-23,75.9,76.0,75.6,75.7,4171496.0,0.0
2023-05-24,75.5,75.8,74.9,75.6,6806281.0,0.0
2023-05-25,75.0,75.4,74.6,74.9,4203852.0,0.0
2023-05-26,74.5,74.8,74.1,74.6,6976712.0,0.0
2023-05-29,75.1,75.2,74.7,74.7,3496437.0,0.0
2023-05-30,74.7,74.9,74.1,74.3,6752424.0,0.0
2023-05-31,74.5,74.9,74.3,74.3,20975075.0,0.0
2023-06-01,74.3,74.8,74.1,74.5,4436925.0,0.0
2023-06-02,74.9,75.4,74.7,75.1,9007581.0,0.0
2023-06-05,75.1,75.4,74.6,74.7,3813166.0,0.0
2023-06-06,74.4,75.0,74.4,74.8,6804028.0,0.0
2023-06-07,75.3,75.5,74.8,75.4,10119133.0,0.0
2023-06-08,75.4,75.7,75.1,75.4,5283840.0,0.0
2023-06-09,75.8,76.0,75.5,76.0,5828929.0,0.0
2023-06-12,76.0,76.6,75.9,76.2,5130292.0,0.0
2023-06-13,76.2,76.5,75.9,76.1,6921690.0,0.0
2023-06-14,76.1,76.5,76.0,76.4,3814812.0,0.0
2023-06-15,76.0,76.4,75.8,76.3,5611275.0,0.0
2023-06-16,76.2,78.6,76.0,77.2,20520726.0,0.0
2023-06-19,76.8,78.8,76.4,78.8,16433013.0,0.0
2023-06-20,78.0,78.7,77.1,78.2,15968791.0,0.0
2023-06-21,78.0,78.0,76.3,77.4,8467070.0,0.0
2023-06-26,76.1,77.2,75.8,76.2,8303696.0,0.0
2023-06-27,75.6,76.6,75.6,76.2,3799714.0,0.0
2023-06-28,75.8,76.3,75.8,76.3,4796323.0,0.0
2023-06-29,76.5,76.9,76.1,76.3,5746008.0,0.0
2023-06-30,75.9,76.8,75.8,76.3,7479051.0,0.0
2023-07-03,76.9,77.2,76.5,76.5,4838676.0,0.0
2023-07-04,76.1,77.0,75.8,76.9,5385679.0,0.0
2023-07-05,76.3,76.9,75.5,75.8,4841228.0,0.0
2023-07-06,74.2,74.4,73.3,74.0,12894984.0,0.0
2023-07-07,73.1,73.5,72.5,73.2,11849488.0,0.0
2023-07-10,73.3,74.1,73.3,73.7,4612738.0,0.0
2023-07-11,73.7,74.9,73.7,74.8,5204178.0,0.0
2023-07-12,74.0,74.8,73.7,74.8,7999190.0,0.0
2023-07-13,74.9,75.5,74.5,74.7,5340793.0,0.0
2023-07-14,74.7,75.9,74.6,75.6,6195521.0,0.0
2023-07-17,76.0,76.2,75.4,75.7,5316952.0,0.0
2023-07-18,75.2,76.6,75.0,76.1,9286920.0,0.0
2023-07-19,76.1,76.7,75.7,76.4,9638775.0,0.0
2023-07-20,76.0,76.5,75.9,76.5,7697068.0,0.0
2023-07-21,75.0,76.5,75.0,75.6,9965115.0,0.0
2023-07-24,75.8,76.5,75.2,76.3,11674730.0,0.0
2023-07-25,76.3,76.4,75.6,75.6,5797650.0,0.0
2023-07-26,75.6,76.4,75.6,76.3,4669461.0,0.0
2023-07-27,76.5,77.2,76.1,76.4,6348543.0,0.0
2023-07-28,75.8,76.4,75.6,75.9,6180810.0,0.0
2023-07-31,76.2,76.3,75.2,75.3,10461790.0,0.0
2023-08-01,75.5,76.5,75.4,76.5,10095570.0,0.0
2023-08-02,75.4,76.2,75.4,76.2,12388252.0,0.0
2023-08-04,73.1,73.1,71.0,71.1,17425012.0,3.15
2023-08-07,71.5,72.0,71.3,71.7,6815870.0,0.0
2023-08-08,71.7,72.0,70.8,71.0,8631249.0,0.0
2023-08-09,71.4,71.7,70.7,71.1,6122945.0,0.0
2023-08-10,71.1,71.2,70.2,70.7,7626966.0,0.0
2023-08-11,71.2,72.5,71.0,72.3,6493438.0,0.0
2023-08-14,72.5,72.8,71.8,72.8,6385164.0,0.0
2023-08-15,72.8,73.2,72.2,72.3,5511385.0,0.0
2023-08-16,71.5,72.6,71.4,72.5,6005206.0,0.0
2023-08-17,71.7,73.1,71.4,72.8,11499563.0,0.0
2023-08-18,72.4,72.6,72.1,72.4,3394466.0,0.0
2023-08-21,72.4,72.5,71.8,72.2,3002680.0,0.0
2023-08-22,72.2,72.2,71.6,71.8,2312961.0,0.0
2023-08-23,72.4,72.4,71.5,72.2,3406545.0,0.0
2023-08-24,72.1,72.1,71.6,71.7,3216628.0,0.0
2023-08-25,71.4,71.5,70.9,71.1,4091082.0,0.0
2023-08-28,71.0,71.5,70.6,71.1,4257934.0,0.0
2023-08-29,71.1,72.4,70.9,72.4,6399666.0,0.0
2023-08-30,72.5,73.1,72.2,72.8,8147117.0,0.0
2023-08-31,72.5,72.5,70.7,70.7,14266579.0,0.0
2023-09-01,71.1,71.4,70.5,70.7,8200873.0,0.0
2023-09-04,70.6,70.9,70.3,70.8,7223453.0,0.0
2023-09-05,70.5,71.0,70.4,71.0,4314609.0,0.0
2023-09-06,70.8,70.8,70.1,70.3,8350839.0,0.0
2023-09-07,70.0,70.5,69.9,70.2,5264673.0,0.0
2023-09-08,70.0,70.8,70.0,70.8,2772787.0,0.0
2023-09-11,70.7,70.9,70.5,70.5,2835688.0,0.0
2023-09-12,70.9,71.0,70.3,70.7,4414970.0,0.0
2023-09-13,70.7,70.9,70.5,70.9,4144068.0,0.0
2023-09-14,70.8,70.9,70.5,70.6,5318445.0,0.0
2023-09-15,70.9,71.1,70.7,71.1,9336793.0,0.0
2023-09-18,70.8,71.0,70.6,70.9,2558882.0,0.0
2023-09-19,70.7,70.9,70.6,70.7,2414512.0,0.0
2023-09-20,70.7,71.2,70.6,70.9,4093767.0,0.0
2023-09-21,70.9,71.6,69.7,69.8,10033076.0,0.0
2023-09-22,69.6,70.1,69.6,69.8,3477667.0,0.0
2023-09-25,70.0,70.5,69.9,70.3,3025161.0,0.0
2023-09-26,69.8,70.3,69.7,70.1,4231562.0,0.0
2023-09-27,70.0,70.3,69.9,70.3,4233870.0,0.0
2023-09-28,70.0,70.4,69.9,70.1,4907068.0,0.0
2023-10-02,70.1,70.5,70.0,70.3,4189245.0,0.0
2023-10-03,70.0,70.3,69.8,69.8,4291566.0,0.0
2023-10-04,68.9,69.3,67.5,67.7,14388269.0,0.0
2023-10-05,67.9,69.0,67.7,68.6,9132682.0,0.0
2023-10-06,68.5,68.8,68.4,68.7,5876550.0,0.0
2023-10-11,70.5,70.5,69.1,70.0,13924168.0,0.0
2023-10-12,70.0,70.0,69.1,69.5,8905419.0,0.0
2023-10-13,69.1,69.4,68.8,69.0,6522665.0,0.0
2023-10-16,69.0,69.1,68.6,69.0,4209143.0,0.0
2023-10-17,69.3,69.7,69.0,69.3,5522467.0,0.0
2023-10-18,69.5,69.6,68.6,68.6,13133045.0,0.0
2023-10-19,68.2,69.2,68.2,68.6,4624328.0,0.0
2023-10-20,67.7,68.0,67.5,67.6,8284410.0,0.0
2023-10-23,67.5,68.0,67.4,67.7,5988049.0,0.0
2023-10-24,67.6,68.2,67.5,68.0,4829746.0,0.0
2023-10-25,68.0,68.2,67.6,67.6,4853918.0,0.0
2023-10-26,67.3,67.7,66.8,67.3,10575530.0,0.0
2023-10-27,67.3,67.6,67.1,67.3,7969629.0,0.0
2023-10-30,67.4,67.9,67.1,67.6,8910812.0,0.0
2023-10-31,67.3,68.2,67.3,67.9,11639665.0,0.0
2023-11-01,67.7,68.5,67.6,68.1,6212888.0,0.0
2023-11-02,68.6,69.8,68.6,69.3,8131692.0,0.0
2023-11-03,69.1,70.0,68.8,70.0,7609167.0,0.0
2023-11-06,70.5,70.5,70.0,70.2,6165587.0,0.0
2023-11-07,69.8,69.9,69.2,69.7,6671601.0,0.0
2023-11-08,69.7,70.4,69.5,70.1,6370715.0,0.0
2023-11-09,70.3,70.7,70.1,70.4,3889649.0,0.0
2023-11-10,70.1,70.3,69.6,69.8,3563805.0,0.0
2023-11-13,70.0,70.5,69.4,69.8,4851900.0,0.0
2023-11-14,70.3,70.3,69.8,70.0,5588319.0,0.0
2023-11-15,70.7,70.8,70.0,70.5,9657630.0,0.0
2023-11-16,71.0,71.4,70.8,71.1,8964205.0,0.0
2023-11-17,71.4,71.5,70.9,71.0,6878838.0,0.0
2023-11-20,71.6,71.6,70.7,71.5,5533539.0,0.0
2023-11-21,71.6,72.3,71.3,71.9,15805600.0,0.0
2023-11-22,72.0,72.9,71.8,71.8,17474402.0,0.0
2023-11-23,72.1,73.6,72.1,72.5,21787285.0,0.0
2023-11-24,73.5,73.9,72.6,72.6,26512605.0,0.0
2023-11-27,72.8,73.7,72.0,72.0,25970469.0,0.0
2023-11-28,72.6,73.2,71.8,71.8,25842627.0,0.0
2023-11-29,72.1,73.2,72.1,72.2,22219967.0,0.0
2023-11-30,72.2,73.2,72.1,73.0,38008710.0,0.0
2023-12-01,72.7,74.5,72.6,74.3,19513956.0,0.0
2023-12-04,74.4,75.1,74.1,74.4,14524168.0,0.0
2023-12-05,73.8,74.7,73.7,74.0,11519746.0,0.0
2023-12-06,74.1,74.5,73.1,73.3,6879331.0,0.0
2023-12-07,73.5,74.4,73.3,74.1,4742519.0,0.0
2023-12-08,74.6,74.6,73.7,74.1,5782648.0,0.0
2023-12-11,74.1,74.4,73.7,74.1,6482174.0,0.0
2023-12-12,74.9,75.0,74.0,74.0,4992752.0,0.0
2023-12-13,74.4,74.4,73.1,73.2,4869258.0,0.0
2023-12-14,73.0,74.4,73.0,73.8,7697144.0,0.0
2023-12-15,74.3,74.7,73.7,73.7,11604898.0,0.0
2023-12-18,73.5,74.7,73.5,74.2,9468274.0,0.0
2023-12-19,73.7,74.1,73.3,73.8,10935184.0,0.0
2023-12-20,73.8,74.6,73.8,74.3,11799434.0,0.0
2023-12-21,73.6,74.3,73.4,73.7,10506549.0,0.0
2023-12-22,73.4,74.1,73.1,73.1,10672369.0,0.0
2023-12-25,73.2,73.5,72.9,73.4,2743485.0,0.0
2023-12-26,73.6,73.8,73.2,73.5,3042523.0,0.0
2023-12-27,73.3,74.1,73.1,73.9,6497178.0,0.0
2023-12-28,73.4,74.3,73.3,74.2,6260920.0,0.0
2023-12-29,73.9,74.6,73.8,74.5,6601591.0,0.0
2024-01-02,74.4,74.5,73.4,74.1,6713192.0,0.0
2024-01-03,73.3,73.5,72.1,73.0,9562524.0,0.0
2024-01-04,72.6,72.8,72.3,72.5,4954040.0,0.0
2024-01-05,73.2,73.2,72.4,72.8,6700965.0,0.0
2024-01-08,73.0,73.5,72.5,73.0,3219308.0,0.0
2024-01-09,73.2,73.3,72.5,72.5,3214977.0,0.0
2024-01-10,72.5,72.6,72.3,72.5,3432036.0,0.0
2024-01-11,73.0,73.0,72.3,72.3,3992710.0,0.0
2024-01-12,72.1,72.6,71.8,72.6,5054765.0,0.0
2024-01-15,72.5,72.5,71.9,72.2,3282479.0,0.0
2024-01-16,71.4,71.9,70.6,71.2,8868067.0,0.0
2024-01-17,70.7,71.5,70.3,70.3,8707870.0,0.0
2024-01-18,70.7,71.2,70.4,71.1,6378839.0,0.0
2024-01-19,70.3,71.5,70.3,71.5,4493236.0,0.0
2024-01-22,71.1,71.2,70.5,70.6,4809818.0,0.0
2024-01-23,71.0,71.5,70.8,71.5,3667495.0,0.0
2024-01-24,71.7,71.7,71.1,71.3,2598632.0,0.0
2024-01-25,71.6,71.7,71.2,71.7,3068080.0,0.0
2024-01-26,71.1,71.7,71.1,71.5,3567269.0,0.0
2024-01-29,71.2,71.7,71.1,71.5,3371740.0,0.0
2024-01-30,71.7,71.9,71.3,71.5,3848467.0,0.0
2024-01-31,71.9,72.4,71.5,72.4,5352524.0,0.0
2024-02-01,73.0,73.5,72.5,73.5,7638751.0,0.0
2024-02-02,73.0,73.1,72.6,73.1,3081775.0,0.0
2024-02-05,72.3,73.4,72.2,73.1,5330195.0,0.0
2024-02-15,75.2,75.2,72.9,73.5,10420816.0,0.0
2024-02-16,73.8,73.8,73.1,73.5,5892715.0,0.0
2024-02-19,74.1,74.6,73.4,74.6,7784411.0,0.0
2024-02-20,74.6,76.1,74.5,76.1,13299687.0,0.0
2024-02-21,76.1,76.8,75.6,76.8,8214468.0,0.0
2024-02-22,76.3,76.5,75.7,76.5,4267193.0,0.0
2024-02-23,76.0,76.2,75.6,75.8,4221596.0,0.0
2024-02-26,75.3,75.6,75.0,75.5,4274436.0,0.0
2024-02-27,75.0,75.9,75.0,75.3,6356572.0,0.0
2024-02-29,75.0,76.7,75.0,76.7,10691427.0,0.0
2024-03-01,75.9,76.1,75.4,75.8,5191660.0,0.0
2024-03-04,75.3,76.3,75.3,76.2,4322980.0,0.0
2024-03-05,75.9,76.2,75.6,75.9,4069186.0,0.0
2024-03-06,75.8,76.5,75.6,76.5,4065566.0,0.0
2024-03-07,76.7,77.0,76.2,76.8,7642078.0,0.0
2024-03-08,75.8,76.3,75.3,75.7,10750293.0,0.0
2024-03-11,76.5,76.8,75.5,76.6,8545415.0,0.0
2024-03-12,76.5,76.8,76.0,76.6,5443342.0,0.0
2024-03-13,76.0,78.6,76.0,78.0,15016982.0,0.0
2024-03-14,78.1,78.5,77.3,77.8,12731397.0,0.0
2024-03-15,77.8,77.8,77.0,77.5,14760124.0,0.0
2024-03-18,77.0,77.7,76.3,76.3,7533359.0,0.0
2024-03-19,75.7,76.4,75.6,75.9,17313554.0,0.0
2024-03-20,75.9,76.7,75.9,76.5,10338989.0,0.0
2024-03-21,76.5,77.3,76.3,76.6,11298206.0,0.0
2024-03-22,76.3,76.6,74.9,75.4,10657545.0,0.0
2024-03-25,75.0,76.0,75.0,75.6,3630568.0,0.0
2024-03-26,75.6,75.7,74.4,75.5,15382171.0,0.0
2024-03-27,74.9,76.6,74.9,76.6,14909836.0,0.0
2024-03-28,76.0,76.7,75.5,76.4,16904718.0,0.0
2024-03-29,76.5,77.0,75.8,76.5,8096000.0,0.0
2024-04-01,77.1,77.2,76.4,76.5,5692707.0,0.0
2024-04-02,76.0,76.4,75.3,75.5,8530662.0,0.0
2024-04-03,75.3,75.7,75.2,75.3,6867655.0,0.0
2024-04-08,74.5,75.9,74.5,75.4,6114997.0,0.0
2024-04-09,75.1,76.5,75.1,76.5,6052687.0,0.0
2024-04-10,76.1,76.7,76.1,76.4,5093491.0,0.0
2024-04-11,76.6,76.8,75.9,76.4,6497995.0,0.0
2024-04-12,75.9,76.8,75.6,76.8,7742141.0,0.0
2024-04-15,76.2,77.0,76.2,76.7,4920136.0,0.0
2024-04-16,75.8,76.2,74.5,74.5,11406743.0,0.0
2024-04-17,74.6,76.2,74.6,75.4,7810011.0,0.0
2024-04-18,75.1,77.2,75.1,76.8,11461140.0,0.0
2024-04-19,76.8,76.8,75.2,76.0,11521274.0,0.0
2024-04-22,76.5,78.9,76.5,78.9,13335523.0,0.0
2024-04-23,77.8,78.9,77.7,78.4,5903122.0,0.0
2024-04-24,77.8,78.1,76.8,77.0,7790919.0,0.0
2024-04-25,76.5,76.7,76.0,76.1,6792804.0,0.0
2024-04-26,75.8,77.2,75.7,76.5,5477220.0,0.0
2024-04-29,76.6,77.5,76.6,77.3,6756910.0,0.0
2024-04-30,76.9,77.8,76.5,76.5,8946351.0,0.0
2024-05-02,76.2,76.9,75.8,76.0,9747616.0,0.0
2024-05-03,76.5,77.2,75.9,76.0,10988554.0,0.0
2024-05-06,76.5,78.2,76.2,77.6,7935000.0,0.0
2024-05-07,77.1,77.3,76.4,77.0,10401773.0,0.0
2024-05-08,76.6,77.0,76.4,77.0,6379840.0,0.0
2024-05-09,76.7,76.9,76.1,76.3,4913713.0,0.0
2024-05-10,76.5,77.2,76.5,77.2,7462084.0,0.0
2024-05-13,77.5,78.2,77.3,78.2,7485873.0,0.0
2024-05-14,78.1,78.7,77.6,78.3,10223081.0,0.0
2024-05-15,78.9,79.3,78.0,79.1,10339891.0,0.0
2024-05-16,79.9,80.5,79.1,79.8,15581002.0,0.0
2024-05-17,79.6,80.0,78.9,79.2,14975022.0,0.0
2024-05-20,77.9,78.9,76.3,77.9,21334206.0,0.0
2024-05-21,77.8,79.5,77.8,79.2,16553892.0,0.0
2024-05-22,80.2,80.3,79.0,80.3,19122159.0,0.0
2024-05-23,79.4,81.5,79.3,80.8,19135371.0,0.0
2024-05-24,80.1,80.7,79.1,79.1,11020974.0,0.0
2024-05-27,78.9,80.4,78.8,79.6,10506624.0,0.0
2024-05-28,79.6,79.8,78.4,78.5,10303349.0,0.0
2024-05-29,77.3,78.3,76.8,76.8,14653177.0,0.0
2024-05-30,77.0,77.8,76.6,77.0,10933734.0,0.0
2024-05-31,77.3,80.3,76.9,80.0,32149101.0,0.0
2024-06-03,79.5,80.2,78.8,80.1,14677694.0,0.0
2024-06-04,78.7,80.2,78.4,79.3,10960400.0,0.0
2024-06-05,79.1,80.0,78.8,79.5,10171886.0,0.0
2024-06-06,79.3,80.5,79.3,80.3,9489511.0,0.0
2024-06-07,79.6,80.3,79.5,80.3,7380129.0,0.0
2024-06-11,79.1,79.5,78.7,79.0,9183070.0,0.0
2024-06-12,80.1,80.7,79.2,80.3,6983900.0,0.0
2024-06-13,80.5,81.0,80.0,80.9,7727267.0,0.0
2024-06-14,81.2,82.0,80.9,81.7,6375372.0,0.0
2024-06-17,81.0,82.0,81.0,81.7,3713341.0,0.0
2024-06-18,81.7,82.0,80.7,81.5,8563737.0,0.0
2024-06-19,82.0,82.4,80.8,82.1,9445343.0,0.0
2024-06-20,81.5,81.5,80.4,81.0,9152269.0,0.0
2024-06-21,81.0,82.0,80.7,81.5,10922217.0,0.0
2024-06-24,82.3,82.9,81.0,82.9,10710029.0,0.0
2024-06-25,83.2,83.5,81.9,83.2,10155300.0,0.0
2024-06-26,82.5,83.2,82.2,82.7,6460774.0,0.0
2024-06-27,81.9,81.9,81.0,81.9,10851002.0,0.0
2024-06-28,81.9,82.4,81.1,81.3,8965559.0,0.0
2024-07-01,81.3,82.0,80.9,81.5,4089704.0,0.0
2024-07-02,81.0,82.3,80.9,82.0,7765211.0,0.0
2024-07-03,82.0,82.9,81.7,82.0,9925163.0,0.0
2024-07-04,82.9,84.7,82.6,84.2,10371898.0,0.0
2024-07-05,84.5,85.1,83.5,84.2,5764180.0,0.0
2024-07-08,84.1,84.2,83.3,83.7,7180641.0,0.0
2024-07-09,84.0,85.0,83.5,84.7,7975565.0,0.0
2024-07-10,85.1,85.1,84.1,84.7,6573890.0,0.0
2024-07-11,84.5,85.8,84.3,85.5,6302967.0,0.0
2024-07-12,85.5,86.5,85.0,85.7,7143849.0,0.0
2024-07-15,86.0,86.8,85.6,86.5,6864511.0,0.0
2024-07-16,86.5,86.5,84.5,84.9,14913781.0,0.0
2024-07-17,85.0,85.4,84.0,84.8,10779478.0,0.0
2024-07-18,85.0,88.0,84.7,87.4,15194480.0,0.0
2024-07-19,86.5,87.8,85.4,86.9,12825668.0,0.0
2024-07-22,87.0,88.3,86.1,88.3,14650019.0,0.0
2024-07-23,90.1,90.4,87.9,88.5,12034119.0,0.0
2024-07-26,92.2,92.8,85.8,87.2,19027369.0,0.0
2024-07-29,88.2,88.4,85.0,86.4,15190054.0,0.0
2024-07-30,86.8,86.8,83.9,85.7,9262638.0,0.0
2024-07-31,85.0,85.8,83.9,83.9,12803916.0,0.0
2024-08-01,78.5,80.3,78.4,79.9,38293783.0,3.0
2024-08-02,79.0,79.9,78.5,79.2,17200983.0,0.0
2024-08-05,77.7,78.0,75.5,77.2,23086222.0,0.0
2024-08-06,78.2,79.0,77.0,78.9,19601620.0,0.0
2024-08-07,78.0,78.8,77.7,78.3,11127978.0,0.0
2024-08-08,77.8,80.2,77.5,79.2,16154963.0,0.0
2024-08-09,79.7,82.5,79.6,81.8,14055840.0,0.0
2024-08-12,82.6,83.2,81.0,82.0,7971027.0,0.0
2024-08-13,82.9,83.0,81.8,82.7,7278096.0,0.0
2024-08-14,83.0,83.4,82.2,82.7,9961749.0,0.0
2024-08-15,83.6,83.6,80.8,81.0,7147592.0,0.0
2024-08-16,82.2,82.5,80.9,81.2,9057189.0,0.0
2024-08-19,81.8,81.8,80.2,80.5,5648702.0,0.0
2024-08-20,80.7,81.2,79.9,80.6,9015101.0,0.0
2024-08-21,81.1,81.7,80.8,81.7,6921661.0,0.0
2024-08-22,81.7,82.0,80.9,82.0,6565555.0,0.0
2024-08-23,81.8,82.1,81.3,81.8,4937904.0,0.0
2024-08-26,81.8,82.2,81.1,81.5,7009499.0,0.0
2024-08-27,81.2,83.4,81.0,83.4,13069623.0,0.0
2024-08-28,83.3,83.3,82.2,82.8,8115185.0,0.0
2024-08-29,83.4,83.5,82.2,82.2,9924955.0,0.0
2024-08-30,82.7,83.0,81.9,82.6,16861103.0,0.0
2024-09-02,82.8,82.9,81.6,82.4,6388552.0,0.0
2024-09-03,82.1,83.4,82.0,83.1,6571697.0,0.0
2024-09-04,81.1,82.9,80.6,81.7,14367092.0,0.0
2024-09-05,82.3,82.9,81.9,82.1,7331485.0,0.0
2024-09-06,82.6,84.2,81.9,83.6,9356076.0,0.0
2024-09-09,81.8,84.3,81.8,84.0,10460326.0,0.0
2024-09-10,84.0,87.3,83.7,87.0,12366885.0,0.0
2024-09-11,87.3,88.0,86.1,86.1,7913567.0,0.0
2024-09-12,86.6,87.8,86.1,87.5,10693315.0,0.0
2024-09-13,87.5,87.8,86.6,87.2,6841488.0,0.0
2024-09-16,87.7,87.8,85.8,86.5,6889056.0,0.0
2024-09-18,86.5,87.5,85.8,86.8,7990627.0,0.0
2024-09-19,86.8,87.8,86.4,87.8,9120332.0,0.0
2024-09-20,87.8,88.7,87.5,88.1,10243234.0,0.0
2024-09-23,88.2,88.3,87.4,87.9,4720179.0,0.0
2024-09-24,87.8,89.5,87.8,89.5,7271892.0,0.0
2024-09-25,90.1,90.1,88.9,89.7,7218056.0,0.0
2024-09-26,90.6,90.6,88.8,89.6,7837852.0,0.0
2024-09-27,90.2,90.2,88.0,88.7,7081243.0,0.0
2024-09-30,89.7,89.7,87.2,87.2,12567300.0,0.0
2024-10-01,87.4,89.0,85.9,89.0,7493023.0,0.0
2024-10-04,88.3,88.7,87.0,87.1,12143292.0,0.0
2024-10-07,87.5,89.2,86.5,87.2,9246534.0,0.0
2024-10-08,86.6,87.5,86.0,87.3,7202790.0,0.0
2024-10-09,86.7,87.9,86.7,87.7,5262020.0,0.0
2024-10-11,88.7,88.7,86.4,86.6,5774139.0,0.0
2024-10-14,86.4,88.0,86.2,88.0,4507446.0,0.0
2024-10-15,87.7,89.0,87.4,88.5,10342798.0,0.0
2024-10-16,87.8,88.8,87.1,88.3,14318028.0,0.0
2024-10-17,88.7,89.8,88.0,89.7,6903586.0,0.0
2024-10-18,90.0,90.4,89.3,89.7,6897194.0,0.0
2024-10-21,90.4,90.4,88.3,89.5,4731681.0,0.0
2024-10-22,88.9,89.3,88.1,88.8,4287855.0,0.0
2024-10-23,89.4,89.4,87.9,88.1,4621700.0,0.0
2024-10-24,88.2,89.8,88.2,89.8,7193309.0,0.0
2024-10-25,89.8,89.8,88.9,88.9,3678451.0,0.0
2024-10-28,89.6,90.5,89.3,89.8,3955818.0,0.0
2024-10-29,89.2,89.9,88.5,89.1,6426741.0,0.0
2024-10-30,89.9,90.4,89.5,89.7,6423777.0,0.0
2024-11-01,85.5,90.2,85.5,88.6,13017343.0,0.0
2024-11-04,87.5,88.7,87.3,88.7,6739610.0,0.0
2024-11-05,88.3,90.2,88.2,90.2,6053131.0,0.0
2024-11-06,89.3,90.0,88.6,88.7,5353133.0,0.0
2024-11-07,88.0,89.2,87.9,88.2,3969179.0,0.0
2024-11-08,88.6,88.7,86.7,87.3,7188704.0,0.0
2024-11-11,87.3,87.3,86.1,87.0,5451434.0,0.0
2024-11-12,86.0,86.8,85.7,86.0,9588453.0,0.0
2024-11-13,85.4,87.3,85.1,86.9,8947889.0,0.0
2024-11-14,86.1,87.0,85.8,86.0,8425920.0,0.0
2024-11-15,87.2,87.3,85.5,85.9,8163607.0,0.0
2024-11-18,86.0,86.4,84.2,84.9,9380111.0,0.0
2024-11-19,84.9,85.0,83.2,84.7,11279461.0,0.0
2024-11-20,86.0,86.0,86.0,86.0,10666205.0,0.0
2024-11-21,85.1,85.7,84.6,85.5,9764517.0,0.0
2024-11-22,85.5,86.3,85.1,85.1,5833039.0,0.0
2024-11-25,86.0,87.3,85.9,87.0,13763861.0,0.0
2024-11-26,86.3,86.5,85.4,86.1,4622144.0,0.0
2024-11-27,86.0,86.9,85.9,86.5,4359738.0,0.0
2024-11-28,86.5,87.0,85.5,85.9,4181807.0,0.0
2024-11-29,84.8,85.8,84.5,84.5,7456891.0,0.0
2024-12-02,84.6,85.6,84.6,85.6,4910520.0,0.0
2024-12-03,85.1,86.2,85.1,86.1,5585176.0,0.0
2024-12-04,86.3,86.5,85.6,86.5,5743285.0,0.0
2024-12-05,86.5,86.5,85.4,85.6,3132250.0,0.0
2024-12-06,86.4,86.4,85.3,86.4,4866776.0,0.0
2024-12-09,85.8,86.0,84.6,84.6,7115319.0,0.0
2024-12-10,84.6,85.1,84.1,85.0,4861761.0,0.0
2024-12-11,85.0,85.4,84.6,85.4,3823603.0,0.0
2024-12-12,84.9,85.3,84.2,84.3,4280034.0,0.0
2024-12-13,84.1,84.5,83.8,84.3,4969795.0,0.0
2024-12-16,84.8,85.7,84.5,85.7,6601529.0,0.0
2024-12-17,84.9,85.6,83.6,83.6,11422068.0,0.0
2024-12-18,83.4,84.1,83.3,84.1,9718636.0,0.0
2024-12-19,82.6,83.7,82.1,82.7,9240572.0,0.0
2024-12-20,81.8,82.5,81.0,81.0,15657890.0,0.0
2024-12-23,81.4,83.6,81.4,83.1,7795472.0,0.0
2024-12-24,83.2,83.8,82.9,83.4,3599342.0,0.0
2024-12-25,84.1,84.1,83.1,83.8,1434155.0,0.0
2024-12-26,83.8,83.9,82.4,82.4,2455686.0,0.0
2024-12-27,83.3,83.3,82.3,82.8,1481660.0,0.0
2024-12-30,82.3,82.8,81.9,81.9,3567306.0,0.0
2024-12-31,81.3,81.6,80.8,80.9,6581622.0,0.0
2025-01-02,80.4,80.9,78.9,79.9,15801021.0,0.0
2025-01-03,80.4,81.0,79.1,79.6,14002175.0,0.0
2025-01-06,79.8,81.0,79.6,80.9,17088207.0,0.0
2025-01-07,81.2,81.9,79.0,79.5,16552693.0,0.0
2025-01-08,79.5,79.7,78.3,78.7,15621640.0,0.0
2025-01-09,78.6,79.2,78.0,78.6,6376767.0,0.0
2025-01-10,78.1,79.0,77.8,78.5,4431232.0,0.0
2025-01-13,78.1,78.5,77.0,78.0,6895308.0,0.0
2025-01-14,78.7,79.3,78.5,79.0,4765760.0,0.0
2025-01-15,78.8,79.0,77.7,77.7,5638876.0,0.0
2025-01-16,78.9,79.1,78.3,78.8,5577911.0,0.0
2025-01-17,79.3,79.3,77.9,78.5,5175190.0,0.0
2025-01-20,78.7,78.7,77.8,77.8,4168716.0,0.0
2025-01-21,77.9,78.7,77.5,78.4,4020739.0,0.0
2025-01-22,79.0,79.0,78.2,78.4,6581599.0,0.0
2025-02-03,76.2,79.3,76.2,79.2,14569120.0,0.0
2025-02-04,79.5,79.8,78.3,78.4,9804252.0,0.0
2025-02-05,79.3,79.9,78.7,79.2,7503709.0,0.0
2025-02-06,79.0,79.8,78.8,79.8,6266150.0,0.0
2025-02-07,79.5,79.8,79.2,79.6,5649239.0,0.0
2025-02-10,79.4,79.6,78.8,79.4,4908694.0,0.0
2025-02-11,79.8,79.8,78.8,79.1,4663804.0,0.0
2025-02-12,79.3,80.0,79.2,80.0,5608234.0,0.0
2025-02-13,80.6,81.3,80.1,80.9,8045594.0,0.0
2025-02-14,80.8,81.3,80.3,80.9,5801960.0,0.0
2025-02-17,81.5,81.6,81.1,81.3,4941389.0,0.0
2025-02-18,81.0,81.2,80.7,81.0,4384504.0,0.0
2025-02-19,81.0,81.5,80.8,81.5,5417806.0,0.0
2025-02-20,81.3,82.2,81.1,82.0,4229307.0,0.0
2025-02-21,82.5,83.2,82.4,82.8,5686326.0,0.0
2025-02-24,82.3,83.2,82.2,82.5,3969693.0,0.0
2025-02-25,82.0,82.8,82.0,82.1,4147049.0,0.0
2025-02-26,81.9,83.0,81.5,82.8,6327930.0,0.0
2025-02-27,82.5,82.7,81.5,81.5,12249905.0,0.0
2025-03-03,81.3,83.6,81.3,83.6,11912651.0,0.0
2025-03-04,82.4,83.1,81.5,81.5,7992384.0,0.0
2025-03-05,82.4,82.6,81.9,82.4,5968109.0,0.0
2025-03-06,82.0,83.6,81.8,83.0,7919068.0,0.0
2025-03-07,82.5,82.5,81.2,81.2,9599475.0,0.0
2025-03-10,81.7,82.9,81.7,82.9,7010067.0,0.0
2025-03-11,81.4,83.0,81.4,82.6,11268041.0,0.0
2025-03-12,83.0,83.6,82.5,83.1,7321477.0,0.0
2025-03-13,83.3,83.4,82.2,82.3,7940983.0,0.0
2025-03-14,82.9,83.4,81.8,82.4,6391433.0,0.0
2025-03-17,81.9,82.4,81.1,81.5,9982416.0,0.0
2025-03-18,81.9,82.7,81.8,82.1,7696384.0,0.0
2025-03-19,82.3,82.3,80.7,80.8,8065035.0,0.0
2025-03-20,80.7,81.6,80.7,81.3,7772067.0,0.0
2025-03-21,81.3,82.3,80.9,82.1,12129806.0,0.0
2025-03-24,81.7,82.6,81.7,82.0,4284764.0,0.0
2025-03-25,82.4,83.2,81.8,82.5,5822579.0,0.0
2025-03-26,82.6,82.7,82.0,82.3,5915545.0,0.0
2025-03-27,82.3,83.2,82.1,83.0,7109271.0,0.0
2025-03-28,82.6,82.7,81.9,82.3,6398346.0,0.0
2025-03-31,81.2,82.1,80.5,80.5,11572347.0,0.0
2025-04-01,81.1,82.3,81.1,82.1,7508753.0,0.0
2025-04-02,81.5,82.4,81.5,81.9,5614224.0,0.0
2025-04-07,73.8,76.5,73.8,74.5,20944183.0,0.0
2025-04-08,76.8,79.1,75.8,78.3,30187322.0,0.0
2025-04-09,75.2,80.0,75.0,75.0,26880316.0,0.0
2025-04-10,80.9,81.8,77.8,78.4,32748735.0,0.0
2025-04-11,78.4,79.7,77.8,78.0,21861805.0,0.0
2025-04-14,77.6,78.8,76.5,76.5,16472176.0,0.0
2025-04-15,76.5,77.0,75.6,75.6,20232746.0,0.0
2025-04-16,75.1,76.8,74.7,76.8,16884453.0,0.0
2025-04-17,76.0,76.4,75.0,75.6,14508650.0,0.0
2025-04-18,75.4,75.6,74.8,74.9,8476546.0,0.0
2025-04-21,75.3,75.6,74.5,74.7,9527618.0,0.0
2025-04-22,74.7,75.6,73.9,75.4,20295079.0,0.0
2025-04-23,75.4,77.5,75.0,77.5,17110697.0,0.0
2025-04-24,77.0,77.2,76.0,76.5,12382036.0,0.0
2025-04-25,76.5,76.9,75.8,76.2,11669656.0,0.0
2025-04-28,76.6,77.3,76.3,76.8,6879655.0,0.0
2025-04-29,76.6,77.0,76.4,76.7,7532732.0,0.0
2025-04-30,76.4,77.2,76.3,76.8,8330610.0,0.0
2025-05-02,77.3,78.2,77.1,78.1,6865318.0,0.0
2025-05-05,79.3,82.1,79.0,80.8,22814925.0,0.0
2025-05-06,81.5,82.3,80.4,80.7,12201691.0,0.0
2025-05-07,81.5,81.5,80.4,80.7,8290687.0,0.0
2025-05-08,80.3,81.3,80.3,80.7,6185112.0,0.0
2025-05-09,80.0,81.4,79.7,81.2,8872324.0,0.0
2025-05-12,82.0,82.0,80.1,80.3,9383008.0,0.0
2025-05-13,79.8,80.0,78.4,78.7,11541232.0,0.0
2025-05-14,79.5,79.5,78.0,78.5,12470835.0,0.0
2025-05-15,78.8,79.6,78.0,79.5,14388230.0,0.0
2025-05-16,78.8,79.6,78.6,79.6,10175911.0,0.0
2025-05-19,79.8,83.2,79.7,83.0,29197608.0,0.0
2025-05-20,83.0,83.7,81.5,81.5,15473621.0,0.0
2025-05-21,81.5,82.0,80.7,81.0,15180807.0,0.0
2025-05-22,80.5,81.1,79.9,80.4,12932169.0,0.0
2025-05-23,80.0,80.4,79.6,79.9,13564798.0,0.0
2025-05-26,79.9,79.9,78.7,79.7,24918000.0,0.0
2025-05-27,80.0,81.8,79.9,80.8,23400998.0,0.0
2025-05-28,81.0,81.3,80.4,81.3,10927092.0,0.0
2025-05-29,81.5,81.6,79.6,79.6,21509862.0,0.0
2025-06-02,79.5,80.3,78.9,79.0,19360654.0,0.0
2025-06-03,79.2,79.8,78.3,79.3,26679312.0,0.0
2025-06-04,79.3,79.9,78.8,78.8,16648716.0,0.0
2025-06-05,78.8,80.0,78.8,79.7,8758163.0,0.0
2025-06-06,79.9,80.0,79.1,79.1,9060346.0,0.0
2025-06-09,79.6,80.4,79.1,79.1,9456383.0,0.0
2025-06-10,79.2,79.5,78.9,79.1,12680601.0,0.0
2025-06-11,79.1,79.8,78.8,78.8,12819452.0,0.0
2025-06-12,79.4,79.5,78.8,79.2,7989373.0,0.0
2025-06-13,78.9,80.1,78.9,79.7,12294792.0,0.0
2025-06-16,79.5,80.4,79.4,79.4,13752525.0,0.0
2025-06-17,79.8,80.4,78.4,78.9,24425164.0,0.0
2025-06-18,78.7,78.9,77.9,78.0,26220814.0,0.0
2025-06-19,78.0,78.4,77.3,77.5,25551095.0,0.0
2025-06-20,77.7,78.8,77.4,77.9,50801058.0,0.0
2025-06-23,77.8,79.2,77.3,79.2,39548154.0,0.0
2025-06-24,79.6,80.0,78.8,79.9,46287341.0,0.0
2025-06-25,80.0,80.2,79.0,79.4,41627745.0,0.0
2025-06-26,79.6,81.0,79.3,80.3,43590492.0,0.0
2025-06-27,80.3,80.9,79.9,80.1,28409623.0,0.0
2025-06-30,80.8,82.4,80.5,81.0,28704637.0,0.0
2025-07-01,81.1,82.5,81.0,81.7,19525841.0,0.0
2025-07-02,80.6,82.1,80.6,82.0,19296556.0,0.0
2025-07-03,81.4,82.2,80.9,81.1,18913855.0,0.0
2025-07-04,81.7,82.9,81.3,82.5,11076565.0,0.0
2025-07-07,82.1,83.4,82.1,82.7,7375943.0,0.0
2025-07-08,82.8,84.0,82.8,83.8,11365067.0,0.0
2025-07-09,83.4,84.0,83.0,83.5,11760079.0,0.0
2025-07-10,83.1,84.6,83.1,84.0,9014025.0,0.0
2025-07-11,83.9,85.3,83.8,84.9,10873771.0,0.0
2025-07-14,85.3,86.6,85.0,85.3,12208190.0,0.0
2025-07-15,85.0,85.9,84.3,84.6,9944684.0,0.0
2025-07-16,84.0,86.0,84.0,85.5,11784428.0,0.0
2025-07-17,85.4,86.2,85.1,85.9,11384938.0,0.0
2025-07-18,85.9,86.5,85.5,86.1,10764882.0,0.0
2025-07-21,86.2,86.8,85.6,86.6,10698967.0,0.0
2025-07-22,86.6,87.1,86.1,87.0,11752084.0,0.0
2025-07-23,87.1,87.2,86.2,86.3,11882721.0,0.0
2025-07-24,86.3,86.5,85.0,85.4,9115566.0,0.0
2025-07-25,85.0,85.9,84.9,84.9,8300927.0,0.0
2025-07-28,85.0,85.5,82.8,83.4,15797084.0,0.0
2025-07-29,83.4,83.6,82.1,82.6,9838866.0,0.0
2025-07-30,82.5,82.9,82.2,82.7,8183426.0,0.0
2025-07-31,79.7,79.7,78.6,79.2,16379939.0,3.0
2025-08-04,79.2,80.0,79.2,80.0,6063819.0,0.0
2025-08-05,79.8,80.4,79.4,79.8,7997706.0,0.0
2025-08-06,79.8,79.8,79.0,79.1,7361736.0,0.0
2025-08-07,79.3,79.8,78.9,79.1,10010569.0,0.0
2025-08-08,78.8,79.1,77.8,78.2,12484229.0,0.0
2025-08-11,78.2,78.2,77.3,77.8,10800076.0,0.0
2025-08-12,78.0,78.2,77.6,77.8,10821071.0,0.0
2025-08-13,78.4,78.4,77.2,77.6,13003127.0,0.0
2025-08-14,77.9,78.4,77.6,78.2,7335888.0,0.0
2025-08-15,78.6,78.8,77.7,78.8,8005145.0,0.0
2025-08-18,78.5,78.6,77.5,77.8,7995922.0,0.0
2025-08-19,77.6,77.6,77.0,77.3,7422535.0,0.0
2025-08-20,77.2,77.4,76.8,77.1,7688009.0,0.0
2025-08-21,77.7,78.3,77.3,77.8,8954661.0,0.0
2025-08-22,78.2,78.4,77.3,77.5,8740484.0,0.0
2025-08-25,77.8,78.1,77.3,77.8,8283560.0,0.0
2025-08-26,77.5,77.5,76.3,76.3,18337999.0,0.0
2025-08-27,76.4,77.2,76.2,76.7,6804710.0,0.0
2025-08-28,76.5,77.9,76.4,77.7,11143142.0,0.0
2025-08-29,77.9,78.1,77.2,77.4,11694712.0,0.0
2025-09-01,77.4,77.9,77.1,77.4,3899545.0,0.0
2025-09-02,77.3,78.2,77.3,78.2,5336434.0,0.0
2025-09-03,78.1,78.3,77.7,77.9,4370414.0,0.0
2025-09-04,78.0,78.3,77.7,78.1,5400230.0,0.0
2025-09-05,78.2,78.5,78.1,78.1,4882822.0,0.0
2025-09-08,78.1,79.1,78.1,78.9,6812811.0,0.0
2025-09-09,78.9,79.8,78.7,79.4,11311870.0,0.0
2025-09-10,79.4,79.9,79.1,79.5,9518608.0,0.0
2025-09-11,79.3,79.7,78.7,78.9,7926657.0,0.0
2025-09-12,79.0,79.5,78.8,79.3,5557555.0,0.0
2025-09-15,78.7,79.4,78.6,79.2,4935769.0,0.0
2025-09-16,79.5,79.6,78.8,79.4,7232314.0,0.0
2025-09-17,79.0,79.3,78.4,79.0,5433126.0,0.0
2025-09-18,79.3,79.4,78.5,79.2,5444132.0,0.0
2025-09-19,79.2,79.2,78.4,78.4,12894198.0,0.0
2025-09-22,78.8,78.8,78.3,78.6,5560048.0,0.0
2025-09-23,78.2,78.5,78.2,78.4,6451165.0,0.0
2025-09-24,78.5,79.1,78.3,79.1,7045069.0,0.0
2025-09-25,79.1,79.4,78.2,78.3,9341589.0,0.0
2025-09-26,78.7,78.7,78.0,78.4,6369688.0,0.0
2025-09-30,78.9,79.0,78.2,78.4,8798337.0,0.0
2025-10-01,77.8,78.7,77.8,78.3,5712157.0,0.0
2025-10-02,78.4,78.6,78.0,78.0,5949912.0,0.0
2025-10-03,78.1,78.1,77.3,77.4,5719247.0,0.0
2025-10-07,77.2,78.2,77.2,78.1,5020624.0,0.0
2025-10-08,78.3,78.4,77.8,78.0,6263988.0,0.0
2025-10-09,77.9,78.3,77.6,77.6,4226223.0,0.0
2025-10-13,78.0,78.0,76.7,77.6,10342068.0,0.0
2025-10-14,77.5,78.6,77.5,78.0,10371627.0,0.0
2025-10-15,77.8,78.5,77.5,77.5,6636239.0,0.0
2025-10-16,77.3,78.3,77.3,77.6,4913239.0,0.0
2025-10-17,78.0,78.9,78.0,78.2,7179821.0,0.0
2025-10-20,78.6,79.1,78.2,78.7,3688336.0,0.0
2025-10-21,78.8,79.2,78.6,79.1,5243411.0,0.0
2025-10-22,79.2,79.4,78.8,78.9,5619409.0,0.0
2025-10-23,78.9,80.0,78.9,79.9,10166282.0,0.0
2025-10-27,80.0,80.2,79.0,79.0,8257534.0,0.0
2025-10-28,79.3,79.4,78.7,79.0,4231068.0,0.0
2025-10-29,79.0,79.4,78.3,78.8,6041511.0,0.0
2025-10-30,78.4,79.6,78.4,79.6,6237857.0,0.0
2025-10-31,79.7,79.7,78.7,78.7,6480077.0,0.0
2025-11-03,78.1,78.9,78.0,78.1,4943101.0,0.0
2025-11-04,77.7,78.1,77.7,78.1,5628976.0,0.0
2025-11-05,77.9,78.1,77.1,78.1,7126570.0,0.0
2025-11-06,78.4,78.6,77.4,77.5,6835812.0,0.0
2025-11-07,77.3,77.3,75.6,76.4,10407956.0,0.0
2025-11-10,76.4,76.4,75.0,75.5,10301304.0,0.0
2025-11-11,75.5,75.5,74.2,75.0,13866547.0,0.0
2025-11-12,75.0,75.9,74.8,75.3,7925232.0,0.0
2025-11-13,75.1,75.4,74.6,74.8,11426185.0,0.0
2025-11-14,74.6,75.9,74.4,75.2,6851362.0,0.0
2025-11-17,75.5,75.8,75.1,75.1,8148799.0,0.0
2025-11-18,74.6,75.5,74.5,75.0,9962517.0,0.0
2025-11-19,75.5,75.6,74.7,74.8,7605319.0,0.0
2025-11-20,75.2,75.5,74.8,75.0,6374430.0,0.0
2025-11-21,75.0,75.7,74.7,74.8,12357745.0,0.0
2025-11-24,75.0,75.5,74.8,74.9,14552403.0,0.0
2025-11-25,74.8,75.4,74.8,74.9,7516948.0,0.0
2025-11-26,75.1,75.4,74.9,75.2,7692605.0,0.0
2025-11-27,75.0,77.2,75.0,76.6,11640479.0,0.0
2025-11-28,76.6,77.0,76.2,76.5,4717535.0,0.0
2025-12-01,76.2,77.1,76.1,76.5,5985567.0,0.0
2025-12-02,77.0,77.3,75.7,75.7,7698738.0,0.0
2025-12-03,76.3,76.5,75.3,75.3,5838053.0,0.0
2025-12-04,75.5,75.8,75.2,75.7,5104372.0,0.0
2025-12-05,75.5,76.4,75.4,76.4,5725238.0,0.0
2025-12-08,76.5,76.7,75.3,75.3,6511964.0,0.0
2025-12-09,75.3,75.5,74.8,74.8,7184538.0,0.0
2025-12-10,75.5,76.0,75.0,75.0,6035150.0,0.0
2025-12-11,75.5,75.5,74.7,74.7,6257399.0,0.0
2025-12-12,75.2,75.4,74.9,74.9,2918070.0,0.0
2025-12-15,75.0,75.5,74.6,75.1,6517118.0,0.0
2025-12-16,74.7,75.4,74.7,74.7,12290258.0,0.0
2025-12-17,74.8,77.1,74.7,76.9,31289593.0,0.0
2025-12-18,76.3,79.8,75.1,79.0,34038652.0,0.0
2025-12-19,78.4,80.0,76.0,78.4,45656411.0,0.0
2025-12-22,77.5,78.9,76.6,77.8,36573995.0,0.0
2025-12-23,77.0,78.5,76.9,77.3,20009662.0,0.0
2025-12-24,77.1,79.0,76.5,78.4,23844118.0,0.0
2025-12-26,77.9,80.5,77.2,80.5,25117536.0,0.0
2025-12-29,79.8,80.5,78.5,79.6,10651527.0,0.0
2025-12-30,78.7,79.1,77.8,77.8,7860236.0,0.0
2025-12-31,77.6,77.8,77.0,77.1,8127227.0,0.0
2026-01-02,77.1,77.6,76.2,77.4,8642963.0,0.0
2026-01-05,76.8,77.8,76.5,77.0,10554215.0,0.0
2026-01-06,77.0,77.7,75.9,76.2,13256984.0,0.0
2026-01-07,75.8,76.4,75.2,75.3,16630637.0,0.0
2026-01-08,75.3,76.1,75.3,75.6,11607559.0,0.0
2026-01-09,75.8,76.4,75.1,75.3,8843439.0,0.0
2026-01-12,75.6,76.1,75.3,75.6,9186387.0,0.0
2026-01-13,76.0,76.8,75.7,76.1,12019319.0,0.0
2026-01-14,76.1,76.4,75.5,75.5,6598745.0,0.0
2026-01-15,75.8,76.3,75.6,76.0,7640914.0,0.0
2026-01-16,75.7,75.8,75.0,75.4,14378998.0,0.0
2026-01-19,75.4,75.4,74.7,74.7,9874688.0,0.0
2026-01-20,74.6,75.0,74.4,74.5,8803024.0,0.0
2026-01-21,74.5,74.7,74.1,74.3,7955732.0,0.0
2026-01-22,74.6,74.9,74.1,74.1,7815513.0,0.0
2026-01-23,74.2,74.5,73.6,73.6,9858106.0,0.0
2026-01-26,73.6,74.2,73.0,73.5,9745063.0,0.0
2026-01-27,74.0,74.1,73.0,73.0,8843438.0,0.0
2026-01-28,73.5,73.5,72.2,72.7,12012098.0,0.0
2026-01-29,72.5,73.4,72.3,72.4,8609888.0,0.0
2026-01-30,72.6,72.6,71.7,71.7,12099441.0,0.0
2026-02-02,72.3,72.3,71.3,71.6,7084016.0,0.0
2026-02-03,72.1,72.8,72.0,72.5,6107274.0,0.0
2026-02-04,72.4,72.5,72.0,72.1,6186060.0,0.0
2026-02-05,72.2,73.6,72.2,73.3,8195279.0,0.0
2026-02-06,73.3,74.2,73.0,74.2,8734535.0,0.0
2026-02-09,74.4,74.4,73.2,73.2,7778901.0,0.0
2026-02-10,73.3,73.5,72.8,73.0,7716054.0,0.0
2026-02-11,73.8,73.8,73.3,73.4,7517420.0,0.0
2026-02-23,75.4,76.0,74.5,75.1,20030405.0,0.0
2026-02-24,75.0,75.1,74.0,74.0,13618865.0,0.0
2026-02-25,74.6,75.0,74.3,74.7,12011906.0,0.0
2026-02-26,74.1,74.1,72.5,72.5,25315727.0,0.0
2026-03-02,73.5,73.8,72.8,73.6,12516754.0,0.0
2026-03-03,73.1,73.9,72.9,73.9,11059474.0,0.0
2026-03-04,73.0,73.4,71.6,71.6,11560214.0,0.0
2026-03-05,72.7,73.2,71.0,71.2,11267695.0,0.0
2026-03-06,70.9,72.0,70.6,71.9,8923995.0,0.0
2026-03-09,70.0,71.3,70.0,70.8,14242596.0,0.0
2026-03-10,71.4,71.4,70.0,70.2,10348914.0,0.0
2026-03-11,70.7,70.8,70.2,70.2,5873659.0,0.0
2026-03-12,70.2,70.7,70.0,70.1,13339160.0,0.0
2026-03-13,70.0,70.6,69.9,70.0,10776166.0,0.0
2026-03-16,70.2,71.1,70.0,70.5,9882985.0,0.0
2026-03-17,70.6,71.7,70.6,70.9,11289278.0,0.0
2026-03-18,71.7,71.7,70.9,71.4,8900682.0,0.0
2026-03-19,71.1,71.2,70.3,70.4,10993382.0,0.0
2026-03-20,70.4,71.2,70.2,70.2,15246611.0,0.0
2026-03-23,70.0,70.2,69.5,69.5,12378172.0,0.0
2026-03-24,69.5,70.5,69.1,70.1,8595380.0,0.0
2026-03-25,70.9,70.9,69.6,70.7,9449543.0,0.0
2026-03-26,71.0,71.7,70.5,71.3,6111029.0,0.0
2026-03-27,71.0,72.5,70.9,72.0,9136877.0,0.0
2026-03-30,71.3,72.3,71.3,71.9,13572412.0,0.0
2026-03-31,71.5,72.1,70.8,71.0,12865145.0,0.0
2026-04-01,71.8,72.2,71.2,71.9,9199128.0,0.0
2026-04-02,72.2,73.0,72.2,72.4,7210886.0,0.0
2026-04-07,72.4,72.9,72.3,72.5,6318970.0,0.0
2026-04-08,73.3,73.3,72.0,72.7,8223911.0,0.0
2026-04-09,72.5,72.7,71.6,72.0,7416461.0,0.0
2026-04-10,71.0,72.4,71.0,71.8,13613704.0,0.0
2026-04-13,71.8,72.2,71.4,72.0,8406250.0,0.0
2026-04-14,72.5,72.5,71.8,72.1,7869971.0,0.0
2026-04-15,72.5,72.8,72.1,72.6,11791192.0,0.0
2026-04-16,72.8,73.3,72.4,73.0,8455889.0,0.0
2026-04-17,73.3,73.6,72.9,73.5,9357338.0,0.0
2026-04-20,73.5,73.7,72.5,72.6,12622967.0,0.0
2026-04-21,72.6,72.8,71.9,72.0,10883502.0,0.0
2026-04-22,72.1,72.6,72.0,72.4,11149052.0,0.0
2026-04-23,71.5,72.2,71.3,71.9,13857161.0,0.0
2026-04-24,72.0,72.2,71.5,71.5,11196181.0,0.0
2026-04-27,71.3,71.7,70.5,70.5,10220219.0,0.0
2026-04-28,70.8,71.1,70.0,70.6,8126563.0,0.0
2026-04-29,70.5,70.6,69.8,70.0,15083052.0,0.0
2026-04-30,69.7,70.0,69.3,69.3,13890890.0,0.0
2026-05-04,70.0,70.2,69.4,69.6,12584659.0,0.0
2026-05-05,69.9,69.9,69.1,69.1,10675876.0,0.0
2026-05-06,69.6,69.6,68.5,68.7,16186993.0,0.0
2026-05-07,68.7,69.9,68.7,69.4,19052901.0,0.0
2026-05-08,70.2,73.4,70.0,73.2,34739318.0,0.0
2026-05-11,73.0,74.2,72.5,73.9,15803350.0,0.0
2026-05-12,73.9,74.7,73.1,73.1,15799392.0,0.0
2026-05-13,73.5,75.6,73.2,75.2,24603617.0,0.0
2026-05-14,74.6,75.6,74.6,74.8,12303217.0,0.0
2026-05-15,75.0,76.7,74.9,75.7,17514938.0,0.0
2026-05-18,76.2,76.4,74.1,74.7,10443641.0,0.0
2026-05-19,75.6,75.6,74.5,74.8,12290596.0,0.0
2026-05-20,74.8,74.8,72.7,73.4,13712054.0,0.0
2026-05-21,73.5,73.8,72.6,73.1,13615069.0,0.0
2026-05-22,72.8,72.9,71.4,71.5,18178864.0,0.0
2026-05-25,72.0,72.0,71.2,71.2,13528398.0,0.0
2026-05-26,71.3,71.9,70.8,70.8,17685979.0,0.0
2026-05-27,70.8,71.2,70.0,70.2,21253494.0,0.0
2026-05-28,70.8,71.5,70.4,70.8,22324106.0,0.0
2026-05-29,71.6,73.1,70.8,71.8,38214401.0,0.0
2026-06-01,72.1,74.3,72.1,73.7,18172961.0,0.0
2026-06-02,73.3,74.3,72.0,74.2,25714771.0,0.0
2026-06-03,74.5,74.5,72.9,73.3,15717855.0,0.0
2026-06-04,73.3,74.4,73.1,73.6,14743723.0,0.0
2026-06-05,73.5,74.3,73.5,73.8,9382609.0,0.0
2026-06-08,73.1,74.0,72.4,72.9,12716400.0,0.0
2026-06-09,73.0,75.0,73.0,74.1,14713756.0,0.0
2026-06-10,73.3,74.7,73.3,74.4,16614427.0,0.0
2026-06-11,74.4,75.6,74.4,75.6,14416022.0,0.0
2026-06-12,75.6,76.7,75.6,76.5,13887237.0,0.0
2026-06-15,77.6,77.7,75.6,76.3,15341509.0,0.0
2026-06-16,76.4,76.4,75.4,75.6,8161339.0,0.0
2026-06-17,75.6,76.0,74.7,76.0,10945913.0,0.0
2026-06-18,76.3,76.4,74.5,74.5,26893235.0,0.0
2026-06-22,74.9,74.9,74.0,74.3,14792522.0,0.0
2026-06-23,74.6,75.5,73.9,75.1,17174058.0,0.0
2026-06-24,75.0,75.5,74.5,75.1,19287037.0,0.0
2026-06-25,75.0,76.4,74.6,75.6,17580891.0,0.0
2026-06-26,74.9,75.7,74.6,74.6,9760969.0,0.0
2026-06-29,75.5,75.9,74.9,75.7,9521847.0,0.0
2026-06-30,76.3,76.3,74.5,74.5,11790363.0,0.0
2026-07-01,74.5,74.7,73.8,74.5,7552661.0,0.0
2026-07-02,74.5,75.4,74.4,74.9,10334114.0,0.0
2026-07-03,74.6,77.2,74.6,76.3,15968716.0,0.0
2026-07-06,76.4,78.4,76.4,77.8,22427187.0,0.0
2026-07-07,77.8,78.7,77.7,78.0,20063545.0,0.0
2026-07-08,78.0,79.0,77.9,78.6,21659305.0,0.0
2026-07-09,78.3,79.0,78.2,78.4,18908870.0,0.0
2026-07-10,78.4,78.4,78.4,78.4,0.0,0.0
2026-07-13,78.0,79.4,78.0,78.5,20435575.0,0.0
2026-07-14,78.6,78.6,77.5,78.5,17972580.0,0.0
2026-07-15,78.5,79.4,78.0,78.6,24103307.0,0.0
2026-07-16,78.1,79.5,77.6,79.0,23014449.0,0.0
2026-07-17,78.5,80.0,78.5,80.0,30643962.0,0.0
2026-07-20,80.1,80.7,78.9,80.3,30308638.0,0.0
2026-07-21,79.9,80.3,79.2,79.6,22086149.0,0.0
2026-07-22,79.3,79.3,75.5,76.8,28199870.0,0.0
2026-07-23,76.7,77.0,75.5,77.0,20456070.0,0.0
2026-07-24,75.9,77.7,75.9,77.4,15492924.0,0.0
2026-07-27,78.7,79.0,77.1,77.1,14133689.0,0.0
2026-07-28,77.2,77.8,76.6,77.4,16158718.0,0.0
2026-07-29,77.6,78.2,76.9,78.2,22942437.0,0.0
2026-07-30,76.8,76.8,73.7,75.6,37366221.0,3.0
2026-07-31,76.6,76.6,73.6,73.8,33588884.0,0.0
2026-08-03,73.6,74.0,72.7,73.0,16452011.0,0.0
2026-08-04,72.5,73.9,72.4,73.9,25897589.0,0.0
2026-08-05,74.0,74.0,72.7,73.2,17302400.0,0.0
2026-08-06,72.8,73.9,72.5,73.0,22229240.0,0.0
2026-08-07,73.6,75.7,73.5,75.7,27617108.0,0.0
2026-08-10,75.7,75.7,74.6,75.5,10599683.0,0.0
2026-08-11,75.1,75.9,74.9,75.9,12300525.0,0.0
2026-08-12,75.8,76.3,75.4,76.3,9901419.0,0.0
2026-08-13,76.5,76.5,75.1,76.3,13794956.0,0.0
2026-08-14,76.2,76.3,75.4,75.8,6866140.0,0.0
2026-08-17,75.4,75.7,74.6,75.2,9392258.0,0.0
2026-08-18,75.0,76.2,74.7,76.2,9033196.0,0.0
2026-08-19,76.2,77.5,75.6,77.5,16842257.0,0.0
2026-08-20,77.5,78.2,77.2,78.2,18338608.0,0.0
2026-08-21,78.1,78.6,77.0,77.5,15293453.0,0.0
2026-08-24,76.8,77.5,76.2,77.4,12931358.0,0.0
2026-08-25,77.6,78.5,77.3,77.9,13040583.0,0.0
2026-08-26,77.4,77.7,76.9,77.7,9350315.0,0.0
2026-08-27,77.9,77.9,76.5,77.1,7620522.0,0.0
2026-08-28,76.5,76.5,75.2,75.7,10136224.0,0.0
2026-08-31,75.7,76.2,75.1,76.2,14396680.0,0.0
2026-09-01,76.7,76.7,75.3,76.2,10738608.0,0.0
2026-09-02,75.7,76.6,75.5,76.6,7456934.0,0.0
2026-09-03,76.6,76.6,75.6,75.6,6884317.0,0.0
2026-09-04,75.8,75.8,75.1,75.6,6146444.0,0.0
2026-09-07,76.2,76.2,74.9,75.2,6312729.0,0.0
2026-09-08,75.3,76.7,75.1,76.7,12544830.0,0.0
2026-09-09,76.2,76.7,75.6,76.0,8482662.0,0.0
2026-09-10,75.4,76.0,75.3,75.6,9264513.0,0.0
2026-09-11,75.1,75.3,74.8,75.0,7590608.0,0.0
2026-09-14,74.6,75.3,74.6,74.6,9330816.0,0.0
2026-09-15,74.9,74.9,73.9,74.5,9978570.0,0.0
2026-09-16,74.8,74.8,74.2,74.5,7163230.0,0.0
2026-09-17,74.7,75.6,74.5,75.5,8178938.0,0.0
2026-09-18,75.5,75.5,74.9,75.0,16550369.0,0.0
2026-09-21,75.0,75.0,74.5,74.7,3523400.0,0.0
2026-09-22,75.2,75.3,74.4,74.6,6463134.0,0.0
2026-09-23,74.9,75.4,74.5,75.4,7624875.0,0.0
2026-09-24,74.8,75.0,74.4,74.5,4788322.0,0.0
2026-09-29,74.9,74.9,73.9,73.9,6464557.0,0.0
2026-09-30,74.5,74.5,73.7,74.2,6916277.0,0.0
2026-10-01,73.9,74.2,73.7,73.9,5637669.0,0.0
2026-10-02,73.7,73.8,72.6,72.7,18973057.0,0.0
2026-10-05,73.3,73.3,72.6,72.7,9694172.0,0.0
2026-10-06,72.8,73.9,72.8,73.7,12760640.0,0.0
2026-10-07,73.7,75.5,73.7,75.5,15548565.0,0.0
