date,open,high,low,close,volume,dividend
2015-01-05,469.6078,469.6078,451.9608,455.8824,361080.0,0.0
2015-01-06,451.4706,451.4706,436.2745,437.7451,699720.0,0.0
2015-01-07,437.7451,442.6471,431.3726,431.8627,444720.0,0.0
2015-01-08,441.1765,441.1765,434.8039,435.2941,270300.0,0.0
2015-01-09,439.2157,445.0981,439.2157,443.1373,219300.0,0.0
2015-01-12,443.1373,443.1373,433.3333,433.8235,167280.0,0.0
2015-01-13,433.8235,450.0,433.8235,447.0588,361080.0,0.0
2015-01-14,447.0588,447.0588,436.2745,437.7451,315180.0,0.0
2015-01-15,442.6471,443.1373,432.3529,434.8039,201960.0,0.0
2015-01-16,437.7451,437.7451,419.6078,426.4706,426360.0,0.0
2015-01-19,432.8431,436.2745,427.9412,434.8039,184620.0,0.0
2015-01-20,434.8039,439.2157,429.4118,438.2353,194820.0,0.0
2015-01-21,441.1765,448.0392,441.1765,448.0392,303960.0,0.0
2015-01-22,448.0392,452.9412,442.1569,447.0588,434520.0,0.0
2015-01-23,451.4706,452.9412,447.549,451.4706,241740.0,0.0
2015-01-26,451.4706,452.9412,450.4902,452.9412,161160.0,0.0
2015-01-27,455.8824,456.3726,448.0392,454.4118,153000.0,0.0
2015-01-28,450.9804,454.4118,448.0392,453.4314,113220.0,0.0
2015-01-29,448.0392,451.9608,443.1373,444.1176,238680.0,0.0
2015-01-30,444.1176,448.0392,443.1373,445.0981,184620.0,0.0
2015-02-02,448.0392,450.4902,446.0784,450.4902,95880.0,0.0
2015-02-03,451.9608,451.9608,445.5882,447.0588,141780.0,0.0
2015-02-04,448.0392,454.4118,448.0392,454.4118,255000.0,0.0
2015-02-05,448.5294,456.8627,448.5294,456.8627,156060.0,0.0
2015-02-06,462.2549,462.2549,456.3726,460.7843,243780.0,0.0
2015-02-09,460.7843,462.7451,457.3529,462.7451,139740.0,0.0
2015-02-10,465.6863,475.4902,465.6863,471.0784,370260.0,0.0
2015-02-11,473.5294,475.4902,470.5882,473.5294,240720.0,0.0
2015-02-12,475.4902,475.4902,465.6863,472.0588,183600.0,0.0
2015-02-13,473.5294,473.5294,468.6274,470.5882,106080.0,0.0
2015-02-24,475.4902,476.4706,472.549,475.0,269280.0,0.0
2015-02-25,478.4314,479.4118,470.5882,477.451,171360.0,0.0
2015-02-26,472.549,473.0392,468.6274,468.6274,282540.0,0.0
2015-03-02,465.6863,474.5098,465.6863,473.5294,140760.0,0.0
2015-03-03,475.4902,475.4902,465.6863,465.6863,158100.0,0.0
2015-03-04,466.6667,470.0981,465.6863,470.0981,90780.0,0.0
2015-03-05,472.549,472.549,459.3137,468.1373,159120.0,0.0
2015-03-06,463.7255,473.5294,463.7255,466.1765,205020.0,0.0
2015-03-09,466.1765,468.6274,458.8235,459.3137,130560.0,0.0
2015-03-10,460.7843,460.7843,450.0,450.0,256020.0,0.0
2015-03-11,445.0981,457.8431,441.1765,454.9019,316200.0,0.0
2015-03-12,460.7843,460.7843,451.4706,458.8235,165240.0,0.0
2015-03-13,450.9804,460.7843,450.9804,451.4706,195840.0,0.0
2015-03-16,455.8824,455.8824,448.0392,449.0196,144840.0,0.0
2015-03-17,455.8824,460.7843,451.9608,451.9608,248880.0,0.0
2015-03-18,452.9412,475.4902,452.9412,470.5882,496740.0,0.0
2015-03-19,475.4902,476.4706,466.6667,474.5098,303960.0,0.0
2015-03-20,468.6274,475.4902,468.6274,472.549,512040.0,0.0
2015-03-23,475.9804,475.9804,469.6078,474.5098,87720.0,0.0
2015-03-24,475.4902,475.4902,470.5882,475.0,114240.0,0.0
2015-03-25,475.0,475.9804,464.2157,466.1765,241740.0,0.0
2015-03-26,465.6863,475.9804,464.2157,475.9804,300900.0,0.0
2015-03-27,476.4706,476.4706,464.7059,464.7059,232560.0,0.0
2015-03-30,469.6078,474.5098,464.7059,470.0981,189720.0,0.0
2015-03-31,475.0,475.4902,471.0784,474.0196,336600.0,0.0
2015-04-01,475.4902,475.4902,465.6863,468.6274,204000.0,0.0
2015-04-02,468.6274,475.4902,468.6274,475.0,273360.0,0.0
2015-04-07,475.4902,475.4902,469.6078,470.0981,82620.0,0.0
2015-04-08,474.5098,474.5098,466.6667,472.0588,144840.0,0.0
2015-04-09,468.1373,473.0392,465.6863,468.1373,148920.0,0.0
2015-04-10,470.5882,470.5882,461.7647,467.1569,241740.0,0.0
2015-04-13,467.1569,469.6078,461.2745,464.2157,123420.0,0.0
2015-04-14,464.2157,464.2157,457.8431,459.3137,141780.0,0.0
2015-04-15,459.3137,466.6667,447.0588,453.4314,423300.0,0.0
2015-04-16,456.8627,460.7843,451.9608,460.7843,144840.0,0.0
2015-04-17,465.6863,465.6863,457.8431,461.7647,109140.0,0.0
2015-04-20,457.8431,465.1961,456.8627,464.2157,133620.0,0.0
2015-04-21,464.2157,465.6863,458.3333,460.2941,70380.0,0.0
2015-04-22,465.6863,468.6274,461.7647,464.7059,166260.0,0.0
2015-04-23,467.6471,475.4902,465.1961,474.0196,375360.0,0.0
2015-04-24,478.4314,482.3529,473.5294,480.3922,573240.0,0.0
2015-04-27,480.3922,486.2745,479.9019,486.2745,344760.0,0.0
2015-04-28,486.2745,491.1765,478.4314,490.1961,408000.0,0.0
2015-04-29,490.1961,503.9216,488.7255,500.0,592620.0,0.0
2015-04-30,500.0,529.4117,498.0392,520.5883,908820.0,0.0
2015-05-04,519.6078,519.6078,495.0981,500.9804,250920.0,0.0
2015-05-05,507.8431,516.6667,501.9608,510.7843,326400.0,0.0
2015-05-06,502.9412,514.7059,500.0,503.9216,159120.0,0.0
2015-05-07,501.9608,510.7843,496.0784,503.9216,192780.0,0.0
2015-05-08,500.0,514.7059,499.0196,502.9412,131580.0,0.0
2015-05-11,504.9019,515.6863,504.9019,508.8235,162180.0,0.0
2015-05-12,507.8431,519.6078,505.8824,516.6667,209100.0,0.0
2015-05-13,521.5686,531.3726,508.8235,508.8235,220320.0,0.0
2015-05-14,514.7059,514.7059,495.0981,497.0588,341700.0,0.0
2015-05-15,505.8824,505.8824,496.0784,496.0784,169320.0,0.0
2015-05-18,500.9804,501.9608,497.0588,500.0,86700.0,0.0
2015-05-19,508.8235,513.7255,500.9804,507.8431,138720.0,0.0
2015-05-20,508.8235,508.8235,497.0588,498.0392,237660.0,0.0
2015-05-21,493.1373,493.1373,480.3922,484.3137,436560.0,0.0
2015-05-22,484.3137,487.7451,483.8235,486.2745,118320.0,0.0
2015-05-25,482.3529,482.3529,477.451,479.9019,217260.0,0.0
2015-05-26,483.8235,501.9608,483.8235,494.1176,231540.0,0.0
2015-05-27,490.1961,494.1176,489.2157,489.7059,116280.0,0.0
2015-05-28,498.0392,499.0196,481.8627,482.3529,313140.0,0.0
2015-05-29,481.3726,487.2549,481.3726,484.8039,456960.0,0.0
2015-06-01,482.3529,485.2941,480.3922,480.8824,177480.0,0.0
2015-06-02,480.3922,480.3922,468.1373,470.0981,495720.0,0.0
2015-06-03,472.549,476.4706,463.7255,464.2157,263160.0,0.0
2015-06-04,465.6863,471.5686,446.5686,448.0392,517140.0,0.0
2015-06-05,447.549,449.5098,436.2745,441.6667,360060.0,0.0
2015-06-08,443.6274,458.8235,437.2549,452.9412,333540.0,0.0
2015-06-09,449.0196,449.5098,439.2157,439.2157,217260.0,0.0
2015-06-10,441.1765,445.0981,437.2549,437.2549,255000.0,0.0
2015-06-11,440.1961,440.1961,427.451,429.4118,359040.0,0.0
2015-06-12,429.4118,435.2941,417.6471,435.2941,333540.0,0.0
2015-06-15,435.2941,435.2941,422.0588,422.549,218280.0,0.0
2015-06-16,422.0588,422.0588,401.9608,401.9608,428400.0,0.0
2015-06-17,406.8627,410.7843,394.1176,396.5686,693600.0,0.0
2015-06-18,398.0392,402.9412,391.6667,399.0196,561000.0,0.0
2015-06-22,405.8824,419.6078,400.4902,419.6078,590580.0,0.0
2015-06-23,424.5098,432.3529,422.0588,427.451,408000.0,0.0
2015-06-24,429.4118,429.4118,420.5882,426.4706,183600.0,0.0
2015-06-25,426.4706,435.7843,424.0196,432.8431,311100.0,0.0
2015-06-26,432.8431,435.7843,426.9608,434.3137,243780.0,0.0
2015-06-29,429.4118,429.4118,414.7059,419.6078,220320.0,0.0
2015-06-30,419.6078,430.3922,415.1961,428.4314,258060.0,0.0
2015-07-01,431.3726,433.8235,425.0,428.9216,192780.0,0.0
2015-07-02,431.8627,434.8039,428.9216,434.8039,214200.0,0.0
2015-07-03,436.2745,436.2745,421.5686,424.0196,239700.0,0.0
2015-07-06,416.6667,425.0,410.7843,411.2745,228480.0,0.0
2015-07-07,413.2353,422.549,413.2353,418.6274,257040.0,0.0
2015-07-08,412.7451,418.6274,401.9608,402.451,394740.0,0.0
2015-07-09,393.1373,416.1765,393.1373,401.4706,361080.0,0.0
2015-07-10,401.4706,401.4706,401.4706,401.4706,0.0,0.0
2015-07-13,397.0588,406.3726,397.0588,400.4902,323340.0,0.0
2015-07-14,400.9804,407.3529,400.9804,403.4314,293760.0,0.0
2015-07-15,405.3922,409.8039,403.9216,409.3137,374340.0,0.0
2015-07-16,400.9804,411.7647,400.9804,409.8039,297840.0,10.2941
2015-07-17,409.8039,409.8039,401.4706,402.9412,156060.0,0.0
2015-07-20,407.8431,411.7647,401.9608,407.3529,165240.0,0.0
2015-07-21,407.3529,407.8431,403.9216,406.8627,131580.0,0.0
2015-07-22,401.9608,406.8627,401.9608,405.8824,157080.0,0.0
2015-07-23,402.9412,406.3726,399.0196,403.9216,198900.0,0.0
2015-07-24,400.4902,400.4902,399.0196,400.4902,76500.0,0.0
2015-07-27,397.549,400.4902,395.5882,400.0,150960.0,0.0
2015-07-28,401.9608,409.8039,397.0588,407.8431,307020.0,0.0
2015-07-29,404.4118,407.3529,400.9804,407.3529,184620.0,0.0
2015-07-30,407.3529,409.8039,403.4314,407.8431,219300.0,0.0
2015-07-31,404.9019,408.8235,397.0588,397.0588,377400.0,0.0
2015-08-03,395.5882,395.5882,386.2745,394.1176,480420.0,0.0
2015-08-04,403.9216,419.6078,400.0,419.6078,430440.0,0.0
2015-08-05,419.6078,439.2157,417.6471,435.2941,391680.0,0.0
2015-08-06,448.0392,448.5294,422.549,434.8039,317220.0,0.0
2015-08-07,430.8824,434.3137,421.5686,426.4706,197880.0,0.0
2015-08-10,433.3333,433.3333,421.5686,431.3726,112200.0,0.0
2015-08-11,437.2549,437.2549,410.2941,414.2157,374340.0,0.0
2015-08-12,419.6078,419.6078,408.3333,408.3333,223380.0,0.0
2015-08-13,413.7255,424.5098,411.7647,419.6078,237660.0,0.0
2015-08-14,414.7059,417.6471,406.8627,406.8627,194820.0,0.0
2015-08-17,403.4314,403.4314,397.0588,400.0,131580.0,0.0
2015-08-18,403.9216,405.8824,397.0588,399.5098,183600.0,0.0
2015-08-19,394.1176,394.1176,385.2941,385.7843,425340.0,0.0
2015-08-20,388.2353,388.2353,372.549,373.0392,643620.0,0.0
2015-08-21,363.7255,369.1176,349.0196,349.0196,654840.0,0.0
2015-08-24,343.1373,343.1373,314.2157,314.2157,639540.0,0.0
2015-08-25,297.549,314.2157,288.2353,312.7451,723180.0,0.0
2015-08-26,312.7451,322.549,308.3333,317.6471,709920.0,0.0
2015-08-27,323.5294,327.9412,316.1765,323.5294,580380.0,0.0
2015-08-28,335.2941,355.8824,330.3922,353.9216,624240.0,0.0
2015-08-31,363.7255,370.5882,346.0784,350.9804,774180.0,0.0
2015-09-01,350.9804,350.9804,343.6274,350.9804,306000.0,0.0
2015-09-02,349.0196,357.3529,340.1961,344.1176,595680.0,0.0
2015-09-03,349.0196,355.8824,343.6274,346.5686,514080.0,0.0
2015-09-04,344.1176,350.0,339.7059,339.7059,358020.0,0.0
2015-09-07,339.7059,347.549,338.2353,341.6667,179520.0,0.0
2015-09-08,347.549,347.549,338.7255,338.7255,235620.0,0.0
2015-09-09,347.0588,370.0981,347.0588,368.6274,658920.0,0.0
2015-09-10,365.6863,374.0196,359.8039,372.549,351900.0,0.0
2015-09-11,365.1961,372.0588,363.7255,366.6667,270300.0,0.0
2015-09-14,373.5294,373.5294,363.2353,365.1961,214200.0,0.0
2015-09-15,367.6471,367.6471,358.8235,362.2549,168300.0,0.0
2015-09-16,365.6863,375.4902,365.6863,375.4902,432480.0,0.0
2015-09-17,380.3922,382.3529,370.5882,371.5686,354960.0,0.0
2015-09-18,370.5882,376.4706,370.5882,372.0588,367200.0,0.0
2015-09-21,368.6274,368.6274,362.7451,366.6667,260100.0,0.0
2015-09-22,370.5882,370.5882,364.7059,367.6471,183600.0,0.0
2015-09-23,365.6863,368.1373,358.3333,360.2941,462060.0,0.0
2015-09-24,360.7843,364.2157,346.0784,346.5686,388620.0,0.0
2015-09-25,350.0,354.9019,346.5686,351.9608,277440.0,0.0
2015-09-29,351.9608,351.9608,351.9608,351.9608,0.0,0.0
2015-09-30,341.6667,354.4118,341.6667,343.1373,637500.0,0.0
2015-10-01,349.0196,361.7647,343.6274,357.8431,426360.0,0.0
2015-10-02,352.9412,355.8824,350.0,351.4706,192780.0,0.0
2015-10-05,359.8039,359.8039,355.3922,355.8824,145860.0,0.0
2015-10-06,356.3726,368.6274,356.3726,359.3137,244800.0,0.0
2015-10-07,359.3137,368.6274,355.8824,368.6274,315180.0,0.0
2015-10-08,373.5294,373.5294,361.2745,362.7451,218280.0,0.0
2015-10-12,358.8235,377.451,358.8235,374.0196,374340.0,0.0
2015-10-13,375.0,375.9804,369.1176,373.5294,200940.0,0.0
2015-10-14,373.5294,375.9804,370.0981,370.0981,103020.0,0.0
2015-10-15,374.0196,389.2157,374.0196,378.4314,452880.0,0.0
2015-10-16,379.4118,387.2549,374.0196,380.8824,320280.0,0.0
2015-10-19,381.3726,382.3529,377.451,378.9216,190740.0,0.0
2015-10-20,383.3333,384.8039,378.4314,383.3333,343740.0,0.0
2015-10-21,384.3137,392.1569,384.3137,387.2549,342720.0,0.0
2015-10-22,389.7059,397.0588,385.7843,391.6667,275400.0,0.0
2015-10-23,396.0784,396.5686,385.2941,385.2941,328440.0,0.0
2015-10-26,387.2549,395.0981,387.2549,391.6667,272340.0,0.0
2015-10-27,394.1176,394.1176,387.7451,390.1961,185640.0,0.0
2015-10-28,389.2157,390.1961,378.9216,381.3726,280500.0,0.0
2015-10-29,381.3726,382.8431,375.9804,379.4118,302940.0,0.0
2015-10-30,379.4118,380.3922,370.5882,374.0196,299880.0,0.0
2015-11-02,370.5882,377.451,370.0981,375.4902,236640.0,0.0
2015-11-03,375.4902,384.8039,375.4902,378.9216,342720.0,0.0
2015-11-04,378.4314,385.2941,378.4314,383.3333,595680.0,0.0
2015-11-05,383.8235,383.8235,377.9412,379.9019,178500.0,0.0
2015-11-06,381.3726,383.3333,368.1373,372.549,431460.0,0.0
2015-11-09,371.5686,372.549,363.7255,371.0784,228480.0,0.0
2015-11-10,363.2353,365.6863,362.7451,363.2353,387600.0,0.0
2015-11-11,363.2353,363.7255,357.8431,359.3137,313140.0,0.0
2015-11-12,360.7843,365.6863,354.9019,360.7843,264180.0,0.0
2015-11-13,360.7843,360.7843,346.0784,346.0784,542640.0,0.0
2015-11-16,343.1373,347.549,337.7451,338.7255,386580.0,0.0
2015-11-17,344.1176,350.0,344.1176,347.0588,263160.0,0.0
2015-11-18,347.0588,347.0588,333.3333,333.3333,501840.0,0.0
2015-11-19,340.1961,340.6863,333.3333,338.2353,425340.0,0.0
2015-11-20,337.2549,339.7059,334.8039,336.7647,198900.0,0.0
2015-11-23,342.1569,343.1373,337.2549,340.6863,211140.0,0.0
2015-11-24,338.7255,339.7059,333.8235,335.7843,262140.0,0.0
2015-11-25,335.7843,336.2745,331.8627,335.2941,239700.0,0.0
2015-11-26,337.7451,348.5294,336.7647,347.0588,638520.0,0.0
2015-11-27,350.9804,351.9608,343.6274,343.6274,284580.0,0.0
2015-11-30,340.1961,346.0784,329.4118,346.0784,881280.0,0.0
2015-12-01,346.0784,376.4706,345.0981,369.6078,851700.0,0.0
2015-12-02,372.549,376.4706,364.2157,367.6471,459000.0,0.0
2015-12-03,367.6471,374.5098,364.7059,373.5294,387600.0,0.0
2015-12-04,371.5686,373.0392,364.7059,366.6667,398820.0,0.0
2015-12-07,372.549,380.8824,369.6078,374.5098,333540.0,0.0
2015-12-08,375.0,376.4706,365.6863,367.1569,288660.0,0.0
2015-12-09,366.6667,368.1373,358.8235,359.8039,310080.0,0.0
2015-12-10,356.3726,366.6667,349.5098,363.2353,587520.0,0.0
2015-12-11,365.1961,365.6863,352.9412,352.9412,475320.0,0.0
2015-12-14,349.0196,362.2549,344.6078,360.7843,334560.0,0.0
2015-12-15,363.2353,364.2157,355.8824,355.8824,207060.0,0.0
2015-12-16,364.7059,369.6078,359.8039,369.6078,499800.0,0.0
2015-12-17,373.5294,374.0196,367.1569,368.6274,229500.0,0.0
2015-12-18,371.0784,381.3726,367.6471,368.6274,962880.0,0.0
2015-12-21,369.6078,372.0588,365.1961,371.0784,301920.0,0.0
2015-12-22,373.5294,377.451,372.0588,377.451,341700.0,0.0
2015-12-23,381.8627,382.3529,375.4902,377.451,170340.0,0.0
2015-12-24,379.4118,380.3922,374.0196,376.4706,144840.0,0.0
2015-12-25,375.0,377.451,373.0392,375.4902,63240.0,0.0
2015-12-28,380.3922,380.3922,376.9608,379.4118,161160.0,0.0
2015-12-29,379.4118,379.4118,374.5098,376.9608,94860.0,0.0
2015-12-30,378.9216,378.9216,369.1176,369.1176,151980.0,0.0
2015-12-31,371.0784,376.4706,369.1176,372.549,128520.0,0.0
2016-01-04,377.9412,377.9412,355.3922,357.3529,590580.0,0.0
2016-01-05,365.1961,365.1961,350.9804,357.3529,454920.0,0.0
2016-01-06,357.3529,364.2157,355.3922,364.2157,313140.0,0.0
2016-01-07,364.2157,365.6863,352.9412,353.9216,380460.0,0.0
2016-01-08,344.1176,353.9216,344.1176,346.5686,387600.0,0.0
2016-01-11,345.0981,347.549,333.3333,333.3333,493680.0,0.0
2016-01-12,341.1765,342.6471,334.3137,337.2549,330480.0,0.0
2016-01-13,343.6274,345.0981,337.7451,339.7059,273360.0,0.0
2016-01-14,332.3529,336.2745,328.4314,335.7843,224400.0,0.0
2016-01-15,339.2157,341.1765,325.4902,327.9412,473280.0,0.0
2016-01-18,316.6667,329.9019,315.6863,329.9019,321300.0,0.0
2016-01-19,332.3529,333.8235,322.549,328.9216,188700.0,0.0
2016-01-20,328.9216,328.9216,315.1961,315.1961,404940.0,0.0
2016-01-21,318.6274,321.5686,314.2157,314.2157,398820.0,0.0
2016-01-22,321.5686,321.5686,317.6471,319.1176,233580.0,0.0
2016-01-25,324.5098,325.4902,321.0784,323.5294,215220.0,0.0
2016-01-26,322.549,322.549,315.1961,316.6667,308040.0,0.0
2016-01-27,319.6078,320.0981,316.6667,317.6471,237660.0,0.0
2016-01-28,317.6471,321.5686,316.6667,319.6078,340680.0,0.0
2016-01-29,319.6078,332.8431,319.1176,332.8431,558960.0,0.0
2016-02-01,341.1765,343.1373,327.9412,335.2941,362100.0,0.0
2016-02-02,330.3922,333.3333,328.9216,328.9216,178500.0,0.0
2016-02-03,323.5294,327.9412,319.6078,321.5686,348840.0,0.0
2016-02-15,324.0196,327.451,320.5882,326.4706,199920.0,0.0
2016-02-16,328.4314,330.3922,324.5098,326.4706,220320.0,0.0
2016-02-17,329.4118,332.8431,327.451,331.3726,179520.0,0.0
2016-02-18,337.2549,337.2549,332.8431,335.7843,279480.0,0.0
2016-02-19,335.2941,335.7843,331.3726,334.8039,206040.0,0.0
2016-02-22,337.2549,339.7059,331.8627,332.3529,129540.0,0.0
2016-02-23,337.2549,337.2549,330.3922,330.3922,125460.0,0.0
2016-02-24,330.3922,336.7647,328.4314,331.3726,187680.0,0.0
2016-02-25,335.2941,336.2745,331.3726,336.2745,268260.0,0.0
2016-02-26,337.7451,338.2353,332.3529,337.7451,299880.0,0.0
2016-03-01,333.3333,336.2745,332.8431,333.8235,232560.0,0.0
2016-03-02,337.2549,341.1765,334.8039,334.8039,120360.0,0.0
2016-03-03,334.8039,339.2157,334.3137,339.2157,284580.0,0.0
2016-03-04,339.2157,343.1373,337.7451,343.1373,286620.0,0.0
2016-03-07,346.0784,352.9412,339.7059,341.1765,388620.0,0.0
2016-03-08,344.1176,351.9608,340.1961,351.9608,346800.0,0.0
2016-03-09,345.0981,349.5098,340.6863,342.1569,497760.0,0.0
2016-03-10,341.6667,348.5294,340.6863,348.0392,289680.0,0.0
2016-03-11,348.0392,351.4706,344.1176,350.0,219300.0,0.0
2016-03-14,351.9608,356.8627,347.0588,351.9608,280500.0,0.0
2016-03-15,349.0196,349.5098,343.6274,343.6274,239700.0,0.0
2016-03-16,348.0392,348.0392,341.1765,343.1373,212160.0,0.0
2016-03-17,349.0196,350.9804,344.1176,345.0981,293760.0,0.0
2016-03-18,347.549,352.451,345.5882,345.5882,629340.0,0.0
2016-03-21,350.4902,351.4706,342.6471,351.4706,186660.0,0.0
2016-03-22,351.4706,351.4706,343.1373,348.0392,235620.0,0.0
2016-03-23,349.0196,350.0,344.1176,347.0588,174420.0,0.0
2016-03-24,347.0588,349.5098,344.1176,349.5098,161160.0,0.0
2016-03-25,347.549,347.549,344.6078,345.5882,83640.0,0.0
2016-03-28,345.5882,349.0196,339.2157,339.7059,189720.0,0.0
2016-03-29,345.5882,345.5882,333.3333,339.2157,192780.0,0.0
2016-03-30,340.6863,348.0392,337.2549,346.0784,276420.0,0.0
2016-03-31,349.0196,350.4902,343.6274,347.0588,367200.0,0.0
2016-04-01,343.1373,343.1373,336.2745,339.2157,315180.0,0.0
2016-04-06,331.3726,332.3529,328.4314,330.8824,335580.0,0.0
2016-04-07,326.9608,329.4118,323.5294,324.0196,389640.0,0.0
2016-04-08,317.1569,323.0392,317.1569,319.1176,489600.0,0.0
2016-04-11,319.6078,326.4706,317.1569,324.0196,187680.0,0.0
2016-04-12,324.5098,324.5098,319.6078,323.0392,108120.0,0.0
2016-04-13,323.5294,335.2941,323.5294,335.2941,299880.0,0.0
2016-04-14,333.8235,339.7059,330.3922,330.3922,179520.0,0.0
2016-04-15,331.3726,348.0392,330.3922,344.1176,490620.0,0.0
2016-04-18,340.1961,343.1373,336.2745,340.6863,177480.0,0.0
2016-04-19,340.6863,341.6667,330.8824,330.8824,238680.0,0.0
2016-04-20,330.8824,337.2549,319.1176,319.1176,657900.0,0.0
2016-04-21,319.6078,322.549,317.1569,321.0784,352920.0,0.0
2016-04-22,325.9804,325.9804,315.6863,319.1176,220320.0,0.0
2016-04-25,319.1176,323.0392,319.1176,323.0392,114240.0,0.0
2016-04-26,324.5098,329.4118,322.549,326.4706,158100.0,0.0
2016-04-27,326.4706,327.451,321.5686,321.5686,163200.0,0.0
2016-04-28,323.5294,324.5098,314.7059,316.1765,337620.0,0.0
2016-04-29,316.1765,318.6274,312.7451,312.7451,259080.0,0.0
2016-05-03,312.7451,317.1569,310.7843,311.2745,213180.0,0.0
2016-05-04,313.7255,315.6863,294.1176,297.549,542640.0,0.0
2016-05-05,300.9804,305.8824,292.1569,300.0,447780.0,0.0
2016-05-06,295.0981,299.0196,294.1176,294.6078,357000.0,0.0
2016-05-09,300.0,300.0,292.1569,293.1373,271320.0,0.0
2016-05-10,292.6471,292.6471,288.7255,289.2157,444720.0,0.0
2016-05-11,297.0588,301.9608,291.1765,291.1765,508980.0,0.0
2016-05-12,289.2157,292.6471,284.3137,284.8039,357000.0,0.0
2016-05-13,282.3529,282.8431,265.1961,272.0588,619140.0,0.0
2016-05-16,272.0588,286.7647,271.0784,285.7843,465120.0,0.0
2016-05-17,285.7843,290.1961,275.4902,287.2549,761940.0,0.0
2016-05-18,279.9019,292.1569,279.9019,287.7451,459000.0,0.0
2016-05-19,292.1569,292.1569,280.3922,281.3726,470220.0,0.0
2016-05-20,284.8039,287.2549,280.8824,285.7843,328440.0,0.0
2016-05-23,286.2745,298.0392,277.451,297.0588,539580.0,0.0
2016-05-24,297.0588,301.4706,294.1176,295.0981,287640.0,0.0
2016-05-25,297.0588,299.5098,297.0588,297.0588,205020.0,0.0
2016-05-26,297.549,298.5294,296.5686,297.0588,180540.0,0.0
2016-05-27,298.5294,305.3922,298.5294,305.3922,307020.0,0.0
2016-05-30,303.9216,313.2353,302.451,308.8235,405960.0,0.0
2016-05-31,308.8235,311.2745,303.9216,305.3922,649740.0,0.0
2016-06-01,301.4706,310.2941,300.9804,308.3333,310080.0,0.0
2016-06-02,306.8627,310.2941,302.451,303.4314,314160.0,0.0
2016-06-03,300.0,305.3922,300.0,301.4706,218280.0,0.0
2016-06-06,308.3333,311.2745,303.9216,308.3333,278460.0,0.0
2016-06-07,310.7843,312.7451,309.8039,312.7451,314160.0,0.0
2016-06-08,312.7451,316.1765,309.3137,309.8039,371280.0,0.0
2016-06-13,305.8824,312.7451,305.8824,308.8235,259080.0,0.0
2016-06-14,308.8235,308.8235,302.451,303.4314,182580.0,0.0
2016-06-15,303.4314,306.8627,300.0,303.9216,227460.0,0.0
2016-06-16,301.4706,302.9412,292.6471,294.1176,577320.0,0.0
2016-06-17,297.0588,305.8824,296.0784,301.4706,620160.0,0.0
2016-06-20,311.7647,320.0981,307.8431,316.1765,614040.0,0.0
2016-06-21,321.5686,322.0588,311.7647,314.2157,562020.0,0.0
2016-06-22,318.1373,318.6274,310.7843,314.2157,375360.0,0.0
2016-06-23,313.7255,314.2157,311.7647,312.2549,198900.0,0.0
2016-06-24,314.7059,316.6667,300.9804,308.8235,539580.0,0.0
2016-06-27,308.3333,308.3333,304.9019,306.8627,124440.0,0.0
2016-06-28,301.9608,306.8627,301.4706,303.9216,825180.0,0.0
2016-06-29,304.9019,308.8235,304.9019,306.3726,166260.0,0.0
2016-06-30,309.8039,309.8039,305.8824,308.8235,166260.0,0.0
2016-07-01,311.2745,317.1569,309.8039,313.2353,299880.0,0.0
2016-07-04,316.6667,319.6078,314.2157,317.6471,202980.0,0.0
2016-07-05,314.2157,319.6078,312.7451,314.7059,129540.0,0.0
2016-07-06,315.1961,315.1961,303.9216,303.9216,358020.0,0.0
2016-07-07,308.8235,309.3137,304.9019,306.8627,188700.0,0.0
2016-07-08,306.8627,306.8627,306.8627,306.8627,0.0,0.0
2016-07-11,311.7647,315.1961,310.2941,313.2353,250920.0,0.0
2016-07-12,311.7647,316.6667,310.7843,312.7451,314160.0,0.0
2016-07-13,317.6471,317.6471,314.2157,317.1569,307020.0,0.0
2016-07-14,317.1569,317.6471,315.6863,317.1569,211140.0,0.0
2016-07-15,317.1569,323.0392,317.1569,323.0392,679320.0,0.0
2016-07-18,311.7647,319.6078,311.7647,318.1373,459000.0,11.7647
2016-07-19,319.6078,322.549,314.7059,322.549,500820.0,0.0
2016-07-20,317.1569,322.549,317.1569,321.5686,347820.0,0.0
2016-07-21,322.549,329.4118,322.549,327.9412,462060.0,0.0
2016-07-22,327.9412,327.9412,319.1176,319.6078,382500.0,0.0
2016-07-25,323.0392,333.3333,318.6274,320.5882,563040.0,0.0
2016-07-26,320.5882,324.5098,320.5882,324.0196,270300.0,0.0
2016-07-27,324.5098,326.4706,322.0588,322.549,233580.0,0.0
2016-07-28,322.0588,323.5294,319.6078,322.0588,301920.0,0.0
2016-07-29,320.0981,323.5294,313.7255,313.7255,364140.0,0.0
2016-08-01,316.6667,322.549,314.7059,319.1176,498780.0,0.0
2016-08-02,321.5686,322.0588,316.6667,319.6078,212160.0,0.0
2016-08-03,314.2157,316.6667,304.9019,316.6667,350880.0,0.0
2016-08-04,314.7059,318.6274,309.3137,316.1765,218280.0,0.0
2016-08-05,317.6471,320.5882,315.1961,320.5882,232560.0,0.0
2016-08-08,322.549,323.0392,318.6274,323.0392,147900.0,0.0
2016-08-09,316.6667,323.5294,316.6667,323.0392,157080.0,0.0
2016-08-10,322.549,325.4902,320.5882,325.4902,196860.0,0.0
2016-08-11,325.4902,327.451,319.6078,327.451,199920.0,0.0
2016-08-12,330.3922,333.3333,328.9216,328.9216,456960.0,0.0
2016-08-15,328.9216,336.2745,326.9608,336.2745,335580.0,0.0
2016-08-16,338.2353,340.6863,333.3333,340.6863,518160.0,0.0
2016-08-17,340.6863,340.6863,336.7647,340.6863,276420.0,0.0
2016-08-18,338.2353,343.1373,336.7647,341.6667,137700.0,0.0
2016-08-19,341.6667,345.5882,338.7255,339.7059,353940.0,0.0
2016-08-22,335.2941,340.6863,333.3333,334.3137,188700.0,0.0
2016-08-23,335.2941,342.6471,334.3137,341.1765,189720.0,0.0
2016-08-24,341.6667,344.1176,339.7059,339.7059,238680.0,0.0
2016-08-25,342.1569,343.1373,340.1961,342.1569,232560.0,0.0
2016-08-26,343.1373,343.1373,341.1765,342.6471,103020.0,0.0
2016-08-29,342.6471,343.1373,334.3137,342.6471,230520.0,0.0
2016-08-30,344.1176,357.8431,344.1176,354.9019,549780.0,0.0
2016-08-31,362.7451,362.7451,344.1176,346.0784,663000.0,0.0
2016-09-01,345.0981,351.9608,340.1961,349.5098,258060.0,0.0
2016-09-02,353.9216,353.9216,344.6078,346.5686,195840.0,0.0
2016-09-05,349.5098,353.9216,347.549,351.9608,142800.0,0.0
2016-09-06,351.9608,357.8431,349.0196,357.3529,242760.0,0.0
2016-09-07,360.7843,368.6274,356.8627,367.6471,401880.0,0.0
2016-09-08,369.6078,369.6078,363.7255,364.2157,160140.0,0.0
2016-09-09,360.7843,366.1765,358.3333,365.6863,211140.0,0.0
2016-09-12,352.9412,352.9412,343.1373,345.5882,456960.0,0.0
2016-09-13,343.6274,350.0,339.2157,350.0,524280.0,0.0
2016-09-14,344.1176,346.5686,340.6863,341.6667,596700.0,0.0
2016-09-19,342.1569,349.0196,342.1569,343.1373,326400.0,0.0
2016-09-20,348.0392,348.0392,342.6471,346.0784,334560.0,0.0
2016-09-21,348.0392,348.5294,342.6471,347.0588,457980.0,0.0
2016-09-22,350.0,350.9804,345.0981,347.549,313140.0,0.0
2016-09-23,349.0196,355.3922,349.0196,353.4314,245820.0,0.0
2016-09-26,351.9608,354.4118,346.0784,346.5686,170340.0,0.0
2016-09-27,346.5686,346.5686,346.5686,346.5686,0.0,0.0
2016-09-28,346.5686,346.5686,346.5686,346.5686,0.0,0.0
2016-09-29,351.9608,358.3333,351.9608,358.3333,516120.0,0.0
2016-09-30,355.8824,360.7843,350.9804,359.3137,549780.0,0.0
2016-10-03,359.3137,361.2745,353.9216,353.9216,170340.0,0.0
2016-10-04,359.3137,361.2745,355.8824,361.2745,343740.0,0.0
2016-10-05,355.8824,362.7451,355.8824,358.8235,185640.0,0.0
2016-10-06,361.2745,361.2745,356.3726,358.8235,168300.0,0.0
2016-10-07,357.8431,361.2745,353.9216,360.7843,201960.0,0.0
2016-10-11,368.6274,369.1176,360.7843,364.7059,290700.0,0.0
2016-10-12,363.7255,365.1961,360.7843,362.7451,120360.0,0.0
2016-10-13,361.7647,361.7647,353.4314,356.3726,410040.0,0.0
2016-10-14,356.3726,360.7843,353.4314,360.2941,235620.0,0.0
2016-10-17,359.3137,359.3137,353.4314,353.9216,200940.0,0.0
2016-10-18,356.8627,364.7059,353.9216,364.2157,315180.0,0.0
2016-10-19,364.7059,366.6667,361.2745,362.2549,164220.0,0.0
2016-10-20,363.7255,364.2157,357.8431,360.2941,128520.0,0.0
2016-10-21,361.7647,361.7647,357.3529,359.3137,119340.0,0.0
2016-10-24,359.8039,360.7843,355.8824,355.8824,114240.0,0.0
2016-10-25,355.8824,360.7843,355.8824,360.2941,53040.0,0.0
2016-10-26,360.7843,363.2353,356.8627,362.7451,209100.0,0.0
2016-10-27,360.7843,361.7647,356.3726,359.3137,215220.0,0.0
2016-10-28,357.8431,361.2745,357.3529,360.2941,127500.0,0.0
2016-10-31,356.3726,361.2745,354.9019,360.2941,158100.0,0.0
2016-11-01,357.3529,361.2745,357.3529,360.2941,48960.0,0.0
2016-11-02,357.8431,359.3137,354.9019,356.3726,168300.0,0.0
2016-11-03,355.3922,358.8235,353.4314,353.4314,222360.0,0.0
2016-11-04,350.9804,353.9216,350.0,352.451,191760.0,0.0
2016-11-07,351.4706,358.8235,351.4706,357.3529,113220.0,0.0
2016-11-08,359.3137,361.7647,357.3529,361.7647,138720.0,0.0
2016-11-09,361.7647,365.6863,350.0,350.4902,475320.0,0.0
2016-11-10,357.8431,360.2941,357.3529,359.8039,189720.0,0.0
2016-11-11,353.4314,357.3529,350.0,350.0,394740.0,0.0
2016-11-14,350.0,350.4902,343.1373,343.6274,378420.0,0.0
2016-11-15,347.549,350.0,343.1373,343.1373,239700.0,0.0
2016-11-16,347.549,347.549,341.1765,341.1765,155040.0,0.0
2016-11-17,343.1373,346.0784,337.2549,346.0784,291720.0,0.0
2016-11-18,341.1765,343.1373,339.2157,339.2157,226440.0,0.0
2016-11-21,340.1961,345.5882,338.2353,345.0981,161160.0,0.0
2016-11-22,343.1373,356.8627,343.1373,355.8824,421260.0,0.0
2016-11-23,357.3529,359.8039,354.9019,359.3137,246840.0,0.0
2016-11-24,359.3137,359.3137,353.9216,356.8627,107100.0,0.0
2016-11-25,356.8627,360.7843,356.8627,358.8235,174420.0,0.0
2016-11-28,358.3333,360.2941,357.3529,358.8235,91800.0,0.0
2016-11-29,358.8235,359.8039,352.9412,352.9412,206040.0,0.0
2016-11-30,355.3922,359.3137,353.4314,359.3137,382500.0,0.0
2016-12-01,358.8235,359.8039,357.3529,359.3137,76500.0,0.0
2016-12-02,356.3726,360.2941,355.3922,359.8039,143820.0,0.0
2016-12-05,358.8235,358.8235,354.9019,354.9019,116280.0,0.0
2016-12-06,359.3137,361.7647,356.3726,358.3333,245820.0,0.0
2016-12-07,360.2941,362.2549,359.8039,359.8039,86700.0,0.0
2016-12-08,363.2353,364.2157,359.3137,364.2157,253980.0,0.0
2016-12-09,364.2157,367.1569,363.7255,364.7059,231540.0,0.0
2016-12-12,364.7059,367.1569,362.7451,363.7255,80580.0,0.0
2016-12-13,361.2745,366.1765,361.2745,364.7059,140760.0,0.0
2016-12-14,364.7059,365.1961,361.2745,362.7451,112200.0,0.0
2016-12-15,359.8039,361.7647,359.3137,359.8039,150960.0,0.0
2016-12-16,359.8039,359.8039,356.3726,356.3726,277440.0,0.0
2016-12-19,356.3726,358.3333,353.9216,353.9216,67320.0,0.0
2016-12-20,356.8627,356.8627,353.9216,353.9216,120360.0,0.0
2016-12-21,354.9019,359.8039,354.9019,358.8235,110160.0,0.0
2016-12-22,356.8627,356.8627,353.9216,354.4118,213180.0,0.0
2016-12-23,353.4314,354.9019,352.9412,353.4314,154020.0,0.0
2016-12-26,357.3529,357.3529,349.0196,351.4706,52020.0,0.0
2016-12-27,351.4706,355.3922,351.4706,352.451,28560.0,0.0
2016-12-28,354.9019,356.8627,353.4314,355.8824,69360.0,0.0
2016-12-29,353.9216,354.9019,351.4706,351.9608,132600.0,0.0
2016-12-30,354.9019,362.7451,354.9019,361.7647,306000.0,0.0
2017-01-03,362.7451,362.7451,356.8627,357.3529,103020.0,0.0
2017-01-04,360.2941,360.2941,354.9019,358.8235,161160.0,0.0
2017-01-05,358.8235,358.8235,355.3922,357.8431,112200.0,0.0
2017-01-06,357.8431,358.3333,355.3922,358.3333,139740.0,0.0
2017-01-09,359.3137,359.3137,355.8824,356.8627,119340.0,0.0
2017-01-10,358.3333,358.8235,354.4118,358.8235,170340.0,0.0
2017-01-11,359.3137,359.8039,354.9019,357.8431,217260.0,0.0
2017-01-12,359.8039,359.8039,356.3726,359.8039,255000.0,0.0
2017-01-13,360.2941,360.2941,357.8431,359.8039,163200.0,0.0
2017-01-16,359.8039,360.2941,353.4314,355.8824,155040.0,0.0
2017-01-17,355.8824,359.8039,355.8824,359.8039,196860.0,0.0
2017-01-18,359.3137,359.3137,353.9216,355.3922,304980.0,0.0
2017-01-19,357.3529,357.3529,350.0,352.9412,390660.0,0.0
2017-01-20,353.9216,354.4118,348.0392,349.0196,325380.0,0.0
2017-01-23,350.4902,351.9608,348.0392,350.0,240720.0,0.0
2017-01-24,351.9608,355.8824,350.9804,350.9804,398820.0,0.0
2017-02-02,355.3922,355.8824,340.1961,341.1765,483480.0,0.0
2017-02-03,343.6274,347.0588,343.1373,345.5882,233580.0,0.0
2017-02-06,346.0784,346.0784,342.1569,342.1569,173400.0,0.0
2017-02-07,341.1765,347.0588,341.1765,347.0588,211140.0,0.0
2017-02-08,347.549,347.549,338.2353,345.0981,293760.0,0.0
2017-02-09,345.0981,346.5686,343.6274,346.5686,107100.0,0.0
2017-02-10,346.5686,349.5098,346.5686,348.5294,258060.0,0.0
2017-02-13,350.9804,350.9804,349.0196,350.9804,115260.0,0.0
2017-02-14,352.451,352.9412,349.0196,352.9412,227460.0,0.0
2017-02-15,354.4118,354.9019,350.9804,354.4118,234600.0,0.0
2017-02-16,355.3922,355.3922,351.4706,355.3922,178500.0,0.0
2017-02-17,355.3922,355.3922,348.0392,348.5294,244800.0,0.0
2017-02-20,351.4706,351.4706,344.1176,345.5882,227460.0,0.0
2017-02-21,344.1176,349.0196,343.6274,349.0196,188700.0,0.0
2017-02-22,350.0,350.0,344.1176,346.0784,213180.0,0.0
2017-02-23,344.6078,347.549,343.1373,346.0784,275400.0,0.0
2017-02-24,343.6274,345.5882,342.6471,344.6078,207060.0,0.0
2017-03-01,342.1569,345.5882,342.1569,342.1569,197880.0,0.0
2017-03-02,342.6471,345.0981,342.1569,344.6078,167280.0,0.0
2017-03-03,344.6078,344.6078,342.1569,343.1373,251940.0,0.0
2017-03-06,340.6863,343.1373,340.6863,343.1373,93840.0,0.0
2017-03-07,342.1569,344.1176,342.1569,343.6274,91800.0,0.0
2017-03-08,343.6274,343.6274,340.1961,340.1961,209100.0,0.0
2017-03-09,339.7059,339.7059,333.3333,335.2941,397800.0,0.0
2017-03-10,335.2941,337.7451,330.3922,332.3529,229500.0,0.0
2017-03-13,335.2941,337.7451,333.8235,337.2549,124440.0,0.0
2017-03-14,337.2549,339.7059,336.7647,338.7255,121380.0,0.0
2017-03-15,338.2353,338.2353,335.2941,337.2549,109140.0,0.0
2017-03-16,339.7059,344.6078,337.7451,341.1765,255000.0,0.0
2017-03-17,343.1373,346.0784,342.6471,343.1373,510000.0,0.0
2017-03-20,343.1373,344.1176,341.6667,341.6667,82620.0,0.0
2017-03-21,346.0784,348.0392,344.6078,348.0392,288660.0,0.0
2017-03-22,347.0588,347.0588,344.1176,344.6078,182580.0,0.0
2017-03-23,347.549,347.549,342.6471,344.1176,95880.0,0.0
2017-03-24,346.0784,348.0392,346.0784,348.0392,136680.0,0.0
2017-03-27,348.0392,350.4902,346.0784,350.4902,242760.0,0.0
2017-03-28,351.9608,353.4314,350.4902,353.4314,342720.0,0.0
2017-03-29,354.9019,354.9019,347.549,351.4706,243780.0,0.0
2017-03-30,350.9804,350.9804,346.5686,348.0392,169320.0,0.0
2017-03-31,348.0392,349.0196,346.0784,348.5294,183600.0,0.0
2017-04-05,349.5098,352.9412,348.0392,352.9412,263160.0,0.0
2017-04-06,352.9412,352.9412,349.5098,350.0,78540.0,0.0
2017-04-07,346.5686,350.0,345.0981,349.0196,153000.0,0.0
2017-04-10,350.4902,350.4902,348.0392,349.5098,36720.0,0.0
2017-04-11,345.5882,347.549,345.5882,346.0784,77520.0,0.0
2017-04-12,345.0981,348.5294,344.6078,348.5294,82620.0,0.0
2017-04-13,349.0196,349.0196,345.0981,346.5686,64260.0,0.0
2017-04-14,346.5686,346.5686,342.6471,342.6471,112200.0,0.0
2017-04-17,344.6078,344.6078,341.6667,343.1373,49980.0,0.0
2017-04-18,343.1373,346.0784,339.7059,346.0784,122400.0,0.0
2017-04-19,340.6863,342.1569,335.2941,335.2941,457980.0,0.0
2017-04-20,332.8431,338.7255,332.8431,334.8039,217260.0,0.0
2017-04-21,337.7451,338.7255,335.7843,338.2353,139740.0,0.0
2017-04-24,338.2353,340.1961,338.2353,339.7059,69360.0,0.0
2017-04-25,340.6863,342.1569,336.2745,342.1569,303960.0,0.0
2017-04-26,343.6274,343.6274,336.7647,342.1569,249900.0,0.0
2017-04-27,339.7059,340.1961,336.7647,338.7255,140760.0,0.0
2017-04-28,337.7451,341.1765,337.2549,340.6863,223380.0,0.0
2017-05-02,340.6863,343.1373,339.2157,343.1373,145860.0,0.0
2017-05-03,341.1765,343.1373,340.6863,343.1373,99960.0,0.0
2017-05-04,343.1373,343.1373,341.6667,343.1373,80580.0,0.0
2017-05-05,342.6471,342.6471,340.6863,342.6471,72420.0,0.0
2017-05-08,343.1373,343.1373,339.7059,342.1569,62220.0,0.0
2017-05-09,342.1569,342.6471,339.7059,342.6471,90780.0,0.0
2017-05-10,342.6471,343.1373,339.7059,343.1373,150960.0,0.0
2017-05-11,343.1373,343.6274,341.6667,343.6274,115260.0,0.0
2017-05-12,344.1176,344.1176,339.2157,341.1765,159120.0,0.0
2017-05-15,340.1961,343.1373,338.2353,341.6667,192780.0,0.0
2017-05-16,348.5294,362.7451,348.5294,362.7451,1171980.0,0.0
2017-05-17,365.6863,365.6863,355.8824,361.2745,489600.0,0.0
2017-05-18,355.8824,361.7647,354.4118,361.2745,322320.0,0.0
2017-05-19,358.3333,360.7843,357.3529,359.8039,248880.0,0.0
2017-05-22,362.2549,367.6471,356.8627,361.2745,362100.0,0.0
2017-05-23,361.2745,362.2549,357.8431,358.8235,280500.0,0.0
2017-05-24,361.2745,372.549,358.8235,372.0588,756840.0,0.0
2017-05-25,371.0784,385.2941,370.0981,376.4706,698700.0,0.0
2017-05-26,378.4314,389.2157,377.451,380.8824,826200.0,0.0
2017-05-31,384.3137,386.7647,379.4118,386.7647,1945140.0,0.0
2017-06-01,385.2941,395.5882,380.8824,383.8235,640560.0,0.0
2017-06-02,387.2549,389.2157,383.8235,389.2157,352920.0,0.0
2017-06-05,380.3922,385.7843,376.9608,382.3529,368220.0,0.0
2017-06-06,385.2941,385.2941,377.9412,378.9216,289680.0,0.0
2017-06-07,379.4118,384.3137,379.4118,384.3137,332520.0,0.0
2017-06-08,384.3137,386.7647,381.8627,385.2941,267240.0,0.0
2017-06-09,384.8039,385.2941,377.451,379.4118,309060.0,0.0
2017-06-12,375.4902,377.451,363.7255,364.2157,404940.0,0.0
2017-06-13,365.6863,372.0588,363.7255,372.0588,300900.0,0.0
2017-06-14,377.451,377.451,362.2549,374.5098,505920.0,0.0
2017-06-15,372.0588,372.0588,366.6667,371.0784,211140.0,0.0
2017-06-16,370.0981,370.0981,365.6863,369.6078,440640.0,0.0
2017-06-19,369.6078,374.0196,364.7059,370.5882,229500.0,0.0
2017-06-20,368.1373,368.6274,364.7059,364.7059,218280.0,0.0
2017-06-21,362.7451,368.6274,362.7451,367.6471,471240.0,0.0
2017-06-22,368.6274,369.6078,365.6863,369.6078,151980.0,0.0
2017-06-23,370.5882,370.5882,368.1373,368.6274,148920.0,0.0
2017-06-26,369.6078,382.3529,369.6078,382.3529,496740.0,0.0
2017-06-27,382.3529,382.3529,374.5098,379.9019,297840.0,0.0
2017-06-28,376.4706,378.4314,367.6471,375.4902,374340.0,0.0
2017-06-29,379.4118,379.9019,370.5882,372.549,176460.0,0.0
2017-06-30,369.6078,373.5294,369.6078,373.5294,181560.0,0.0
2017-07-03,374.0196,377.451,372.0588,377.451,157080.0,0.0
2017-07-04,375.4902,376.9608,369.1176,369.6078,173400.0,0.0
2017-07-05,372.549,375.4902,369.1176,375.4902,181560.0,0.0
2017-07-06,372.549,375.0,369.6078,372.0588,229500.0,0.0
2017-07-07,368.6274,368.6274,361.2745,362.7451,327420.0,0.0
2017-07-10,363.7255,366.6667,363.2353,364.2157,176460.0,0.0
2017-07-11,364.7059,372.0588,364.7059,372.0588,309060.0,0.0
2017-07-12,372.0588,372.0588,366.1765,367.1569,131580.0,0.0
2017-07-13,369.1176,369.6078,366.1765,366.6667,154020.0,0.0
2017-07-14,365.6863,370.0981,365.6863,368.6274,160140.0,0.0
2017-07-17,368.6274,374.5098,368.6274,373.5294,456960.0,0.0
2017-07-18,362.7451,363.2353,358.8235,361.7647,260100.0,11.7647
2017-07-19,361.7647,364.2157,358.8235,363.2353,193800.0,0.0
2017-07-20,361.2745,362.2549,358.8235,362.2549,186660.0,0.0
2017-07-21,361.7647,361.7647,358.8235,358.8235,125460.0,0.0
2017-07-24,358.8235,361.7647,357.8431,361.7647,252960.0,0.0
2017-07-25,361.7647,361.7647,358.8235,358.8235,94860.0,0.0
2017-07-26,360.7843,360.7843,353.9216,353.9216,220320.0,0.0
2017-07-27,355.3922,360.2941,354.9019,360.2941,176460.0,0.0
2017-07-28,358.8235,358.8235,356.3726,358.8235,112200.0,0.0
2017-07-31,358.8235,359.8039,354.9019,359.8039,181560.0,0.0
2017-08-01,359.8039,362.2549,358.3333,362.2549,113220.0,0.0
2017-08-02,361.7647,362.7451,359.3137,362.7451,169320.0,0.0
2017-08-03,356.3726,360.7843,356.3726,360.7843,156060.0,0.0
2017-08-04,360.7843,360.7843,357.3529,360.7843,112200.0,0.0
2017-08-07,358.3333,361.2745,358.3333,359.8039,59160.0,0.0
2017-08-08,359.3137,360.2941,356.8627,360.2941,99960.0,0.0
2017-08-09,356.3726,359.3137,353.9216,356.3726,138720.0,0.0
2017-08-10,356.8627,357.3529,352.9412,354.9019,72420.0,0.0
2017-08-11,352.9412,353.4314,346.5686,349.0196,126480.0,0.0
2017-08-14,352.9412,352.9412,348.0392,350.0,73440.0,0.0
2017-08-15,351.9608,351.9608,346.5686,348.0392,116280.0,0.0
2017-08-16,346.5686,346.5686,337.2549,337.2549,280500.0,0.0
2017-08-17,337.2549,341.1765,337.2549,339.7059,193800.0,0.0
2017-08-18,339.7059,339.7059,332.3529,334.3137,183600.0,0.0
2017-08-21,334.3137,335.2941,329.4118,334.3137,221522.0,0.0
2017-08-22,335.2941,342.6471,335.2941,341.1765,125864.0,0.0
2017-08-23,341.1765,342.6471,334.3137,336.2745,167538.0,0.0
2017-08-24,338.2353,346.5686,338.2353,346.5686,201050.0,0.0
2017-08-25,346.5686,346.5686,341.6667,346.0784,101803.0,0.0
2017-08-28,346.0784,348.0392,341.1765,348.0392,149144.0,0.0
2017-08-29,347.549,347.549,341.1765,345.5882,132538.0,0.0
2017-08-30,347.0588,348.0392,342.1569,348.0392,171331.0,0.0
2017-08-31,349.5098,349.5098,343.6274,348.5294,183519.0,0.0
2017-09-01,348.5294,349.0196,344.6078,346.0784,87782.0,0.0
2017-09-04,345.5882,347.0588,343.1373,347.0588,115965.0,0.0
2017-09-05,344.6078,346.0784,343.6274,346.0784,147329.0,0.0
2017-09-06,346.0784,346.0784,342.1569,345.0981,125879.0,0.0
2017-09-07,344.1176,345.0981,341.1765,341.6667,164454.0,0.0
2017-09-08,344.6078,347.549,341.6667,347.549,164550.0,0.0
2017-09-11,348.0392,348.5294,347.549,348.0392,81322.0,0.0
2017-09-12,348.0392,349.5098,344.1176,346.5686,122132.0,0.0
2017-09-13,344.6078,345.5882,343.1373,343.1373,82702.0,0.0
2017-09-14,341.1765,346.0784,341.1765,345.5882,98481.0,0.0
2017-09-15,344.1176,348.0392,342.1569,346.0784,533470.0,0.0
2017-09-18,346.0784,359.3137,346.0784,357.8431,233794.0,0.0
2017-09-19,357.8431,360.7843,355.3922,358.8235,138410.0,0.0
2017-09-20,354.9019,358.8235,350.4902,358.3333,160243.0,0.0
2017-09-21,358.3333,362.7451,358.3333,358.8235,166797.0,0.0
2017-09-22,358.8235,361.2745,352.9412,355.3922,135403.0,0.0
2017-09-25,352.9412,355.8824,350.9804,355.3922,83948.0,0.0
2017-09-26,355.3922,355.3922,351.4706,353.4314,69511.0,0.0
2017-09-27,356.3726,356.3726,351.4706,353.4314,73698.0,0.0
2017-09-28,352.451,352.451,343.1373,343.6274,282478.0,0.0
2017-09-29,344.1176,346.5686,341.1765,342.6471,326637.0,0.0
2017-10-02,346.0784,349.0196,346.0784,348.5294,82678.0,0.0
2017-10-03,348.0392,350.4902,344.6078,345.0981,77861.0,0.0
2017-10-05,345.0981,350.4902,345.0981,350.4902,78621.0,0.0
2017-10-06,347.0588,350.4902,347.0588,350.0,41894.0,0.0
2017-10-11,352.9412,352.9412,347.0588,350.9804,195967.0,0.0
2017-10-12,346.5686,349.5098,344.6078,349.0196,102483.0,0.0
2017-10-13,348.0392,348.0392,343.6274,344.6078,63880.0,0.0
2017-10-16,347.0588,349.5098,344.1176,346.5686,142856.0,0.0
2017-10-17,349.5098,349.5098,343.1373,343.6274,111252.0,0.0
2017-10-18,346.5686,350.9804,343.1373,350.9804,111368.0,0.0
2017-10-19,349.0196,349.5098,345.5882,345.5882,82984.0,0.0
2017-10-20,345.5882,349.5098,345.5882,347.0588,130892.0,0.0
2017-10-23,348.5294,350.0,345.5882,347.0588,46002.0,0.0
2017-10-24,347.549,349.5098,347.0588,349.5098,46007.0,0.0
2017-10-25,349.5098,350.4902,348.0392,348.0392,52090.0,0.0
2017-10-26,348.0392,348.5294,346.5686,346.5686,35751.0,0.0
2017-10-27,346.0784,348.0392,344.1176,345.5882,68736.0,0.0
2017-10-30,344.6078,348.0392,344.1176,345.5882,88583.0,0.0
2017-10-31,343.6274,345.5882,343.1373,343.1373,139258.0,0.0
2017-11-01,344.1176,346.5686,344.1176,346.5686,35772.0,0.0
2017-11-02,345.0981,348.0392,345.0981,347.0588,59201.0,0.0
2017-11-03,347.0588,348.0392,344.6078,346.5686,41977.0,0.0
2017-11-06,342.1569,344.6078,342.1569,342.1569,146909.0,0.0
2017-11-07,344.1176,345.0981,343.1373,343.1373,45222.0,0.0
2017-11-08,342.6471,344.6078,342.1569,343.6274,81824.0,0.0
2017-11-09,344.6078,345.0981,342.1569,342.1569,108062.0,0.0
2017-11-10,341.6667,343.6274,341.1765,343.6274,26567.0,0.0
2017-11-13,343.1373,344.1176,341.1765,342.6471,61731.0,0.0
2017-11-14,343.1373,344.1176,342.1569,342.1569,91860.0,0.0
2017-11-15,341.1765,342.1569,337.7451,338.7255,216344.0,0.0
2017-11-16,341.1765,341.6667,336.7647,336.7647,109258.0,0.0
2017-11-17,336.7647,339.2157,336.7647,338.2353,122089.0,0.0
2017-11-20,336.2745,337.2549,334.3137,335.2941,120962.0,0.0
2017-11-21,335.2941,340.6863,335.2941,340.1961,134883.0,0.0
2017-11-22,341.6667,344.1176,339.2157,344.1176,227184.0,0.0
2017-11-23,342.6471,344.1176,342.6471,343.1373,37202.0,0.0
2017-11-24,343.1373,343.1373,341.6667,341.6667,93891.0,0.0
2017-11-27,341.1765,341.1765,338.2353,339.7059,84345.0,0.0
2017-11-28,339.7059,340.1961,336.2745,338.2353,74522.0,0.0
2017-11-29,336.7647,340.1961,336.2745,338.2353,145561.0,0.0
2017-11-30,339.7059,340.1961,333.8235,340.1961,379585.0,0.0
2017-12-01,338.2353,344.6078,336.2745,341.6667,156264.0,0.0
2017-12-04,344.1176,344.6078,341.1765,342.6471,102134.0,0.0
2017-12-05,339.7059,344.6078,339.7059,341.6667,88240.0,0.0
2017-12-06,341.1765,341.6667,333.3333,334.3137,145306.0,0.0
2017-12-07,338.2353,338.2353,334.3137,336.2745,71568.0,0.0
2017-12-08,335.2941,335.2941,333.3333,334.8039,158537.0,0.0
2017-12-11,334.3137,335.7843,331.3726,333.8235,95890.0,0.0
2017-12-12,334.8039,334.8039,330.3922,332.3529,173992.0,0.0
2017-12-13,330.8824,335.7843,330.8824,335.7843,104038.0,0.0
2017-12-14,337.7451,337.7451,335.2941,337.7451,113394.0,0.0
2017-12-15,335.2941,339.2157,331.8627,334.8039,612574.0,0.0
2017-12-18,334.8039,336.7647,332.8431,334.3137,78560.0,0.0
2017-12-19,333.3333,333.3333,331.3726,331.3726,90193.0,0.0
2017-12-20,332.8431,335.2941,331.8627,334.8039,43061.0,0.0
2017-12-21,333.3333,335.2941,333.3333,333.8235,56491.0,0.0
2017-12-22,333.8235,338.7255,333.8235,338.7255,146016.0,0.0
2017-12-25,338.7255,339.7059,337.2549,338.2353,31019.0,0.0
2017-12-26,336.7647,337.2549,335.7843,337.2549,14635.0,0.0
2017-12-27,335.7843,338.2353,335.7843,338.2353,31723.0,0.0
2017-12-28,336.2745,345.0981,336.2745,343.1373,145926.0,0.0
2017-12-29,343.1373,347.549,343.1373,347.0588,139083.0,0.0
2018-01-02,346.0784,351.9608,346.0784,351.9608,142322.0,0.0
2018-01-03,351.9608,353.9216,351.4706,353.9216,158441.0,0.0
2018-01-04,350.9804,351.4706,344.1176,346.5686,234804.0,0.0
2018-01-05,344.6078,346.0784,341.1765,345.5882,242805.0,0.0
2018-01-08,345.5882,350.9804,345.5882,350.9804,156346.0,0.0
2018-01-09,350.9804,350.9804,344.6078,349.0196,142352.0,0.0
2018-01-10,346.5686,348.5294,345.5882,348.0392,41006.0,0.0
2018-01-11,346.5686,347.0588,343.1373,344.6078,117114.0,0.0
2018-01-12,346.5686,346.5686,342.6471,345.0981,84732.0,0.0
2018-01-15,342.6471,346.0784,342.1569,346.0784,113405.0,0.0
2018-01-16,343.1373,352.9412,342.6471,352.9412,212598.0,0.0
2018-01-17,352.9412,358.8235,349.0196,358.8235,290930.0,0.0
2018-01-18,360.7843,360.7843,355.8824,360.7843,185339.0,0.0
2018-01-19,360.2941,362.2549,359.8039,362.2549,101153.0,0.0
2018-01-22,356.8627,361.2745,355.8824,360.7843,110403.0,0.0
2018-01-23,361.7647,364.7059,357.8431,364.7059,198933.0,0.0
2018-01-24,362.7451,362.7451,354.9019,359.3137,227868.0,0.0
2018-01-25,359.3137,380.3922,357.8431,380.3922,525366.0,0.0
2018-01-26,377.9412,377.9412,367.1569,377.451,243109.0,0.0
2018-01-29,377.451,378.4314,373.0392,376.9608,142911.0,0.0
2018-01-30,374.0196,374.0196,365.6863,365.6863,221174.0,0.0
2018-01-31,362.7451,378.4314,361.7647,372.0588,305943.0,0.0
2018-02-01,370.5882,372.549,364.7059,365.1961,236126.0,0.0
2018-02-02,363.2353,364.7059,358.8235,362.7451,294314.0,0.0
2018-02-05,357.8431,368.1373,347.549,365.6863,437555.0,0.0
2018-02-06,348.5294,354.9019,331.3726,334.3137,891996.0,0.0
2018-02-07,339.2157,342.6471,330.8824,330.8824,518356.0,0.0
2018-02-08,333.3333,337.7451,328.9216,333.8235,242828.0,0.0
2018-02-09,328.4314,328.4314,318.6274,325.4902,507962.0,0.0
2018-02-12,325.0,329.4118,319.6078,319.6078,375376.0,0.0
2018-02-21,323.5294,330.8824,322.0588,330.3922,461902.0,0.0
2018-02-22,323.5294,326.9608,319.6078,322.549,579006.0,0.0
2018-02-23,325.4902,329.4118,323.5294,329.4118,443809.0,0.0
2018-02-26,331.3726,333.3333,322.0588,322.549,527807.0,0.0
2018-02-27,326.9608,326.9608,319.1176,319.1176,479127.0,0.0
2018-03-01,313.7255,325.0,313.2353,321.5686,448431.0,0.0
2018-03-02,316.1765,320.0981,315.6863,319.1176,427584.0,0.0
2018-03-05,318.1373,318.1373,314.2157,317.1569,317709.0,0.0
2018-03-06,319.6078,321.0784,318.6274,321.0784,217545.0,0.0
2018-03-07,315.6863,317.6471,313.2353,313.7255,520255.0,0.0
2018-03-08,310.7843,311.7647,306.8627,307.3529,540718.0,0.0
2018-03-09,307.3529,311.7647,304.9019,307.3529,376784.0,0.0
2018-03-12,307.3529,311.2745,307.3529,309.8039,491759.0,0.0
2018-03-13,309.3137,312.2549,305.8824,311.7647,573362.0,0.0
2018-03-14,311.7647,313.7255,310.7843,310.7843,315754.0,0.0
2018-03-15,310.7843,311.7647,304.9019,304.9019,443974.0,0.0
2018-03-16,305.8824,306.3726,296.5686,296.5686,14122944.0,0.0
2018-03-19,297.549,298.0392,286.2745,291.1765,1429159.0,0.0
2018-03-20,290.1961,295.5882,287.2549,292.6471,592389.0,0.0
2018-03-21,293.1373,296.0784,292.6471,295.5882,411471.0,0.0
2018-03-22,295.5882,296.0784,288.2353,289.7059,577742.0,0.0
2018-03-23,284.3137,290.6863,281.3726,290.6863,660687.0,0.0
2018-03-26,289.2157,289.2157,284.3137,288.7255,267688.0,0.0
2018-03-27,292.1569,294.1176,289.2157,294.1176,241205.0,0.0
2018-03-28,291.1765,293.6274,290.1961,290.6863,255514.0,0.0
2018-03-29,290.6863,294.1176,283.8235,284.8039,679746.0,0.0
2018-03-30,288.7255,291.6667,286.2745,288.7255,241842.0,0.0
2018-04-02,288.7255,292.1569,284.8039,285.7843,279470.0,0.0
2018-04-03,286.2745,286.7647,284.3137,285.2941,237252.0,0.0
2018-04-09,285.2941,290.1961,284.3137,289.7059,368609.0,0.0
2018-04-10,287.2549,289.2157,284.3137,284.3137,415258.0,0.0
2018-04-11,287.7451,291.6667,287.2549,290.6863,389915.0,0.0
2018-04-12,291.6667,292.1569,289.2157,291.1765,364316.0,0.0
2018-04-13,292.1569,294.1176,288.2353,289.2157,356091.0,0.0
2018-04-16,289.2157,290.1961,288.2353,289.2157,224153.0,0.0
2018-04-17,289.7059,290.1961,288.2353,289.7059,376640.0,0.0
2018-04-18,293.6274,293.6274,290.1961,291.1765,290524.0,0.0
2018-04-19,290.6863,294.1176,288.7255,288.7255,457566.0,0.0
2018-04-20,288.2353,293.6274,287.7451,293.6274,348569.0,0.0
2018-04-23,293.6274,294.6078,291.1765,291.1765,150007.0,0.0
2018-04-24,291.1765,291.1765,289.2157,289.2157,194241.0,0.0
2018-04-25,287.7451,287.7451,284.3137,286.2745,425448.0,0.0
2018-04-26,287.2549,287.2549,285.2941,285.2941,220460.0,0.0
2018-04-27,285.2941,285.7843,284.3137,284.8039,212539.0,0.0
2018-04-30,284.8039,287.7451,284.8039,285.7843,221407.0,0.0
2018-05-02,284.8039,287.2549,284.8039,287.2549,217341.0,0.0
2018-05-03,284.8039,286.7647,284.8039,284.8039,223438.0,0.0
2018-05-04,284.3137,285.2941,279.4118,279.4118,395054.0,0.0
2018-05-07,279.4118,281.8627,279.4118,281.8627,127435.0,0.0
2018-05-08,280.8824,283.3333,280.3922,281.3726,169416.0,0.0
2018-05-09,280.8824,285.7843,280.3922,284.8039,276930.0,0.0
2018-05-10,284.8039,285.2941,281.3726,281.8627,198903.0,0.0
2018-05-11,285.2941,285.2941,281.8627,282.3529,112332.0,0.0
2018-05-14,282.3529,283.3333,281.8627,282.8431,130695.0,0.0
2018-05-15,281.8627,281.8627,280.3922,281.3726,285903.0,0.0
2018-05-16,281.3726,283.3333,279.4118,280.8824,281286.0,0.0
2018-05-17,282.8431,283.3333,275.0,275.0,290968.0,0.0
2018-05-18,275.0,277.451,275.0,275.4902,162676.0,0.0
2018-05-21,275.9804,277.451,274.5098,275.0,201290.0,0.0
2018-05-22,275.4902,277.451,275.0,276.9608,82470.0,0.0
2018-05-23,276.4706,276.4706,271.5686,271.5686,265376.0,0.0
2018-05-24,273.5294,273.5294,272.549,272.549,118671.0,0.0
2018-05-25,271.0784,272.549,270.5882,272.0588,166136.0,0.0
2018-05-28,271.0784,271.0784,269.6078,270.0981,207084.0,0.0
2018-05-29,270.0981,273.5294,270.0981,273.0392,192311.0,0.0
2018-05-30,270.0981,270.5882,263.2353,263.2353,776739.0,0.0
2018-05-31,262.7451,268.1373,260.7843,268.1373,801256.0,0.0
2018-06-01,268.1373,268.1373,262.2549,262.7451,284808.0,0.0
2018-06-04,264.2157,268.6274,263.7255,268.6274,280408.0,0.0
2018-06-05,270.5882,276.9608,269.1176,276.9608,334161.0,0.0
2018-06-06,277.451,277.451,272.0588,276.9608,236785.0,0.0
2018-06-07,276.9608,280.3922,274.5098,280.3922,255176.0,0.0
2018-06-08,276.9608,278.4314,274.5098,275.0,198337.0,0.0
2018-06-11,277.451,280.8824,275.9804,279.9019,240977.0,0.0
2018-06-12,281.3726,283.3333,278.4314,282.3529,262164.0,0.0
2018-06-13,281.8627,283.3333,279.4118,283.3333,210196.0,0.0
2018-06-14,279.4118,280.3922,275.0,275.0,315198.0,0.0
2018-06-15,277.9412,283.8235,275.0,281.8627,493210.0,0.0
2018-06-19,275.4902,275.4902,270.5882,272.549,505458.0,0.0
2018-06-20,273.5294,278.4314,273.5294,277.9412,283863.0,0.0
2018-06-21,277.451,277.9412,272.549,272.549,200437.0,0.0
2018-06-22,272.549,272.549,270.0981,271.5686,527432.0,0.0
2018-06-25,269.1176,269.1176,265.1961,265.1961,321905.0,0.0
2018-06-26,264.7059,268.1373,264.7059,264.7059,211991.0,0.0
2018-06-27,267.1569,267.1569,261.7647,261.7647,294025.0,0.0
2018-06-28,261.7647,263.7255,260.2941,261.7647,289784.0,0.0
2018-06-29,261.7647,263.2353,258.3333,263.2353,348222.0,0.0
2018-07-02,261.7647,265.6863,259.8039,260.2941,269702.0,0.0
2018-07-03,260.2941,262.7451,254.902,255.3922,304992.0,0.0
2018-07-04,254.902,258.3333,254.902,256.8627,220465.0,0.0
2018-07-05,256.8627,257.8431,254.902,254.902,183362.0,0.0
2018-07-06,254.902,257.3529,254.902,255.8824,172287.0,0.0
2018-07-09,257.3529,257.8431,255.3922,255.3922,166023.0,0.0
2018-07-10,256.3726,259.8039,255.8824,258.3333,200323.0,0.0
2018-07-11,256.3726,259.3137,255.8824,257.8431,165342.0,0.0
2018-07-12,256.8627,262.7451,256.8627,262.7451,240972.0,0.0
2018-07-13,262.7451,271.5686,262.7451,271.5686,498668.0,0.0
2018-07-16,274.5098,274.5098,265.6863,267.6471,836137.0,0.0
2018-07-17,256.8627,261.2745,256.8627,258.8235,369460.0,11.7647
2018-07-18,260.7843,264.7059,258.8235,264.7059,339594.0,0.0
2018-07-19,265.6863,266.1765,260.2941,260.7843,180565.0,0.0
2018-07-20,260.7843,261.7647,258.8235,260.7843,164187.0,0.0
2018-07-23,264.2157,264.2157,258.8235,261.2745,108407.0,0.0
2018-07-24,262.2549,262.2549,259.3137,261.2745,102000.0,0.0
2018-07-25,261.7647,262.2549,257.8431,258.3333,237698.0,0.0
2018-07-26,259.3137,260.2941,257.3529,260.2941,136616.0,0.0
2018-07-27,260.2941,262.2549,257.8431,260.7843,300908.0,0.0
2018-07-30,262.7451,262.7451,259.8039,262.7451,262050.0,0.0
2018-07-31,264.2157,264.2157,260.7843,260.7843,552203.0,0.0
2018-08-01,261.2745,264.2157,261.2745,262.7451,313098.0,0.0
2018-08-02,260.7843,263.7255,260.7843,262.7451,225282.0,0.0
2018-08-03,262.7451,262.7451,260.7843,261.2745,176884.0,0.0
2018-08-06,260.7843,262.2549,260.7843,262.2549,170883.0,0.0
2018-08-07,261.7647,262.7451,257.8431,257.8431,249948.0,0.0
2018-08-08,257.8431,262.7451,257.8431,261.7647,294204.0,0.0
2018-08-09,263.2353,263.2353,260.2941,260.2941,98409.0,0.0
2018-08-10,260.2941,260.2941,258.8235,258.8235,86756.0,0.0
2018-08-13,260.2941,260.2941,254.902,254.902,234093.0,0.0
2018-08-14,256.8627,256.8627,254.902,254.902,173432.0,0.0
2018-08-15,254.902,256.3726,250.0,250.9804,261539.0,0.0
2018-08-16,250.0,250.4902,247.0588,249.5098,128744.0,0.0
2018-08-17,249.5098,250.4902,247.549,247.549,174278.0,0.0
2018-08-20,247.549,250.4902,247.549,247.549,181166.0,0.0
2018-08-21,249.5098,255.8824,249.0196,255.3922,183128.0,0.0
2018-08-22,255.3922,255.8824,251.9608,252.9412,171761.0,0.0
2018-08-23,254.902,257.8431,254.902,257.8431,118504.0,0.0
2018-08-24,255.3922,256.8627,253.4314,256.8627,177490.0,0.0
2018-08-27,257.3529,258.3333,255.8824,258.3333,97859.0,0.0
2018-08-28,258.3333,259.8039,257.3529,259.8039,140272.0,0.0
2018-08-29,259.8039,262.7451,259.8039,261.2745,158455.0,0.0
2018-08-30,261.2745,261.7647,260.2941,260.2941,173464.0,0.0
2018-08-31,260.2941,263.2353,258.8235,260.7843,241605.0,0.0
2018-09-03,259.8039,262.2549,257.3529,257.8431,102164.0,0.0
2018-09-04,257.8431,259.8039,257.8431,259.8039,141253.0,0.0
2018-09-05,259.8039,260.7843,252.9412,252.9412,336902.0,0.0
2018-09-06,250.9804,252.451,250.9804,250.9804,205411.0,0.0
2018-09-07,250.0,250.0,248.5294,248.5294,227478.0,0.0
2018-09-10,248.5294,252.451,247.0588,250.9804,188246.0,0.0
2018-09-11,252.451,253.9216,248.0392,252.451,191913.0,0.0
2018-09-12,251.9608,251.9608,249.0196,249.0196,240722.0,0.0
2018-09-13,248.5294,254.902,248.0392,250.9804,193878.0,0.0
2018-09-14,252.9412,258.8235,252.9412,257.3529,280198.0,0.0
2018-09-17,256.8627,256.8627,251.9608,251.9608,292689.0,0.0
2018-09-18,251.9608,254.902,250.4902,252.451,156465.0,0.0
2018-09-19,252.451,259.8039,251.4706,259.3137,292860.0,0.0
2018-09-20,260.2941,260.7843,254.902,254.902,205072.0,0.0
2018-09-21,257.8431,257.8431,250.9804,255.3922,561042.0,0.0
2018-09-25,252.451,256.3726,252.451,255.3922,140965.0,0.0
2018-09-26,255.8824,255.8824,250.9804,250.9804,318642.0,0.0
2018-09-27,250.9804,257.8431,250.9804,256.8627,322002.0,0.0
2018-09-28,256.8627,257.8431,254.902,256.3726,296199.0,0.0
2018-10-01,254.902,257.8431,254.902,257.3529,103226.0,0.0
2018-10-02,254.902,254.902,251.4706,252.9412,453930.0,0.0
2018-10-03,252.9412,256.3726,251.9608,254.4118,128836.0,0.0
2018-10-04,251.9608,253.9216,250.0,250.0,460326.0,0.0
2018-10-05,250.0,251.4706,248.0392,248.5294,310570.0,0.0
2018-10-08,251.9608,251.9608,245.5882,247.0588,271952.0,0.0
2018-10-09,247.0588,250.0,247.0588,247.549,305471.0,0.0
2018-10-11,228.9216,232.8431,223.5294,224.0196,1217849.0,0.0
2018-10-12,218.6275,230.3922,216.6667,230.3922,618949.0,0.0
2018-10-15,223.5294,227.9412,222.0588,225.4902,535131.0,0.0
2018-10-16,225.0,226.9608,221.5686,222.549,310304.0,0.0
2018-10-17,221.5686,225.4902,217.1569,217.6471,480352.0,0.0
2018-10-18,215.1961,216.6667,212.7451,212.7451,709215.0,0.0
2018-10-19,207.3529,207.8431,202.451,202.451,848562.0,0.0
2018-10-22,198.5294,208.3333,198.5294,206.3725,405881.0,0.0
2018-10-23,202.451,204.4118,202.451,203.9216,295841.0,0.0
2018-10-24,204.902,204.902,200.4902,202.451,315857.0,0.0
2018-10-25,198.5294,200.9804,196.5686,200.9804,261724.0,0.0
2018-10-26,201.9608,205.8824,197.0588,197.549,395169.0,0.0
2018-10-29,200.0,204.4118,200.0,202.451,285417.0,0.0
2018-10-30,204.4118,204.4118,201.9608,203.9216,287196.0,0.0
2018-10-31,202.9412,209.8039,202.9412,209.3137,351606.0,0.0
2018-11-01,205.8824,206.3725,203.9216,205.3922,296035.0,0.0
2018-11-02,205.3922,213.2353,205.3922,210.7843,194776.0,0.0
2018-11-05,210.7843,210.7843,205.8824,209.8039,169702.0,0.0
2018-11-06,209.8039,210.2941,207.3529,208.3333,141946.0,0.0
2018-11-07,208.8235,212.7451,208.8235,211.2745,214223.0,0.0
2018-11-08,214.7059,215.6863,211.7647,214.7059,255051.0,0.0
2018-11-09,217.6471,217.6471,212.2549,213.2353,172665.0,0.0
2018-11-12,212.7451,215.6863,211.7647,213.2353,187906.0,0.0
2018-11-13,207.8431,209.8039,202.9412,208.3333,281722.0,0.0
2018-11-14,209.3137,214.2157,208.3333,212.7451,214608.0,0.0
2018-11-15,212.2549,215.1961,212.2549,215.1961,172545.0,0.0
2018-11-16,216.6667,217.1569,215.1961,216.6667,155028.0,0.0
2018-11-19,219.1176,227.451,219.1176,226.4706,358429.0,0.0
2018-11-20,223.0392,225.0,221.5686,223.0392,186407.0,0.0
2018-11-21,221.5686,225.4902,220.5882,224.0196,222459.0,0.0
2018-11-22,225.4902,225.4902,220.098,223.0392,240142.0,0.0
2018-11-23,224.5098,224.5098,219.6078,220.098,170442.0,0.0
2018-11-26,222.0588,226.4706,222.0588,222.549,229978.0,0.0
2018-11-27,222.0588,224.0196,220.5882,224.0196,257536.0,0.0
2018-11-28,225.9804,229.4118,222.549,229.4118,344510.0,0.0
2018-11-29,232.8431,232.8431,226.9608,226.9608,344980.0,0.0
2018-11-30,228.4314,240.1961,228.4314,232.3529,895438.0,0.0
2018-12-03,237.2549,238.7255,234.3137,235.2941,225609.0,0.0
2018-12-04,233.3333,242.1569,233.3333,242.1569,471781.0,0.0
2018-12-05,239.2157,243.1373,236.7647,240.6863,211787.0,0.0
2018-12-06,243.6275,243.6275,233.8235,236.2745,441819.0,0.0
2018-12-07,237.7451,237.7451,235.2941,237.2549,130560.0,0.0
2018-12-10,236.7647,238.7255,230.8824,233.8235,211743.0,0.0
2018-12-11,235.2941,237.2549,234.3137,235.2941,182814.0,0.0
2018-12-12,237.2549,243.6275,236.2745,242.6471,202277.0,0.0
2018-12-13,244.6078,248.0392,242.1569,248.0392,315484.0,0.0
2018-12-14,245.5882,247.0588,238.2353,246.5686,409108.0,0.0
2018-12-17,246.5686,251.4706,245.098,246.0784,337547.0,0.0
2018-12-18,244.6078,249.0196,244.6078,249.0196,188512.0,0.0
2018-12-19,250.9804,253.4314,248.5294,253.4314,498544.0,0.0
2018-12-20,251.9608,254.4118,246.0784,248.0392,362732.0,0.0
2018-12-21,250.0,251.9608,247.549,251.4706,308584.0,0.0
2018-12-24,251.9608,251.9608,245.5882,247.549,215757.0,0.0
2018-12-25,243.6275,246.0784,239.2157,241.6667,310686.0,0.0
2018-12-26,243.6275,244.1176,240.6863,240.6863,132851.0,0.0
2018-12-27,246.5686,246.5686,242.1569,245.098,289382.0,0.0
2018-12-28,245.098,250.9804,245.098,250.4902,377143.0,0.0
2019-01-02,250.9804,251.9608,241.1765,242.1569,380349.0,0.0
2019-01-03,242.1569,246.0784,242.1569,246.0784,138500.0,0.0
2019-01-04,242.6471,246.5686,239.7059,245.098,160420.0,0.0
2019-01-07,249.5098,251.9608,247.549,251.9608,299467.0,0.0
2019-01-08,252.9412,252.9412,247.0588,249.0196,127698.0,0.0
2019-01-09,251.9608,254.902,250.9804,254.902,545334.0,0.0
2019-01-10,254.902,254.902,251.4706,254.902,184599.0,0.0
2019-01-11,254.902,255.3922,251.4706,253.4314,327199.0,0.0
2019-01-14,254.902,254.902,251.4706,254.4118,92187.0,0.0
2019-01-15,256.8627,257.8431,254.902,256.8627,277438.0,0.0
2019-01-16,256.8627,256.8627,252.451,253.9216,230969.0,0.0
2019-01-17,256.3726,256.3726,252.451,255.3922,117629.0,0.0
2019-01-18,257.3529,261.2745,255.3922,261.2745,518992.0,0.0
2019-01-21,262.7451,277.9412,262.2549,275.4902,714505.0,0.0
2019-01-22,274.0196,281.3726,273.5294,280.8824,460045.0,0.0
2019-01-23,277.451,279.9019,273.5294,275.9804,318878.0,0.0
2019-01-24,276.4706,277.9412,274.5098,277.9412,213212.0,0.0
2019-01-25,278.9216,284.3137,275.4902,284.3137,539263.0,0.0
2019-01-28,285.2941,286.7647,281.8627,286.2745,410195.0,0.0
2019-01-29,284.3137,285.2941,281.3726,284.3137,358314.0,0.0
2019-01-30,284.3137,290.1961,281.8627,287.2549,613246.0,0.0
2019-02-11,287.2549,292.1569,287.2549,287.2549,378104.0,0.0
2019-02-12,287.2549,287.2549,285.2941,286.7647,202249.0,0.0
2019-02-13,285.2941,286.7647,271.0784,280.8824,716572.0,0.0
2019-02-14,278.4314,285.2941,278.4314,280.8824,236457.0,0.0
2019-02-15,280.8824,284.3137,280.8824,284.3137,245129.0,0.0
2019-02-18,284.3137,285.2941,275.4902,275.4902,451035.0,0.0
2019-02-19,275.4902,276.4706,268.6274,270.0981,511666.0,0.0
2019-02-20,273.5294,283.8235,273.5294,282.8431,621931.0,0.0
2019-02-21,289.2157,301.9608,288.7255,294.1176,1038012.0,0.0
2019-02-22,294.1176,309.8039,294.1176,308.8235,1435082.0,0.0
2019-02-25,314.7059,332.3529,314.7059,323.5294,1722004.0,0.0
2019-02-26,325.9804,331.3726,322.549,322.549,839688.0,0.0
2019-02-27,323.0392,327.9412,323.0392,327.9412,878961.0,0.0
2019-03-04,332.3529,332.3529,321.5686,323.5294,659828.0,0.0
2019-03-05,323.5294,323.5294,314.7059,317.1569,624674.0,0.0
2019-03-06,318.1373,329.4118,318.1373,325.9804,807703.0,0.0
2019-03-07,330.3922,333.3333,324.0196,325.9804,785537.0,0.0
2019-03-08,324.0196,335.2941,322.0588,331.8627,984340.0,0.0
2019-03-11,332.3529,345.0981,330.3922,342.6471,1593343.0,0.0
2019-03-12,340.1961,350.9804,338.2353,343.1373,1648973.0,0.0
2019-03-13,342.6471,350.0,335.2941,336.2745,1180743.0,0.0
2019-03-14,336.2745,346.0784,336.2745,346.0784,966709.0,0.0
2019-03-15,350.9804,372.549,350.0,372.0588,11784728.0,0.0
2019-03-18,368.6274,371.5686,363.7255,370.5882,740899.0,0.0
2019-03-19,372.549,373.5294,364.7059,364.7059,442308.0,0.0
2019-03-20,364.7059,372.0588,358.8235,368.6274,1121987.0,0.0
2019-03-21,364.7059,366.6667,359.3137,362.2549,815105.0,0.0
2019-03-22,360.7843,365.1961,355.8824,362.7451,705064.0,0.0
2019-03-25,358.3333,360.7843,351.9608,357.8431,920160.0,0.0
2019-03-26,356.3726,363.7255,354.9019,359.8039,623107.0,0.0
2019-03-27,365.6863,365.6863,360.7843,364.7059,486661.0,0.0
2019-03-28,361.2745,363.7255,360.7843,363.2353,339457.0,0.0
2019-03-29,364.7059,370.0981,362.7451,370.0981,477586.0,0.0
2019-04-01,371.5686,371.5686,363.7255,363.7255,402314.0,0.0
2019-04-02,366.6667,370.5882,363.2353,369.6078,502733.0,0.0
2019-04-03,369.6078,371.5686,367.1569,369.1176,316724.0,0.0
2019-04-08,373.0392,390.1961,373.0392,386.2745,1074938.0,0.0
2019-04-09,390.1961,399.5098,386.2745,399.0196,1136596.0,0.0
2019-04-10,400.9804,403.9216,390.1961,401.9608,1267747.0,0.0
2019-04-11,400.9804,400.9804,391.1765,391.6667,404989.0,0.0
2019-04-12,395.0981,399.0196,392.1569,392.6471,344764.0,0.0
2019-04-15,397.0588,401.4706,392.1569,394.1176,577258.0,0.0
2019-04-16,399.0196,410.2941,397.549,404.4118,484917.0,0.0
2019-04-17,407.8431,412.7451,405.8824,410.7843,527530.0,0.0
2019-04-18,411.7647,413.7255,403.4314,413.7255,499769.0,0.0
2019-04-19,413.7255,413.7255,403.9216,403.9216,252123.0,0.0
2019-04-22,411.2745,411.2745,404.9019,409.3137,172370.0,0.0
2019-04-23,409.3137,412.7451,405.8824,412.7451,356688.0,0.0
2019-04-24,412.7451,412.7451,406.8627,410.2941,302364.0,0.0
2019-04-25,411.2745,411.7647,405.3922,411.7647,288872.0,0.0
2019-04-26,410.7843,411.7647,407.3529,411.7647,245483.0,0.0
2019-04-29,411.7647,444.6078,407.8431,440.1961,1389678.0,0.0
2019-04-30,443.6274,467.6471,440.6863,457.8431,1447292.0,0.0
2019-05-02,457.8431,466.6667,451.4706,455.8824,697136.0,0.0
2019-05-03,454.9019,458.8235,449.0196,455.8824,530048.0,0.0
2019-05-06,449.0196,454.9019,442.1569,454.9019,482697.0,0.0
2019-05-07,456.8627,458.8235,441.1765,441.1765,400940.0,0.0
2019-05-08,436.2745,448.5294,427.451,442.6471,695092.0,0.0
2019-05-09,432.8431,440.1961,416.1765,421.5686,893613.0,0.0
2019-05-10,416.6667,435.2941,416.6667,426.4706,537026.0,0.0
2019-05-13,429.4118,434.8039,417.6471,421.0784,323104.0,0.0
2019-05-14,407.8431,432.3529,407.8431,432.3529,1008214.0,0.0
2019-05-15,436.2745,439.2157,425.9804,434.3137,505112.0,0.0
2019-05-16,432.3529,434.8039,426.4706,431.3726,347128.0,0.0
2019-05-17,431.3726,442.1569,431.3726,439.7059,738423.0,0.0
2019-05-20,444.6078,450.4902,443.1373,449.5098,557550.0,0.0
2019-05-21,452.9412,488.2353,451.9608,488.2353,1660309.0,0.0
2019-05-22,482.8431,499.0196,476.9608,476.9608,902475.0,0.0
2019-05-23,482.8431,489.2157,467.6471,487.7451,659750.0,0.0
2019-05-24,486.7647,493.1373,472.549,474.0196,482798.0,0.0
2019-05-27,472.549,487.2549,472.549,486.7647,439607.0,0.0
2019-05-28,486.7647,495.0981,468.1373,495.0981,2243619.0,0.0
2019-05-29,488.2353,494.1176,484.8039,492.1569,722002.0,0.0
2019-05-30,486.2745,494.1176,486.2745,489.7059,423627.0,0.0
2019-05-31,491.1765,496.0784,489.2157,496.0784,645020.0,0.0
2019-06-03,495.0981,495.0981,480.3922,493.1373,286341.0,0.0
2019-06-04,492.1569,494.1176,486.2745,494.1176,374025.0,0.0
2019-06-05,494.1176,500.9804,487.7451,500.9804,761015.0,0.0
2019-06-06,497.0588,500.0,493.1373,500.0,331773.0,0.0
2019-06-10,503.9216,509.8039,499.0196,507.8431,474028.0,0.0
2019-06-11,507.8431,507.8431,501.9608,506.8627,248093.0,0.0
2019-06-12,506.8627,506.8627,494.1176,501.9608,352344.0,0.0
2019-06-13,500.9804,500.9804,488.2353,488.7255,296426.0,0.0
2019-06-14,492.1569,495.0981,488.2353,493.1373,288948.0,0.0
2019-06-17,492.1569,499.0196,488.7255,499.0196,300647.0,0.0
2019-06-18,500.0,501.9608,495.0981,501.9608,251676.0,0.0
2019-06-19,504.9019,505.8824,492.1569,505.8824,543651.0,0.0
2019-06-20,506.8627,507.8431,501.9608,506.8627,334932.0,0.0
2019-06-21,506.8627,507.8431,498.0392,505.8824,455043.0,0.0
2019-06-24,500.9804,514.7059,500.9804,514.7059,557505.0,0.0
2019-06-25,511.7647,511.7647,498.0392,500.9804,328889.0,0.0
2019-06-26,501.9608,501.9608,488.7255,494.1176,352070.0,0.0
2019-06-27,497.0588,507.8431,490.1961,503.9216,756390.0,0.0
2019-06-28,501.9608,501.9608,488.7255,498.0392,657376.0,0.0
2019-07-01,494.1176,499.0196,485.2941,488.2353,407332.0,0.0
2019-07-02,487.7451,496.0784,483.8235,485.7843,331180.0,0.0
2019-07-03,485.7843,491.1765,477.9412,480.3922,381003.0,0.0
2019-07-04,485.2941,494.1176,481.3726,494.1176,283703.0,0.0
2019-07-05,488.2353,493.1373,482.3529,482.8431,216339.0,0.0
2019-07-08,484.3137,484.3137,469.1176,474.0196,386385.0,0.0
2019-07-09,478.4314,490.1961,474.0196,489.7059,499386.0,0.0
2019-07-10,489.7059,492.1569,479.4118,492.1569,224921.0,0.0
2019-07-11,490.1961,490.1961,485.7843,487.2549,104589.0,0.0
2019-07-12,482.8431,486.2745,481.3726,481.3726,130944.0,0.0
2019-07-15,482.3529,482.3529,473.5294,482.3529,388884.0,0.0
2019-07-16,472.549,478.9216,472.549,478.4314,208037.0,11.7647
2019-07-17,480.3922,483.3333,474.5098,483.3333,224959.0,0.0
2019-07-18,483.3333,486.2745,476.4706,480.3922,218655.0,0.0
2019-07-19,483.3333,483.3333,469.6078,469.6078,274930.0,0.0
2019-07-22,469.6078,469.6078,450.9804,452.451,497852.0,0.0
2019-07-23,455.8824,461.7647,448.5294,450.9804,396274.0,0.0
2019-07-24,455.3922,455.8824,436.7647,448.0392,735132.0,0.0
2019-07-25,452.451,459.3137,450.0,451.4706,368202.0,0.0
2019-07-26,451.4706,451.4706,443.1373,443.1373,216439.0,0.0
2019-07-29,441.1765,451.4706,437.2549,450.4902,351641.0,0.0
2019-07-30,452.9412,452.9412,436.2745,437.2549,340392.0,0.0
2019-07-31,432.3529,441.6667,423.5294,441.6667,752374.0,0.0
2019-08-01,432.8431,440.1961,426.4706,440.1961,632279.0,0.0
2019-08-02,428.4314,433.3333,422.549,422.549,641393.0,0.0
2019-08-05,417.1569,433.3333,417.1569,432.3529,674174.0,0.0
2019-08-06,422.549,427.9412,418.1373,419.6078,467200.0,0.0
2019-08-07,420.0981,432.8431,417.6471,421.0784,537536.0,0.0
2019-08-08,423.5294,432.3529,423.5294,425.9804,263087.0,0.0
2019-08-12,422.0588,433.3333,422.0588,425.9804,319504.0,0.0
2019-08-13,436.2745,436.2745,421.5686,421.5686,478437.0,0.0
2019-08-14,429.4118,429.4118,418.1373,419.1176,333631.0,0.0
2019-08-15,417.6471,417.6471,410.7843,410.7843,386893.0,0.0
2019-08-16,411.7647,424.5098,405.3922,424.5098,674501.0,0.0
2019-08-19,427.9412,434.3137,419.6078,428.4314,434918.0,0.0
2019-08-20,423.5294,428.4314,419.6078,421.0784,302337.0,0.0
2019-08-21,419.6078,420.0981,412.7451,413.7255,315467.0,0.0
2019-08-22,420.5882,422.549,416.6667,417.6471,234513.0,0.0
2019-08-23,415.6863,424.5098,412.7451,421.5686,256320.0,0.0
2019-08-26,415.6863,415.6863,407.8431,409.3137,291112.0,0.0
2019-08-27,410.2941,414.2157,407.3529,412.2549,664168.0,0.0
2019-08-28,412.2549,414.2157,401.9608,402.9412,309758.0,0.0
2019-08-29,402.9412,417.1569,399.5098,415.6863,468024.0,0.0
2019-08-30,415.6863,433.8235,415.6863,433.8235,483929.0,0.0
2019-09-02,435.2941,436.2745,426.4706,426.9608,174703.0,0.0
2019-09-03,429.9019,429.9019,409.3137,409.3137,459563.0,0.0
2019-09-04,412.2549,425.4902,412.2549,423.5294,353257.0,0.0
2019-09-05,425.4902,432.8431,424.0196,428.9216,478025.0,0.0
2019-09-06,428.4314,434.8039,426.9608,433.8235,286215.0,0.0
2019-09-10,432.8431,432.8431,418.6274,421.0784,233458.0,0.0
2019-09-11,423.5294,428.9216,420.0981,426.4706,257375.0,0.0
2019-09-12,436.7647,441.1765,430.8824,437.7451,497955.0,0.0
2019-09-16,443.6274,447.0588,432.3529,436.2745,261277.0,0.0
2019-09-17,434.8039,436.2745,428.9216,435.7843,256447.0,0.0
2019-09-18,438.2353,441.6667,434.3137,439.2157,370970.0,0.0
2019-09-19,439.2157,442.6471,433.8235,436.2745,208043.0,0.0
2019-09-20,439.7059,475.4902,436.7647,474.0196,1166934.0,0.0
2019-09-23,469.6078,471.0784,456.8627,457.3529,421613.0,0.0
2019-09-24,459.3137,463.2353,450.9804,455.8824,300189.0,0.0
2019-09-25,457.3529,458.3333,452.451,457.8431,182137.0,0.0
2019-09-26,461.2745,473.5294,461.2745,463.7255,418949.0,0.0
2019-09-27,463.7255,470.0981,461.7647,462.2549,178241.0,0.0
2019-10-01,471.0784,484.3137,471.0784,480.3922,401648.0,0.0
2019-10-02,473.0392,478.4314,470.5882,472.549,296445.0,0.0
2019-10-03,455.3922,462.2549,455.3922,460.7843,476498.0,0.0
2019-10-04,462.7451,473.5294,462.7451,465.6863,239063.0,0.0
2019-10-07,468.1373,470.0981,463.2353,466.1765,159276.0,0.0
2019-10-08,462.2549,468.6274,460.7843,461.2745,419724.0,0.0
2019-10-09,456.8627,465.6863,454.9019,454.9019,650347.0,0.0
2019-10-14,460.2941,472.0588,459.8039,468.6274,382830.0,0.0
2019-10-15,471.5686,481.8627,462.7451,466.6667,313203.0,0.0
2019-10-16,464.2157,471.5686,462.7451,471.5686,381209.0,0.0
2019-10-17,464.7059,477.451,464.7059,475.4902,265218.0,0.0
2019-10-18,475.4902,479.4118,463.2353,476.9608,1248292.0,0.0
2019-10-21,476.9608,483.3333,476.9608,483.3333,325006.0,0.0
2019-10-22,485.2941,498.0392,485.2941,498.0392,567051.0,0.0
2019-10-23,498.0392,500.0,490.1961,492.1569,300720.0,0.0
2019-10-24,492.1569,506.8627,492.1569,506.8627,439412.0,0.0
2019-10-25,506.8627,509.8039,501.9608,509.8039,357260.0,0.0
2019-10-28,509.8039,514.7059,504.9019,513.7255,263908.0,0.0
2019-10-29,514.7059,519.6078,511.7647,519.6078,459175.0,0.0
2019-10-30,513.7255,529.4117,512.7451,528.4314,572846.0,0.0
2019-10-31,529.4117,531.3726,521.5686,527.451,358040.0,0.0
2019-11-01,520.5883,534.3137,520.5883,532.353,308585.0,0.0
2019-11-04,547.0588,547.0588,530.3922,543.1373,365630.0,0.0
2019-11-05,537.2549,556.8627,537.2549,556.8627,638566.0,0.0
2019-11-06,558.8235,561.7647,550.9804,558.8235,381366.0,0.0
2019-11-07,558.8235,559.8039,554.902,557.8431,241970.0,0.0
2019-11-08,560.7843,560.7843,551.9608,551.9608,294315.0,0.0
2019-11-11,551.9608,555.8823,548.0392,554.902,304532.0,0.0
2019-11-12,555.8823,563.7255,551.9608,563.7255,334594.0,0.0
2019-11-13,554.902,564.7059,554.902,564.7059,303734.0,0.0
2019-11-14,564.7059,564.7059,553.9216,556.8627,226367.0,0.0
2019-11-15,560.7843,568.6274,560.7843,563.7255,381222.0,0.0
2019-11-18,567.647,567.647,556.8627,563.7255,156934.0,0.0
2019-11-19,555.8823,567.647,555.8823,567.647,261403.0,0.0
2019-11-20,565.6863,569.6078,560.7843,569.6078,191226.0,0.0
2019-11-21,565.6863,565.6863,550.9804,557.8431,321318.0,0.0
2019-11-22,561.7647,564.7059,553.9216,560.7843,270820.0,0.0
2019-11-25,564.7059,571.5686,558.8235,571.5686,526832.0,0.0
2019-11-26,572.549,593.1373,568.6274,592.1569,1381983.0,0.0
2019-11-27,595.098,597.0588,589.2157,597.0588,343786.0,0.0
2019-11-28,598.0392,602.9412,590.1961,601.9608,271567.0,0.0
2019-11-29,600.9804,600.9804,582.353,585.2941,347020.0,0.0
2019-12-02,589.2157,599.0196,588.2353,599.0196,337826.0,0.0
2019-12-03,599.0196,604.902,593.1373,604.902,363301.0,0.0
2019-12-04,603.9216,603.9216,589.2157,602.9412,422263.0,0.0
2019-12-05,602.9412,603.9216,595.098,597.0588,299516.0,0.0
2019-12-06,596.0784,601.9608,595.098,597.0588,138385.0,0.0
2019-12-09,600.9804,602.9412,594.1177,602.9412,172336.0,0.0
2019-12-10,602.9412,602.9412,593.1373,600.0,160600.0,0.0
2019-12-11,600.0,601.9608,596.0784,600.9804,151518.0,0.0
2019-12-12,600.0,611.7647,600.0,609.8039,722574.0,0.0
2019-12-13,610.7843,629.4117,610.7843,627.451,535590.0,0.0
2019-12-16,650.0,650.0,613.7255,621.5686,3740.0,0.0
2019-12-17,625.4902,646.0784,623.5294,646.0784,529027.0,0.0
2019-12-18,648.0392,652.9412,638.2353,652.9412,459483.0,0.0
2019-12-19,652.9412,664.7059,650.0,664.7059,465295.0,0.0
2019-12-20,667.647,684.3137,665.6863,677.451,906861.0,0.0
2019-12-23,677.451,682.353,671.5686,680.3922,312613.0,0.0
2019-12-24,676.4706,681.3726,672.549,672.549,164354.0,0.0
2019-12-25,678.4314,679.4117,673.5294,679.4117,93170.0,0.0
2019-12-26,679.4117,679.4117,675.4902,675.4902,118353.0,0.0
2019-12-27,678.4314,689.2157,677.451,689.2157,409893.0,0.0
2019-12-30,690.1961,704.902,687.2549,693.1373,480074.0,0.0
2019-12-31,690.1961,694.1177,669.6078,669.6078,368995.0,0.0
2020-01-02,671.5686,671.5686,649.0196,657.8431,322777.0,0.0
2020-01-03,666.6667,678.4314,657.8431,663.7255,323681.0,0.0
2020-01-06,668.6274,668.6274,643.1373,655.8823,257117.0,0.0
2020-01-07,659.8039,660.7843,640.1961,646.0784,277010.0,0.0
2020-01-08,650.0,660.7843,634.3137,642.1569,252977.0,0.0
2020-01-09,650.9804,656.8627,647.0588,654.902,225728.0,0.0
2020-01-10,654.902,660.7843,650.0,655.8823,151874.0,0.0
2020-01-13,654.902,676.4706,654.902,673.5294,349788.0,0.0
2020-01-14,676.4706,684.3137,659.8039,665.6863,301929.0,0.0
2020-01-15,666.6667,666.6667,654.902,662.7451,270552.0,0.0
2020-01-16,664.7059,664.7059,654.902,655.8823,148391.0,0.0
2020-01-17,658.8235,673.5294,656.8627,673.5294,247767.0,0.0
2020-01-20,676.4706,690.1961,676.4706,688.2353,346262.0,0.0
2020-01-30,671.5686,671.5686,619.6078,619.6078,701787.0,0.0
2020-01-31,591.1765,620.5883,590.1961,609.8039,806020.0,0.0
2020-02-03,583.3333,622.549,583.3333,606.8627,421690.0,0.0
2020-02-04,650.0,650.0,621.5686,621.5686,398911.0,0.0
2020-02-05,622.549,625.4902,617.647,620.5883,307148.0,0.0
2020-02-06,624.5098,651.9608,624.5098,645.098,314237.0,0.0
2020-02-07,637.2549,655.8823,627.451,636.2745,391746.0,0.0
2020-02-10,630.3922,636.2745,617.647,617.647,195421.0,0.0
2020-02-11,627.451,629.4117,609.8039,611.7647,304179.0,0.0
2020-02-12,612.7451,627.451,610.7843,617.647,347049.0,0.0
2020-02-13,630.3922,655.8823,627.451,655.8823,555122.0,0.0
2020-02-14,656.8627,657.8431,644.1177,651.9608,188665.0,0.0
2020-02-17,647.0588,664.7059,640.1961,656.8627,114049.0,0.0
2020-02-18,647.0588,655.8823,631.3726,633.3333,357762.0,0.0
2020-02-19,640.1961,655.8823,634.3137,652.9412,344188.0,0.0
2020-02-20,664.7059,664.7059,634.3137,638.2353,409038.0,0.0
2020-02-21,642.1569,655.8823,636.2745,639.2157,430303.0,0.0
2020-02-24,636.2745,642.1569,622.549,623.5294,486091.0,0.0
2020-02-25,612.7451,633.3333,612.7451,630.3922,249441.0,0.0
2020-02-26,619.6078,625.4902,610.7843,613.7255,606721.0,0.0
2020-02-27,612.7451,622.549,589.2157,614.7059,780321.0,0.0
2020-03-02,584.3137,596.0784,574.5098,588.2353,787030.0,0.0
2020-03-03,601.9608,611.7647,594.1177,597.0588,427718.0,0.0
2020-03-04,596.0784,619.6078,596.0784,615.6863,473247.0,0.0
2020-03-05,615.6863,624.5098,615.6863,621.5686,265897.0,0.0
2020-03-06,619.6078,619.6078,591.1765,592.1569,612819.0,0.0
2020-03-09,566.6667,583.3333,554.902,556.8627,852431.0,0.0
2020-03-10,554.902,558.8235,540.1961,551.9608,658462.0,0.0
2020-03-11,551.9608,567.647,539.2157,542.1569,612131.0,0.0
2020-03-12,533.3333,539.2157,492.1569,497.0588,785289.0,0.0
2020-03-13,459.3137,487.2549,447.549,478.4314,1159399.0,0.0
2020-03-16,478.4314,478.4314,430.8824,430.8824,879329.0,0.0
2020-03-17,422.0588,422.0588,394.1176,394.6078,1426329.0,0.0
2020-03-18,395.5882,406.8627,365.1961,365.1961,1445076.0,0.0
2020-03-19,354.9019,366.6667,328.9216,328.9216,1737396.0,0.0
2020-03-20,332.3529,360.7843,332.3529,360.7843,1726207.0,0.0
2020-03-23,333.3333,358.8235,328.9216,352.9412,987916.0,0.0
2020-03-24,370.5882,388.2353,364.7059,388.2353,549011.0,0.0
2020-03-25,426.4706,426.9608,422.549,426.9608,316380.0,0.0
2020-03-26,455.8824,464.7059,436.2745,453.9216,1535471.0,0.0
2020-03-27,470.0981,498.0392,461.7647,467.6471,1390782.0,0.0
2020-03-30,446.5686,480.3922,432.3529,473.5294,1141177.0,0.0
2020-03-31,490.1961,497.0588,461.7647,481.3726,1997759.0,0.0
2020-04-01,485.2941,487.2549,463.7255,464.2157,1023815.0,0.0
2020-04-06,475.0,488.7255,465.6863,488.7255,832559.0,0.0
2020-04-07,504.9019,504.9019,478.4314,483.3333,879296.0,0.0
2020-04-08,483.3333,489.2157,475.9804,480.3922,672233.0,0.0
2020-04-09,485.2941,495.0981,480.3922,480.3922,743739.0,0.0
2020-04-10,479.4118,492.1569,478.4314,491.1765,425561.0,0.0
2020-04-13,488.2353,497.0588,480.3922,480.3922,373141.0,0.0
2020-04-14,487.2549,502.9412,483.3333,497.0588,696773.0,0.0
2020-04-15,500.0,506.8627,498.0392,502.9412,410227.0,0.0
2020-04-16,493.1373,500.0,486.2745,488.2353,636591.0,0.0
2020-04-17,497.0588,518.6274,490.1961,491.1765,830476.0,0.0
2020-04-20,494.1176,507.8431,494.1176,499.0196,477490.0,0.0
2020-04-21,495.0981,506.8627,480.8824,480.8824,825303.0,0.0
2020-04-22,477.451,484.3137,466.6667,481.8627,339457.0,0.0
2020-04-23,483.8235,489.7059,471.0784,476.4706,513541.0,0.0
2020-04-24,472.549,479.4118,472.549,475.9804,235809.0,0.0
2020-04-27,483.3333,497.0588,478.4314,496.0784,715738.0,0.0
2020-04-28,500.9804,501.9608,492.1569,493.1373,298511.0,0.0
2020-04-29,494.1176,539.2157,494.1176,532.353,982830.0,0.0
2020-04-30,544.1177,563.7255,538.2353,546.0784,965638.0,0.0
2020-05-04,510.7843,528.4314,500.9804,502.9412,1183187.0,0.0
2020-05-05,510.7843,514.7059,500.9804,506.8627,578833.0,0.0
2020-05-06,506.8627,511.7647,501.9608,503.9216,383478.0,0.0
2020-05-07,504.9019,511.7647,501.9608,501.9608,390886.0,0.0
2020-05-08,509.8039,514.7059,501.9608,507.8431,390733.0,0.0
2020-05-11,515.6863,517.647,509.8039,513.7255,263736.0,0.0
2020-05-12,508.8235,511.7647,500.9804,508.8235,481609.0,0.0
2020-05-13,502.9412,510.7843,501.9608,506.8627,352477.0,0.0
2020-05-14,522.549,522.549,504.9019,504.9019,700648.0,0.0
2020-05-15,509.8039,512.7451,495.0981,499.0196,507833.0,0.0
2020-05-18,494.1176,509.8039,494.1176,504.9019,298076.0,0.0
2020-05-19,519.6078,529.4117,512.7451,527.451,875514.0,0.0
2020-05-20,534.3137,544.1177,525.4902,540.1961,958508.0,0.0
2020-05-21,543.1373,546.0784,523.5294,523.5294,716571.0,0.0
2020-05-22,518.6274,520.5883,501.9608,501.9608,722426.0,0.0
2020-05-25,506.8627,510.7843,496.0784,508.8235,364778.0,0.0
2020-05-26,514.7059,541.1765,512.7451,538.2353,1000612.0,0.0
2020-05-27,544.1177,550.9804,521.5686,522.549,569377.0,0.0
2020-05-28,531.3726,532.353,511.7647,515.6863,471704.0,0.0
2020-05-29,515.6863,534.3137,509.8039,525.4902,1169934.0,0.0
2020-06-01,536.2745,549.0196,530.3922,533.3333,546990.0,0.0
2020-06-02,540.1961,542.1569,530.3922,530.3922,443713.0,0.0
2020-06-03,544.1177,559.8039,541.1765,559.8039,962742.0,0.0
2020-06-04,576.4706,577.451,549.0196,558.8235,726182.0,0.0
2020-06-05,562.7451,571.5686,554.902,570.5883,428772.0,0.0
2020-06-08,574.5098,612.7451,567.647,611.7647,1137119.0,0.0
2020-06-09,619.6078,635.2941,602.9412,635.2941,976715.0,0.0
2020-06-10,634.3137,670.5883,627.451,670.5883,1079244.0,0.0
2020-06-11,665.6863,681.3726,661.7647,673.5294,942681.0,0.0
2020-06-12,666.6667,672.549,658.8235,664.7059,828376.0,0.0
2020-06-15,668.6274,683.3333,659.8039,665.6863,726951.0,0.0
2020-06-16,681.3726,694.1177,676.4706,676.4706,939529.0,0.0
2020-06-17,682.353,687.2549,677.451,685.2941,578937.0,0.0
2020-06-18,685.2941,686.2745,669.6078,680.3922,596114.0,0.0
2020-06-19,674.5098,681.3726,669.6078,679.4117,700464.0,0.0
2020-06-22,680.3922,681.3726,668.6274,670.5883,312122.0,0.0
2020-06-23,675.4902,689.2157,670.5883,683.3333,743728.0,0.0
2020-06-24,683.3333,685.2941,674.5098,675.4902,334829.0,0.0
2020-06-29,670.5883,683.3333,666.6667,676.4706,489077.0,0.0
2020-06-30,683.3333,689.2157,678.4314,689.2157,618226.0,0.0
2020-07-01,688.2353,692.1569,680.3922,681.3726,332680.0,0.0
2020-07-02,688.2353,726.4706,688.2353,722.549,1089464.0,0.0
2020-07-03,744.1177,751.9608,702.9412,707.8431,658115.0,0.0
2020-07-06,717.647,734.3137,708.8235,734.3137,490294.0,0.0
2020-07-07,750.9804,750.9804,727.451,729.4117,548151.0,0.0
2020-07-08,725.4902,738.2353,725.4902,732.353,204194.0,0.0
2020-07-09,735.2941,739.2157,726.4706,733.3333,214451.0,0.0
2020-07-10,733.3333,738.2353,701.9608,704.902,503735.0,0.0
2020-07-13,713.7255,738.2353,711.7647,733.3333,632799.0,0.0
2020-07-14,709.8039,719.6078,704.902,707.8431,349410.0,13.7255
2020-07-15,714.7059,733.3333,714.7059,726.4706,508671.0,0.0
2020-07-16,737.2549,744.1177,717.647,719.6078,399812.0,0.0
2020-07-17,738.2353,738.2353,709.8039,722.549,309172.0,0.0
2020-07-20,711.7647,729.4117,707.8431,724.5098,218666.0,0.0
2020-07-21,735.2941,740.1961,716.6667,716.6667,567694.0,0.0
2020-07-22,716.6667,730.3922,716.6667,724.5098,176501.0,0.0
2020-07-23,711.7647,717.647,703.9216,717.647,316237.0,0.0
2020-07-24,704.902,713.7255,691.1765,696.0784,417941.0,0.0
2020-07-27,694.1177,694.1177,671.5686,676.4706,427510.0,0.0
2020-07-28,653.9216,681.3726,653.9216,667.647,414244.0,0.0
2020-07-29,667.647,687.2549,657.8431,662.7451,386213.0,0.0
2020-07-30,676.4706,676.4706,659.8039,670.5883,273735.0,0.0
2020-07-31,671.5686,671.5686,656.8627,656.8627,308392.0,0.0
2020-08-03,654.902,656.8627,632.353,632.353,563140.0,0.0
2020-08-04,641.1765,661.7647,641.1765,660.7843,560185.0,0.0
2020-08-05,660.7843,661.7647,644.1177,650.0,343420.0,0.0
2020-08-06,656.8627,658.8235,648.0392,652.9412,252140.0,0.0
2020-08-07,652.9412,652.9412,638.2353,639.2157,237122.0,0.0
2020-08-10,639.2157,654.902,638.2353,654.902,279108.0,0.0
2020-08-11,654.902,654.902,639.2157,639.2157,266802.0,0.0
2020-08-12,636.2745,636.2745,612.7451,617.647,575870.0,0.0
2020-08-13,623.5294,649.0196,623.5294,633.3333,703623.0,0.0
2020-08-14,633.3333,645.098,628.4314,632.353,399236.0,0.0
2020-08-17,636.2745,644.1177,622.549,629.4117,207200.0,0.0
2020-08-18,633.3333,633.3333,617.647,627.451,238168.0,0.0
2020-08-19,627.451,630.3922,612.7451,612.7451,394897.0,0.0
2020-08-20,605.8823,618.6274,573.5294,586.2745,644930.0,0.0
2020-08-21,598.0392,620.5883,598.0392,617.647,480779.0,0.0
2020-08-24,618.6274,627.451,603.9216,622.549,407374.0,0.0
2020-08-25,624.5098,625.4902,607.8431,607.8431,451445.0,0.0
2020-08-26,604.902,615.6863,600.0,601.9608,322729.0,0.0
2020-08-27,607.8431,615.6863,600.9804,600.9804,349970.0,0.0
2020-08-28,600.0,609.8039,598.0392,603.9216,319257.0,0.0
2020-08-31,609.8039,620.5883,585.2941,585.2941,842341.0,0.0
2020-09-01,592.1569,601.9608,591.1765,597.0588,300146.0,0.0
2020-09-02,602.9412,607.8431,591.1765,595.098,438846.0,0.0
2020-09-03,601.9608,608.8235,596.0784,604.902,263976.0,0.0
2020-09-04,597.0588,599.0196,591.1765,593.1373,333377.0,0.0
2020-09-07,594.1177,600.0,589.2157,590.1961,169227.0,0.0
2020-09-08,595.098,605.8823,591.1765,602.9412,470743.0,0.0
2020-09-09,594.1177,598.0392,579.4117,591.1765,985611.0,0.0
2020-09-10,595.098,605.8823,589.2157,604.902,452177.0,0.0
2020-09-11,597.0588,615.6863,597.0588,612.7451,375147.0,0.0
2020-09-14,614.7059,626.4706,612.7451,624.5098,474195.0,0.0
2020-09-15,627.451,637.2549,617.647,637.2549,496831.0,0.0
2020-09-16,635.2941,641.1765,623.5294,623.5294,599917.0,0.0
2020-09-17,624.5098,634.3137,622.549,628.4314,340492.0,0.0
2020-09-18,628.4314,653.9216,624.5098,653.9216,623854.0,0.0
2020-09-21,652.9412,652.9412,640.1961,643.1373,390563.0,0.0
2020-09-22,638.2353,640.1961,615.6863,624.5098,373642.0,0.0
2020-09-23,625.4902,631.3726,612.7451,616.6667,315433.0,0.0
2020-09-24,607.8431,607.8431,581.3726,583.3333,1282637.0,0.0
2020-09-25,597.0588,597.0588,587.2549,591.1765,396721.0,0.0
2020-09-28,598.0392,610.7843,594.1177,606.8627,350094.0,0.0
2020-09-29,615.6863,622.549,608.8235,612.7451,423839.0,0.0
2020-09-30,619.6078,636.2745,615.6863,630.3922,764467.0,0.0
2020-10-05,640.1961,640.1961,623.5294,628.4314,289557.0,0.0
2020-10-06,634.3137,642.1569,633.3333,642.1569,380062.0,0.0
2020-10-07,637.2549,650.9804,630.3922,646.0784,376922.0,0.0
2020-10-08,650.9804,651.9608,633.3333,642.1569,259898.0,0.0
2020-10-12,646.0784,649.0196,637.2549,645.098,394651.0,0.0
2020-10-13,647.0588,649.0196,628.4314,628.4314,322002.0,0.0
2020-10-14,633.3333,639.2157,629.4117,636.2745,238893.0,0.0
2020-10-15,631.3726,632.353,616.6667,619.6078,331127.0,0.0
2020-10-16,619.6078,625.4902,616.6667,616.6667,226881.0,0.0
2020-10-19,623.5294,631.3726,617.647,630.3922,192025.0,0.0
2020-10-20,621.5686,627.451,621.5686,626.4706,137656.0,0.0
2020-10-21,627.451,633.3333,620.5883,620.5883,205777.0,0.0
2020-10-22,617.647,625.4902,617.647,624.5098,175822.0,0.0
2020-10-23,620.5883,625.4902,619.6078,619.6078,113395.0,0.0
2020-10-26,619.6078,627.451,618.6274,626.4706,153567.0,0.0
2020-10-27,618.6274,623.5294,618.6274,623.5294,107918.0,0.0
2020-10-28,618.6274,620.5883,612.7451,617.647,296856.0,0.0
2020-10-29,608.8235,608.8235,594.1177,600.0,411395.0,0.0
2020-10-30,600.0,600.9804,589.2157,590.1961,530451.0,0.0
2020-11-02,593.1373,605.8823,593.1373,605.8823,286920.0,0.0
2020-11-03,611.7647,624.5098,611.7647,623.5294,372730.0,0.0
2020-11-04,616.6667,623.5294,608.8235,616.6667,308678.0,0.0
2020-11-05,622.549,634.3137,620.5883,626.4706,431656.0,0.0
2020-11-06,626.4706,631.3726,625.4902,629.4117,191805.0,0.0
2020-11-09,636.2745,645.098,628.4314,636.2745,369094.0,0.0
2020-11-10,637.2549,646.0784,634.3137,643.1373,343423.0,0.0
2020-11-11,647.0588,662.7451,639.2157,659.8039,658196.0,0.0
2020-11-12,653.9216,658.8235,640.1961,644.1177,369679.0,0.0
2020-11-13,644.1177,654.902,642.1569,651.9608,335903.0,0.0
2020-11-16,659.8039,677.451,657.8431,674.5098,582459.0,0.0
2020-11-17,686.2745,686.2745,662.7451,682.353,486611.0,0.0
2020-11-18,672.549,683.3333,672.549,681.3726,458334.0,0.0
2020-11-19,680.3922,686.2745,673.5294,686.2745,340105.0,0.0
2020-11-20,681.3726,686.2745,678.4314,683.3333,279748.0,0.0
2020-11-23,688.2353,693.1373,679.4117,681.3726,421178.0,0.0
2020-11-24,679.4117,681.3726,667.647,668.6274,341283.0,0.0
2020-11-25,668.6274,678.4314,667.647,667.647,231920.0,0.0
2020-11-26,660.7843,674.5098,658.8235,674.5098,243568.0,0.0
2020-11-27,668.6274,671.5686,662.7451,666.6667,463122.0,0.0
2020-11-30,662.7451,666.6667,628.4314,628.4314,1640992.0,0.0
2020-12-01,633.3333,641.1765,629.4117,637.2549,341045.0,0.0
2020-12-02,635.2941,640.1961,625.4902,637.2549,464203.0,0.0
2020-12-03,630.3922,642.1569,630.3922,637.2549,242180.0,0.0
2020-12-04,636.2745,650.0,633.3333,645.098,458020.0,0.0
2020-12-07,647.0588,647.0588,629.4117,631.3726,511793.0,0.0
2020-12-08,628.4314,634.3137,627.451,631.3726,248064.0,0.0
2020-12-09,633.3333,636.2745,630.3922,631.3726,261596.0,0.0
2020-12-10,627.451,629.4117,623.5294,626.4706,274642.0,0.0
2020-12-11,627.451,634.3137,624.5098,628.4314,244081.0,0.0
2020-12-14,628.4314,628.4314,613.7255,616.6667,424694.0,0.0
2020-12-15,612.7451,619.6078,606.8627,610.7843,456052.0,0.0
2020-12-16,617.647,637.2549,617.647,635.2941,634773.0,0.0
2020-12-17,630.3922,632.353,615.6863,620.5883,366817.0,0.0
2020-12-18,626.4706,629.4117,613.7255,613.7255,465222.0,0.0
2020-12-21,611.7647,624.5098,608.8235,623.5294,259830.0,0.0
2020-12-22,620.5883,622.549,610.7843,612.7451,254130.0,0.0
2020-12-23,607.8431,613.7255,606.8627,609.8039,222803.0,0.0
2020-12-24,612.7451,616.6667,611.7647,614.7059,110163.0,0.0
2020-12-25,619.6078,619.6078,608.8235,609.8039,152523.0,0.0
2020-12-28,611.7647,619.6078,611.7647,617.647,167352.0,0.0
2020-12-29,623.5294,623.5294,614.7059,621.5686,98435.0,0.0
2020-12-30,619.6078,637.2549,617.647,634.3137,517575.0,0.0
2020-12-31,632.353,639.2157,625.4902,630.3922,297051.0,0.0
2021-01-04,620.5883,642.1569,620.5883,633.3333,328081.0,0.0
2021-01-05,628.4314,633.3333,627.451,629.4117,237185.0,0.0
2021-01-06,621.5686,629.4117,612.7451,616.6667,375948.0,0.0
2021-01-07,617.647,629.4117,613.7255,621.5686,286648.0,0.0
2021-01-08,621.5686,634.3137,621.5686,632.353,598481.0,0.0
2021-01-11,624.5098,628.4314,619.6078,626.4706,344046.0,0.0
2021-01-12,620.5883,629.4117,619.6078,624.5098,342336.0,0.0
2021-01-13,625.4902,637.2549,625.4902,636.2745,474169.0,0.0
2021-01-14,629.4117,651.9608,628.4314,647.0588,665956.0,0.0
2021-01-15,647.0588,654.902,631.3726,631.3726,361693.0,0.0
2021-01-18,637.2549,637.2549,619.6078,625.4902,224604.0,0.0
2021-01-19,624.5098,630.3922,624.5098,625.4902,129560.0,0.0
2021-01-20,622.549,623.5294,597.0588,597.0588,904053.0,0.0
2021-01-21,600.0,608.8235,600.0,601.9608,378628.0,0.0
2021-01-22,611.7647,611.7647,597.0588,598.0392,430687.0,0.0
2021-01-25,600.0,606.8627,593.1373,595.098,351298.0,0.0
2021-01-26,592.1569,597.0588,583.3333,586.2745,630913.0,0.0
2021-01-27,589.2157,602.9412,585.2941,587.2549,423202.0,0.0
2021-01-28,584.3137,593.1373,578.4314,578.4314,561933.0,0.0
2021-01-29,578.4314,578.4314,555.8823,555.8823,1035925.0,0.0
2021-02-01,558.8235,568.6274,555.8823,564.7059,364285.0,0.0
2021-02-02,562.7451,585.2941,558.8235,572.549,715910.0,0.0
2021-02-03,573.5294,577.451,565.6863,568.6274,327316.0,0.0
2021-02-04,563.7255,577.451,563.7255,576.4706,365399.0,0.0
2021-02-05,574.5098,591.1765,574.5098,586.2745,440288.0,0.0
2021-02-17,589.2157,591.1765,574.5098,586.2745,498680.0,0.0
2021-02-18,586.2745,590.1961,573.5294,580.3922,501832.0,0.0
2021-02-19,577.451,583.3333,573.5294,579.4117,337742.0,0.0
2021-02-22,582.353,594.1177,582.353,582.353,307169.0,0.0
2021-02-23,577.451,602.9412,577.451,601.9608,656857.0,0.0
2021-02-24,594.1177,607.8431,593.1373,599.0196,308604.0,0.0
2021-02-25,604.902,606.8627,600.0,605.8823,402471.0,0.0
2021-02-26,602.9412,602.9412,577.451,579.4117,1193294.0,0.0
2021-03-02,583.3333,585.2941,574.5098,579.4117,284004.0,0.0
2021-03-03,583.3333,602.9412,579.4117,598.0392,709238.0,0.0
2021-03-04,590.1961,593.1373,576.4706,581.3726,687602.0,0.0
2021-03-05,578.4314,588.2353,573.5294,584.3137,439677.0,0.0
2021-03-08,584.3137,589.2157,575.4902,575.4902,262294.0,0.0
2021-03-09,575.4902,584.3137,568.6274,583.3333,349737.0,0.0
2021-03-10,588.2353,588.2353,579.4117,587.2549,190416.0,0.0
2021-03-11,587.2549,597.0588,583.3333,588.2353,369227.0,0.0
2021-03-12,589.2157,589.2157,582.353,585.2941,130738.0,0.0
2021-03-15,580.3922,584.3137,577.451,577.451,254278.0,0.0
2021-03-16,579.4117,581.3726,576.4706,577.451,153374.0,0.0
2021-03-17,576.4706,580.3922,571.5686,572.549,313385.0,0.0
2021-03-18,572.549,583.3333,572.549,573.5294,297026.0,0.0
2021-03-19,570.5883,571.5686,560.7843,562.7451,886961.0,0.0
2021-03-22,558.8235,566.6667,555.8823,566.6667,180393.0,0.0
2021-03-23,566.6667,569.6078,561.7647,561.7647,155476.0,0.0
2021-03-24,561.7647,567.647,559.8039,567.647,193007.0,0.0
2021-03-25,561.7647,565.6863,561.7647,564.7059,249395.0,0.0
2021-03-26,570.5883,580.3922,567.647,576.4706,426405.0,0.0
2021-03-29,578.4314,580.3922,575.4902,575.4902,140651.0,0.0
2021-03-30,578.4314,578.4314,572.549,575.4902,263389.0,0.0
2021-03-31,579.4117,579.4117,571.5686,576.4706,197130.0,0.0
2021-04-01,578.4314,579.4117,572.549,572.549,132722.0,0.0
2021-04-07,577.451,577.451,573.5294,576.4706,136849.0,0.0
2021-04-08,572.549,577.451,572.549,577.451,172653.0,0.0
2021-04-09,574.5098,576.4706,572.549,572.549,154708.0,0.0
2021-04-12,572.549,575.4902,569.6078,569.6078,218035.0,0.0
2021-04-13,574.5098,579.4117,569.6078,570.5883,243856.0,0.0
2021-04-14,570.5883,577.451,569.6078,571.5686,177495.0,0.0
2021-04-15,574.5098,576.4706,569.6078,573.5294,175366.0,0.0
2021-04-16,576.4706,582.353,573.5294,582.353,306360.0,0.0
2021-04-19,585.2941,589.2157,582.353,584.3137,218333.0,0.0
2021-04-20,584.3137,591.1765,582.353,591.1765,308947.0,0.0
2021-04-21,589.2157,589.2157,571.5686,571.5686,501972.0,0.0
2021-04-22,573.5294,578.4314,569.6078,578.4314,304196.0,0.0
2021-04-23,583.3333,583.3333,576.4706,582.353,190877.0,0.0
2021-04-26,582.353,597.0588,581.3726,596.0784,557535.0,0.0
2021-04-27,592.1569,600.9804,592.1569,598.0392,329960.0,0.0
2021-04-28,594.1177,598.0392,584.3137,598.0392,218462.0,0.0
2021-04-29,590.1961,602.9412,590.1961,592.1569,380065.0,0.0
2021-05-03,586.2745,590.1961,575.4902,580.3922,313203.0,0.0
2021-05-04,587.2549,588.2353,573.5294,575.4902,465651.0,0.0
2021-05-05,573.5294,578.4314,571.5686,572.549,236328.0,0.0
2021-05-06,569.6078,578.4314,566.6667,578.4314,340197.0,0.0
2021-05-07,578.4314,586.2745,574.5098,585.2941,163497.0,0.0
2021-05-10,590.1961,596.0784,587.2549,592.1569,310304.0,0.0
2021-05-11,583.3333,587.2549,567.647,570.5883,334894.0,0.0
2021-05-12,567.647,580.3922,515.6863,531.3726,716872.0,0.0
2021-05-13,544.1177,544.1177,518.6274,518.6274,708608.0,0.0
2021-05-14,520.5883,529.4117,519.6078,526.4706,296012.0,0.0
2021-05-17,514.7059,528.4314,504.9019,507.8431,387192.0,0.0
2021-05-18,510.7843,532.353,510.7843,532.353,389550.0,0.0
2021-05-19,521.5686,527.451,517.647,517.647,344516.0,0.0
2021-05-20,514.7059,523.5294,511.7647,523.5294,281757.0,0.0
2021-05-21,525.4902,535.2941,524.5098,528.4314,198288.0,0.0
2021-05-24,519.6078,524.5098,519.6078,524.5098,120412.0,0.0
2021-05-25,524.5098,566.6667,524.5098,549.0196,526332.0,0.0
2021-05-26,559.8039,559.8039,541.1765,545.098,160375.0,0.0
2021-05-27,536.2745,548.0392,527.451,533.3333,803652.0,0.0
2021-05-28,543.1373,553.9216,539.2157,552.9412,436968.0,0.0
2021-05-31,552.9412,561.7647,546.0784,558.8235,188737.0,0.0
2021-06-01,555.8823,559.8039,550.9804,553.9216,96360.0,0.0
2021-06-02,553.9216,566.6667,546.0784,562.7451,235926.0,0.0
2021-06-03,568.6274,568.6274,555.8823,564.7059,114654.0,0.0
2021-06-04,553.9216,558.8235,549.0196,556.8627,156068.0,0.0
2021-06-07,560.7843,560.7843,545.098,549.0196,128543.0,0.0
2021-06-08,559.8039,563.7255,553.9216,563.7255,246858.0,0.0
2021-06-09,565.6863,565.6863,554.902,556.8627,160246.0,0.0
2021-06-10,554.902,570.5883,554.902,564.7059,176512.0,0.0
2021-06-11,564.7059,570.5883,561.7647,569.6078,98964.0,0.0
2021-06-15,573.5294,573.5294,564.7059,571.5686,86779.0,0.0
2021-06-16,567.647,583.3333,567.647,580.3922,348355.0,0.0
2021-06-17,571.5686,574.5098,564.7059,569.6078,256953.0,0.0
2021-06-18,565.6863,572.549,562.7451,564.7059,363592.0,0.0
2021-06-21,568.6274,568.6274,549.0196,559.8039,312577.0,0.0
2021-06-22,567.647,568.6274,561.7647,562.7451,220427.0,0.0
2021-06-23,567.647,599.0196,566.6667,596.0784,900024.0,0.0
2021-06-24,601.9608,602.9412,592.1569,593.1373,304068.0,0.0
2021-06-25,599.0196,612.7451,598.0392,606.8627,495069.0,0.0
2021-06-28,610.7843,611.7647,597.0588,597.0588,226542.0,0.0
2021-06-29,597.0588,604.902,590.1961,599.0196,321841.0,0.0
2021-06-30,604.902,604.902,596.0784,601.9608,214121.0,0.0
2021-07-01,594.1177,607.8431,591.1765,602.9412,293216.0,0.0
2021-07-02,600.0,600.0,586.2745,590.1961,314546.0,0.0
2021-07-05,598.0392,606.8627,595.098,606.8627,253239.0,0.0
2021-07-06,612.7451,612.7451,600.0,609.8039,269973.0,0.0
2021-07-07,609.8039,609.8039,602.9412,606.8627,281521.0,0.0
2021-07-08,606.8627,606.8627,588.2353,590.1961,503627.0,0.0
2021-07-09,576.4706,579.4117,565.6863,579.4117,556018.0,16.6667
2021-07-12,588.2353,588.2353,581.3726,585.2941,93886.0,0.0
2021-07-13,587.2549,598.0392,587.2549,596.0784,318435.0,0.0
2021-07-14,596.0784,601.9608,591.1765,596.0784,189444.0,0.0
2021-07-15,596.0784,596.0784,587.2549,591.1765,131642.0,0.0
2021-07-16,586.2745,593.1373,584.3137,593.1373,67468.0,0.0
2021-07-19,580.3922,587.2549,568.6274,579.4117,318173.0,0.0
2021-07-20,578.4314,578.4314,571.5686,571.5686,147952.0,0.0
2021-07-21,572.549,586.2745,572.549,578.4314,149060.0,0.0
2021-07-22,585.2941,596.0784,585.2941,596.0784,440935.0,0.0
2021-07-23,591.1765,601.9608,588.2353,592.1569,92908.0,0.0
2021-07-26,585.2941,589.2157,576.4706,579.4117,175665.0,0.0
2021-07-27,579.4117,583.3333,577.451,578.4314,129425.0,0.0
2021-07-28,574.5098,578.4314,565.6863,578.4314,244304.0,0.0
2021-07-29,574.5098,584.3137,570.5883,579.4117,199455.0,0.0
2021-07-30,573.5294,578.4314,572.549,578.4314,144837.0,0.0
2021-08-02,585.2941,593.1373,580.3922,593.1373,174671.0,0.0
2021-08-03,581.3726,595.098,581.3726,595.098,138964.0,0.0
2021-08-04,590.1961,596.0784,588.2353,592.1569,106388.0,0.0
2021-08-05,592.1569,596.0784,579.4117,579.4117,150688.0,0.0
2021-08-06,583.3333,583.3333,571.5686,572.549,314284.0,0.0
2021-08-09,573.5294,582.353,562.7451,581.3726,245741.0,0.0
2021-08-10,575.4902,579.4117,572.549,576.4706,79685.0,0.0
2021-08-11,573.5294,578.4314,571.5686,578.4314,82732.0,0.0
2021-08-12,580.3922,580.3922,569.6078,570.5883,164587.0,0.0
2021-08-13,567.647,568.6274,563.7255,566.6667,192882.0,0.0
2021-08-16,558.8235,564.7059,558.8235,564.7059,141786.0,0.0
2021-08-17,564.7059,564.7059,564.7059,564.7059,0.0,0.0
2021-08-18,550.0,552.9412,538.2353,551.9608,289091.0,0.0
2021-08-19,541.1765,544.1177,527.451,528.4314,519679.0,0.0
2021-08-20,532.353,538.2353,522.549,522.549,226713.0,0.0
2021-08-23,529.4117,538.2353,525.4902,538.2353,117440.0,0.0
2021-08-24,540.1961,541.1765,532.353,537.2549,159197.0,0.0
2021-08-25,543.1373,554.902,539.2157,553.9216,152033.0,0.0
2021-08-26,549.0196,557.8431,539.2157,539.2157,299371.0,0.0
2021-08-27,539.2157,558.8235,539.2157,551.9608,241806.0,0.0
2021-08-30,553.9216,568.6274,550.0,568.6274,218487.0,0.0
2021-08-31,563.7255,571.5686,551.9608,571.5686,498419.0,0.0
2021-09-01,559.8039,573.5294,559.8039,570.5883,255640.0,0.0
2021-09-02,566.6667,571.5686,558.8235,558.8235,169450.0,0.0
2021-09-03,560.7843,576.4706,560.7843,575.4902,308463.0,0.0
2021-09-06,575.4902,578.4314,571.5686,572.549,94909.0,0.0
2021-09-07,573.5294,573.5294,562.7451,566.6667,77422.0,0.0
2021-09-08,570.5883,570.5883,557.8431,567.647,227077.0,0.0
2021-09-09,559.8039,564.7059,554.902,555.8823,233398.0,0.0
2021-09-10,561.7647,565.6863,558.8235,565.6863,155096.0,0.0
2021-09-13,568.6274,580.3922,568.6274,580.3922,296370.0,0.0
2021-09-14,583.3333,592.1569,583.3333,591.1765,354486.0,0.0
2021-09-15,591.1765,596.0784,589.2157,596.0784,309947.0,0.0
2021-09-16,596.0784,598.0392,592.1569,596.0784,205439.0,0.0
2021-09-17,598.0392,602.9412,593.1373,597.0588,556013.0,0.0
2021-09-22,590.1961,590.1961,566.6667,571.5686,460103.0,0.0
2021-09-23,583.3333,585.2941,578.4314,580.3922,116607.0,0.0
2021-09-24,586.2745,593.1373,585.2941,590.1961,146607.0,0.0
2021-09-27,596.0784,596.0784,586.2745,589.2157,150093.0,0.0
2021-09-28,573.5294,590.1961,572.549,590.1961,114219.0,0.0
2021-09-29,577.451,578.4314,570.5883,571.5686,341931.0,0.0
2021-09-30,567.647,577.451,564.7059,573.5294,240764.0,0.0
2021-10-01,563.7255,576.4706,554.902,559.8039,365608.0,0.0
2021-10-04,565.6863,565.6863,559.8039,559.8039,104354.0,0.0
2021-10-05,560.7843,565.6863,551.9608,560.7843,142801.0,0.0
2021-10-06,559.8039,564.7059,550.0,562.7451,372378.0,0.0
2021-10-07,568.6274,580.3922,566.6667,579.4117,315294.0,0.0
2021-10-08,576.4706,579.4117,573.5294,573.5294,62444.0,0.0
2021-10-12,564.7059,577.451,553.9216,577.451,259684.0,0.0
2021-10-13,581.3726,581.3726,572.549,577.451,122460.0,0.0
2021-10-14,580.3922,586.2745,575.4902,575.4902,175542.0,0.0
2021-10-15,575.4902,587.2549,567.647,586.2745,483976.0,0.0
2021-10-18,582.353,588.2353,582.353,586.2745,92142.0,0.0
2021-10-19,588.2353,594.1177,583.3333,592.1569,256006.0,0.0
2021-10-20,595.098,598.0392,594.1177,598.0392,168820.0,0.0
2021-10-21,598.0392,605.8823,597.0588,600.0,301286.0,0.0
2021-10-22,602.9412,602.9412,594.1177,594.1177,48376.0,0.0
2021-10-25,592.1569,600.0,592.1569,598.0392,72144.0,0.0
2021-10-26,600.0,611.7647,600.0,610.7843,451026.0,0.0
2021-10-27,612.7451,612.7451,600.0,602.9412,134096.0,0.0
2021-10-28,602.9412,611.7647,600.9804,608.8235,179826.0,0.0
2021-10-29,603.9216,604.902,591.1765,600.0,284475.0,0.0
2021-11-01,606.8627,606.8627,597.0588,598.0392,123658.0,0.0
2021-11-02,603.9216,610.7843,598.0392,600.9804,182615.0,0.0
2021-11-03,595.098,606.8627,593.1373,599.0196,149204.0,0.0
2021-11-04,603.9216,603.9216,597.0588,599.0196,58136.0,0.0
2021-11-05,594.1177,597.0588,591.1765,597.0588,97070.0,0.0
2021-11-08,594.1177,594.1177,587.2549,594.1177,157343.0,0.0
2021-11-09,597.0588,615.6863,591.1765,615.6863,482736.0,0.0
2021-11-10,612.7451,617.647,600.0,612.7451,248904.0,0.0
2021-11-11,612.7451,615.6863,607.8431,611.7647,175464.0,0.0
2021-11-12,608.8235,625.4902,606.8627,621.5686,273513.0,0.0
2021-11-15,615.6863,631.3726,614.7059,630.3922,208398.0,0.0
2021-11-16,627.451,637.2549,627.451,637.2549,282939.0,0.0
2021-11-17,627.451,639.2157,627.451,630.3922,165212.0,0.0
2021-11-18,634.3137,641.1765,630.3922,641.1765,221876.0,0.0
2021-11-19,638.2353,645.098,638.2353,645.098,101675.0,0.0
2021-11-22,643.1373,651.9608,638.2353,651.9608,155284.0,0.0
2021-11-23,649.0196,655.8823,630.3922,632.353,271647.0,0.0
2021-11-24,633.3333,641.1765,623.5294,627.451,215211.0,0.0
2021-11-25,629.4117,630.3922,620.5883,620.5883,93052.0,0.0
2021-11-26,616.6667,623.5294,604.902,608.8235,336090.0,0.0
2021-11-29,612.7451,618.6274,600.0,600.0,221269.0,0.0
2021-11-30,597.0588,612.7451,591.1765,594.1177,947414.0,0.0
2021-12-01,593.1373,606.8627,593.1373,600.9804,212318.0,0.0
2021-12-02,594.1177,611.7647,594.1177,611.7647,202062.0,0.0
2021-12-03,607.8431,609.8039,598.0392,600.0,239811.0,0.0
2021-12-06,596.0784,606.8627,596.0784,606.8627,173334.0,0.0
2021-12-07,600.0,602.9412,595.098,602.9412,277359.0,0.0
2021-12-08,610.7843,617.647,607.8431,612.7451,286844.0,0.0
2021-12-09,612.7451,617.647,610.7843,613.7255,116816.0,0.0
2021-12-10,609.8039,613.7255,600.9804,602.9412,129635.0,0.0
2021-12-13,600.0,606.8627,597.0588,599.0196,156201.0,0.0
2021-12-14,596.0784,603.9216,596.0784,603.9216,201956.0,0.0
2021-12-15,599.0196,600.0,592.1569,600.0,294395.0,0.0
2021-12-16,602.9412,602.9412,595.098,597.0588,103113.0,0.0
2021-12-17,600.0,600.9804,596.0784,600.0,222630.0,0.0
2021-12-20,595.098,595.098,585.2941,588.2353,283917.0,0.0
2021-12-21,593.1373,594.1177,588.2353,589.2157,133614.0,0.0
2021-12-22,592.1569,592.1569,587.2549,587.2549,62292.0,0.0
2021-12-23,588.2353,594.1177,586.2745,586.2745,145054.0,0.0
2021-12-24,594.1177,598.0392,589.2157,598.0392,142795.0,0.0
2021-12-27,597.0588,602.9412,597.0588,602.9412,78668.0,0.0
2021-12-28,607.8431,609.8039,600.9804,602.9412,184550.0,0.0
2021-12-29,607.8431,607.8431,601.9608,607.8431,121390.0,0.0
2021-12-30,604.902,606.8627,598.0392,601.9608,179517.0,0.0
2022-01-03,608.8235,611.7647,600.9804,603.9216,79147.0,0.0
2022-01-04,606.8627,606.8627,598.0392,605.8823,136033.0,0.0
2022-01-05,597.0588,607.8431,597.0588,607.8431,148959.0,0.0
2022-01-06,606.8627,608.8235,600.9804,608.8235,171422.0,0.0
2022-01-07,608.8235,611.7647,601.9608,601.9608,124382.0,0.0
2022-01-10,601.9608,607.8431,601.9608,607.8431,73480.0,0.0
2022-01-11,603.9216,611.7647,601.9608,611.7647,166272.0,0.0
2022-01-12,611.7647,612.7451,603.9216,608.8235,146982.0,0.0
2022-01-13,611.7647,613.7255,605.8823,612.7451,155246.0,0.0
2022-01-14,612.7451,614.7059,605.8823,609.8039,83640.0,0.0
2022-01-17,599.0196,603.9216,598.0392,598.0392,118338.0,0.0
2022-01-18,600.9804,601.9608,597.0588,597.0588,108054.0,0.0
2022-01-19,597.0588,603.9216,592.1569,595.098,216720.0,0.0
2022-01-20,591.1765,602.9412,590.1961,592.1569,165231.0,0.0
2022-01-21,590.1961,600.0,585.2941,595.098,334605.0,0.0
2022-01-24,586.2745,602.9412,585.2941,602.9412,172615.0,0.0
2022-01-25,592.1569,596.0784,580.3922,586.2745,532436.0,0.0
2022-01-26,588.2353,590.1961,583.3333,590.1961,139875.0,0.0
2022-02-07,584.3137,597.0588,575.4902,597.0588,457908.0,0.0
2022-02-08,601.9608,602.9412,593.1373,597.0588,231477.0,0.0
2022-02-09,598.0392,612.7451,598.0392,612.7451,247461.0,0.0
2022-02-10,602.9412,617.647,602.9412,613.7255,139721.0,0.0
2022-02-11,611.7647,617.647,608.8235,612.7451,153096.0,0.0
2022-02-14,610.7843,618.6274,600.0,618.6274,169562.0,0.0
2022-02-15,607.8431,615.6863,606.8627,608.8235,156060.0,0.0
2022-02-16,610.7843,622.549,610.7843,621.5686,257993.0,0.0
2022-02-17,620.5883,637.2549,620.5883,632.353,360817.0,0.0
2022-02-18,625.4902,633.3333,622.549,622.549,119538.0,0.0
2022-02-21,617.647,631.3726,615.6863,630.3922,120655.0,0.0
2022-02-22,618.6274,620.5883,605.8823,616.6667,423289.0,0.0
2022-02-23,614.7059,617.647,609.8039,614.7059,110599.0,0.0
2022-02-24,604.902,607.8431,595.098,603.9216,394743.0,0.0
2022-02-25,605.8823,617.647,594.1177,617.647,557491.0,0.0
2022-03-01,621.5686,626.4706,608.8235,626.4706,321709.0,0.0
2022-03-02,630.3922,630.3922,617.647,622.549,125025.0,0.0
2022-03-03,629.4117,629.4117,616.6667,623.5294,126704.0,0.0
2022-03-04,605.8823,616.6667,601.9608,609.8039,224392.0,0.0
2022-03-07,597.0588,606.8627,581.3726,582.353,632819.0,0.0
2022-03-08,565.6863,581.3726,559.8039,563.7255,464478.0,0.0
2022-03-09,568.6274,575.4902,563.7255,563.7255,307610.0,0.0
2022-03-10,569.6078,586.2745,569.6078,585.2941,342713.0,0.0
2022-03-11,577.451,584.3137,570.5883,570.5883,183115.0,0.0
2022-03-14,575.4902,578.4314,569.6078,569.6078,207710.0,0.0
2022-03-15,569.6078,570.5883,559.8039,563.7255,255792.0,0.0
2022-03-16,564.7059,569.6078,550.9804,555.8823,504026.0,0.0
2022-03-17,574.5098,589.2157,565.6863,568.6274,711893.0,0.0
2022-03-18,569.6078,573.5294,557.8431,557.8431,972309.0,0.0
2022-03-21,560.7843,573.5294,560.7843,570.5883,248916.0,0.0
2022-03-22,575.4902,578.4314,571.5686,573.5294,170333.0,0.0
2022-03-23,575.4902,582.353,575.4902,575.4902,226129.0,0.0
2022-03-24,569.6078,579.4117,569.6078,577.451,133957.0,0.0
2022-03-25,568.6274,575.4902,568.6274,571.5686,148994.0,0.0
2022-03-28,559.8039,571.5686,559.8039,571.5686,165343.0,0.0
2022-03-29,571.5686,576.4706,570.5883,574.5098,109055.0,0.0
2022-03-30,577.451,590.1961,575.4902,586.2745,395791.0,0.0
2022-03-31,586.2745,596.0784,584.3137,586.2745,287134.0,0.0
2022-04-01,580.3922,591.1765,574.5098,581.3726,266571.0,0.0
2022-04-06,574.5098,584.3137,569.6078,581.3726,250158.0,0.0
2022-04-07,572.549,575.4902,563.7255,563.7255,374180.0,0.0
2022-04-08,569.6078,572.549,564.7059,571.5686,89785.0,0.0
2022-04-11,573.5294,575.4902,561.7647,562.7451,195443.0,0.0
2022-04-12,562.7451,570.5883,562.7451,567.647,141765.0,0.0
2022-04-13,574.5098,582.353,572.549,582.353,267440.0,0.0
2022-04-14,578.4314,582.353,577.451,579.4117,111163.0,0.0
2022-04-15,576.4706,581.3726,566.6667,566.6667,114711.0,0.0
2022-04-18,560.7843,566.6667,560.7843,561.7647,131675.0,0.0
2022-04-19,564.7059,572.549,564.7059,567.647,142725.0,0.0
2022-04-20,567.647,582.353,566.6667,580.3922,206175.0,0.0
2022-04-21,581.3726,583.3333,573.5294,573.5294,143116.0,0.0
2022-04-22,567.647,578.4314,565.6863,577.451,189216.0,0.0
2022-04-25,566.6667,572.549,558.8235,561.7647,411173.0,0.0
2022-04-26,561.7647,573.5294,561.7647,569.6078,217143.0,0.0
2022-04-27,562.7451,566.6667,555.8823,556.8627,292704.0,0.0
2022-04-28,557.8431,566.6667,554.902,566.6667,399948.0,0.0
2022-04-29,560.7843,571.5686,560.7843,568.6274,258241.0,0.0
2022-05-03,563.7255,572.549,563.7255,566.6667,84660.0,0.0
2022-05-04,568.6274,572.549,565.6863,566.6667,120349.0,0.0
2022-05-05,572.549,577.451,571.5686,572.549,117333.0,0.0
2022-05-06,563.7255,570.5883,556.8627,558.8235,306315.0,0.0
2022-05-09,552.9412,552.9412,542.1569,542.1569,209940.0,0.0
2022-05-10,540.1961,550.9804,540.1961,543.1373,225973.0,0.0
2022-05-11,540.1961,555.8823,532.353,555.8823,304203.0,0.0
2022-05-12,553.9216,558.8235,540.1961,541.1765,231846.0,0.0
2022-05-13,551.9608,552.9412,546.0784,546.0784,208322.0,0.0
2022-05-16,555.8823,557.8431,548.0392,548.0392,172366.0,0.0
2022-05-17,551.9608,562.7451,551.9608,562.7451,214167.0,0.0
2022-05-18,559.8039,572.549,554.902,565.6863,309195.0,0.0
2022-05-19,559.8039,559.8039,549.0196,550.0,224451.0,0.0
2022-05-20,555.8823,567.647,551.9608,567.647,270317.0,0.0
2022-05-23,573.5294,573.5294,561.7647,566.6667,205088.0,0.0
2022-05-24,561.7647,573.5294,557.8431,558.8235,122403.0,0.0
2022-05-25,565.6863,570.5883,557.8431,565.6863,283266.0,0.0
2022-05-26,568.6274,574.5098,568.6274,570.5883,233660.0,0.0
2022-05-27,576.4706,585.2941,572.549,585.2941,373272.0,0.0
2022-05-30,586.2745,600.9804,585.2941,600.9804,637596.0,0.0
2022-05-31,598.0392,620.5883,590.1961,620.5883,1058835.0,0.0
2022-06-01,608.8235,619.6078,607.8431,607.8431,252045.0,0.0
2022-06-02,599.0196,613.7255,598.0392,603.9216,224513.0,0.0
2022-06-06,611.7647,611.7647,596.0784,607.8431,209163.0,0.0
2022-06-07,599.0196,601.9608,590.1961,592.1569,359097.0,0.0
2022-06-08,593.1373,602.9412,593.1373,600.9804,252043.0,0.0
2022-06-09,596.0784,600.9804,594.1177,600.9804,96901.0,0.0
2022-06-10,594.1177,602.9412,591.1765,598.0392,186646.0,0.0
2022-06-13,584.3137,591.1765,564.7059,566.6667,647113.0,0.0
2022-06-14,561.7647,571.5686,559.8039,570.5883,261100.0,0.0
2022-06-15,562.7451,571.5686,561.7647,567.647,296855.0,0.0
2022-06-16,574.5098,577.451,564.7059,567.647,208138.0,0.0
2022-06-17,561.7647,566.6667,556.8627,556.8627,373415.0,0.0
2022-06-20,557.8431,567.647,555.8823,559.8039,243829.0,0.0
2022-06-21,571.5686,575.4902,566.6667,575.4902,406952.0,0.0
2022-06-22,575.4902,578.4314,565.6863,568.6274,119362.0,0.0
2022-06-23,581.3726,592.1569,578.4314,592.1569,420403.0,0.0
2022-06-24,597.0588,608.8235,597.0588,606.8627,407207.0,0.0
2022-06-27,616.6667,619.6078,613.7255,616.6667,439671.0,0.0
2022-06-28,619.6078,619.6078,608.8235,611.7647,152369.0,0.0
2022-06-29,602.9412,614.7059,602.9412,610.7843,280505.0,0.0
2022-06-30,610.7843,616.6667,594.1177,594.1177,392790.0,0.0
2022-07-01,596.0784,607.8431,591.1765,596.0784,234725.0,0.0
2022-07-04,609.8039,610.7843,595.098,605.8823,253064.0,0.0
2022-07-05,617.647,618.6274,603.9216,607.8431,318777.0,0.0
2022-07-06,613.7255,613.7255,597.0588,600.9804,303030.0,0.0
2022-07-07,600.0,607.8431,595.098,605.8823,248786.0,0.0
2022-07-08,589.2157,590.1961,580.3922,582.353,277520.0,19.6078
2022-07-11,588.2353,589.2157,578.4314,582.353,176524.0,0.0
2022-07-12,576.4706,587.2549,575.4902,583.3333,167273.0,0.0
2022-07-13,589.2157,594.1177,582.353,591.1765,215271.0,0.0
2022-07-14,587.2549,595.098,586.2745,595.098,84646.0,0.0
2022-07-15,590.1961,593.1373,582.353,585.2941,172384.0,0.0
2022-07-18,579.4117,583.3333,574.5098,578.4314,165546.0,0.0
2022-07-19,583.3333,587.2549,580.3922,587.2549,152014.0,0.0
2022-07-20,588.2353,589.2157,575.4902,576.4706,200923.0,0.0
2022-07-21,582.353,582.353,570.5883,577.451,141870.0,0.0
2022-07-22,571.5686,578.4314,567.647,578.4314,259083.0,0.0
2022-07-25,573.5294,586.2745,573.5294,586.2745,133734.0,0.0
2022-07-26,582.353,588.2353,580.3922,588.2353,118449.0,0.0
2022-07-27,588.2353,588.2353,583.3333,587.2549,77458.0,0.0
2022-07-28,591.1765,591.1765,584.3137,591.1765,185939.0,0.0
2022-07-29,592.1569,593.1373,587.2549,592.1569,169340.0,0.0
2022-08-01,588.2353,590.1961,583.3333,589.2157,89747.0,0.0
2022-08-02,578.4314,583.3333,575.4902,583.3333,194859.0,0.0
2022-08-03,584.3137,585.2941,577.451,585.2941,173480.0,0.0
2022-08-04,587.2549,587.2549,570.5883,579.4117,158097.0,0.0
2022-08-05,585.2941,596.0784,584.3137,594.1177,280627.0,0.0
2022-08-08,593.1373,593.1373,585.2941,589.2157,110211.0,0.0
2022-08-09,585.2941,590.1961,584.3137,587.2549,78478.0,0.0
2022-08-10,581.3726,585.2941,577.451,585.2941,159134.0,0.0
2022-08-11,590.1961,600.0,589.2157,600.0,248985.0,0.0
2022-08-12,594.1177,600.0,589.2157,599.0196,175442.0,0.0
2022-08-15,602.9412,602.9412,592.1569,596.0784,109325.0,0.0
2022-08-16,600.0,600.0,594.1177,599.0196,171335.0,0.0
2022-08-17,600.9804,600.9804,594.1177,600.0,172337.0,0.0
2022-08-18,596.0784,600.0,594.1177,600.0,74565.0,0.0
2022-08-19,593.1373,593.1373,588.2353,593.1373,123494.0,0.0
2022-08-22,583.3333,589.2157,583.3333,587.2549,28560.0,0.0
2022-08-23,579.4117,588.2353,579.4117,586.2745,106179.0,0.0
2022-08-24,584.3137,587.2549,578.4314,578.4314,156058.0,0.0
2022-08-25,584.3137,594.1177,583.3333,594.1177,176529.0,0.0
2022-08-26,597.0588,597.0588,589.2157,595.098,91808.0,0.0
2022-08-29,579.4117,584.3137,578.4314,581.3726,309131.0,0.0
2022-08-30,578.4314,588.2353,576.4706,587.2549,339637.0,0.0
2022-08-31,587.2549,601.9608,584.3137,601.9608,419759.0,0.0
2022-09-01,587.2549,592.1569,578.4314,578.4314,382917.0,0.0
2022-09-02,580.3922,581.3726,569.6078,569.6078,223444.0,0.0
2022-09-05,573.5294,577.451,571.5686,575.4902,75500.0,0.0
2022-09-06,581.3726,591.1765,577.451,591.1765,261106.0,0.0
2022-09-07,581.3726,585.2941,569.6078,570.5883,379381.0,0.0
2022-09-08,574.5098,585.2941,574.5098,585.2941,182600.0,0.0
2022-09-12,596.0784,597.0588,589.2157,593.1373,217286.0,0.0
2022-09-13,597.0588,597.0588,590.1961,594.1177,176460.0,0.0
2022-09-14,585.2941,588.2353,579.4117,584.3137,243763.0,0.0
2022-09-15,580.3922,586.2745,575.4902,579.4117,256122.0,0.0
2022-09-16,572.549,594.1177,572.549,594.1177,693684.0,0.0
2022-09-19,592.1569,592.1569,579.4117,579.4117,164158.0,0.0
2022-09-20,585.2941,588.2353,579.4117,588.2353,148898.0,0.0
2022-09-21,583.3333,586.2745,579.4117,586.2745,271330.0,0.0
2022-09-22,579.4117,580.3922,568.6274,572.549,363179.0,0.0
2022-09-23,570.5883,575.4902,564.7059,567.647,207113.0,0.0
2022-09-26,559.8039,563.7255,555.8823,555.8823,204036.0,0.0
2022-09-27,560.7843,566.6667,550.9804,552.9412,270204.0,0.0
2022-09-28,553.9216,553.9216,535.2941,538.2353,274754.0,0.0
2022-09-29,549.0196,565.6863,544.1177,565.6863,426735.0,0.0
2022-09-30,565.6863,566.6667,550.9804,560.7843,342015.0,0.0
2022-10-03,549.0196,558.8235,549.0196,550.0,123580.0,0.0
2022-10-04,556.8627,567.647,555.8823,559.8039,151967.0,0.0
2022-10-05,560.7843,565.6863,558.8235,558.8235,150044.0,0.0
2022-10-06,565.6863,575.4902,565.6863,575.4902,233580.0,0.0
2022-10-07,573.5294,573.5294,564.7059,566.6667,134576.0,0.0
2022-10-11,550.0,555.8823,539.2157,544.1177,386743.0,0.0
2022-10-12,547.0588,550.9804,536.2745,544.1177,168292.0,0.0
2022-10-13,540.1961,545.098,529.4117,533.3333,220826.0,0.0
2022-10-14,549.0196,549.0196,540.1961,543.1373,156136.0,0.0
2022-10-17,541.1765,555.8823,538.2353,550.9804,170431.0,0.0
2022-10-18,555.8823,558.8235,550.0,556.8627,138172.0,0.0
2022-10-19,551.9608,567.647,551.9608,565.6863,182841.0,0.0
2022-10-20,550.0,550.9804,535.2941,541.1765,308028.0,0.0
2022-10-21,541.1765,546.0784,539.2157,546.0784,51051.0,0.0
2022-10-24,551.9608,560.7843,547.0588,554.902,227127.0,0.0
2022-10-25,561.7647,572.549,555.8823,572.549,419345.0,0.0
2022-10-26,572.549,580.3922,570.5883,580.3922,324896.0,0.0
2022-10-27,581.3726,588.2353,580.3922,585.2941,259121.0,0.0
2022-10-28,585.2941,586.2745,564.7059,566.6667,334817.0,0.0
2022-10-31,569.6078,576.4706,566.6667,572.549,251980.0,0.0
2022-11-01,569.6078,578.4314,567.647,573.5294,130543.0,0.0
2022-11-02,577.451,578.4314,573.5294,577.451,118422.0,0.0
2022-11-03,569.6078,573.5294,564.7059,569.6078,136725.0,0.0
2022-11-04,563.7255,570.5883,553.9216,570.5883,239688.0,0.0
2022-11-07,574.5098,580.3922,573.5294,579.4117,190740.0,0.0
2022-11-08,581.3726,581.3726,572.549,579.4117,164412.0,0.0
2022-11-09,582.353,583.3333,576.4706,581.3726,229510.0,0.0
2022-11-10,584.3137,584.3137,576.4706,579.4117,116314.0,0.0
2022-11-11,579.4117,593.1373,575.4902,593.1373,728512.0,0.0
2022-11-14,597.0588,604.902,593.1373,603.9216,442065.0,0.0
2022-11-15,594.1177,608.8235,593.1373,608.8235,339362.0,0.0
2022-11-16,605.8823,615.6863,598.0392,599.0196,288854.0,0.0
2022-11-17,595.098,599.0196,591.1765,597.0588,132558.0,0.0
2022-11-18,593.1373,600.9804,589.2157,599.0196,131888.0,0.0
2022-11-21,595.098,605.8823,592.1569,605.8823,114284.0,0.0
2022-11-22,607.8431,607.8431,600.0,607.8431,111162.0,0.0
2022-11-23,607.8431,607.8431,601.9608,606.8627,69492.0,0.0
2022-11-24,611.7647,619.6078,603.9216,619.6078,383771.0,0.0
2022-11-25,613.7255,624.5098,612.7451,624.5098,279004.0,0.0
2022-11-28,611.7647,624.5098,604.902,609.8039,228823.0,0.0
2022-11-29,618.6274,626.4706,611.7647,626.4706,314275.0,0.0
2022-11-30,629.4117,637.2549,625.4902,637.2549,507766.0,0.0
2022-12-01,639.2157,647.0588,622.549,630.3922,218439.0,0.0
2022-12-02,636.2745,636.2745,623.5294,625.4902,95011.0,0.0
2022-12-05,623.5294,623.5294,612.7451,617.647,217299.0,0.0
2022-12-06,618.6274,622.549,606.8627,621.5686,278477.0,0.0
2022-12-07,613.7255,623.5294,610.7843,621.5686,256153.0,0.0
2022-12-08,613.7255,615.6863,604.902,606.8627,335825.0,0.0
2022-12-09,611.7647,611.7647,602.9412,611.7647,180645.0,0.0
2022-12-12,603.9216,604.902,596.0784,599.0196,149926.0,0.0
2022-12-13,603.9216,603.9216,583.3333,587.2549,400974.0,0.0
2022-12-14,600.0,616.6667,595.098,616.6667,340699.0,0.0
2022-12-15,613.7255,613.7255,600.0,600.9804,156378.0,0.0
2022-12-16,588.2353,591.1765,583.3333,583.3333,531338.0,0.0
2022-12-19,569.6078,583.3333,569.6078,583.3333,148866.0,0.0
2022-12-20,577.451,582.353,574.5098,575.4902,191243.0,0.0
2022-12-21,575.4902,586.2745,573.5294,573.5294,174420.0,0.0
2022-12-22,577.451,584.3137,576.4706,584.3137,123456.0,0.0
2022-12-23,573.5294,580.3922,571.5686,580.3922,113277.0,0.0
2022-12-26,578.4314,586.2745,574.5098,586.2745,53056.0,0.0
2022-12-27,586.2745,592.1569,585.2941,590.1961,88655.0,0.0
2022-12-28,585.2941,585.2941,579.4117,580.3922,99970.0,0.0
2022-12-29,577.451,584.3137,571.5686,574.5098,351920.0,0.0
2022-12-30,578.4314,583.3333,576.4706,576.4706,72401.0,0.0
2023-01-03,573.5294,580.3922,562.7451,580.3922,166291.0,0.0
2023-01-04,571.5686,586.2745,571.5686,586.2745,128501.0,0.0
2023-01-05,587.2549,591.1765,585.2941,591.1765,145976.0,0.0
2023-01-06,590.1961,600.0,587.2549,599.0196,189858.0,0.0
2023-01-09,610.7843,617.647,604.902,617.647,409616.0,0.0
2023-01-10,619.6078,624.5098,615.6863,624.5098,257327.0,0.0
2023-01-11,624.5098,625.4902,608.8235,608.8235,291954.0,0.0
2023-01-12,607.8431,612.7451,604.902,607.8431,149976.0,0.0
2023-01-13,607.8431,618.6274,602.9412,611.7647,142313.0,0.0
2023-01-16,613.7255,618.6274,609.8039,614.7059,183969.0,0.0
2023-01-17,612.7451,620.5883,609.8039,613.7255,220272.0,0.0
2023-01-30,642.1569,650.9804,624.5098,648.0392,974734.0,0.0
2023-01-31,638.2353,647.0588,635.2941,643.1373,551143.0,0.0
2023-02-01,617.647,652.9412,613.7255,650.0,632766.0,0.0
2023-02-02,651.9608,651.9608,635.2941,642.1569,278819.0,0.0
2023-02-03,633.3333,645.098,633.3333,644.1177,153158.0,0.0
2023-02-06,639.2157,647.0588,633.3333,634.3137,195824.0,0.0
2023-02-07,637.2549,639.2157,622.549,623.5294,187632.0,0.0
2023-02-08,625.4902,629.4117,622.549,629.4117,137132.0,0.0
2023-02-09,620.5883,624.5098,619.6078,623.5294,93126.0,0.0
2023-02-10,620.5883,620.5883,609.8039,610.7843,218295.0,0.0
2023-02-13,607.8431,617.647,607.8431,611.7647,106109.0,0.0
2023-02-14,616.6667,619.6078,614.7059,616.6667,92804.0,0.0
2023-02-15,624.5098,625.4902,607.8431,610.7843,170960.0,0.0
2023-02-16,615.6863,616.6667,610.7843,610.7843,92840.0,0.0
2023-02-17,605.8823,617.647,605.8823,617.647,130533.0,0.0
2023-02-20,612.7451,617.647,608.8235,616.6667,132606.0,0.0
2023-02-21,616.6667,616.6667,608.8235,608.8235,105048.0,0.0
2023-02-22,605.8823,605.8823,599.0196,600.0,180608.0,0.0
2023-02-23,600.0,609.8039,598.0392,605.8823,361080.0,0.0
2023-02-24,609.8039,609.8039,599.0196,604.902,874125.0,0.0
2023-03-01,607.8431,616.6667,600.0,600.0,293760.0,0.0
2023-03-02,600.9804,604.902,594.1177,597.0588,181570.0,0.0
2023-03-03,598.0392,603.9216,597.0588,598.0392,143922.0,0.0
2023-03-06,606.8627,613.7255,600.9804,610.7843,234582.0,0.0
2023-03-07,607.8431,616.6667,607.8431,615.6863,176417.0,0.0
2023-03-08,609.8039,613.7255,603.9216,605.8823,239921.0,0.0
2023-03-09,605.8823,609.8039,600.9804,603.9216,154145.0,0.0
2023-03-10,597.0588,599.0196,589.2157,589.2157,429396.0,0.0
2023-03-13,594.1177,600.9804,584.3137,599.0196,255718.0,0.0
2023-03-14,590.1961,600.0,590.1961,593.1373,312104.0,0.0
2023-03-15,591.1765,596.0784,586.2745,587.2549,214307.0,0.0
2023-03-16,586.2745,588.2353,581.3726,583.3333,158421.0,0.0
2023-03-17,584.3137,590.1961,583.3333,583.3333,595645.0,0.0
2023-03-20,591.1765,591.1765,581.3726,581.3726,67626.0,0.0
2023-03-21,589.2157,590.1961,585.2941,587.2549,64248.0,0.0
2023-03-22,593.1373,602.9412,593.1373,600.0,258347.0,0.0
2023-03-23,601.9608,609.8039,598.0392,609.8039,318327.0,0.0
2023-03-24,612.7451,613.7255,603.9216,613.7255,225451.0,0.0
2023-03-27,612.7451,617.647,609.8039,617.647,165273.0,0.0
2023-03-28,612.7451,621.5686,612.7451,617.647,117264.0,0.0
2023-03-29,612.7451,622.549,612.7451,620.5883,172412.0,0.0
2023-03-30,625.4902,625.4902,612.7451,616.6667,222353.0,0.0
2023-03-31,621.5686,637.2549,621.5686,629.4117,375417.0,0.0
2023-04-06,629.4117,630.3922,617.647,619.6078,177587.0,0.0
2023-04-07,625.4902,625.4902,623.5294,624.5098,24477.0,0.0
2023-04-10,624.5098,630.3922,624.5098,627.451,53056.0,0.0
2023-04-11,627.451,636.2745,626.4706,635.2941,184613.0,0.0
2023-04-12,641.1765,641.1765,635.2941,640.1961,123083.0,0.0
2023-04-13,635.2941,639.2157,629.4117,633.3333,109228.0,0.0
2023-04-14,636.2745,647.0588,635.2941,647.0588,165427.0,0.0
2023-04-17,638.2353,651.9608,638.2353,651.9608,145901.0,0.0
2023-04-18,645.098,652.9412,645.098,647.0588,69305.0,0.0
2023-04-19,649.0196,654.902,643.1373,649.0196,128779.0,0.0
2023-04-20,642.1569,642.1569,627.451,627.451,105049.0,0.0
2023-04-21,634.3137,634.3137,626.4706,629.4117,96921.0,0.0
2023-04-24,629.4117,635.2941,629.4117,635.2941,53310.0,0.0
2023-04-25,636.2745,638.2353,618.6274,627.451,139754.0,0.0
2023-04-26,631.3726,650.0,631.3726,647.0588,294998.0,0.0
2023-04-27,642.1569,645.098,632.353,638.2353,249851.0,0.0
2023-04-28,647.0588,648.0392,634.3137,648.0392,165240.0,0.0
2023-05-02,639.2157,648.0392,639.2157,646.0784,114273.0,0.0
2023-05-03,651.9608,651.9608,640.1961,645.098,82603.0,0.0
2023-05-04,647.0588,649.0196,641.1765,647.0588,67304.0,0.0
2023-05-05,651.9608,651.9608,645.098,651.9608,64471.0,0.0
2023-05-08,654.902,666.6667,654.902,664.7059,241163.0,0.0
2023-05-09,659.8039,663.7255,655.8823,663.7255,93799.0,0.0
2023-05-10,669.6078,670.5883,648.0392,657.8431,152993.0,0.0
2023-05-11,664.7059,665.6863,659.8039,659.8039,137718.0,0.0
2023-05-12,664.7059,705.8823,664.7059,686.2745,470871.0,0.0
2023-05-15,686.2745,699.0196,681.3726,691.1765,264330.0,0.0
2023-05-16,703.9216,732.353,702.9412,725.4902,570430.0,0.0
2023-05-17,737.2549,798.0392,734.3137,798.0392,902219.0,0.0
2023-05-18,811.7647,852.9412,803.9216,848.0392,1389306.0,0.0
2023-05-19,867.647,867.647,824.5098,833.3333,1055200.0,0.0
2023-05-22,828.4314,832.353,803.9216,820.5883,465355.0,0.0
2023-05-23,816.6667,828.4314,806.8627,812.7451,440758.0,0.0
2023-05-24,818.6274,820.5883,788.2353,813.7255,543617.0,0.0
2023-05-25,805.8823,808.8235,793.1373,796.0784,363850.0,0.0
2023-05-26,784.3137,786.2745,768.6274,768.6274,516421.0,0.0
2023-05-29,766.6667,772.549,754.902,758.8235,441362.0,0.0
2023-05-30,772.549,816.6667,768.6274,792.1569,1082358.0,0.0
2023-05-31,800.9804,804.902,776.4706,789.2157,1837357.0,0.0
2023-06-01,782.353,811.7647,775.4902,792.1569,499937.0,0.0
2023-06-02,799.0196,826.4706,793.1373,815.6863,598237.0,0.0
2023-06-05,822.549,838.2353,811.7647,812.7451,416394.0,0.0
2023-06-06,810.7843,835.2941,810.7843,831.3726,412124.0,0.0
2023-06-07,825.4902,852.9412,825.4902,844.1177,418328.0,0.0
2023-06-08,841.1765,850.9804,801.9608,807.8431,320573.0,0.0
2023-06-09,812.7451,831.3726,801.9608,811.7647,410300.0,0.0
2023-06-12,822.549,822.549,797.0588,797.0588,176437.0,0.0
2023-06-13,804.902,811.7647,798.0392,803.9216,289850.0,0.0
2023-06-14,812.7451,813.7255,801.9608,806.8627,160130.0,0.0
2023-06-15,812.7451,814.7059,799.0196,814.7059,134864.0,0.0
2023-06-16,814.7059,819.6078,803.9216,813.7255,416280.0,0.0
2023-06-19,807.8431,822.549,800.9804,822.549,186802.0,0.0
2023-06-20,825.4902,831.3726,800.9804,808.8235,204997.0,0.0
2023-06-21,799.0196,814.7059,799.0196,807.8431,214226.0,0.0
2023-06-26,800.0,811.7647,787.2549,794.1177,273507.0,0.0
2023-06-27,790.1961,801.9608,789.2157,797.0588,109104.0,0.0
2023-06-28,797.0588,808.8235,794.1177,797.0588,145913.0,0.0
2023-06-29,810.7843,821.5686,800.9804,810.7843,341828.0,0.0
2023-06-30,804.902,816.6667,798.0392,798.0392,296815.0,0.0
2023-07-03,799.0196,807.8431,797.0588,806.8627,101147.0,0.0
2023-07-04,813.7255,813.7255,788.2353,806.8627,269273.0,0.0
2023-07-05,796.0784,802.9412,788.2353,788.2353,213409.0,0.0
2023-07-06,779.4117,792.1569,769.6078,773.5294,482476.0,0.0
2023-07-07,761.7647,761.7647,748.0392,753.9216,455006.0,0.0
2023-07-10,769.6078,774.5098,754.902,761.7647,299067.0,0.0
2023-07-11,770.5883,771.5686,758.8235,761.7647,145946.0,0.0
2023-07-12,754.902,762.7451,754.902,760.7843,145861.0,0.0
2023-07-13,771.5686,782.353,769.6078,774.5098,194892.0,0.0
2023-07-14,783.3333,799.0196,778.4314,790.1961,327405.0,0.0
2023-07-17,794.1177,794.1177,774.5098,774.5098,121489.0,0.0
2023-07-18,767.647,769.6078,755.8823,760.7843,485477.0,0.0
2023-07-19,755.8823,764.7059,751.9608,751.9608,177604.0,0.0
2023-07-20,764.7059,771.5686,758.8235,760.7843,159105.0,0.0
2023-07-21,771.5686,771.5686,752.9412,756.8627,218364.0,0.0
2023-07-24,753.9216,753.9216,737.2549,742.1569,204006.0,0.0
2023-07-25,758.8235,762.7451,748.0392,758.8235,128852.0,0.0
2023-07-26,753.9216,763.7255,753.9216,759.8039,76842.0,0.0
2023-07-27,766.6667,766.6667,756.8627,757.8431,120327.0,0.0
2023-07-28,751.9608,753.9216,745.098,746.0784,159411.0,0.0
2023-07-31,754.902,754.902,740.1961,743.1373,160147.0,0.0
2023-08-01,743.1373,754.902,743.1373,754.902,348830.0,0.0
2023-08-02,745.098,745.098,721.5686,723.5294,597887.0,0.0
2023-08-04,722.0,729.0,714.0,719.0,258522.0,2.0
2023-08-07,717.0,738.0,717.0,729.0,184997.0,0.0
2023-08-08,731.0,734.0,712.0,712.0,242923.0,0.0
2023-08-09,712.0,722.0,712.0,716.0,96007.0,0.0
2023-08-10,725.0,725.0,700.0,705.0,212011.0,0.0
2023-08-11,730.0,750.0,723.0,723.0,309005.0,0.0
2023-08-14,723.0,723.0,699.0,705.0,255058.0,0.0
2023-08-15,706.0,711.0,701.0,704.0,320038.0,0.0
2023-08-16,700.0,709.0,699.0,704.0,186012.0,0.0
2023-08-17,692.0,700.0,673.0,698.0,472940.0,0.0
2023-08-18,697.0,697.0,687.0,692.0,260025.0,0.0
2023-08-21,705.0,705.0,691.0,692.0,115056.0,0.0
2023-08-22,703.0,703.0,689.0,689.0,109991.0,0.0
2023-08-23,685.0,694.0,684.0,686.0,188184.0,0.0
2023-08-24,681.0,694.0,681.0,692.0,111992.0,0.0
2023-08-25,692.0,696.0,688.0,690.0,198065.0,0.0
2023-08-28,693.0,693.0,688.0,690.0,81017.0,0.0
2023-08-29,690.0,698.0,680.0,695.0,125972.0,0.0
2023-08-30,705.0,705.0,692.0,698.0,209129.0,0.0
2023-08-31,694.0,695.0,679.0,679.0,885147.0,0.0
2023-09-01,676.0,695.0,676.0,691.0,192121.0,0.0
2023-09-04,687.0,696.0,685.0,686.0,116246.0,0.0
2023-09-05,692.0,703.0,690.0,698.0,218326.0,0.0
2023-09-06,694.0,697.0,683.0,683.0,345103.0,0.0
2023-09-07,685.0,689.0,672.0,672.0,287369.0,0.0
2023-09-08,676.0,676.0,665.0,666.0,169421.0,0.0
2023-09-11,665.0,672.0,659.0,659.0,206528.0,0.0
2023-09-12,669.0,685.0,668.0,682.0,295145.0,0.0
2023-09-13,682.0,689.0,670.0,673.0,301135.0,0.0
2023-09-14,677.0,690.0,677.0,690.0,252983.0,0.0
2023-09-15,691.0,691.0,682.0,683.0,511020.0,0.0
2023-09-18,675.0,687.0,675.0,682.0,62062.0,0.0
2023-09-19,689.0,689.0,678.0,678.0,87969.0,0.0
2023-09-20,675.0,677.0,670.0,670.0,127421.0,0.0
2023-09-21,670.0,670.0,650.0,652.0,596192.0,0.0
2023-09-22,654.0,654.0,649.0,653.0,215025.0,0.0
2023-09-25,661.0,667.0,657.0,665.0,95060.0,0.0
2023-09-26,663.0,666.0,652.0,653.0,226989.0,0.0
2023-09-27,653.0,655.0,648.0,649.0,233974.0,0.0
2023-09-28,652.0,660.0,651.0,655.0,140060.0,0.0
2023-10-02,655.0,660.0,651.0,651.0,143035.0,0.0
2023-10-03,640.0,648.0,634.0,640.0,237982.0,0.0
2023-10-04,630.0,640.0,620.0,621.0,525324.0,0.0
2023-10-05,628.0,640.0,628.0,635.0,248263.0,0.0
2023-10-06,636.0,639.0,625.0,628.0,230170.0,0.0
2023-10-11,645.0,657.0,634.0,654.0,586954.0,0.0
2023-10-12,653.0,657.0,644.0,652.0,369982.0,0.0
2023-10-13,648.0,657.0,647.0,649.0,184113.0,0.0
2023-10-16,649.0,649.0,641.0,645.0,164093.0,0.0
2023-10-17,651.0,651.0,640.0,643.0,161945.0,0.0
2023-10-18,650.0,650.0,635.0,635.0,171061.0,0.0
2023-10-19,631.0,636.0,627.0,628.0,195037.0,0.0
2023-10-20,620.0,622.0,606.0,618.0,482997.0,0.0
2023-10-23,614.0,620.0,610.0,617.0,175111.0,0.0
2023-10-24,615.0,619.0,607.0,613.0,130988.0,0.0
2023-10-25,612.0,617.0,610.0,611.0,68052.0,0.0
2023-10-26,605.0,610.0,602.0,602.0,330007.0,0.0
2023-10-27,606.0,613.0,606.0,607.0,92958.0,0.0
2023-10-30,609.0,615.0,603.0,604.0,270033.0,0.0
2023-10-31,605.0,610.0,602.0,603.0,241988.0,0.0
2023-11-01,608.0,608.0,600.0,601.0,106030.0,0.0
2023-11-02,611.0,626.0,611.0,617.0,161111.0,0.0
2023-11-03,623.0,630.0,620.0,630.0,153092.0,0.0
2023-11-06,639.0,654.0,630.0,646.0,311993.0,0.0
2023-11-07,644.0,646.0,638.0,643.0,158989.0,0.0
2023-11-08,645.0,646.0,636.0,646.0,128106.0,0.0
2023-11-09,649.0,649.0,641.0,645.0,77015.0,0.0
2023-11-10,636.0,638.0,635.0,636.0,90986.0,0.0
2023-11-13,647.0,647.0,631.0,641.0,144227.0,0.0
2023-11-14,647.0,651.0,644.0,649.0,218984.0,0.0
2023-11-15,657.0,684.0,657.0,681.0,764171.0,0.0
2023-11-16,682.0,694.0,676.0,688.0,419122.0,0.0
2023-11-17,685.0,696.0,683.0,683.0,350199.0,0.0
2023-11-20,685.0,688.0,666.0,686.0,277062.0,0.0
2023-11-21,680.0,710.0,677.0,709.0,753081.0,0.0
2023-11-22,709.0,709.0,699.0,709.0,194078.0,0.0
2023-11-23,703.0,705.0,695.0,696.0,142169.0,0.0
2023-11-24,695.0,700.0,692.0,694.0,170001.0,0.0
2023-11-27,692.0,708.0,683.0,683.0,266309.0,0.0
2023-11-28,685.0,709.0,685.0,705.0,345198.0,0.0
2023-11-29,708.0,710.0,696.0,696.0,497027.0,0.0
2023-11-30,697.0,710.0,696.0,710.0,933546.0,0.0
2023-12-01,700.0,701.0,693.0,695.0,239432.0,0.0
2023-12-04,695.0,706.0,695.0,702.0,179137.0,0.0
2023-12-05,694.0,697.0,691.0,692.0,189574.0,0.0
2023-12-06,701.0,708.0,695.0,700.0,162020.0,0.0
2023-12-07,695.0,698.0,693.0,694.0,90033.0,0.0
2023-12-08,697.0,707.0,697.0,701.0,200084.0,0.0
2023-12-11,703.0,705.0,696.0,705.0,111658.0,0.0
2023-12-12,711.0,721.0,699.0,704.0,263185.0,0.0
2023-12-13,700.0,704.0,687.0,689.0,263049.0,0.0
2023-12-14,697.0,713.0,696.0,706.0,421226.0,0.0
2023-12-15,708.0,714.0,705.0,713.0,522193.0,0.0
2023-12-18,718.0,719.0,702.0,706.0,161255.0,0.0
2023-12-19,699.0,705.0,695.0,700.0,212025.0,0.0
2023-12-20,695.0,698.0,691.0,691.0,271007.0,0.0
2023-12-21,679.0,687.0,679.0,685.0,211327.0,0.0
2023-12-22,683.0,688.0,681.0,687.0,144893.0,0.0
2023-12-25,694.0,699.0,689.0,698.0,67026.0,0.0
2023-12-26,701.0,705.0,695.0,701.0,130094.0,0.0
2023-12-27,700.0,706.0,696.0,704.0,237815.0,0.0
2023-12-28,697.0,711.0,697.0,711.0,262874.0,0.0
2023-12-29,710.0,714.0,703.0,709.0,185206.0,0.0
2024-01-02,708.0,712.0,695.0,702.0,238108.0,0.0
2024-01-03,691.0,695.0,678.0,685.0,377014.0,0.0
2024-01-04,682.0,686.0,675.0,678.0,298032.0,0.0
2024-01-05,674.0,683.0,674.0,675.0,110068.0,0.0
2024-01-08,680.0,694.0,680.0,684.0,149562.0,0.0
2024-01-09,688.0,691.0,683.0,683.0,111017.0,0.0
2024-01-10,687.0,687.0,676.0,676.0,93003.0,0.0
2024-01-11,676.0,683.0,676.0,677.0,89020.0,0.0
2024-01-12,673.0,683.0,671.0,675.0,112101.0,0.0
2024-01-15,676.0,678.0,671.0,672.0,125711.0,0.0
2024-01-16,665.0,670.0,643.0,643.0,756114.0,0.0
2024-01-17,636.0,639.0,623.0,624.0,837229.0,0.0
2024-01-18,632.0,633.0,620.0,620.0,365109.0,0.0
2024-01-19,618.0,630.0,616.0,622.0,417042.0,0.0
2024-01-22,622.0,632.0,622.0,627.0,267018.0,0.0
2024-01-23,631.0,646.0,630.0,638.0,297712.0,0.0
2024-01-24,643.0,644.0,638.0,641.0,223020.0,0.0
2024-01-25,640.0,643.0,633.0,635.0,188065.0,0.0
2024-01-26,632.0,642.0,632.0,640.0,121050.0,0.0
2024-01-29,639.0,648.0,639.0,647.0,166213.0,0.0
2024-01-30,644.0,646.0,636.0,637.0,241421.0,0.0
2024-01-31,633.0,639.0,633.0,634.0,214324.0,0.0
2024-02-01,643.0,645.0,637.0,644.0,229100.0,0.0
2024-02-02,644.0,646.0,641.0,643.0,100301.0,0.0
2024-02-05,635.0,642.0,631.0,637.0,279109.0,0.0
2024-02-15,633.0,636.0,628.0,634.0,391500.0,0.0
2024-02-16,645.0,653.0,645.0,650.0,206008.0,0.0
2024-02-19,659.0,664.0,652.0,657.0,265061.0,0.0
2024-02-20,656.0,657.0,650.0,655.0,150150.0,0.0
2024-02-21,656.0,656.0,648.0,654.0,199485.0,0.0
2024-02-22,658.0,661.0,654.0,660.0,146169.0,0.0
2024-02-23,657.0,659.0,650.0,650.0,160151.0,0.0
2024-02-26,647.0,655.0,647.0,655.0,182194.0,0.0
2024-02-27,653.0,658.0,652.0,656.0,325051.0,0.0
2024-02-29,653.0,671.0,653.0,671.0,622213.0,0.0
2024-03-01,664.0,669.0,660.0,663.0,235546.0,0.0
2024-03-04,659.0,662.0,658.0,659.0,171714.0,0.0
2024-03-05,654.0,664.0,654.0,657.0,203153.0,0.0
2024-03-06,664.0,665.0,656.0,660.0,208248.0,0.0
2024-03-07,653.0,658.0,651.0,652.0,259157.0,0.0
2024-03-08,648.0,661.0,645.0,656.0,254099.0,0.0
2024-03-11,660.0,676.0,660.0,666.0,290377.0,0.0
2024-03-12,666.0,670.0,662.0,669.0,191062.0,0.0
2024-03-13,661.0,666.0,654.0,657.0,326040.0,0.0
2024-03-14,662.0,667.0,650.0,665.0,382066.0,0.0
2024-03-15,660.0,660.0,650.0,656.0,749470.0,0.0
2024-03-18,655.0,656.0,644.0,644.0,258037.0,0.0
2024-03-19,636.0,640.0,632.0,635.0,371400.0,0.0
2024-03-20,630.0,640.0,630.0,634.0,503117.0,0.0
2024-03-21,635.0,647.0,635.0,643.0,175129.0,0.0
2024-03-22,638.0,644.0,638.0,644.0,252504.0,0.0
2024-03-25,640.0,650.0,639.0,650.0,102567.0,0.0
2024-03-26,653.0,656.0,645.0,647.0,254065.0,0.0
2024-03-27,649.0,651.0,643.0,644.0,110030.0,0.0
2024-03-28,639.0,649.0,636.0,647.0,209713.0,0.0
2024-03-29,645.0,648.0,645.0,646.0,25000.0,0.0
2024-04-01,648.0,660.0,643.0,656.0,293479.0,0.0
2024-04-02,655.0,655.0,645.0,647.0,193152.0,0.0
2024-04-03,642.0,645.0,638.0,638.0,280000.0,0.0
2024-04-08,634.0,644.0,634.0,639.0,147117.0,0.0
2024-04-09,644.0,655.0,642.0,649.0,231437.0,0.0
2024-04-10,647.0,655.0,647.0,648.0,76175.0,0.0
2024-04-11,648.0,648.0,639.0,642.0,191085.0,0.0
2024-04-12,638.0,640.0,635.0,638.0,317072.0,0.0
2024-04-15,640.0,641.0,634.0,635.0,225100.0,0.0
2024-04-16,632.0,636.0,613.0,613.0,590284.0,0.0
2024-04-17,610.0,611.0,603.0,606.0,461429.0,0.0
2024-04-18,602.0,611.0,598.0,606.0,471131.0,0.0
2024-04-19,599.0,602.0,585.0,601.0,819142.0,0.0
2024-04-22,607.0,611.0,600.0,611.0,261036.0,0.0
2024-04-23,610.0,616.0,606.0,610.0,271026.0,0.0
2024-04-24,614.0,617.0,610.0,612.0,171004.0,0.0
2024-04-25,602.0,609.0,601.0,609.0,238012.0,0.0
2024-04-26,604.0,611.0,604.0,609.0,156001.0,0.0
2024-04-29,614.0,630.0,614.0,622.0,489081.0,0.0
2024-04-30,618.0,625.0,617.0,620.0,320215.0,0.0
2024-05-02,622.0,624.0,616.0,620.0,233006.0,0.0
2024-05-03,623.0,630.0,623.0,623.0,225160.0,0.0
2024-05-06,627.0,639.0,625.0,625.0,301140.0,0.0
2024-05-07,634.0,634.0,618.0,618.0,198096.0,0.0
2024-05-08,620.0,620.0,614.0,618.0,210051.0,0.0
2024-05-09,619.0,619.0,609.0,609.0,226110.0,0.0
2024-05-10,609.0,615.0,607.0,612.0,127060.0,0.0
2024-05-13,613.0,622.0,613.0,619.0,130217.0,0.0
2024-05-14,628.0,638.0,621.0,621.0,307124.0,0.0
2024-05-15,630.0,633.0,621.0,623.0,327019.0,0.0
2024-05-16,631.0,635.0,627.0,632.0,424166.0,0.0
2024-05-17,630.0,632.0,623.0,624.0,211025.0,0.0
2024-05-20,632.0,633.0,624.0,627.0,185060.0,0.0
2024-05-21,631.0,631.0,615.0,615.0,320205.0,0.0
2024-05-22,621.0,622.0,613.0,614.0,255414.0,0.0
2024-05-23,607.0,610.0,606.0,606.0,314129.0,0.0
2024-05-24,609.0,611.0,603.0,605.0,214149.0,0.0
2024-05-27,606.0,611.0,604.0,611.0,222075.0,0.0
2024-05-28,613.0,614.0,608.0,608.0,277234.0,0.0
2024-05-29,608.0,609.0,605.0,605.0,347214.0,0.0
2024-05-30,601.0,605.0,599.0,600.0,370311.0,0.0
2024-05-31,601.0,614.0,601.0,614.0,1475188.0,0.0
2024-06-03,609.0,621.0,608.0,616.0,353066.0,0.0
2024-06-04,610.0,616.0,609.0,610.0,380111.0,0.0
2024-06-05,611.0,624.0,611.0,622.0,454501.0,0.0
2024-06-06,621.0,630.0,621.0,622.0,392143.0,0.0
2024-06-07,626.0,631.0,626.0,629.0,301071.0,0.0
2024-06-11,629.0,635.0,626.0,626.0,385119.0,0.0
2024-06-12,626.0,633.0,626.0,626.0,252138.0,0.0
2024-06-13,634.0,634.0,627.0,630.0,222160.0,0.0
2024-06-14,630.0,635.0,628.0,635.0,151125.0,0.0
2024-06-17,635.0,637.0,632.0,633.0,204071.0,0.0
2024-06-18,633.0,638.0,632.0,636.0,361032.0,0.0
2024-06-19,636.0,641.0,634.0,640.0,983894.0,0.0
2024-06-20,624.0,640.0,621.0,640.0,546328.0,20.0
2024-06-21,633.0,651.0,633.0,641.0,1165431.0,0.0
2024-06-24,639.0,639.0,625.0,635.0,365004.0,0.0
2024-06-25,643.0,643.0,629.0,642.0,349040.0,0.0
2024-06-26,635.0,638.0,617.0,617.0,514523.0,0.0
2024-06-27,610.0,615.0,608.0,613.0,561111.0,0.0
2024-06-28,613.0,624.0,611.0,622.0,472112.0,0.0
2024-07-01,621.0,623.0,612.0,612.0,300107.0,0.0
2024-07-02,607.0,618.0,606.0,606.0,483500.0,0.0
2024-07-03,614.0,614.0,607.0,613.0,282411.0,0.0
2024-07-04,617.0,620.0,614.0,618.0,287029.0,0.0
2024-07-05,621.0,621.0,616.0,620.0,61031.0,0.0
2024-07-08,621.0,621.0,614.0,617.0,151264.0,0.0
2024-07-09,615.0,621.0,611.0,621.0,110705.0,0.0
2024-07-10,622.0,622.0,616.0,619.0,100775.0,0.0
2024-07-11,620.0,625.0,616.0,625.0,249065.0,0.0
2024-07-12,625.0,627.0,620.0,625.0,202133.0,0.0
2024-07-15,628.0,628.0,620.0,620.0,156123.0,0.0
2024-07-16,619.0,643.0,619.0,643.0,476003.0,0.0
2024-07-17,643.0,643.0,624.0,624.0,214130.0,0.0
2024-07-18,627.0,641.0,622.0,640.0,347150.0,0.0
2024-07-19,633.0,634.0,618.0,630.0,396081.0,0.0
2024-07-22,630.0,639.0,621.0,639.0,292641.0,0.0
2024-07-23,639.0,645.0,637.0,644.0,219107.0,0.0
2024-07-26,649.0,649.0,641.0,648.0,380334.0,0.0
2024-07-29,650.0,666.0,649.0,655.0,646261.0,0.0
2024-07-30,656.0,656.0,641.0,649.0,260700.0,0.0
2024-07-31,649.0,653.0,643.0,647.0,203351.0,0.0
2024-08-01,655.0,662.0,649.0,654.0,476371.0,0.0
2024-08-02,645.0,653.0,639.0,653.0,277706.0,0.0
2024-08-05,639.0,650.0,605.0,618.0,495550.0,0.0
2024-08-06,639.0,639.0,600.0,607.0,699610.0,0.0
2024-08-07,600.0,612.0,598.0,610.0,475226.0,0.0
2024-08-08,597.0,611.0,597.0,600.0,464237.0,0.0
2024-08-09,603.0,617.0,599.0,601.0,610145.0,0.0
2024-08-12,609.0,615.0,606.0,608.0,146017.0,0.0
2024-08-13,616.0,616.0,608.0,611.0,133006.0,0.0
2024-08-14,620.0,648.0,619.0,646.0,659505.0,0.0
2024-08-15,649.0,655.0,629.0,633.0,295200.0,0.0
2024-08-16,646.0,658.0,646.0,650.0,432041.0,0.0
2024-08-19,651.0,651.0,644.0,646.0,107100.0,0.0
2024-08-20,650.0,652.0,631.0,637.0,200044.0,0.0
2024-08-21,637.0,643.0,631.0,641.0,236028.0,0.0
2024-08-22,640.0,641.0,633.0,635.0,120063.0,0.0
2024-08-23,637.0,648.0,635.0,648.0,256424.0,0.0
2024-08-26,649.0,657.0,647.0,652.0,267052.0,0.0
2024-08-27,646.0,652.0,642.0,652.0,136021.0,0.0
2024-08-28,655.0,655.0,642.0,647.0,111116.0,0.0
2024-08-29,647.0,655.0,637.0,651.0,238223.0,0.0
2024-08-30,649.0,660.0,648.0,660.0,920637.0,0.0
2024-09-02,649.0,658.0,647.0,658.0,182341.0,0.0
2024-09-03,653.0,657.0,650.0,651.0,155050.0,0.0
2024-09-04,625.0,628.0,610.0,610.0,751082.0,0.0
2024-09-05,615.0,623.0,614.0,616.0,221053.0,0.0
2024-09-06,616.0,622.0,608.0,621.0,193100.0,0.0
2024-09-09,604.0,620.0,604.0,620.0,372070.0,0.0
2024-09-10,616.0,621.0,613.0,618.0,122010.0,0.0
2024-09-11,620.0,621.0,615.0,616.0,104011.0,0.0
2024-09-12,628.0,637.0,619.0,636.0,338097.0,0.0
2024-09-13,631.0,640.0,631.0,635.0,108751.0,0.0
2024-09-16,635.0,643.0,635.0,642.0,78054.0,0.0
2024-09-18,646.0,650.0,639.0,650.0,190546.0,0.0
2024-09-19,650.0,660.0,642.0,660.0,349829.0,0.0
2024-09-20,660.0,667.0,659.0,663.0,472109.0,0.0
2024-09-23,670.0,682.0,669.0,679.0,458203.0,0.0
2024-09-24,679.0,683.0,671.0,682.0,229383.0,0.0
2024-09-25,685.0,694.0,683.0,691.0,512140.0,0.0
2024-09-26,697.0,704.0,697.0,703.0,360408.0,0.0
2024-09-27,705.0,715.0,703.0,713.0,458545.0,0.0
2024-09-30,716.0,718.0,708.0,709.0,311074.0,0.0
2024-10-01,709.0,709.0,685.0,695.0,183368.0,0.0
2024-10-04,675.0,691.0,669.0,669.0,433250.0,0.0
2024-10-07,671.0,679.0,660.0,671.0,390267.0,0.0
2024-10-08,654.0,665.0,651.0,656.0,493048.0,0.0
2024-10-09,650.0,657.0,642.0,642.0,355266.0,0.0
2024-10-11,658.0,658.0,644.0,644.0,208375.0,0.0
2024-10-14,647.0,652.0,640.0,650.0,227058.0,0.0
2024-10-15,655.0,666.0,649.0,657.0,343020.0,0.0
2024-10-16,652.0,658.0,645.0,651.0,449002.0,0.0
2024-10-17,650.0,658.0,649.0,652.0,161001.0,0.0
2024-10-18,663.0,670.0,655.0,666.0,283307.0,0.0
2024-10-21,677.0,677.0,660.0,661.0,196148.0,0.0
2024-10-22,669.0,669.0,654.0,667.0,163072.0,0.0
2024-10-23,664.0,664.0,656.0,659.0,195154.0,0.0
2024-10-24,658.0,660.0,650.0,650.0,226020.0,0.0
2024-10-25,659.0,665.0,657.0,661.0,151139.0,0.0
2024-10-28,669.0,669.0,658.0,666.0,101096.0,0.0
2024-10-29,660.0,661.0,642.0,645.0,432021.0,0.0
2024-10-30,657.0,657.0,642.0,649.0,333268.0,0.0
2024-11-01,642.0,643.0,632.0,638.0,334101.0,0.0
2024-11-04,639.0,647.0,639.0,647.0,163759.0,0.0
2024-11-05,647.0,653.0,643.0,651.0,182072.0,0.0
2024-11-06,646.0,649.0,640.0,640.0,192084.0,0.0
2024-11-07,634.0,649.0,634.0,649.0,149306.0,0.0
2024-11-08,652.0,652.0,645.0,647.0,151110.0,0.0
2024-11-11,642.0,646.0,634.0,639.0,210178.0,0.0
2024-11-12,631.0,634.0,620.0,623.0,505062.0,0.0
2024-11-13,617.0,625.0,615.0,619.0,357010.0,0.0
2024-11-14,618.0,629.0,615.0,627.0,226188.0,0.0
2024-11-15,629.0,636.0,626.0,629.0,159450.0,0.0
2024-11-18,635.0,639.0,629.0,639.0,266546.0,0.0
2024-11-19,637.0,648.0,631.0,642.0,215107.0,0.0
2024-11-20,642.0,642.0,642.0,642.0,189032.0,0.0
2024-11-21,630.0,635.0,626.0,626.0,260351.0,0.0
2024-11-22,629.0,642.0,629.0,635.0,178050.0,0.0
2024-11-25,643.0,647.0,637.0,638.0,560105.0,0.0
2024-11-26,635.0,642.0,631.0,640.0,130040.0,0.0
2024-11-27,635.0,638.0,622.0,622.0,222559.0,0.0
2024-11-28,622.0,629.0,620.0,623.0,302096.0,0.0
2024-11-29,615.0,620.0,604.0,614.0,430071.0,0.0
2024-12-02,623.0,624.0,614.0,614.0,201030.0,0.0
2024-12-03,624.0,628.0,619.0,626.0,327209.0,0.0
2024-12-04,631.0,631.0,616.0,618.0,219115.0,0.0
2024-12-05,620.0,622.0,615.0,616.0,181033.0,0.0
2024-12-06,618.0,623.0,614.0,615.0,180606.0,0.0
2024-12-09,620.0,620.0,610.0,610.0,154228.0,0.0
2024-12-10,611.0,616.0,611.0,611.0,99055.0,0.0
2024-12-11,610.0,616.0,608.0,609.0,262157.0,0.0
2024-12-12,609.0,615.0,609.0,609.0,85040.0,0.0
2024-12-13,607.0,612.0,605.0,612.0,79050.0,0.0
2024-12-16,613.0,618.0,611.0,613.0,224106.0,0.0
2024-12-17,612.0,614.0,605.0,610.0,257136.0,0.0
2024-12-18,607.0,612.0,607.0,610.0,116008.0,0.0
2024-12-19,602.0,608.0,600.0,601.0,348051.0,0.0
2024-12-20,598.0,599.0,592.0,594.0,503300.0,0.0
2024-12-23,606.0,610.0,599.0,610.0,164100.0,0.0
2024-12-24,612.0,613.0,607.0,611.0,81126.0,0.0
2024-12-25,614.0,614.0,608.0,613.0,47187.0,0.0
2024-12-26,612.0,614.0,610.0,614.0,35065.0,0.0
2024-12-27,611.0,616.0,610.0,614.0,84010.0,0.0
2024-12-30,611.0,614.0,609.0,611.0,235071.0,0.0
2024-12-31,607.0,619.0,601.0,619.0,394104.0,0.0
2025-01-02,612.0,612.0,602.0,609.0,308021.0,0.0
2025-01-03,610.0,614.0,605.0,609.0,173207.0,0.0
2025-01-06,610.0,628.0,610.0,626.0,312020.0,0.0
2025-01-07,626.0,635.0,616.0,616.0,182896.0,0.0
2025-01-08,611.0,618.0,609.0,609.0,257432.0,0.0
2025-01-09,609.0,609.0,601.0,601.0,352500.0,0.0
2025-01-10,599.0,602.0,597.0,600.0,294008.0,0.0
2025-01-13,596.0,600.0,590.0,600.0,427016.0,0.0
2025-01-14,599.0,606.0,598.0,600.0,178106.0,0.0
2025-01-15,600.0,604.0,597.0,598.0,266010.0,0.0
2025-01-16,603.0,608.0,599.0,599.0,193002.0,0.0
2025-01-17,605.0,606.0,599.0,599.0,137003.0,0.0
2025-01-20,602.0,602.0,599.0,599.0,98018.0,0.0
2025-01-21,600.0,609.0,599.0,607.0,154061.0,0.0
2025-01-22,611.0,611.0,606.0,611.0,217048.0,0.0
2025-02-03,600.0,613.0,600.0,613.0,423122.0,0.0
2025-02-04,617.0,618.0,602.0,602.0,253500.0,0.0
2025-02-05,610.0,620.0,603.0,603.0,322019.0,0.0
2025-02-06,610.0,610.0,603.0,603.0,125201.0,0.0
2025-02-07,603.0,605.0,600.0,604.0,189024.0,0.0
2025-02-10,601.0,604.0,599.0,604.0,216010.0,0.0
2025-02-11,604.0,610.0,602.0,602.0,152351.0,0.0
2025-02-12,605.0,605.0,601.0,602.0,114006.0,0.0
2025-02-13,604.0,608.0,602.0,608.0,241001.0,0.0
2025-02-14,606.0,608.0,603.0,605.0,135011.0,0.0
2025-02-17,609.0,612.0,608.0,611.0,141069.0,0.0
2025-02-18,610.0,616.0,607.0,616.0,158050.0,0.0
2025-02-19,615.0,617.0,611.0,612.0,139008.0,0.0
2025-02-20,611.0,612.0,609.0,612.0,72145.0,0.0
2025-02-21,613.0,620.0,613.0,617.0,174329.0,0.0
2025-02-24,611.0,612.0,606.0,609.0,176308.0,0.0
2025-02-25,603.0,608.0,603.0,608.0,206001.0,0.0
2025-02-26,605.0,617.0,604.0,617.0,293024.0,0.0
2025-02-27,616.0,620.0,610.0,620.0,606058.0,0.0
2025-03-03,612.0,622.0,608.0,622.0,305496.0,0.0
2025-03-04,609.0,609.0,602.0,605.0,404512.0,0.0
2025-03-05,605.0,610.0,602.0,603.0,264102.0,0.0
2025-03-06,606.0,610.0,604.0,604.0,118000.0,0.0
2025-03-07,604.0,605.0,603.0,603.0,161167.0,0.0
2025-03-10,602.0,604.0,601.0,601.0,213050.0,0.0
2025-03-11,596.0,600.0,582.0,600.0,409000.0,0.0
2025-03-12,596.0,600.0,595.0,596.0,149006.0,0.0
2025-03-13,602.0,605.0,599.0,600.0,105512.0,0.0
2025-03-14,608.0,613.0,605.0,605.0,286000.0,0.0
2025-03-17,605.0,612.0,604.0,612.0,255037.0,0.0
2025-03-18,615.0,618.0,610.0,612.0,180023.0,0.0
2025-03-19,615.0,619.0,612.0,616.0,302037.0,0.0
2025-03-20,618.0,623.0,617.0,622.0,326168.0,0.0
2025-03-21,619.0,622.0,611.0,615.0,610280.0,0.0
2025-03-24,618.0,622.0,607.0,611.0,145005.0,0.0
2025-03-25,612.0,617.0,611.0,616.0,140185.0,0.0
2025-03-26,614.0,620.0,613.0,620.0,125031.0,0.0
2025-03-27,613.0,619.0,613.0,619.0,110004.0,0.0
2025-03-28,614.0,617.0,604.0,608.0,312262.0,0.0
2025-03-31,596.0,607.0,596.0,602.0,347042.0,0.0
2025-04-01,601.0,616.0,601.0,613.0,304132.0,0.0
2025-04-02,610.0,612.0,606.0,611.0,141107.0,0.0
2025-04-07,550.0,586.0,550.0,552.0,571926.0,0.0
2025-04-08,579.0,585.0,551.0,567.0,695221.0,0.0
2025-04-09,536.0,562.0,532.0,537.0,585349.0,0.0
2025-04-10,590.0,590.0,571.0,586.0,434668.0,0.0
2025-04-11,584.0,593.0,563.0,593.0,460331.0,0.0
2025-04-14,584.0,600.0,576.0,599.0,428016.0,0.0
2025-04-15,599.0,605.0,595.0,595.0,339258.0,0.0
2025-04-16,587.0,591.0,582.0,585.0,312019.0,0.0
2025-04-17,589.0,595.0,584.0,589.0,235003.0,0.0
2025-04-18,587.0,594.0,586.0,587.0,135748.0,0.0
2025-04-21,586.0,596.0,584.0,594.0,113191.0,0.0
2025-04-22,596.0,601.0,588.0,597.0,200093.0,0.0
2025-04-23,594.0,612.0,594.0,611.0,355186.0,0.0
2025-04-24,607.0,610.0,605.0,606.0,164021.0,0.0
2025-04-25,613.0,613.0,610.0,612.0,75105.0,0.0
2025-04-28,615.0,615.0,610.0,614.0,105112.0,0.0
2025-04-29,613.0,619.0,608.0,611.0,397078.0,0.0
2025-04-30,609.0,619.0,609.0,619.0,313183.0,0.0
2025-05-02,622.0,623.0,615.0,620.0,130715.0,0.0
2025-05-05,622.0,632.0,620.0,625.0,514102.0,0.0
2025-05-06,640.0,650.0,640.0,650.0,571771.0,0.0
2025-05-07,652.0,652.0,640.0,642.0,328209.0,0.0
2025-05-08,642.0,648.0,637.0,637.0,181038.0,0.0
2025-05-09,633.0,649.0,633.0,647.0,305218.0,0.0
2025-05-12,654.0,655.0,646.0,650.0,172005.0,0.0
2025-05-13,645.0,650.0,642.0,646.0,213920.0,0.0
2025-05-14,650.0,652.0,638.0,647.0,367389.0,0.0
2025-05-15,642.0,643.0,624.0,624.0,225157.0,0.0
2025-05-16,622.0,629.0,621.0,629.0,153046.0,0.0
2025-05-19,623.0,623.0,611.0,615.0,202022.0,0.0
2025-05-20,622.0,622.0,611.0,611.0,261200.0,0.0
2025-05-21,611.0,644.0,611.0,644.0,450248.0,0.0
2025-05-22,635.0,641.0,628.0,641.0,249119.0,0.0
2025-05-23,633.0,633.0,620.0,626.0,258034.0,0.0
2025-05-26,621.0,629.0,621.0,626.0,334003.0,0.0
2025-05-27,626.0,629.0,616.0,618.0,287300.0,0.0
2025-05-28,622.0,629.0,619.0,622.0,299074.0,0.0
2025-05-29,633.0,638.0,615.0,638.0,1547306.0,0.0
2025-06-02,627.0,627.0,606.0,611.0,522133.0,0.0
2025-06-03,613.0,614.0,600.0,600.0,396031.0,0.0
2025-06-04,603.0,604.0,592.0,592.0,531291.0,0.0
2025-06-05,592.0,594.0,585.0,589.0,296130.0,0.0
2025-06-06,589.0,592.0,587.0,588.0,176069.0,0.0
2025-06-09,594.0,594.0,587.0,588.0,155102.0,0.0
2025-06-10,591.0,598.0,589.0,591.0,301050.0,0.0
2025-06-11,588.0,591.0,585.0,588.0,280300.0,0.0
2025-06-12,590.0,590.0,585.0,585.0,152871.0,0.0
2025-06-13,580.0,587.0,576.0,583.0,392100.0,0.0
2025-06-16,585.0,589.0,581.0,584.0,244004.0,0.0
2025-06-17,589.0,589.0,578.0,578.0,432000.0,0.0
2025-06-18,573.0,578.0,573.0,575.0,294485.0,0.0
2025-06-19,572.0,572.0,561.0,562.0,446259.0,0.0
2025-06-20,560.0,562.0,541.0,545.0,4125229.0,0.0
2025-06-23,539.0,546.0,535.0,537.0,568478.0,0.0
2025-06-24,552.0,557.0,547.0,555.0,439274.0,0.0
2025-06-25,559.0,562.0,557.0,560.0,235562.0,0.0
2025-06-26,568.0,571.0,563.0,567.0,369010.0,0.0
2025-06-27,571.0,575.0,566.0,573.0,414151.0,0.0
2025-06-30,573.0,574.0,564.0,564.0,407051.0,0.0
2025-07-01,573.0,588.0,567.0,584.0,976156.0,0.0
2025-07-02,568.0,569.0,560.0,565.0,291159.0,20.0
2025-07-03,565.0,572.0,565.0,572.0,158100.0,0.0
2025-07-04,572.0,572.0,562.0,565.0,174010.0,0.0
2025-07-07,562.0,570.0,557.0,565.0,134002.0,0.0
2025-07-08,565.0,565.0,559.0,561.0,196004.0,0.0
2025-07-09,563.0,564.0,558.0,562.0,291083.0,0.0
2025-07-10,557.0,561.0,551.0,560.0,332015.0,0.0
2025-07-11,558.0,564.0,556.0,560.0,270008.0,0.0
2025-07-14,564.0,564.0,553.0,559.0,172008.0,0.0
2025-07-15,554.0,558.0,551.0,552.0,353187.0,0.0
2025-07-16,549.0,557.0,548.0,550.0,185018.0,0.0
2025-07-17,550.0,553.0,547.0,549.0,124059.0,0.0
2025-07-18,555.0,555.0,549.0,555.0,142298.0,0.0
2025-07-21,553.0,555.0,548.0,552.0,211004.0,0.0
2025-07-22,549.0,550.0,542.0,546.0,203114.0,0.0
2025-07-23,554.0,569.0,551.0,568.0,379204.0,0.0
2025-07-24,570.0,574.0,557.0,560.0,165104.0,0.0
2025-07-25,555.0,566.0,555.0,563.0,156147.0,0.0
2025-07-28,564.0,567.0,559.0,564.0,155120.0,0.0
2025-07-29,564.0,564.0,555.0,558.0,138410.0,0.0
2025-07-30,559.0,568.0,557.0,564.0,215356.0,0.0
2025-07-31,557.0,560.0,552.0,552.0,323154.0,0.0
2025-08-04,540.0,551.0,539.0,550.0,184012.0,0.0
2025-08-05,546.0,552.0,545.0,551.0,183033.0,0.0
2025-08-06,549.0,556.0,547.0,554.0,189034.0,0.0
2025-08-07,555.0,563.0,555.0,562.0,267000.0,0.0
2025-08-08,560.0,564.0,552.0,553.0,99014.0,0.0
2025-08-11,551.0,553.0,547.0,553.0,71054.0,0.0
2025-08-12,549.0,558.0,549.0,556.0,147219.0,0.0
2025-08-13,561.0,564.0,556.0,561.0,145035.0,0.0
2025-08-14,564.0,568.0,560.0,560.0,140167.0,0.0
2025-08-15,560.0,560.0,555.0,558.0,82041.0,0.0
2025-08-18,555.0,561.0,555.0,561.0,138030.0,0.0
2025-08-19,556.0,561.0,546.0,561.0,256057.0,0.0
2025-08-20,561.0,562.0,555.0,559.0,220040.0,0.0
2025-08-21,562.0,570.0,562.0,569.0,212241.0,0.0
2025-08-22,565.0,567.0,561.0,564.0,130026.0,0.0
2025-08-25,564.0,573.0,564.0,572.0,122121.0,0.0
2025-08-26,566.0,571.0,561.0,561.0,831163.0,0.0
2025-08-27,559.0,562.0,553.0,553.0,321253.0,0.0
2025-08-28,550.0,561.0,550.0,557.0,233032.0,0.0
2025-08-29,557.0,557.0,551.0,551.0,137057.0,0.0
2025-09-01,557.0,558.0,549.0,555.0,118004.0,0.0
2025-09-02,551.0,557.0,551.0,556.0,90002.0,0.0
2025-09-03,551.0,557.0,551.0,555.0,114054.0,0.0
2025-09-04,553.0,560.0,553.0,559.0,142138.0,0.0
2025-09-05,559.0,562.0,558.0,562.0,123029.0,0.0
2025-09-08,564.0,574.0,564.0,571.0,270317.0,0.0
2025-09-09,575.0,577.0,568.0,575.0,282232.0,0.0
2025-09-10,573.0,580.0,565.0,579.0,314005.0,0.0
2025-09-11,575.0,581.0,573.0,579.0,211117.0,0.0
2025-09-12,581.0,605.0,581.0,604.0,617080.0,0.0
2025-09-15,604.0,607.0,599.0,599.0,354634.0,0.0
2025-09-16,600.0,602.0,589.0,592.0,191070.0,0.0
2025-09-17,588.0,596.0,588.0,590.0,142055.0,0.0
2025-09-18,592.0,592.0,588.0,591.0,189008.0,0.0
2025-09-19,586.0,590.0,578.0,578.0,897482.0,0.0
2025-09-22,580.0,587.0,580.0,587.0,114020.0,0.0
2025-09-23,581.0,585.0,578.0,582.0,119200.0,0.0
2025-09-24,581.0,595.0,580.0,593.0,234235.0,0.0
2025-09-25,595.0,598.0,590.0,596.0,209021.0,0.0
2025-09-26,591.0,593.0,585.0,588.0,246002.0,0.0
2025-09-30,598.0,598.0,586.0,593.0,282611.0,0.0
2025-10-01,593.0,596.0,584.0,584.0,138140.0,0.0
2025-10-02,585.0,587.0,581.0,581.0,106329.0,0.0
2025-10-03,581.0,583.0,576.0,576.0,185254.0,0.0
2025-10-07,577.0,586.0,577.0,580.0,172000.0,0.0
2025-10-08,586.0,586.0,578.0,581.0,107000.0,0.0
2025-10-09,580.0,583.0,577.0,583.0,128288.0,0.0
2025-10-13,586.0,586.0,565.0,575.0,318036.0,0.0
2025-10-14,572.0,579.0,570.0,574.0,217020.0,0.0
2025-10-15,575.0,575.0,568.0,568.0,163010.0,0.0
2025-10-16,573.0,574.0,570.0,573.0,77263.0,0.0
2025-10-17,570.0,582.0,570.0,578.0,206054.0,0.0
2025-10-20,576.0,579.0,570.0,570.0,141279.0,0.0
2025-10-21,573.0,575.0,571.0,575.0,113100.0,0.0
2025-10-22,576.0,582.0,572.0,582.0,101164.0,0.0
2025-10-23,578.0,582.0,574.0,582.0,137068.0,0.0
2025-10-27,578.0,582.0,576.0,579.0,162369.0,0.0
2025-10-28,581.0,581.0,571.0,576.0,173011.0,0.0
2025-10-29,577.0,578.0,572.0,576.0,88092.0,0.0
2025-10-30,584.0,585.0,567.0,567.0,397031.0,0.0
2025-10-31,572.0,574.0,565.0,566.0,204001.0,0.0
2025-11-03,567.0,573.0,563.0,573.0,207500.0,0.0
2025-11-04,570.0,580.0,570.0,580.0,182102.0,0.0
2025-11-05,572.0,578.0,568.0,578.0,203283.0,0.0
2025-11-06,580.0,586.0,579.0,584.0,313026.0,0.0
2025-11-07,578.0,588.0,578.0,583.0,192020.0,0.0
2025-11-10,585.0,588.0,582.0,587.0,191200.0,0.0
2025-11-11,588.0,588.0,576.0,576.0,153456.0,0.0
2025-11-12,580.0,586.0,579.0,579.0,237009.0,0.0
2025-11-13,578.0,578.0,572.0,574.0,175013.0,0.0
2025-11-14,571.0,589.0,571.0,588.0,285160.0,0.0
2025-11-17,585.0,603.0,585.0,601.0,513175.0,0.0
2025-11-18,584.0,594.0,583.0,593.0,272059.0,0.0
2025-11-19,597.0,600.0,590.0,600.0,254429.0,0.0
2025-11-20,596.0,607.0,593.0,607.0,312127.0,0.0
2025-11-21,607.0,622.0,603.0,621.0,454515.0,0.0
2025-11-24,616.0,633.0,614.0,618.0,1103173.0,0.0
2025-11-25,621.0,621.0,593.0,602.0,319077.0,0.0
2025-11-26,600.0,607.0,597.0,605.0,221062.0,0.0
2025-11-27,596.0,609.0,596.0,602.0,195231.0,0.0
2025-11-28,600.0,610.0,597.0,610.0,226107.0,0.0
2025-12-01,602.0,607.0,589.0,589.0,359100.0,0.0
2025-12-02,591.0,600.0,587.0,589.0,181024.0,0.0
2025-12-03,589.0,595.0,582.0,586.0,262405.0,0.0
2025-12-04,584.0,589.0,583.0,588.0,138005.0,0.0
2025-12-05,585.0,590.0,583.0,588.0,130002.0,0.0
2025-12-08,586.0,594.0,586.0,594.0,135084.0,0.0
2025-12-09,595.0,595.0,588.0,591.0,153007.0,0.0
2025-12-10,591.0,599.0,591.0,598.0,147499.0,0.0
2025-12-11,596.0,597.0,588.0,592.0,221063.0,0.0
2025-12-12,598.0,607.0,595.0,595.0,211002.0,0.0
2025-12-15,589.0,602.0,587.0,602.0,336106.0,0.0
2025-12-16,591.0,602.0,589.0,597.0,537066.0,0.0
2025-12-17,596.0,599.0,580.0,585.0,716175.0,0.0
2025-12-18,585.0,585.0,585.0,585.0,0.0,0.0
2025-12-19,573.0,587.0,570.0,581.0,1323302.0,0.0
2025-12-22,582.0,584.0,555.0,569.0,847114.0,0.0
2025-12-23,568.0,569.0,559.0,564.0,710200.0,0.0
2025-12-24,562.0,563.0,554.0,562.0,764250.0,0.0
2025-12-26,563.0,566.0,561.0,561.0,450321.0,0.0
2025-12-29,562.0,564.0,556.0,562.0,317105.0,0.0
2025-12-30,567.0,567.0,556.0,556.0,359143.0,0.0
2025-12-31,557.0,559.0,548.0,550.0,357436.0,0.0
2026-01-02,552.0,552.0,546.0,546.0,261966.0,0.0
2026-01-05,546.0,553.0,537.0,549.0,372016.0,0.0
2026-01-06,549.0,554.0,542.0,547.0,356121.0,0.0
2026-01-07,544.0,547.0,537.0,544.0,448091.0,0.0
2026-01-08,542.0,548.0,539.0,539.0,251118.0,0.0
2026-01-09,544.0,544.0,537.0,544.0,248793.0,0.0
2026-01-12,542.0,546.0,539.0,540.0,222281.0,0.0
2026-01-13,540.0,548.0,539.0,541.0,403685.0,0.0
2026-01-14,547.0,560.0,545.0,557.0,462557.0,0.0
2026-01-15,557.0,557.0,548.0,552.0,313227.0,0.0
2026-01-16,552.0,554.0,545.0,548.0,241228.0,0.0
2026-01-19,541.0,546.0,541.0,542.0,225692.0,0.0
2026-01-20,540.0,543.0,539.0,539.0,168489.0,0.0
2026-01-21,536.0,538.0,530.0,530.0,514102.0,0.0
2026-01-22,530.0,535.0,522.0,524.0,669240.0,0.0
2026-01-23,524.0,530.0,520.0,527.0,317293.0,0.0
2026-01-26,533.0,537.0,526.0,534.0,276376.0,0.0
2026-01-27,536.0,542.0,535.0,542.0,333681.0,0.0
2026-01-28,544.0,544.0,537.0,543.0,226938.0,0.0
2026-01-29,542.0,545.0,540.0,541.0,365535.0,0.0
2026-01-30,537.0,544.0,529.0,544.0,539652.0,0.0
2026-02-02,544.0,544.0,526.0,529.0,360246.0,0.0
2026-02-03,531.0,533.0,526.0,526.0,147163.0,0.0
2026-02-04,524.0,531.0,524.0,524.0,130120.0,0.0
2026-02-05,528.0,530.0,521.0,521.0,224057.0,0.0
2026-02-06,520.0,524.0,514.0,524.0,242591.0,0.0
2026-02-09,529.0,532.0,525.0,530.0,181000.0,0.0
2026-02-10,532.0,535.0,530.0,533.0,185480.0,0.0
2026-02-11,540.0,550.0,538.0,549.0,517245.0,0.0
2026-02-23,563.0,563.0,546.0,549.0,587268.0,0.0
2026-02-24,555.0,562.0,551.0,559.0,553095.0,0.0
2026-02-25,559.0,562.0,554.0,557.0,400081.0,0.0
2026-02-26,556.0,585.0,551.0,585.0,1164945.0,0.0
2026-03-02,575.0,575.0,558.0,575.0,460140.0,0.0
2026-03-03,563.0,563.0,548.0,550.0,535110.0,0.0
2026-03-04,543.0,543.0,524.0,524.0,616757.0,0.0
2026-03-05,529.0,532.0,517.0,517.0,487152.0,0.0
2026-03-06,515.0,518.0,510.0,512.0,537393.0,0.0
2026-03-09,493.0,510.0,490.0,505.0,563082.0,0.0
2026-03-10,519.0,519.0,500.0,501.0,338358.0,0.0
2026-03-11,502.0,514.0,499.0,509.0,541032.0,0.0
2026-03-12,500.0,503.0,495.0,495.0,624322.0,0.0
2026-03-13,490.0,492.0,488.0,488.5,432124.0,0.0
2026-03-16,488.5,491.5,480.0,481.0,528662.0,0.0
2026-03-17,487.0,528.0,487.0,528.0,622193.0,0.0
2026-03-18,516.0,516.0,500.0,501.0,399250.0,0.0
2026-03-19,497.0,497.0,485.0,485.5,526220.0,0.0
2026-03-20,483.5,496.0,480.5,496.0,673270.0,0.0
2026-03-23,480.5,485.0,472.0,481.0,421035.0,0.0
2026-03-24,481.5,487.0,479.5,483.5,251121.0,0.0
2026-03-25,504.0,505.0,486.5,499.0,488405.0,0.0
2026-03-26,508.0,508.0,496.0,507.0,412139.0,0.0
2026-03-27,502.0,502.0,494.0,497.5,404143.0,0.0
2026-03-30,483.0,505.0,482.5,499.0,665100.0,0.0
2026-03-31,488.0,488.5,481.0,483.5,418747.0,0.0
2026-04-01,495.0,495.0,487.5,491.5,466046.0,0.0
2026-04-02,495.0,496.0,485.5,485.5,246156.0,0.0
2026-04-07,485.0,487.5,482.0,483.5,216071.0,0.0
2026-04-08,494.5,501.0,489.5,495.5,340139.0,0.0
2026-04-09,501.0,501.0,491.0,497.5,353115.0,0.0
2026-04-10,499.0,511.0,498.0,508.0,445093.0,0.0
2026-04-13,506.0,506.0,495.0,498.0,236203.0,0.0
2026-04-14,505.0,512.0,503.0,511.0,382254.0,0.0
2026-04-15,511.0,516.0,506.0,512.0,253037.0,0.0
2026-04-16,517.0,522.0,513.0,516.0,332099.0,0.0
2026-04-17,522.0,522.0,508.0,515.0,258532.0,0.0
2026-04-20,515.0,518.0,505.0,507.0,305215.0,0.0
2026-04-21,513.0,519.0,506.0,518.0,371379.0,0.0
2026-04-22,518.0,522.0,513.0,519.0,305020.0,0.0
2026-04-23,512.0,512.0,500.0,503.0,347035.0,0.0
2026-04-24,501.0,504.0,492.5,493.5,295044.0,0.0
2026-04-27,487.5,496.0,486.5,487.0,380077.0,0.0
2026-04-28,485.0,490.0,481.0,484.5,383068.0,0.0
2026-04-29,488.5,488.5,480.0,480.0,475506.0,0.0
2026-04-30,478.5,480.0,475.0,476.5,476032.0,0.0
2026-05-04,482.0,482.0,472.0,473.0,310218.0,0.0
2026-05-05,474.0,478.0,470.0,478.0,250255.0,0.0
2026-05-06,484.5,484.5,473.0,474.0,371161.0,0.0
2026-05-07,473.5,487.0,473.0,487.0,524196.0,0.0
2026-05-08,494.0,494.0,478.5,487.0,355104.0,0.0
2026-05-11,480.5,484.5,475.5,475.5,466281.0,0.0
2026-05-12,477.0,480.5,470.0,470.0,585187.0,0.0
2026-05-13,479.0,479.0,470.0,473.5,560571.0,0.0
2026-05-14,474.0,479.0,468.0,468.5,440351.0,0.0
2026-05-15,468.5,468.5,462.5,468.0,302557.0,0.0
2026-05-18,470.0,470.0,460.0,461.0,352547.0,0.0
2026-05-19,458.0,474.5,456.0,468.5,502161.0,0.0
2026-05-20,469.5,472.0,460.0,466.5,384133.0,0.0
2026-05-21,466.5,472.5,462.5,466.0,361047.0,0.0
2026-05-22,464.0,465.0,460.0,462.0,371110.0,0.0
2026-05-25,462.0,464.0,459.0,460.5,397256.0,0.0
2026-05-26,460.0,465.5,459.5,462.0,380553.0,0.0
2026-05-27,462.5,466.5,458.0,466.5,490277.0,0.0
2026-05-28,462.0,462.5,456.0,456.0,881341.0,0.0
2026-05-29,458.0,483.0,458.0,483.0,4054505.0,0.0
2026-06-01,478.0,484.0,470.0,473.5,923550.0,0.0
2026-06-02,472.0,479.5,466.5,471.5,816140.0,0.0
2026-06-03,479.5,487.5,471.5,485.0,948317.0,0.0
2026-06-04,484.5,492.0,477.0,485.5,680361.0,0.0
2026-06-05,482.0,502.0,482.0,495.0,1110167.0,0.0
2026-06-08,471.0,489.5,470.0,473.0,1576020.0,0.0
2026-06-09,470.5,488.0,470.5,483.0,1067146.0,0.0
2026-06-10,481.0,493.0,473.5,487.0,1846174.0,0.0
2026-06-11,490.0,496.5,480.0,489.5,1867278.0,0.0
2026-06-12,475.5,479.5,457.0,461.0,2530930.0,20.0
2026-06-15,469.5,473.0,460.5,463.5,1014540.0,0.0
2026-06-16,464.0,468.5,455.0,468.5,1322576.0,0.0
2026-06-17,461.0,464.5,457.5,461.5,947550.0,0.0
2026-06-18,460.0,482.0,460.0,482.0,8738192.0,0.0
2026-06-22,482.5,482.5,475.0,481.0,454148.0,0.0
2026-06-23,478.0,493.0,478.0,485.0,848350.0,0.0
2026-06-24,485.0,486.5,477.0,477.5,394610.0,0.0
2026-06-25,475.5,485.5,475.5,480.0,446210.0,0.0
2026-06-26,474.5,488.0,474.5,481.0,645737.0,0.0
2026-06-29,488.0,490.0,477.0,478.5,496010.0,0.0
2026-06-30,481.0,483.5,465.5,465.5,603321.0,0.0
2026-07-01,468.5,471.5,463.5,465.0,392357.0,0.0
2026-07-02,463.5,473.5,462.0,464.5,335152.0,0.0
2026-07-03,461.0,474.0,461.0,473.0,319176.0,0.0
2026-07-06,472.5,482.0,472.5,476.5,258068.0,0.0
2026-07-07,473.0,481.0,471.0,471.0,347013.0,0.0
2026-07-08,479.5,482.0,476.0,480.5,352802.0,0.0
2026-07-09,480.5,481.5,475.5,476.5,233286.0,0.0
2026-07-10,476.5,476.5,476.5,476.5,0.0,0.0
2026-07-13,473.5,483.0,473.0,475.0,263294.0,0.0
2026-07-14,484.5,484.5,477.0,480.0,344188.0,0.0
2026-07-15,482.0,484.0,477.0,480.0,270107.0,0.0
2026-07-16,483.5,493.0,481.0,493.0,629258.0,0.0
2026-07-17,493.0,507.0,486.0,486.0,779260.0,0.0
2026-07-20,500.0,502.0,490.0,490.0,460337.0,0.0
2026-07-21,487.5,496.0,487.0,492.0,329049.0,0.0
2026-07-22,490.5,496.0,490.0,492.0,280007.0,0.0
2026-07-23,496.5,496.5,488.5,492.0,236101.0,0.0
2026-07-24,485.0,496.0,485.0,493.5,303258.0,0.0
2026-07-27,502.0,503.0,493.0,498.0,384120.0,0.0
2026-07-28,498.0,505.0,497.0,500.0,522347.0,0.0
2026-07-29,505.0,521.0,505.0,519.0,1237538.0,0.0
2026-07-30,523.0,555.0,518.0,551.0,1655435.0,0.0
2026-07-31,547.0,573.0,540.0,558.0,1170268.0,0.0
2026-08-03,550.0,559.0,520.0,522.0,615707.0,0.0
2026-08-04,507.0,520.0,506.0,517.0,534456.0,0.0
2026-08-05,530.0,530.0,509.0,509.0,429388.0,0.0
2026-08-06,502.0,518.0,502.0,516.0,327001.0,0.0
2026-08-07,514.0,520.0,511.0,516.0,228069.0,0.0
2026-08-10,524.0,524.0,514.0,514.0,162103.0,0.0
2026-08-11,514.0,519.0,508.0,511.0,334217.0,0.0
2026-08-12,513.0,516.0,504.0,504.0,270127.0,0.0
2026-08-13,516.0,529.0,515.0,524.0,420455.0,0.0
2026-08-14,522.0,524.0,512.0,514.0,236041.0,0.0
2026-08-17,514.0,520.0,513.0,515.0,155007.0,0.0
2026-08-18,511.0,514.0,509.0,512.0,206200.0,0.0
2026-08-19,512.0,512.0,505.0,506.0,325020.0,0.0
2026-08-20,506.0,514.0,506.0,508.0,206011.0,0.0
2026-08-21,505.0,519.0,505.0,518.0,177051.0,0.0
2026-08-24,518.0,527.0,517.0,522.0,174022.0,0.0
2026-08-25,514.0,528.0,514.0,519.0,183009.0,0.0
2026-08-26,518.0,524.0,516.0,523.0,169156.0,0.0
2026-08-27,523.0,533.0,523.0,527.0,191012.0,0.0
2026-08-28,525.0,526.0,517.0,520.0,125208.0,0.0
2026-08-31,521.0,521.0,512.0,513.0,759115.0,0.0
2026-09-01,508.0,518.0,505.0,518.0,223222.0,0.0
2026-09-02,514.0,518.0,511.0,517.0,150100.0,0.0
2026-09-03,515.0,526.0,514.0,521.0,164580.0,0.0
2026-09-04,521.0,539.0,521.0,539.0,364534.0,0.0
2026-09-07,548.0,548.0,533.0,539.0,272195.0,0.0
2026-09-08,535.0,538.0,529.0,535.0,193002.0,0.0
2026-09-09,529.0,531.0,525.0,530.0,133200.0,0.0
2026-09-10,522.0,529.0,521.0,528.0,128813.0,0.0
2026-09-11,521.0,531.0,521.0,530.0,149036.0,0.0
2026-09-14,527.0,539.0,525.0,538.0,184055.0,0.0
2026-09-15,538.0,538.0,529.0,530.0,169025.0,0.0
2026-09-16,535.0,535.0,516.0,520.0,648062.0,0.0
2026-09-17,522.0,532.0,522.0,532.0,238063.0,0.0
2026-09-18,527.0,541.0,527.0,537.0,638239.0,0.0
2026-09-21,535.0,535.0,523.0,523.0,145030.0,0.0
2026-09-22,530.0,530.0,521.0,521.0,127250.0,0.0
2026-09-23,526.0,527.0,519.0,520.0,196135.0,0.0
2026-09-24,514.0,517.0,510.0,510.0,249005.0,0.0
2026-09-29,509.0,516.0,506.0,506.0,216070.0,0.0
2026-09-30,513.0,514.0,508.0,509.0,324264.0,0.0
2026-10-01,512.0,515.0,508.0,515.0,233985.0,0.0
2026-10-02,511.0,519.0,511.0,513.0,308097.0,0.0
2026-10-05,521.0,521.0,510.0,510.0,246024.0,0.0
2026-10-06,514.0,517.0,512.0,515.0,208303.0,0.0
2026-10-07,516.0,526.0,516.0,526.0,308144.0,0.0
