date,open,high,low,close,volume,dividend
2015-01-05,95.0216,95.0216,94.0476,94.3723,23308824.0,0.0
2015-01-06,93.0736,93.0736,91.4502,91.4502,60587604.0,0.0
2015-01-07,91.2338,92.8571,91.2338,92.2078,31148964.0,0.0
2015-01-08,92.9654,94.1558,92.7489,94.0476,28348320.0,0.0
2015-01-09,94.4805,95.0216,93.6147,93.6147,20894412.0,0.0
2015-01-12,93.6147,94.3723,92.7489,92.7489,21078288.0,0.0
2015-01-13,91.9913,93.3983,91.9913,93.3983,24245760.0,0.0
2015-01-14,93.6147,93.6147,92.2078,92.316,20624604.0,0.0
2015-01-15,92.316,92.7489,91.6667,91.7749,28715148.0,0.0
2015-01-16,91.7749,91.8831,90.9091,91.0173,38453184.0,0.0
2015-01-19,91.1255,91.8831,89.8268,90.5844,27467748.0,0.0
2015-01-20,90.5844,91.9913,90.1515,91.6667,25569852.0,0.0
2015-01-21,92.2078,92.5325,91.6667,92.316,28552524.0,0.0
2015-01-22,92.6407,92.7489,91.7749,92.5325,22399608.0,0.0
2015-01-23,92.8571,95.0216,92.7489,95.0216,65960664.0,0.0
2015-01-26,95.0216,96.4286,94.3723,96.1039,58836624.0,0.0
2015-01-27,96.7532,96.7532,95.0216,96.1039,36498000.0,0.0
2015-01-28,95.7792,95.8874,95.1299,95.1299,25221504.0,0.0
2015-01-29,95.0216,95.0216,93.6147,93.8312,30256380.0,0.0
2015-01-30,94.9134,94.9134,93.8312,93.8312,23878008.0,0.0
2015-02-02,94.3723,94.4805,92.8571,93.6147,27736632.0,0.0
2015-02-03,93.6147,95.0216,93.3983,94.5887,22140888.0,0.0
2015-02-04,94.9134,95.671,94.697,94.697,33230736.0,0.0
2015-02-05,94.8052,94.8052,93.9394,94.4805,18909660.0,0.0
2015-02-06,94.9134,94.9134,93.9394,94.4805,15416940.0,0.0
2015-02-09,94.5887,94.5887,94.0476,94.1558,15176700.0,0.0
2015-02-10,93.6147,93.8312,92.5325,92.5325,34265616.0,0.0
2015-02-11,91.9913,92.5325,91.6667,91.7749,38997420.0,0.0
2015-02-12,92.2078,93.5065,91.4502,93.29,36920268.0,0.0
2015-02-13,93.0736,93.5065,92.7489,92.8571,25619748.0,0.0
2015-02-24,93.1818,93.9394,92.8571,92.8571,53257512.0,0.0
2015-02-25,92.8571,93.6147,92.5325,93.3983,25347168.0,0.0
2015-02-26,93.6147,94.9134,93.1818,94.2641,38978940.0,0.0
2015-03-02,94.9134,95.671,94.1558,94.2641,29402604.0,0.0
2015-03-03,94.2641,94.697,93.29,93.3983,19361496.0,0.0
2015-03-04,94.1558,96.1039,93.8312,95.5628,56449932.0,0.0
2015-03-05,95.8874,96.7532,94.9134,95.7792,52476732.0,0.0
2015-03-06,95.7792,96.4286,95.2381,96.1039,33571692.0,0.0
2015-03-09,95.671,95.8874,95.0216,95.0216,19914972.0,0.0
2015-03-10,95.1299,95.4545,94.2641,94.2641,21674268.0,0.0
2015-03-11,93.6147,95.2381,93.5065,94.4805,28729932.0,0.0
2015-03-12,94.1558,95.0216,94.1558,94.2641,34865292.0,0.0
2015-03-13,94.4805,95.8874,94.4805,95.2381,28796460.0,0.0
2015-03-16,95.2381,95.671,94.4805,94.4805,33573540.0,0.0
2015-03-17,94.4805,95.4545,94.4805,94.4805,28448112.0,0.0
2015-03-18,94.4805,95.5628,94.4805,95.1299,36242976.0,0.0
2015-03-19,95.5628,98.7013,95.5628,98.5931,120971928.0,0.0
2015-03-20,98.9177,101.1905,98.4848,100.6494,107852976.0,0.0
2015-03-23,101.1905,102.4892,100.7576,101.1905,72109884.0,0.0
2015-03-24,101.4069,102.1645,100.6494,100.974,45345300.0,0.0
2015-03-25,101.7316,102.5974,101.0823,102.1645,43284780.0,0.0
2015-03-26,101.6234,102.1645,100.6494,102.1645,43623888.0,0.0
2015-03-27,102.1645,102.1645,100.0,100.6494,48414828.0,0.0
2015-03-30,101.7316,102.381,101.1905,101.7316,38992800.0,0.0
2015-03-31,102.2727,102.7056,98.4848,99.1342,101265780.0,0.0
2015-04-01,99.1342,100.1082,97.9437,99.2424,37494072.0,0.0
2015-04-02,100.5411,101.1905,100.1082,100.8658,38727612.0,0.0
2015-04-07,101.5152,101.6234,100.4329,101.2987,22234212.0,0.0
2015-04-08,101.7316,101.7316,100.2165,101.4069,29445108.0,0.0
2015-04-09,101.4069,101.5152,100.2165,100.6494,31403988.0,0.0
2015-04-10,101.5152,101.5152,100.2165,100.7576,28247604.0,0.0
2015-04-13,100.8658,101.1905,100.2165,100.5411,17920980.0,0.0
2015-04-14,100.6494,101.5152,100.2165,101.5152,27583248.0,0.0
2015-04-15,101.1905,101.6234,99.3506,99.6753,44381568.0,0.0
2015-04-16,100.5411,101.0823,100.2165,100.974,22712844.0,0.0
2015-04-17,100.974,100.974,99.7835,99.8918,22677732.0,0.0
2015-04-20,98.9177,100.8658,98.9177,100.4329,23638692.0,0.0
2015-04-21,100.4329,100.8658,99.5671,99.6753,20777988.0,0.0
2015-04-22,99.3506,100.6494,99.3506,99.5671,25317600.0,0.0
2015-04-23,100.1082,101.7316,100.1082,100.974,52587612.0,0.0
2015-04-24,101.7316,103.1385,101.5152,102.381,80965500.0,0.0
2015-04-27,102.9221,103.2467,102.381,102.4892,41227956.0,0.0
2015-04-28,102.8139,103.2467,100.974,101.2987,45984708.0,0.0
2015-04-29,101.2987,101.5152,99.5671,99.6753,39313428.0,0.0
2015-04-30,99.6753,100.7576,99.4589,99.5671,29472828.0,0.0
2015-05-04,100.6494,100.8658,99.8918,100.7576,21150360.0,0.0
2015-05-05,101.1905,101.5152,100.0,100.7576,17974572.0,0.0
2015-05-06,100.4329,101.0823,100.0,100.6494,20561772.0,0.0
2015-05-07,100.6494,100.6494,99.6753,99.6753,22205568.0,0.0
2015-05-08,99.8918,100.974,99.7835,100.3247,26128872.0,0.0
2015-05-11,101.5152,101.6234,99.8918,100.8658,27005748.0,0.0
2015-05-12,100.4329,101.0823,100.1082,100.3247,14068824.0,0.0
2015-05-13,101.1905,102.2727,100.7576,102.2727,38297028.0,0.0
2015-05-14,102.2727,102.2727,101.0823,101.4069,23926980.0,0.0
2015-05-15,101.4069,101.6234,100.5411,100.7576,19802244.0,0.0
2015-05-18,103.0303,104.7619,102.9221,104.7619,115527720.0,0.0
2015-05-19,105.8442,107.0346,105.8442,106.4935,91820652.0,0.0
2015-05-20,106.6017,106.6017,104.9784,105.5195,41027448.0,0.0
2015-05-21,104.9784,105.4113,104.4372,104.9784,40099752.0,0.0
2015-05-22,105.1948,105.9524,104.2208,104.4372,31240440.0,0.0
2015-05-25,105.5195,105.7359,104.5455,104.8701,27196092.0,0.0
2015-05-26,105.8442,106.3853,105.303,105.4113,20968332.0,0.0
2015-05-27,105.8442,106.0606,104.9784,105.4113,27550908.0,0.0
2015-05-28,106.3853,107.0346,106.0606,106.3853,50204616.0,0.0
2015-05-29,106.8182,107.4675,106.3853,107.2511,78316392.0,0.0
2015-06-01,107.2511,107.2511,105.303,105.303,33153120.0,0.0
2015-06-02,104.9784,106.3853,104.6537,105.8442,33017292.0,0.0
2015-06-03,105.5195,106.0606,104.7619,104.9784,21731556.0,0.0
2015-06-04,104.9784,105.0866,102.1645,102.2727,53763864.0,0.0
2015-06-05,101.7316,103.2467,101.1905,102.0563,38329368.0,0.0
2015-06-08,102.4892,103.2467,101.5152,102.7056,28456428.0,0.0
2015-06-09,102.7056,102.8139,100.7576,100.8658,25554144.0,0.0
2015-06-10,102.8139,103.4632,102.2727,103.4632,33604032.0,0.0
2015-06-11,104.2208,104.6537,102.2727,103.6796,34788600.0,0.0
2015-06-12,103.6796,103.6796,102.7056,102.8139,14254548.0,0.0
2015-06-15,102.2727,102.9221,101.7316,101.7316,17541216.0,0.0
2015-06-16,102.7056,102.7056,101.2987,102.5974,21057960.0,0.0
2015-06-17,102.8139,102.8139,101.6234,102.1645,24313212.0,0.0
2015-06-18,102.381,102.8139,101.7316,102.381,23671032.0,0.0
2015-06-22,103.355,105.303,103.355,105.1948,36437940.0,0.0
2015-06-23,105.7359,106.3853,104.9784,105.0866,29081976.0,0.0
2015-06-24,104.8701,105.7359,104.8701,105.6277,21166068.0,0.0
2015-06-25,106.9264,107.9004,106.4935,107.1429,70828296.0,0.0
2015-06-26,107.4675,107.4675,106.6017,107.3593,40846344.0,0.0
2015-06-29,106.1688,106.1688,104.5455,104.8701,33812856.0,0.0
2015-06-30,104.8701,105.4113,104.4372,104.9784,24798312.0,0.0
2015-07-01,105.4113,106.3853,104.9784,106.0606,23293116.0,0.0
2015-07-02,105.9524,106.3853,105.6277,106.0606,15847524.0,0.0
2015-07-03,105.7359,105.7359,104.9784,105.303,11482548.0,0.0
2015-07-06,104.2208,105.303,103.7879,104.2208,20230056.0,0.0
2015-07-07,105.5195,105.8442,104.8701,105.303,15357804.0,0.0
2015-07-08,105.303,105.4113,101.7316,102.2727,46826472.0,0.0
2015-07-09,99.026,102.0563,99.026,101.0823,39412296.0,0.0
2015-07-10,101.0823,101.0823,101.0823,101.0823,0.0,0.0
2015-07-13,102.2727,104.1126,102.1645,104.1126,28473984.0,0.0
2015-07-14,104.7619,105.1948,102.4892,102.4892,34069728.0,0.0
2015-07-15,103.7879,103.8961,102.381,103.5714,21410004.0,0.0
2015-07-16,104.4372,104.4372,103.1385,103.8961,16024008.0,0.0
2015-07-17,103.8961,104.0043,102.9221,102.9221,18407928.0,0.0
2015-07-20,103.7879,104.0043,102.7056,102.9221,14398692.0,0.0
2015-07-21,103.6796,104.2208,102.9221,104.2208,14443044.0,0.0
2015-07-22,102.8139,103.6796,102.4892,102.5974,26535432.0,0.0
2015-07-23,101.1905,102.0563,97.9437,97.9437,73660356.0,0.0
2015-07-24,98.1602,99.026,96.8615,97.9437,38347848.0,0.0
2015-07-27,97.8355,98.5931,97.4026,97.5108,24139500.0,0.0
2015-07-28,97.5108,98.4848,97.4026,97.4026,25552296.0,0.0
2015-07-29,97.4026,99.026,94.697,99.026,46779348.0,0.0
2015-07-30,99.026,99.6753,97.9437,98.3766,26776596.0,0.0
2015-07-31,98.5931,98.8095,97.7273,98.1602,25667796.0,0.0
2015-08-03,98.4848,98.4848,95.5628,96.5368,31193316.0,0.0
2015-08-04,96.5368,97.7273,95.3463,96.8615,29992116.0,0.0
2015-08-05,95.8874,96.8615,95.8874,96.3203,27400296.0,0.0
2015-08-06,96.3203,96.9697,95.3463,95.7792,29049636.0,0.0
2015-08-07,95.4545,96.2121,94.8052,95.7792,20273484.0,0.0
2015-08-10,95.7792,96.5368,95.0216,95.7792,18748884.0,0.0
2015-08-11,97.4026,97.9437,95.671,95.7792,34841268.0,0.0
2015-08-12,94.697,95.4545,93.6147,93.6147,39327288.0,0.0
2015-08-13,93.6147,94.697,93.5065,94.5887,27375348.0,0.0
2015-08-14,95.3463,96.7532,95.3463,95.9957,32549748.0,0.0
2015-08-17,96.3203,96.3203,95.2381,95.4545,16972956.0,0.0
2015-08-18,96.3203,96.645,95.4545,95.5628,16821420.0,0.0
2015-08-19,95.5628,96.1039,94.8052,95.3463,27691356.0,0.0
2015-08-20,94.9134,95.671,94.2641,94.5887,25426632.0,0.0
2015-08-21,93.3983,94.3723,92.5325,92.5325,42128856.0,0.0
2015-08-24,89.8268,91.8831,84.3074,88.3117,81396084.0,0.0
2015-08-25,87.6623,91.9913,87.6623,91.9913,53887680.0,0.0
2015-08-26,90.9091,91.6667,89.9351,90.368,53853492.0,0.0
2015-08-27,90.9091,92.316,90.9091,91.5584,63393792.0,0.0
2015-08-28,94.0476,96.5368,93.29,95.8874,59708880.0,0.0
2015-08-31,96.8615,100.1082,96.1039,100.1082,57226092.0,0.0
2015-09-01,99.026,99.026,96.7532,97.1861,55938036.0,0.0
2015-09-02,96.7532,98.7013,96.4286,98.0519,95802168.0,0.0
2015-09-03,95.4545,96.25,94.8864,95.3409,90321440.0,4.1126
2015-09-04,95.4545,95.7955,94.3182,94.3182,37604160.0,0.0
2015-09-07,94.2045,95.1136,93.8636,94.2045,16588880.0,0.0
2015-09-08,94.2045,94.7727,93.9773,94.0909,12614800.0,0.0
2015-09-09,95.1136,97.1591,95.1136,97.1591,36988160.0,0.0
2015-09-10,96.5909,96.5909,95.7955,96.1364,27099600.0,0.0
2015-09-11,96.1364,96.4773,95.6818,96.25,24239600.0,0.0
2015-09-14,96.5909,97.0455,95.7955,96.7045,17976640.0,0.0
2015-09-15,96.9318,97.0455,95.7955,96.25,20333280.0,0.0
2015-09-16,96.8182,96.8182,96.0227,96.5909,21574080.0,0.0
2015-09-17,97.3864,98.1818,96.9318,97.1591,29369120.0,0.0
2015-09-18,97.1591,97.6136,96.5909,97.1591,31738960.0,0.0
2015-09-21,96.25,96.4773,95.4545,95.6818,22477840.0,0.0
2015-09-22,96.0227,96.7045,96.0227,96.7045,16287920.0,0.0
2015-09-23,95.9091,96.1364,95.3409,95.5682,24931280.0,0.0
2015-09-24,95.9091,96.1364,93.9773,95.0,19214800.0,0.0
2015-09-25,95.4545,96.25,94.8864,95.7955,16671600.0,0.0
2015-09-29,95.7955,95.7955,95.7955,95.7955,0.0,0.0
2015-09-30,95.3409,97.2727,95.0,97.2727,41803520.0,0.0
2015-10-01,96.4773,97.7273,96.25,97.6136,23848000.0,0.0
2015-10-02,97.9545,98.0682,96.7045,97.3864,19199840.0,0.0
2015-10-05,97.9545,97.9545,96.4773,97.7273,19122400.0,0.0
2015-10-06,98.2955,98.75,97.8409,98.1818,22110000.0,0.0
2015-10-07,97.9545,98.75,97.7273,98.75,23944800.0,0.0
2015-10-08,99.3182,99.4318,98.1818,98.5227,19018560.0,0.0
2015-10-12,99.7727,100.5682,99.5455,100.1136,40450960.0,0.0
2015-10-13,100.2273,100.3409,98.8636,99.4318,26038320.0,0.0
2015-10-14,99.4318,99.4318,97.7273,97.8409,26818880.0,0.0
2015-10-15,99.2045,100.0,98.5227,98.5227,36604480.0,0.0
2015-10-16,99.5455,99.7727,99.0909,99.7727,20126480.0,0.0
2015-10-19,100.2273,100.2273,98.75,99.6591,22378400.0,0.0
2015-10-20,99.8864,100.0,98.75,98.9773,19260560.0,0.0
2015-10-21,99.4318,99.7727,98.0682,98.1818,16280880.0,0.0
2015-10-22,97.9545,98.4091,97.6136,98.4091,20278720.0,0.0
2015-10-23,99.7727,99.7727,98.8636,99.3182,22953920.0,0.0
2015-10-26,100.6818,100.7955,100.2273,100.7955,30552720.0,0.0
2015-10-27,101.1364,101.1364,99.4318,100.6818,32296000.0,0.0
2015-10-28,100.3409,100.5682,99.4318,100.0,17717040.0,0.0
2015-10-29,100.0,100.3409,98.4091,98.6364,26143920.0,0.0
2015-10-30,98.8636,99.3182,97.7273,98.4091,22265760.0,0.0
2015-11-02,99.0909,99.3182,97.9545,99.3182,14264800.0,0.0
2015-11-03,99.5455,100.0,98.6364,99.7727,22444400.0,0.0
2015-11-04,100.2273,101.1364,99.7727,100.7955,36727680.0,0.0
2015-11-05,100.7955,100.7955,100.2273,100.2273,17424000.0,0.0
2015-11-06,99.8864,100.5682,98.2955,98.4091,31685280.0,0.0
2015-11-09,98.2955,98.75,97.5,97.7273,19628400.0,0.0
2015-11-10,96.7045,97.0455,96.0227,96.0227,34258400.0,0.0
2015-11-11,95.4545,96.5909,94.3182,94.7727,40119200.0,0.0
2015-11-12,94.8864,95.7955,94.7727,95.3409,19453280.0,0.0
2015-11-13,94.8864,96.25,94.5455,95.0,23897280.0,0.0
2015-11-16,93.9773,94.8864,93.8636,94.0909,31211840.0,0.0
2015-11-17,96.0227,97.0455,95.6818,96.5909,32819600.0,0.0
2015-11-18,97.1591,97.1591,95.6818,96.3636,23150160.0,0.0
2015-11-19,97.1591,97.2727,96.1364,97.1591,15979040.0,0.0
2015-11-20,98.0682,98.0682,97.2727,97.7273,21341760.0,0.0
2015-11-23,97.8409,98.0682,96.8182,97.1591,15279440.0,0.0
2015-11-24,96.8182,97.1591,95.7955,95.7955,16303760.0,0.0
2015-11-25,95.4545,96.1364,95.1136,95.7955,15150080.0,0.0
2015-11-26,96.5909,97.7273,96.3636,97.0455,16410240.0,0.0
2015-11-27,96.7045,97.0455,95.7955,96.5909,11050160.0,0.0
2015-11-30,94.6591,96.3636,94.3182,95.4545,59221360.0,0.0
2015-12-01,96.7045,97.7273,96.0227,97.7273,32343520.0,0.0
2015-12-02,97.8409,97.9545,96.7045,97.3864,18297840.0,0.0
2015-12-03,96.1364,96.9318,96.1364,96.25,12401840.0,0.0
2015-12-04,95.6818,95.9091,95.2273,95.6818,17750480.0,0.0
2015-12-07,96.1364,97.5,96.1364,96.25,15852320.0,0.0
2015-12-08,96.4773,96.4773,95.3409,95.3409,21806400.0,0.0
2015-12-09,95.3409,95.7955,94.5455,94.6591,17669520.0,0.0
2015-12-10,94.3182,94.6591,93.75,94.2045,25659920.0,0.0
2015-12-11,95.3409,95.4545,94.0909,94.4318,31803200.0,0.0
2015-12-14,92.0455,92.3864,91.1364,91.8182,36296480.0,0.0
2015-12-15,91.9318,92.3864,90.4545,90.9091,44886160.0,0.0
2015-12-16,92.6136,92.6136,90.6818,91.1364,27146240.0,0.0
2015-12-17,91.4773,93.6364,91.1364,93.6364,23724800.0,0.0
2015-12-18,92.5,92.8409,91.9318,92.2727,26012800.0,0.0
2015-12-21,91.4773,93.1818,91.25,92.5,15584800.0,0.0
2015-12-22,92.5,92.8409,91.4773,91.7045,16114560.0,0.0
2015-12-23,92.0455,92.8409,91.8182,92.3864,15779280.0,0.0
2015-12-24,92.8409,93.0682,92.5,92.7273,10163120.0,0.0
2015-12-25,92.6136,92.9545,92.1591,92.7273,6945840.0,0.0
2015-12-28,92.6136,92.9545,92.0455,92.0455,10907600.0,0.0
2015-12-29,92.0455,92.2727,91.5909,91.7045,15620000.0,0.0
2015-12-30,92.1591,92.2727,91.5909,91.9318,12463440.0,0.0
2015-12-31,91.9318,92.2727,91.3636,91.8182,12002320.0,0.0
2016-01-04,92.2727,92.2727,89.3182,89.7727,30756880.0,0.0
2016-01-05,89.7727,91.25,89.5455,89.8864,26388560.0,0.0
2016-01-06,88.9773,89.8864,87.8409,89.7727,37337520.0,0.0
2016-01-07,88.0682,89.2045,87.5,88.9773,35362800.0,0.0
2016-01-08,87.7273,88.9773,87.7273,88.6364,24209680.0,0.0
2016-01-11,87.6136,87.7273,85.5682,85.6818,45438800.0,0.0
2016-01-12,86.3636,86.9318,85.6818,86.7045,27315200.0,0.0
2016-01-13,87.5,87.8409,86.7045,87.0455,19923200.0,0.0
2016-01-14,85.5682,86.3636,84.7727,86.3636,20396640.0,0.0
2016-01-15,86.7045,87.0455,84.4318,85.5682,34723920.0,0.0
2016-01-18,83.2955,85.5682,83.0682,85.1136,23231120.0,0.0
2016-01-19,85.7955,86.0227,84.8864,85.5682,17548080.0,0.0
2016-01-20,85.1136,85.1136,83.0682,83.0682,28482960.0,0.0
2016-01-21,83.2955,84.2045,82.6136,82.6136,27078480.0,0.0
2016-01-22,83.5227,85.0,83.4091,85.0,28980160.0,0.0
2016-01-25,86.5909,86.5909,85.7955,86.3636,23728320.0,0.0
2016-01-26,85.5682,86.1364,85.2273,85.7955,14684560.0,0.0
2016-01-27,86.3636,86.3636,85.3409,85.5682,15889280.0,0.0
2016-01-28,83.75,85.6818,83.75,85.3409,23972080.0,0.0
2016-01-29,84.6591,88.4091,84.6591,88.4091,41300160.0,0.0
2016-02-01,89.8864,90.3409,88.8636,90.3409,26234560.0,0.0
2016-02-02,90.6818,90.7955,89.0909,89.0909,17775120.0,0.0
2016-02-03,88.6364,88.75,86.7045,87.0455,32539760.0,0.0
2016-02-15,83.9773,85.7955,83.8636,84.8864,55121440.0,0.0
2016-02-16,85.0,87.5,85.0,87.0455,27989280.0,0.0
2016-02-17,87.5,87.5,85.9091,87.1591,26813600.0,0.0
2016-02-18,87.5,88.4091,87.2727,88.2955,26561920.0,0.0
2016-02-19,88.2955,88.2955,86.5909,87.1591,18102480.0,0.0
2016-02-22,86.5909,88.2955,86.4773,87.1591,16782480.0,0.0
2016-02-23,87.0455,87.7273,87.0455,87.5,10927840.0,0.0
2016-02-24,87.5,88.6364,86.5909,86.9318,18641040.0,0.0
2016-02-25,86.9318,90.9091,86.7045,89.2045,49954080.0,0.0
2016-02-26,88.0682,88.6364,86.9318,88.6364,34258400.0,0.0
2016-03-01,87.2727,88.5227,87.2727,88.2955,29082240.0,0.0
2016-03-02,89.4318,90.3409,88.8636,90.3409,31900000.0,0.0
2016-03-03,91.4773,91.4773,90.3409,91.4773,41909120.0,0.0
2016-03-04,92.0455,94.3182,91.4773,94.2045,54892640.0,0.0
2016-03-07,94.4318,95.2273,92.6136,92.7273,36234000.0,0.0
2016-03-08,92.7273,94.3182,92.1591,94.3182,30941680.0,0.0
2016-03-09,93.9773,94.6591,93.4091,94.0909,19674160.0,0.0
2016-03-10,94.6591,94.8864,94.0909,94.3182,19200720.0,0.0
2016-03-11,94.3182,94.5455,93.5227,94.5455,17548960.0,0.0
2016-03-14,95.2273,95.4545,94.7727,95.4545,22357280.0,0.0
2016-03-15,95.4545,95.6818,93.1818,93.5227,29883920.0,0.0
2016-03-16,93.8636,95.4545,93.8636,94.3182,22977680.0,0.0
2016-03-17,95.3409,95.5682,93.75,93.75,22359040.0,0.0
2016-03-18,94.3182,95.4545,94.2045,95.4545,53407200.0,0.0
2016-03-21,95.9091,96.1364,94.8864,96.0227,22796400.0,0.0
2016-03-22,96.0227,96.0227,94.8864,95.7955,19001840.0,0.0
2016-03-23,95.4545,96.0227,95.0,95.6818,17944080.0,0.0
2016-03-24,95.5682,96.4773,94.8864,96.0227,19548320.0,0.0
2016-03-25,96.3636,96.3636,95.2273,95.2273,8309840.0,0.0
2016-03-28,96.25,96.5909,95.7955,96.0227,22667040.0,0.0
2016-03-29,96.5909,96.5909,94.5455,95.1136,21949840.0,0.0
2016-03-30,95.1136,95.1136,95.1136,95.1136,0.0,0.0
2016-03-31,97.8409,98.6364,95.4545,96.3636,70584800.0,0.0
2016-04-01,95.5682,96.1364,94.3182,94.3182,27424320.0,0.0
2016-04-06,94.5455,94.5455,92.2727,92.2727,35239600.0,0.0
2016-04-07,92.0455,93.0682,91.25,92.6136,24311760.0,0.0
2016-04-08,92.1591,93.0682,91.9318,93.0682,16746400.0,0.0
2016-04-11,92.9545,93.0682,91.7045,92.2727,9749520.0,0.0
2016-04-12,92.9545,93.8636,92.2727,93.1818,13434080.0,0.0
2016-04-13,93.5227,95.2273,93.5227,95.1136,29533680.0,0.0
2016-04-14,94.3182,95.2273,93.6364,93.6364,20081600.0,0.0
2016-04-15,93.4091,94.5455,92.8409,94.2045,16226320.0,0.0
2016-04-18,94.5455,94.5455,93.75,93.8636,12326160.0,0.0
2016-04-19,94.0909,94.6591,92.2727,92.6136,16345120.0,0.0
2016-04-20,92.1591,93.6364,90.0,90.0,44046640.0,0.0
2016-04-21,90.6818,91.4773,90.3409,91.25,18065520.0,0.0
2016-04-22,92.1591,92.1591,91.25,92.0455,15252160.0,0.0
2016-04-25,92.1591,92.5,91.1364,91.25,12224960.0,0.0
2016-04-26,90.9091,92.2727,90.9091,91.1364,15876080.0,0.0
2016-04-27,90.7955,91.1364,90.1136,90.3409,21101520.0,0.0
2016-04-28,90.9091,91.1364,89.3182,89.3182,26363920.0,0.0
2016-04-29,87.6136,88.2955,87.6136,87.6136,33712800.0,0.0
2016-05-03,87.5,87.6136,85.9091,85.9091,27543120.0,0.0
2016-05-04,85.9091,86.8182,85.1136,86.0227,28740800.0,0.0
2016-05-05,86.0227,86.4773,85.2273,85.6818,21832800.0,0.0
2016-05-06,85.6818,85.7955,83.6364,83.8636,38265920.0,0.0
2016-05-09,84.0909,84.3182,82.3864,82.5,32601360.0,0.0
2016-05-10,82.5,85.0,82.3864,85.0,26071760.0,0.0
2016-05-11,85.0,85.7955,83.4091,84.0909,23735360.0,0.0
2016-05-12,83.9773,84.2045,82.9545,83.2955,23060400.0,0.0
2016-05-13,85.2273,85.6818,83.5227,84.5455,55498960.0,0.0
2016-05-16,84.2045,84.5455,83.5227,84.0909,22879120.0,0.0
2016-05-17,84.3182,84.8864,84.0909,84.4318,21299520.0,0.0
2016-05-18,84.4318,84.6591,83.5227,84.5455,25338720.0,0.0
2016-05-19,84.5455,84.8864,83.8636,84.3182,22170720.0,0.0
2016-05-20,84.4318,85.0,84.0909,84.0909,21263440.0,0.0
2016-05-23,84.5455,88.2955,84.3182,87.9545,45397440.0,0.0
2016-05-24,87.8409,87.9545,86.8182,86.8182,22999680.0,0.0
2016-05-25,88.0682,90.5682,87.9545,89.0909,41125920.0,0.0
2016-05-26,89.2045,89.7727,88.6364,88.75,14297360.0,0.0
2016-05-27,89.3182,89.6591,88.75,89.0909,17010400.0,0.0
2016-05-30,89.7727,90.7955,89.2045,90.3409,22052800.0,0.0
2016-05-31,90.3409,91.0227,89.8864,91.0227,57468400.0,0.0
2016-06-01,90.4545,92.0455,90.4545,91.5909,24877600.0,0.0
2016-06-02,91.7045,91.8182,90.0,90.1136,25395920.0,0.0
2016-06-03,90.3409,91.1364,90.3409,90.9091,14345760.0,0.0
2016-06-06,90.6818,92.5,90.4545,91.1364,18032080.0,0.0
2016-06-07,91.8182,92.2727,91.5909,92.1591,26583040.0,0.0
2016-06-08,92.6136,93.1818,92.1591,92.3864,32547680.0,0.0
2016-06-13,90.7955,90.9091,89.3182,89.3182,42401920.0,0.0
2016-06-14,88.6364,90.7955,88.6364,90.7955,20516320.0,0.0
2016-06-15,90.1136,91.25,90.0,91.1364,18666560.0,0.0
2016-06-16,90.3409,90.4545,89.3182,89.5455,25232240.0,0.0
2016-06-17,90.0,91.0227,89.7727,90.1136,28904480.0,0.0
2016-06-20,91.3636,91.8182,91.0227,91.4773,22524480.0,0.0
2016-06-21,91.25,92.0455,91.0227,91.7045,20200400.0,0.0
2016-06-22,91.7045,92.6136,91.7045,92.6136,23541760.0,0.0
2016-06-23,93.1818,94.3182,93.1818,94.2045,42769760.0,0.0
2016-06-24,94.5455,94.5455,91.5909,92.6136,54957760.0,0.0
2016-06-27,92.0455,93.2955,91.8182,93.1818,17676560.0,0.0
2016-06-28,92.2727,93.75,91.8182,93.75,3887840.0,0.0
2016-06-29,93.1818,94.2045,93.1818,93.75,18285520.0,0.0
2016-06-30,93.9773,94.2045,93.4091,93.75,21737760.0,0.0
2016-07-01,93.75,94.7727,93.75,93.9773,22413600.0,0.0
2016-07-04,94.6591,94.8864,94.3182,94.6591,19812320.0,0.0
2016-07-05,94.3182,94.6591,93.8636,94.3182,15114000.0,0.0
2016-07-06,93.75,93.75,92.6136,92.6136,23430880.0,0.0
2016-07-07,93.1818,93.5227,92.8409,93.2955,14634400.0,0.0
2016-07-08,93.2955,93.2955,93.2955,93.2955,0.0,0.0
2016-07-11,93.4091,94.3182,93.4091,93.75,28612320.0,0.0
2016-07-12,93.8636,94.8864,93.8636,94.6591,28186400.0,0.0
2016-07-13,95.3409,95.3409,94.3182,94.8864,26475680.0,0.0
2016-07-14,94.8864,95.0,94.3182,94.8864,16907440.0,0.0
2016-07-15,95.1136,96.3636,95.1136,96.0227,29886560.0,0.0
2016-07-18,97.0455,97.7273,96.5909,97.7273,37308480.0,0.0
2016-07-19,98.1818,98.1818,97.2727,97.9545,27935600.0,0.0
2016-07-20,97.5,98.0682,97.2727,97.7273,22583440.0,0.0
2016-07-21,98.0682,100.0,97.9545,99.3182,44792000.0,0.0
2016-07-22,99.6591,99.8864,99.0909,99.5455,28517280.0,0.0
2016-07-25,99.3182,100.0,97.2727,99.5455,29854000.0,0.0
2016-07-26,99.4318,99.8864,98.5227,99.7727,25384480.0,0.0
2016-07-27,100.4545,101.7045,100.3409,101.1364,41266720.0,0.0
2016-07-28,101.5909,101.5909,100.5682,101.1364,25261280.0,0.0
2016-07-29,101.1364,101.1364,99.8864,99.8864,25738240.0,0.0
2016-08-01,99.7727,101.1364,99.7727,100.9091,30942560.0,0.0
2016-08-02,100.9091,101.1364,100.5682,100.5682,15638480.0,0.0
2016-08-03,99.4318,100.3409,99.3182,99.4318,23948320.0,0.0
2016-08-04,100.0,100.0,99.4318,100.0,13994640.0,0.0
2016-08-05,100.0,100.9091,99.7727,100.4545,19276400.0,0.0
2016-08-08,101.3636,102.2727,101.1364,102.2727,33339680.0,0.0
2016-08-09,102.2727,102.3864,101.3636,102.1591,21803760.0,0.0
2016-08-10,102.1591,102.2727,101.8182,102.2727,18800320.0,0.0
2016-08-11,101.5909,101.9318,100.4545,101.7045,27569520.0,0.0
2016-08-12,98.2955,99.7727,97.7273,97.9545,102171520.0,0.0
2016-08-15,97.5,99.0909,97.1591,99.0909,36750560.0,0.0
2016-08-16,98.8636,99.0909,97.8409,97.9545,31078960.0,0.0
2016-08-17,97.7273,97.8409,96.3636,96.5909,55900240.0,0.0
2016-08-18,96.4773,97.7273,96.0227,97.3864,36287680.0,0.0
2016-08-19,97.7273,98.5227,96.8182,96.9318,33011440.0,0.0
2016-08-22,96.8182,97.2727,96.5909,97.0455,22437360.0,0.0
2016-08-23,96.8182,97.6136,96.8182,97.5,28360640.0,0.0
2016-08-24,97.9545,98.9773,97.8409,98.8636,38617040.0,0.0
2016-08-25,98.75,100.5682,98.75,100.3409,50213680.0,0.0
2016-08-26,101.0227,101.1364,100.1136,100.5682,34433520.0,0.0
2016-08-29,101.1364,101.9318,100.4545,101.7045,53131760.0,0.0
2016-08-30,101.4773,101.7045,100.7955,101.25,40711440.0,0.0
2016-08-31,100.7955,101.0227,100.0,100.0,60065280.0,0.0
2016-09-01,99.0909,99.7727,98.6364,99.4318,92154480.0,0.0
2016-09-02,95.75,97.375,95.375,96.5,127011200.0,4.5454
2016-09-05,97.375,98.0,97.0,97.875,35671200.0,0.0
2016-09-06,98.5,99.875,98.25,99.625,41294400.0,0.0
2016-09-07,100.5,101.0,99.375,99.5,45388800.0,0.0
2016-09-08,99.5,99.625,98.125,98.25,40155200.0,0.0
2016-09-09,97.25,97.375,96.875,97.125,29612000.0,0.0
2016-09-12,97.5,97.75,96.875,97.125,25044800.0,0.0
2016-09-13,97.875,98.125,96.0,96.625,30163200.0,0.0
2016-09-14,96.5,97.75,96.5,97.125,35183200.0,0.0
2016-09-19,99.875,100.625,99.0,100.625,61713600.0,0.0
2016-09-20,100.625,100.875,100.0,100.25,33244800.0,0.0
2016-09-21,99.875,100.125,99.125,100.0,23539200.0,0.0
2016-09-22,100.375,101.0,99.125,99.625,25332800.0,0.0
2016-09-23,99.875,100.0,99.25,99.75,23955200.0,0.0
2016-09-26,98.875,99.25,98.25,98.75,25627200.0,0.0
2016-09-27,98.75,98.75,98.75,98.75,0.0,0.0
2016-09-28,98.75,98.75,98.75,98.75,0.0,0.0
2016-09-29,99.75,100.0,99.125,99.875,37776000.0,0.0
2016-09-30,99.0,99.375,98.75,99.0,24614400.0,0.0
2016-10-03,99.75,99.75,99.0,99.0,19135200.0,0.0
2016-10-04,98.75,99.375,98.625,99.375,15942400.0,0.0
2016-10-05,98.875,99.75,98.875,99.5,11414400.0,0.0
2016-10-06,100.25,100.375,100.0,100.25,20085600.0,0.0
2016-10-07,100.625,100.625,100.0,100.0,12265600.0,0.0
2016-10-11,101.25,102.375,100.625,101.375,41553600.0,0.0
2016-10-12,101.875,102.125,101.125,102.0,30932000.0,0.0
2016-10-13,102.625,103.0,102.0,102.25,28017600.0,0.0
2016-10-14,102.0,102.125,100.875,101.5,18040000.0,0.0
2016-10-17,101.0,102.5,100.5,102.375,23766400.0,0.0
2016-10-18,102.375,102.75,102.0,102.625,26260800.0,0.0
2016-10-19,102.75,103.125,102.75,103.0,27580800.0,0.0
2016-10-20,103.5,104.375,103.375,104.375,32256000.0,0.0
2016-10-21,105.0,106.25,104.875,105.375,52168000.0,0.0
2016-10-24,106.125,106.25,105.125,105.25,24948800.0,0.0
2016-10-25,105.75,107.375,105.625,107.125,38992800.0,0.0
2016-10-26,106.5,107.375,106.25,107.0,29145600.0,0.0
2016-10-27,107.375,108.0,106.25,106.75,29520000.0,0.0
2016-10-28,107.375,107.375,105.75,106.0,24276000.0,0.0
2016-10-31,105.875,106.625,104.5,106.625,24972000.0,0.0
2016-11-01,106.625,106.75,105.5,105.75,18731200.0,0.0
2016-11-02,105.0,105.5,103.25,103.25,41457600.0,0.0
2016-11-03,102.625,103.75,102.0,102.125,34136000.0,0.0
2016-11-04,102.0,103.125,102.0,102.5,20577600.0,0.0
2016-11-07,103.125,104.5,102.875,104.375,24022400.0,0.0
2016-11-08,104.875,105.0,103.25,103.75,16280800.0,0.0
2016-11-09,105.0,105.25,100.125,100.5,56207200.0,0.0
2016-11-10,103.0,103.0,101.875,101.875,38777600.0,0.0
2016-11-11,99.375,100.375,98.75,98.75,58423200.0,0.0
2016-11-14,99.375,99.5,98.25,98.75,36716800.0,0.0
2016-11-15,98.375,99.75,98.375,98.75,27116800.0,0.0
2016-11-16,99.25,99.875,98.75,98.75,29344000.0,0.0
2016-11-17,99.75,100.75,99.125,100.75,25460800.0,0.0
2016-11-18,100.75,101.625,99.75,101.125,25700000.0,0.0
2016-11-21,101.125,101.375,100.625,101.125,11456000.0,0.0
2016-11-22,101.625,102.125,101.25,101.5,22863200.0,0.0
2016-11-23,102.25,102.875,102.125,102.5,21122400.0,0.0
2016-11-24,101.875,102.125,101.375,101.375,13032000.0,0.0
2016-11-25,101.125,101.25,100.5,100.625,12829600.0,0.0
2016-11-28,101.75,101.75,100.875,101.625,12159200.0,0.0
2016-11-29,102.5,103.5,102.0,102.5,33350400.0,0.0
2016-11-30,102.75,103.625,101.625,102.5,39804800.0,0.0
2016-12-01,103.375,103.375,102.125,103.0,20602400.0,0.0
2016-12-02,101.875,102.375,101.625,102.125,21929600.0,0.0
2016-12-05,102.0,102.375,101.375,101.625,12609600.0,0.0
2016-12-06,102.625,103.0,102.375,102.875,23692800.0,0.0
2016-12-07,104.0,104.25,103.5,103.875,29590400.0,0.0
2016-12-08,105.0,106.0,104.625,106.0,66282400.0,0.0
2016-12-09,106.875,107.0,105.875,106.25,38017600.0,0.0
2016-12-12,105.625,106.125,104.125,104.25,28222400.0,0.0
2016-12-13,105.0,105.5,104.5,105.5,29092800.0,0.0
2016-12-14,106.125,106.25,104.625,104.625,23992800.0,0.0
2016-12-15,104.375,105.375,104.375,105.25,26461600.0,0.0
2016-12-16,104.875,105.625,104.5,104.5,28439200.0,0.0
2016-12-19,104.375,104.625,103.5,103.5,19383200.0,0.0
2016-12-20,104.375,104.75,103.75,104.625,18797600.0,0.0
2016-12-21,105.125,105.25,104.125,104.125,26215200.0,0.0
2016-12-22,104.5,104.5,103.375,103.5,22352800.0,0.0
2016-12-23,103.375,104.375,103.25,103.375,17437600.0,0.0
2016-12-26,103.5,104.125,103.5,104.125,6453600.0,0.0
2016-12-27,104.375,104.5,103.75,104.375,6774400.0,0.0
2016-12-28,103.875,105.0,103.875,105.0,12551200.0,0.0
2016-12-29,103.875,105.375,103.875,104.5,18927200.0,0.0
2016-12-30,105.25,105.5,105.0,105.25,17240800.0,0.0
2017-01-03,104.625,105.375,104.625,105.375,12211200.0,0.0
2017-01-04,105.375,105.75,105.25,105.25,18880800.0,0.0
2017-01-05,105.5,105.625,104.75,105.0,20177600.0,0.0
2017-01-06,105.625,105.625,104.75,104.75,17562400.0,0.0
2017-01-09,105.125,105.375,104.375,104.375,12941600.0,0.0
2017-01-10,104.875,105.125,104.5,105.0,12666400.0,0.0
2017-01-11,105.5,105.5,104.25,105.25,21523200.0,0.0
2017-01-12,105.25,105.5,104.5,105.375,22327200.0,0.0
2017-01-13,105.375,105.5,104.875,105.25,18072800.0,0.0
2017-01-16,105.0,105.0,104.375,104.375,12912000.0,0.0
2017-01-17,104.75,105.0,104.375,105.0,11548800.0,0.0
2017-01-18,105.0,105.125,104.125,104.125,15167200.0,0.0
2017-01-19,104.125,104.75,103.75,104.375,16925600.0,0.0
2017-01-20,105.0,105.0,104.25,104.25,13575200.0,0.0
2017-01-23,104.375,105.0,104.25,105.0,22187200.0,0.0
2017-01-24,104.5,105.0,104.5,104.625,20211200.0,0.0
2017-02-02,107.125,107.125,104.0,105.125,57068800.0,0.0
2017-02-03,104.75,105.125,104.375,104.625,27493600.0,0.0
2017-02-06,105.25,106.25,105.0,106.25,35532800.0,0.0
2017-02-07,106.875,107.25,105.75,107.25,45394400.0,0.0
2017-02-08,107.5,109.375,107.25,109.375,77283200.0,0.0
2017-02-09,110.0,111.125,109.625,111.125,75760800.0,0.0
2017-02-10,111.25,112.25,110.625,111.375,64649600.0,0.0
2017-02-13,111.75,112.375,111.0,112.375,42320000.0,0.0
2017-02-14,113.25,113.375,112.0,112.5,59132000.0,0.0
2017-02-15,113.125,113.75,112.625,113.625,59834400.0,0.0
2017-02-16,114.375,114.75,112.5,113.75,38084800.0,0.0
2017-02-17,113.0,113.625,112.5,112.5,23855200.0,0.0
2017-02-20,112.5,112.75,112.25,112.625,21981600.0,0.0
2017-02-21,113.75,113.75,112.25,113.125,27548000.0,0.0
2017-02-22,113.375,113.625,112.5,113.125,22290400.0,0.0
2017-02-23,112.25,113.375,112.25,112.875,25191200.0,0.0
2017-02-24,112.25,112.875,111.875,111.875,25395200.0,0.0
2017-03-01,113.0,113.0,111.25,111.25,24343200.0,0.0
2017-03-02,112.625,112.875,111.0,112.0,27184800.0,0.0
2017-03-03,112.125,112.125,110.75,111.0,23934400.0,0.0
2017-03-06,111.0,112.375,110.625,112.375,14743200.0,0.0
2017-03-07,112.375,113.375,112.0,113.125,24118400.0,0.0
2017-03-08,113.5,113.75,112.625,113.375,26876800.0,0.0
2017-03-09,112.75,112.875,111.625,111.625,27268800.0,0.0
2017-03-10,111.125,112.5,110.0,112.375,30039200.0,0.0
2017-03-13,112.75,112.75,111.875,112.5,12253600.0,0.0
2017-03-14,112.5,113.125,112.375,112.5,16468000.0,0.0
2017-03-15,112.375,113.0,112.125,112.625,14074400.0,0.0
2017-03-16,113.125,114.25,113.0,113.625,31026400.0,0.0
2017-03-17,114.125,114.25,113.75,114.25,37206400.0,0.0
2017-03-20,114.125,114.25,113.625,114.125,13362400.0,0.0
2017-03-21,114.125,114.75,114.125,114.375,23687200.0,0.0
2017-03-22,113.5,114.375,113.125,114.375,19390400.0,0.0
2017-03-23,114.625,114.625,113.5,114.125,13385600.0,0.0
2017-03-24,113.125,113.75,113.125,113.25,15688800.0,0.0
2017-03-27,112.5,113.75,112.25,113.125,18606400.0,0.0
2017-03-28,113.625,114.125,113.25,114.0,21665600.0,0.0
2017-03-29,114.625,114.75,113.75,114.375,18705600.0,0.0
2017-03-30,114.375,114.5,114.0,114.25,14864800.0,0.0
2017-03-31,114.25,114.5,113.75,113.75,21751200.0,0.0
2017-04-05,120.0,123.0,119.5,122.5,136405600.0,0.0
2017-04-06,122.75,123.25,120.875,121.625,51088000.0,0.0
2017-04-07,121.25,122.125,119.0,120.125,50523200.0,0.0
2017-04-10,120.0,120.625,119.5,120.625,29796000.0,0.0
2017-04-11,121.125,122.0,120.625,121.125,36963200.0,0.0
2017-04-12,121.75,121.75,120.75,121.625,32064800.0,0.0
2017-04-13,122.125,124.125,121.875,123.125,49123200.0,0.0
2017-04-14,122.125,122.25,120.875,120.875,28532000.0,0.0
2017-04-17,120.875,121.625,119.5,121.625,22817600.0,0.0
2017-04-18,122.375,122.5,121.0,121.25,12048800.0,0.0
2017-04-19,120.625,120.625,119.75,119.75,24576000.0,0.0
2017-04-20,120.0,120.25,119.375,120.0,20187200.0,0.0
2017-04-21,120.25,121.0,120.25,120.625,11651200.0,0.0
2017-04-24,122.125,122.125,120.625,121.25,12256000.0,0.0
2017-04-25,122.125,122.375,121.375,122.375,27880800.0,0.0
2017-04-26,123.375,123.375,122.5,122.75,31615200.0,0.0
2017-04-27,122.875,123.125,122.375,122.875,21342400.0,0.0
2017-04-28,123.125,124.375,122.5,123.5,37555200.0,0.0
2017-05-02,124.75,125.625,124.75,125.0,47229600.0,0.0
2017-05-03,125.0,126.875,125.0,125.625,34082400.0,0.0
2017-05-04,125.625,126.25,125.0,125.625,21939200.0,0.0
2017-05-05,125.0,126.25,125.0,125.0,17613600.0,0.0
2017-05-08,126.25,126.875,125.0,126.25,16781600.0,0.0
2017-05-09,127.5,131.875,126.875,130.0,84645600.0,0.0
2017-05-10,131.875,131.875,128.75,130.0,35706400.0,0.0
2017-05-11,130.0,130.0,128.75,130.0,31622400.0,0.0
2017-05-12,130.0,131.25,127.5,128.125,47000000.0,0.0
2017-05-15,128.75,130.625,128.125,130.0,26138400.0,0.0
2017-05-16,130.0,130.0,128.125,129.375,27899200.0,0.0
2017-05-17,128.75,129.375,127.5,128.75,22278400.0,0.0
2017-05-18,126.25,127.5,125.625,127.5,38740000.0,0.0
2017-05-19,127.5,128.125,126.875,126.875,14604000.0,0.0
2017-05-22,128.125,128.125,127.5,128.125,15540800.0,0.0
2017-05-23,128.75,130.625,128.125,130.0,38082400.0,0.0
2017-05-24,129.375,130.625,129.375,130.0,16996000.0,0.0
2017-05-25,130.625,131.25,130.0,131.25,23301600.0,0.0
2017-05-26,130.0,130.625,130.0,130.625,25361600.0,0.0
2017-05-31,129.375,130.0,128.75,128.75,31111200.0,0.0
2017-06-01,129.375,130.625,128.75,130.625,21784000.0,0.0
2017-06-02,131.25,131.875,130.625,131.875,25496000.0,0.0
2017-06-05,131.25,132.5,131.25,131.875,23156000.0,0.0
2017-06-06,131.875,131.875,131.25,131.25,16924800.0,0.0
2017-06-07,131.25,131.875,130.625,131.25,18737600.0,0.0
2017-06-08,131.25,131.875,130.625,131.25,12027200.0,0.0
2017-06-09,131.25,132.5,131.25,131.25,27054400.0,0.0
2017-06-12,128.75,129.375,127.5,127.5,39863200.0,0.0
2017-06-13,126.25,128.125,126.25,127.5,33906400.0,0.0
2017-06-14,128.125,128.75,126.25,127.5,31945600.0,0.0
2017-06-15,128.125,128.75,127.5,128.125,17867200.0,0.0
2017-06-16,128.125,131.25,128.125,131.25,44288000.0,0.0
2017-06-19,132.5,137.5,132.5,136.875,73120800.0,0.0
2017-06-20,139.375,143.75,139.375,143.125,72144800.0,0.0
2017-06-21,141.875,142.5,140.0,141.25,55670400.0,0.0
2017-06-22,141.25,143.125,140.0,140.625,46712000.0,0.0
2017-06-23,141.25,142.5,140.625,140.625,30157600.0,0.0
2017-06-26,141.875,151.25,141.25,150.0,110709600.0,0.0
2017-06-27,148.75,153.125,148.75,151.875,66268000.0,0.0
2017-06-28,150.0,151.25,147.5,147.5,74916800.0,0.0
2017-06-29,149.375,150.0,148.125,148.75,38654400.0,0.0
2017-06-30,146.875,147.5,145.0,146.25,54297600.0,0.0
2017-07-03,145.0,147.5,145.0,145.625,38040800.0,0.0
2017-07-04,145.625,146.25,141.25,141.25,52203200.0,0.0
2017-07-05,141.875,145.0,141.25,145.0,46241600.0,0.0
2017-07-06,144.375,144.375,142.5,144.375,24748800.0,0.0
2017-07-07,143.125,143.75,142.5,143.125,26055200.0,0.0
2017-07-10,143.75,145.0,143.125,144.375,35942400.0,0.0
2017-07-11,146.25,148.125,145.625,148.125,57205600.0,0.0
2017-07-12,148.125,149.375,147.5,148.125,71653600.0,0.0
2017-07-13,144.375,145.0,143.75,144.375,66203200.0,5.625
2017-07-14,145.0,145.0,143.75,144.375,28316800.0,0.0
2017-07-17,145.0,145.0,143.75,144.375,28311200.0,0.0
2017-07-18,144.375,146.25,143.75,146.25,27570400.0,0.0
2017-07-19,146.875,147.5,146.25,146.25,23513600.0,0.0
2017-07-20,147.5,148.125,145.625,145.625,27615200.0,0.0
2017-07-21,145.625,145.625,143.125,143.75,26162400.0,0.0
2017-07-24,143.125,145.0,142.5,145.0,22971200.0,0.0
2017-07-25,145.625,146.875,145.0,146.25,31085600.0,0.0
2017-07-26,146.875,146.875,144.375,144.375,22193600.0,0.0
2017-07-27,146.25,148.125,146.25,146.875,38150400.0,0.0
2017-07-28,146.875,147.5,145.625,146.875,22028000.0,0.0
2017-07-31,145.625,146.875,145.625,146.875,20868800.0,0.0
2017-08-01,145.625,146.875,145.625,145.625,19419200.0,0.0
2017-08-02,148.125,149.375,146.875,148.125,32477600.0,0.0
2017-08-03,146.875,148.75,146.875,148.75,26162400.0,0.0
2017-08-04,148.75,149.375,148.125,149.375,17000800.0,0.0
2017-08-07,149.375,152.5,149.375,151.875,44245600.0,0.0
2017-08-08,152.5,153.125,149.375,151.25,28544000.0,0.0
2017-08-09,149.375,150.625,146.875,147.5,37831200.0,0.0
2017-08-10,147.5,147.5,143.75,145.0,38383200.0,0.0
2017-08-11,143.125,146.25,143.125,145.625,32952800.0,0.0
2017-08-14,145.625,145.625,142.5,142.5,36312000.0,0.0
2017-08-15,144.375,145.0,143.125,144.375,18913600.0,0.0
2017-08-16,143.75,145.0,143.125,143.75,23023200.0,0.0
2017-08-17,143.75,145.0,143.75,145.0,14277600.0,0.0
2017-08-18,143.125,145.0,142.5,144.375,19631200.0,0.0
2017-08-21,143.125,143.75,142.5,143.75,15009457.0,0.0
2017-08-22,144.375,145.0,143.75,143.75,15093292.0,0.0
2017-08-23,144.375,145.625,143.75,143.75,23156169.0,0.0
2017-08-24,143.75,145.0,143.75,145.0,22284870.0,0.0
2017-08-25,145.0,145.625,144.375,145.0,16153437.0,0.0
2017-08-28,145.625,145.625,143.75,144.375,15911328.0,0.0
2017-08-29,143.75,144.375,143.75,144.375,13677401.0,0.0
2017-08-30,145.0,146.875,145.0,146.875,27287525.0,0.0
2017-08-31,148.125,148.75,146.25,146.875,26086370.0,0.0
2017-09-01,146.25,147.5,146.25,146.875,13946593.0,0.0
2017-09-04,145.625,146.875,145.0,145.625,15301080.0,0.0
2017-09-05,145.625,146.25,144.375,145.625,16834324.0,0.0
2017-09-06,145.0,145.625,143.75,144.375,18233355.0,0.0
2017-09-07,144.375,145.625,143.75,144.375,20293124.0,0.0
2017-09-08,145.0,146.875,144.375,146.25,31735848.0,0.0
2017-09-11,146.875,147.5,144.375,145.0,16836020.0,0.0
2017-09-12,146.25,146.875,145.0,146.25,15294554.0,0.0
2017-09-13,145.625,146.875,144.375,144.375,19660940.0,0.0
2017-09-14,144.375,144.375,142.5,143.125,24419361.0,0.0
2017-09-15,142.5,143.75,142.5,143.75,38257807.0,0.0
2017-09-18,142.5,143.75,141.25,142.5,37218988.0,0.0
2017-09-19,141.875,142.5,137.5,137.5,78688935.0,0.0
2017-09-20,136.25,137.5,133.125,133.125,76690285.0,0.0
2017-09-21,131.875,140.0,131.25,138.75,81538097.0,0.0
2017-09-22,136.25,137.5,135.0,135.0,46907149.0,0.0
2017-09-25,133.75,133.75,131.25,131.25,55251560.0,0.0
2017-09-26,130.0,132.5,128.75,129.375,57276045.0,0.0
2017-09-27,131.25,131.875,130.625,131.25,29824445.0,0.0
2017-09-28,132.5,132.5,130.0,130.625,27778607.0,0.0
2017-09-29,130.625,131.875,129.375,131.25,26809956.0,0.0
2017-10-02,135.0,135.0,133.75,133.75,19701888.0,0.0
2017-10-03,134.375,135.0,132.5,132.5,20696517.0,0.0
2017-10-05,133.125,133.75,131.25,132.5,17618489.0,0.0
2017-10-06,133.125,133.75,132.5,133.125,16187235.0,0.0
2017-10-11,134.375,136.25,133.75,133.75,34528264.0,0.0
2017-10-12,135.625,136.25,134.375,135.0,33491009.0,0.0
2017-10-13,135.0,135.0,133.75,135.0,20761135.0,0.0
2017-10-16,136.25,137.5,135.0,136.875,27626600.0,0.0
2017-10-17,138.75,138.75,136.875,138.125,30423870.0,0.0
2017-10-18,139.375,140.0,137.5,139.375,28483260.0,0.0
2017-10-19,140.0,141.875,139.375,141.25,35477216.0,0.0
2017-10-20,140.0,141.25,138.75,140.0,22824491.0,0.0
2017-10-23,140.625,141.25,136.25,136.875,24910742.0,0.0
2017-10-24,137.5,139.375,136.25,136.875,22281280.0,0.0
2017-10-25,138.75,139.375,137.5,138.75,23759273.0,0.0
2017-10-26,137.5,139.375,137.5,138.125,15306231.0,0.0
2017-10-27,139.375,140.0,137.5,137.5,17042426.0,0.0
2017-10-30,141.25,142.5,139.375,139.375,31308972.0,0.0
2017-10-31,140.625,141.25,139.375,140.0,26279280.0,0.0
2017-11-01,140.625,141.25,139.375,140.0,14769348.0,0.0
2017-11-02,139.375,141.25,139.375,140.625,18983760.0,0.0
2017-11-03,141.25,143.125,140.625,141.25,27078292.0,0.0
2017-11-06,143.125,143.125,141.25,141.25,18333577.0,0.0
2017-11-07,142.5,142.5,140.0,140.0,23281745.0,0.0
2017-11-08,140.625,141.25,138.75,138.75,19755462.0,0.0
2017-11-09,138.75,139.375,135.625,135.625,32817122.0,0.0
2017-11-10,133.125,135.0,132.5,134.375,41587261.0,0.0
2017-11-13,134.375,135.0,133.125,133.75,18165258.0,0.0
2017-11-14,135.0,135.0,132.5,132.5,21459256.0,0.0
2017-11-15,128.75,130.625,128.75,128.75,101843079.0,0.0
2017-11-16,128.125,130.625,128.125,130.0,38108822.0,0.0
2017-11-17,131.875,133.125,131.875,131.875,41734323.0,0.0
2017-11-20,131.875,131.875,130.0,130.0,28008576.0,0.0
2017-11-21,130.625,131.25,130.0,130.0,27096074.0,0.0
2017-11-22,130.0,131.25,130.0,130.0,38166224.0,0.0
2017-11-23,130.0,132.5,130.0,132.5,23787433.0,0.0
2017-11-24,131.25,132.5,130.625,130.625,18577474.0,0.0
2017-11-27,130.625,131.25,128.75,128.75,28941272.0,0.0
2017-11-28,128.75,129.375,127.5,128.125,30452490.0,0.0
2017-11-29,128.75,129.375,128.125,128.75,22903472.0,0.0
2017-11-30,127.5,128.125,125.0,125.0,62907407.0,0.0
2017-12-01,125.0,125.625,122.5,123.875,64978731.0,0.0
2017-12-04,123.125,124.125,122.5,123.75,34610309.0,0.0
2017-12-05,122.25,122.375,119.375,119.5,72680292.0,0.0
2017-12-06,116.875,118.125,116.25,116.25,79105411.0,0.0
2017-12-07,117.0,117.875,116.25,117.0,32224522.0,0.0
2017-12-08,116.5,117.875,115.625,117.0,35866224.0,0.0
2017-12-11,119.625,121.625,119.5,120.0,58107936.0,0.0
2017-12-12,120.0,120.0,117.5,117.625,40238058.0,0.0
2017-12-13,116.875,117.625,116.625,117.125,28883102.0,0.0
2017-12-14,117.625,119.375,117.625,118.625,24604468.0,0.0
2017-12-15,118.125,118.25,116.875,116.875,39601120.0,0.0
2017-12-18,118.125,118.125,117.0,117.0,14639564.0,0.0
2017-12-19,116.375,116.875,114.0,114.0,54779119.0,0.0
2017-12-20,113.125,115.875,113.125,115.875,31603269.0,0.0
2017-12-21,116.25,116.375,115.375,115.375,16644092.0,0.0
2017-12-22,116.125,116.125,115.5,116.125,13790736.0,0.0
2017-12-25,116.25,116.5,115.125,115.125,10057026.0,0.0
2017-12-26,115.0,115.125,113.125,114.0,21318608.0,0.0
2017-12-27,114.625,115.25,114.375,115.25,16988185.0,0.0
2017-12-28,116.5,118.375,116.125,117.875,32023332.0,0.0
2017-12-29,118.375,119.125,118.25,119.0,30136152.0,0.0
2018-01-02,119.25,119.625,117.875,118.75,22881852.0,0.0
2018-01-03,118.75,119.125,117.5,117.5,45193668.0,0.0
2018-01-04,117.0,117.375,115.625,115.75,43005120.0,0.0
2018-01-05,115.375,116.25,114.5,116.25,46881719.0,0.0
2018-01-08,115.375,115.75,114.625,114.75,37241359.0,0.0
2018-01-09,115.625,115.75,114.75,114.75,28794744.0,0.0
2018-01-10,114.0,114.375,113.25,113.5,44799220.0,0.0
2018-01-11,114.0,115.625,113.625,114.25,53367584.0,0.0
2018-01-12,114.5,115.5,114.375,114.75,39188554.0,0.0
2018-01-15,115.875,116.625,115.5,116.625,33625388.0,0.0
2018-01-16,117.0,117.125,116.25,116.75,30658992.0,0.0
2018-01-17,116.0,116.875,115.75,116.75,29810764.0,0.0
2018-01-18,117.625,118.5,117.25,117.25,45076660.0,0.0
2018-01-19,117.5,121.125,117.5,121.125,81146340.0,0.0
2018-01-22,121.5,121.75,120.125,120.75,48936155.0,0.0
2018-01-23,120.0,121.125,119.375,121.125,40183920.0,0.0
2018-01-24,121.0,121.0,119.75,119.875,33666931.0,0.0
2018-01-25,119.0,120.625,119.0,119.25,45482758.0,0.0
2018-01-26,119.0,120.125,118.75,119.25,36345607.0,0.0
2018-01-29,119.25,119.625,118.125,118.375,36652064.0,0.0
2018-01-30,117.75,118.625,117.0,117.0,30687018.0,0.0
2018-01-31,115.125,116.25,115.125,115.25,45494523.0,0.0
2018-02-01,115.75,118.5,115.75,116.875,32636135.0,0.0
2018-02-02,117.25,119.25,117.125,119.0,38378352.0,0.0
2018-02-05,115.625,116.875,115.625,116.0,41691148.0,0.0
2018-02-06,113.25,114.0,110.125,111.5,115028511.0,0.0
2018-02-07,114.125,114.125,112.5,112.5,57614000.0,0.0
2018-02-08,112.5,113.0,111.25,111.25,32129717.0,0.0
2018-02-09,107.625,110.0,107.625,109.375,52131912.0,0.0
2018-02-12,109.625,110.75,109.5,109.5,50114208.0,0.0
2018-02-21,110.25,111.25,110.25,110.25,48363564.0,0.0
2018-02-22,109.75,110.5,109.5,109.875,36470657.0,0.0
2018-02-23,110.125,112.125,110.125,111.125,28335270.0,0.0
2018-02-26,111.25,112.25,111.0,111.0,29605201.0,0.0
2018-02-27,111.875,112.125,110.125,110.125,33272484.0,0.0
2018-03-01,109.75,110.375,109.375,109.875,33659192.0,0.0
2018-03-02,109.0,109.75,108.75,109.75,22400442.0,0.0
2018-03-05,109.625,110.125,108.75,108.75,24459339.0,0.0
2018-03-06,110.375,111.0,109.75,110.25,26357216.0,0.0
2018-03-07,110.75,112.625,110.375,110.625,35345312.0,0.0
2018-03-08,111.75,112.375,110.75,111.75,26757752.0,0.0
2018-03-09,113.75,115.375,112.875,114.875,69289441.0,0.0
2018-03-12,117.375,118.125,116.5,117.875,70991384.0,0.0
2018-03-13,118.75,120.625,118.5,119.0,67622579.0,0.0
2018-03-14,117.625,118.0,116.625,116.625,39863255.0,0.0
2018-03-15,116.0,118.375,115.375,116.75,33302965.0,0.0
2018-03-16,117.625,117.625,116.0,116.0,56741066.0,0.0
2018-03-19,115.75,116.875,115.5,116.125,23801912.0,0.0
2018-03-20,115.875,116.125,115.5,115.75,22325342.0,0.0
2018-03-21,115.25,116.125,115.25,115.5,22562171.0,0.0
2018-03-22,116.25,116.75,115.5,116.0,20038540.0,0.0
2018-03-23,113.75,114.5,113.0,113.0,46356075.0,0.0
2018-03-26,112.125,112.875,112.125,112.75,25844068.0,0.0
2018-03-27,113.75,114.375,113.375,114.0,24066772.0,0.0
2018-03-28,113.625,113.625,112.625,112.625,18466060.0,0.0
2018-03-29,112.5,113.25,112.125,112.5,24322749.0,0.0
2018-03-30,113.625,115.375,113.625,114.25,27591300.0,0.0
2018-04-02,110.625,111.75,109.375,110.125,43630381.0,0.0
2018-04-03,108.875,109.375,108.625,109.0,47449579.0,0.0
2018-04-09,108.25,110.0,108.125,109.25,45704560.0,0.0
2018-04-10,108.5,109.375,108.5,108.75,28664449.0,0.0
2018-04-11,109.625,111.125,109.125,109.125,32021274.0,0.0
2018-04-12,108.875,109.375,108.5,108.5,31028807.0,0.0
2018-04-13,108.75,109.125,108.625,108.75,20973101.0,0.0
2018-04-16,108.875,110.0,108.5,109.5,20499824.0,0.0
2018-04-17,109.0,109.125,108.125,108.125,32989891.0,0.0
2018-04-18,108.25,108.75,106.0,106.0,59271556.0,0.0
2018-04-19,105.0,107.0,103.625,106.25,55835633.0,0.0
2018-04-20,104.75,105.5,104.375,105.0,25127452.0,0.0
2018-04-23,104.5,104.875,103.75,103.75,36170394.0,0.0
2018-04-24,102.875,103.0,100.5,100.75,57563292.0,0.0
2018-04-25,99.875,100.75,99.375,100.5,40303204.0,0.0
2018-04-26,101.875,102.5,100.625,100.75,30636437.0,0.0
2018-04-27,101.75,101.875,101.0,101.875,22250115.0,0.0
2018-04-30,102.75,103.75,101.875,103.625,23957750.0,0.0
2018-05-02,104.125,104.5,102.125,102.25,29409952.0,0.0
2018-05-03,100.375,101.0,100.125,100.125,39636875.0,0.0
2018-05-04,100.125,101.125,100.125,100.5,20085507.0,0.0
2018-05-07,101.875,102.5,100.75,102.0,20344311.0,0.0
2018-05-08,101.625,103.25,101.625,103.25,22615792.0,0.0
2018-05-09,102.25,103.875,102.25,102.25,24552268.0,0.0
2018-05-10,102.875,103.75,102.625,103.625,20409381.0,0.0
2018-05-11,105.125,106.25,104.5,106.25,37859652.0,0.0
2018-05-14,113.0,113.0,109.625,111.25,102619870.0,0.0
2018-05-15,111.25,111.25,107.5,107.5,58190856.0,0.0
2018-05-16,107.0,107.375,105.125,105.75,44038651.0,0.0
2018-05-17,106.0,107.0,105.25,105.25,22673220.0,0.0
2018-05-18,105.5,106.25,104.875,104.875,19150012.0,0.0
2018-05-21,105.5,106.875,105.5,106.25,19199119.0,0.0
2018-05-22,106.375,106.75,105.0,105.0,19324308.0,0.0
2018-05-23,105.625,105.875,104.5,104.5,16045619.0,0.0
2018-05-24,104.375,105.5,104.375,105.125,18350489.0,0.0
2018-05-25,105.625,108.75,105.375,108.125,40522437.0,0.0
2018-05-28,110.25,111.125,109.75,111.0,51987603.0,0.0
2018-05-29,111.125,111.25,109.375,109.5,29795651.0,0.0
2018-05-30,108.125,110.125,108.125,109.25,31206329.0,0.0
2018-05-31,109.25,110.0,107.125,107.125,66653723.0,0.0
2018-06-01,107.75,108.75,107.625,108.25,16267238.0,0.0
2018-06-04,109.375,110.0,109.25,109.75,26681376.0,0.0
2018-06-05,110.0,110.625,109.375,110.125,25309133.0,0.0
2018-06-06,110.0,111.5,110.0,111.375,35721686.0,0.0
2018-06-07,112.375,114.0,111.625,114.0,68589467.0,0.0
2018-06-08,114.125,114.875,110.0,110.375,79786823.0,0.0
2018-06-11,110.125,110.5,108.875,109.25,32047612.0,0.0
2018-06-12,109.125,110.25,108.875,109.625,32705860.0,0.0
2018-06-13,110.0,110.5,109.125,109.75,19736389.0,0.0
2018-06-14,108.5,109.125,106.875,106.875,50041681.0,0.0
2018-06-15,106.0,106.5,105.625,106.25,44029548.0,0.0
2018-06-19,104.5,105.25,103.75,103.75,52722952.0,0.0
2018-06-20,102.875,104.25,102.25,103.75,37314816.0,0.0
2018-06-21,103.75,104.375,103.375,103.375,23720154.0,0.0
2018-06-22,102.5,103.0,102.25,102.875,26679439.0,0.0
2018-06-25,102.625,102.75,101.875,101.875,28695423.0,0.0
2018-06-26,101.125,102.0,100.375,101.25,33393759.0,0.0
2018-06-27,101.375,101.875,101.125,101.125,26338176.0,0.0
2018-06-28,101.125,101.375,100.375,100.625,22453360.0,0.0
2018-06-29,101.375,104.0,101.25,104.0,31787527.0,0.0
2018-07-02,104.125,104.125,101.25,101.25,27297955.0,0.0
2018-07-03,101.375,102.125,100.625,100.875,19194058.0,0.0
2018-07-04,101.0,102.0,101.0,102.0,13962236.0,0.0
2018-07-05,102.125,102.25,101.25,101.5,13979266.0,0.0
2018-07-06,101.125,101.5,100.25,100.625,31423124.0,0.0
2018-07-09,101.75,102.0,100.875,101.0,15299233.0,0.0
2018-07-10,101.5,101.625,100.375,100.625,25041964.0,0.0
2018-07-11,100.75,102.5,100.75,102.0,29404060.0,0.0
2018-07-12,101.0,102.25,101.0,101.5,20967731.0,0.0
2018-07-13,102.125,103.625,102.125,103.625,28979532.0,0.0
2018-07-16,103.75,104.25,103.5,103.5,19780872.0,0.0
2018-07-17,103.625,104.375,103.125,103.625,18204702.0,0.0
2018-07-18,104.75,105.5,104.25,105.125,37352167.0,0.0
2018-07-19,105.625,106.5,105.375,106.5,31130595.0,0.0
2018-07-20,106.875,107.25,105.25,106.625,31184604.0,0.0
2018-07-23,107.0,107.125,106.125,106.875,28538121.0,0.0
2018-07-24,106.375,107.5,106.25,106.5,51556430.0,0.0
2018-07-25,103.5,104.0,103.0,103.375,30354254.0,2.5
2018-07-26,103.125,104.375,102.75,104.375,21443237.0,0.0
2018-07-27,104.125,104.625,103.75,104.0,19002229.0,0.0
2018-07-30,104.25,105.375,103.875,105.25,29675366.0,0.0
2018-07-31,104.5,105.0,104.25,104.75,20707232.0,0.0
2018-08-01,104.875,105.375,104.375,105.125,23742560.0,0.0
2018-08-02,105.625,105.625,103.25,103.5,22842141.0,0.0
2018-08-03,104.5,104.75,103.75,104.75,18473730.0,0.0
2018-08-06,104.5,106.125,104.5,105.75,18488156.0,0.0
2018-08-07,106.5,106.5,105.5,105.5,24845871.0,0.0
2018-08-08,106.25,106.375,105.5,106.25,26145400.0,0.0
2018-08-09,107.0,107.0,106.25,106.5,20805246.0,0.0
2018-08-10,106.75,107.5,106.625,107.375,25760288.0,0.0
2018-08-13,107.375,107.5,104.375,104.75,28042868.0,0.0
2018-08-14,103.875,103.875,101.0,101.625,59249690.0,0.0
2018-08-15,101.25,101.875,100.375,101.375,37646316.0,0.0
2018-08-16,101.25,102.25,100.375,101.5,20949308.0,0.0
2018-08-17,102.5,102.625,101.375,101.375,19087311.0,0.0
2018-08-20,101.375,102.0,101.25,101.25,16867433.0,0.0
2018-08-21,101.5,101.625,101.25,101.25,17415579.0,0.0
2018-08-22,101.5,102.375,101.5,102.125,13418093.0,0.0
2018-08-23,102.625,102.625,101.25,102.25,17029659.0,0.0
2018-08-24,101.875,102.0,100.625,101.375,17189495.0,0.0
2018-08-27,101.375,101.625,101.0,101.25,15902831.0,0.0
2018-08-28,101.625,101.875,101.25,101.5,18467742.0,0.0
2018-08-29,101.5,101.75,101.375,101.75,17455293.0,0.0
2018-08-30,102.0,102.0,101.125,101.125,21364048.0,0.0
2018-08-31,100.875,101.0,100.375,100.625,34669629.0,0.0
2018-09-03,100.875,100.875,100.125,100.125,19007812.0,0.0
2018-09-04,100.25,100.625,100.125,100.125,13959788.0,0.0
2018-09-05,100.625,100.625,100.125,100.125,18018246.0,0.0
2018-09-06,100.0,100.125,98.875,99.125,31412452.0,0.0
2018-09-07,98.875,98.875,96.875,97.125,49261782.0,0.0
2018-09-10,96.75,96.875,93.5,93.875,62290696.0,0.0
2018-09-11,94.25,97.125,94.25,97.125,38918984.0,0.0
2018-09-12,97.5,97.875,95.75,96.25,35146614.0,0.0
2018-09-13,96.25,96.25,94.75,95.0,28930405.0,0.0
2018-09-14,95.875,97.5,95.875,97.375,25355916.0,0.0
2018-09-17,97.5,97.5,96.875,97.25,12293253.0,0.0
2018-09-18,96.375,96.5,94.75,94.75,27709529.0,0.0
2018-09-19,95.25,95.625,94.75,95.5,24462112.0,0.0
2018-09-20,95.25,95.375,94.0,94.5,21282019.0,0.0
2018-09-21,94.75,95.25,93.875,94.75,36897023.0,0.0
2018-09-25,94.375,95.375,94.0,95.125,16418112.0,0.0
2018-09-26,96.0,97.375,95.625,96.625,25844777.0,0.0
2018-09-27,96.875,98.375,96.625,98.375,24585896.0,0.0
2018-09-28,98.625,99.375,97.625,99.0,30414720.0,0.0
2018-10-01,99.875,100.5,99.5,99.875,21893979.0,0.0
2018-10-02,100.375,100.5,97.625,97.625,31390971.0,0.0
2018-10-03,97.625,97.75,97.0,97.25,14156884.0,0.0
2018-10-04,97.125,97.25,95.25,95.25,24244027.0,0.0
2018-10-05,95.25,95.625,94.0,94.5,25313910.0,0.0
2018-10-08,94.25,95.125,94.125,94.375,15148312.0,0.0
2018-10-09,94.625,95.0,94.125,94.125,17571152.0,0.0
2018-10-11,90.25,90.375,87.5,87.625,77677171.0,0.0
2018-10-12,87.5,90.0,87.125,89.875,37269571.0,0.0
2018-10-15,89.0,89.0,87.75,88.125,30235586.0,0.0
2018-10-16,87.625,88.125,87.5,88.0,44156946.0,0.0
2018-10-17,88.375,88.75,85.125,85.125,68614752.0,0.0
2018-10-18,85.125,85.125,85.125,85.125,0.0,0.0
2018-10-19,85.125,85.125,85.125,85.125,0.0,0.0
2018-10-22,85.125,85.125,85.125,85.125,0.0,0.0
2018-10-23,85.125,85.125,85.125,85.125,0.0,0.0
2018-10-24,85.125,85.125,85.125,85.125,0.0,0.0
2018-10-25,85.125,85.125,85.125,85.125,0.0,0.0
2018-10-26,79.8,79.8,75.5,76.2,94812656.0,0.0
2018-10-29,78.2,78.2,75.5,75.5,37754156.0,0.0
2018-10-30,75.5,76.5,75.3,76.4,25299205.0,0.0
2018-10-31,78.1,78.8,77.7,78.8,38499406.0,0.0
2018-11-01,79.0,80.0,78.7,79.9,27690014.0,0.0
2018-11-02,79.7,81.6,78.7,81.0,33316756.0,0.0
2018-11-05,81.0,81.0,79.5,80.0,22308657.0,0.0
2018-11-06,79.5,79.6,77.1,77.3,26881925.0,0.0
2018-11-07,78.4,78.4,77.4,77.9,23677091.0,0.0
2018-11-08,78.2,78.4,76.6,76.6,30369462.0,0.0
2018-11-09,76.5,76.6,75.5,76.1,29029195.0,0.0
2018-11-12,75.9,76.9,75.8,76.2,20715466.0,0.0
2018-11-13,74.4,74.8,73.8,74.4,30588718.0,0.0
2018-11-14,74.6,74.7,73.0,73.3,35069438.0,0.0
2018-11-15,73.3,75.4,72.5,74.5,37801181.0,0.0
2018-11-16,74.9,75.0,73.8,74.3,23944773.0,0.0
2018-11-19,73.7,73.8,73.1,73.4,29552164.0,0.0
2018-11-20,72.0,72.7,71.0,71.0,41220804.0,0.0
2018-11-21,69.0,70.9,68.9,70.6,43230083.0,0.0
2018-11-22,70.6,71.0,69.4,69.5,32741087.0,0.0
2018-11-23,69.9,70.4,69.6,70.0,22499145.0,0.0
2018-11-26,71.3,71.5,70.6,71.0,25454931.0,0.0
2018-11-27,71.0,71.0,70.1,70.7,23732315.0,0.0
2018-11-28,71.0,73.4,71.0,73.1,48605161.0,0.0
2018-11-29,74.4,74.5,72.4,72.4,44157607.0,0.0
2018-11-30,72.6,73.9,71.9,71.9,77449359.0,0.0
2018-12-03,73.1,74.3,73.1,74.0,44718298.0,0.0
2018-12-04,74.0,74.0,73.1,73.4,23349621.0,0.0
2018-12-05,72.3,72.5,71.5,71.6,23887867.0,0.0
2018-12-06,70.3,71.0,68.8,69.0,70095497.0,0.0
2018-12-07,69.2,69.6,69.1,69.1,29761587.0,0.0
2018-12-10,68.2,68.4,67.6,67.7,34091628.0,0.0
2018-12-11,68.5,69.2,68.4,68.4,27835901.0,0.0
2018-12-12,70.5,71.7,70.1,71.2,47974303.0,0.0
2018-12-13,71.2,73.0,71.2,73.0,46293838.0,0.0
2018-12-14,72.6,72.6,71.1,71.5,31581440.0,0.0
2018-12-17,71.6,72.2,71.1,71.1,17772612.0,0.0
2018-12-18,70.5,70.8,70.1,70.8,22905185.0,0.0
2018-12-19,70.9,71.8,70.8,71.8,17919150.0,0.0
2018-12-20,71.1,72.2,70.9,71.5,25126106.0,0.0
2018-12-21,70.6,71.4,70.2,71.4,33056429.0,0.0
2018-12-24,70.8,71.4,70.7,71.4,11791597.0,0.0
2018-12-25,70.0,70.9,70.0,70.7,10943586.0,0.0
2018-12-26,70.9,71.2,70.2,70.2,9507306.0,0.0
2018-12-27,71.8,71.8,70.8,70.8,17074054.0,0.0
2018-12-28,70.9,71.1,70.7,70.8,16169241.0,0.0
2019-01-02,71.4,71.4,69.9,70.1,16775306.0,0.0
2019-01-03,69.0,69.4,68.5,68.9,36198461.0,0.0
2019-01-04,68.2,68.2,67.0,67.6,37013571.0,0.0
2019-01-07,68.7,69.4,68.3,69.3,24084557.0,0.0
2019-01-08,69.6,69.6,68.2,68.6,18303188.0,0.0
2019-01-09,68.9,70.2,68.8,69.9,31946504.0,0.0
2019-01-10,69.8,69.8,68.9,69.3,19041006.0,0.0
2019-01-11,69.8,70.2,69.4,69.4,23895923.0,0.0
2019-01-14,69.3,69.7,68.6,68.7,14186528.0,0.0
2019-01-15,69.5,70.6,69.5,70.3,34095247.0,0.0
2019-01-16,69.8,70.5,69.8,70.2,16978789.0,0.0
2019-01-17,70.7,70.9,70.0,70.4,14229333.0,0.0
2019-01-18,70.5,70.8,70.3,70.8,13989609.0,0.0
2019-01-21,71.3,71.4,70.9,71.2,13812012.0,0.0
2019-01-22,71.2,71.2,70.3,70.7,9804658.0,0.0
2019-01-23,70.5,70.5,69.6,69.7,13311510.0,0.0
2019-01-24,69.5,70.1,69.5,70.0,21008129.0,0.0
2019-01-25,70.2,70.9,70.2,70.7,30878222.0,0.0
2019-01-28,70.8,71.0,70.6,70.8,19776596.0,0.0
2019-01-29,69.9,70.6,69.8,69.9,24642535.0,0.0
2019-01-30,69.9,70.5,69.8,70.0,25665168.0,0.0
2019-02-11,71.3,71.3,69.9,69.9,37551372.0,0.0
2019-02-12,70.5,72.0,70.2,72.0,39354433.0,0.0
2019-02-13,72.2,72.8,71.6,72.0,31353987.0,0.0
2019-02-14,72.0,72.2,71.4,71.4,15001817.0,0.0
2019-02-15,71.5,71.5,70.3,70.3,24217212.0,0.0
2019-02-18,70.8,71.7,70.8,71.0,24104159.0,0.0
2019-02-19,71.4,72.3,71.4,72.0,26849801.0,0.0
2019-02-20,72.6,73.8,72.4,73.2,46550905.0,0.0
2019-02-21,73.6,73.8,73.0,73.8,29935136.0,0.0
2019-02-22,73.5,73.5,73.0,73.5,24033042.0,0.0
2019-02-25,73.5,73.5,72.7,73.4,23324206.0,0.0
2019-02-26,73.6,73.8,72.8,72.8,19709421.0,0.0
2019-02-27,72.9,73.0,72.3,72.7,24412855.0,0.0
2019-03-04,72.3,72.4,71.5,72.2,35967079.0,0.0
2019-03-05,71.6,72.0,71.3,71.9,15266318.0,0.0
2019-03-06,72.3,72.5,72.0,72.5,12965399.0,0.0
2019-03-07,72.4,72.5,71.5,71.6,18481684.0,0.0
2019-03-08,71.5,71.5,70.6,70.7,26489333.0,0.0
2019-03-11,70.7,70.8,70.3,70.4,16883254.0,0.0
2019-03-12,71.0,71.4,70.8,71.2,17317165.0,0.0
2019-03-13,70.8,71.1,70.6,70.7,15570731.0,0.0
2019-03-14,71.0,71.3,70.7,71.1,15826574.0,0.0
2019-03-15,71.0,71.1,70.6,70.6,39278305.0,0.0
2019-03-18,71.1,72.0,71.0,72.0,19365627.0,0.0
2019-03-19,72.0,72.6,71.7,72.3,15694654.0,0.0
2019-03-20,72.2,72.5,72.0,72.4,13949626.0,0.0
2019-03-21,72.6,73.1,72.5,73.0,18642534.0,0.0
2019-03-22,73.4,73.5,72.4,73.0,15792364.0,0.0
2019-03-25,72.0,72.0,71.1,71.2,20943727.0,0.0
2019-03-26,71.8,71.9,71.5,71.8,6931426.0,0.0
2019-03-27,72.0,72.0,71.8,71.9,8550359.0,0.0
2019-03-28,72.0,72.0,71.5,71.8,7024350.0,0.0
2019-03-29,71.9,73.5,71.6,73.5,37626532.0,0.0
2019-04-01,77.0,80.8,76.7,80.8,168930589.0,0.0
2019-04-02,81.8,83.6,81.3,82.0,100156317.0,0.0
2019-04-03,82.3,82.7,80.7,81.9,42366852.0,0.0
2019-04-08,82.5,83.1,82.0,82.4,50206746.0,0.0
2019-04-09,82.8,82.9,82.0,82.5,28246484.0,0.0
2019-04-10,82.9,83.4,82.4,83.0,34543224.0,0.0
2019-04-11,83.6,84.7,83.3,83.8,44939031.0,0.0
2019-04-12,85.6,86.7,85.6,86.5,58914750.0,0.0
2019-04-15,87.8,89.8,87.2,89.3,72325290.0,0.0
2019-04-16,91.4,91.4,89.5,89.9,80576870.0,0.0
2019-04-17,91.0,92.7,90.1,91.8,91422037.0,0.0
2019-04-18,94.0,97.2,90.5,91.6,156478595.0,0.0
2019-04-19,92.6,92.9,88.6,88.9,84815908.0,0.0
2019-04-22,88.8,89.7,87.7,87.8,42019217.0,0.0
2019-04-23,88.2,88.5,86.8,88.3,66167792.0,0.0
2019-04-24,89.0,89.1,86.1,86.9,52576993.0,0.0
2019-04-25,86.0,87.2,85.8,86.8,32202088.0,0.0
2019-04-26,87.4,87.8,86.5,87.4,31089333.0,0.0
2019-04-29,87.5,88.8,87.4,87.8,33405276.0,0.0
2019-04-30,88.0,88.0,86.1,86.9,34255579.0,0.0
2019-05-02,86.5,87.3,86.3,86.9,24879608.0,0.0
2019-05-03,87.3,88.3,86.7,88.2,25168371.0,0.0
2019-05-06,85.7,86.2,84.8,84.9,48477706.0,0.0
2019-05-07,85.3,87.3,85.3,86.6,31286229.0,0.0
2019-05-08,85.8,86.3,85.3,85.9,24225963.0,0.0
2019-05-09,85.5,86.0,84.3,84.3,37217280.0,0.0
2019-05-10,85.0,85.6,83.1,83.7,26540533.0,0.0
2019-05-13,83.5,83.5,81.1,81.2,36817422.0,0.0
2019-05-14,79.1,80.5,78.8,79.7,58728717.0,0.0
2019-05-15,78.1,78.4,77.5,77.8,68954827.0,0.0
2019-05-16,78.1,78.3,75.9,75.9,61070947.0,0.0
2019-05-17,76.6,77.1,74.6,74.7,50083428.0,0.0
2019-05-20,75.3,76.1,74.7,75.0,31140335.0,0.0
2019-05-21,75.3,75.4,74.6,75.0,36661660.0,0.0
2019-05-22,75.1,75.3,74.0,74.0,30618177.0,0.0
2019-05-23,72.7,72.8,71.5,71.5,62459307.0,0.0
2019-05-24,71.5,72.2,71.1,71.4,40844359.0,0.0
2019-05-27,71.6,71.9,71.1,71.4,25409320.0,0.0
2019-05-28,71.3,72.0,71.2,71.2,136700059.0,0.0
2019-05-29,70.2,72.3,70.1,72.2,43871336.0,0.0
2019-05-30,72.2,73.7,71.7,73.4,44666687.0,0.0
2019-05-31,73.0,74.9,72.8,73.9,52374507.0,0.0
2019-06-03,73.3,73.7,72.2,73.4,30691063.0,0.0
2019-06-04,73.1,73.4,71.8,71.8,39322197.0,0.0
2019-06-05,72.5,72.8,71.0,71.0,48066800.0,0.0
2019-06-06,71.0,72.0,71.0,71.1,38757260.0,0.0
2019-06-10,72.0,72.3,71.2,72.1,35654410.0,0.0
2019-06-11,72.1,72.8,71.9,72.4,27727014.0,0.0
2019-06-12,72.5,73.9,72.0,73.7,40554559.0,0.0
2019-06-13,73.6,74.4,73.2,74.2,42030922.0,0.0
2019-06-14,74.2,75.5,74.2,75.1,40758143.0,0.0
2019-06-17,75.6,76.5,75.2,76.4,33117649.0,0.0
2019-06-18,77.2,77.5,75.1,75.9,36656969.0,0.0
2019-06-19,77.4,77.4,76.4,77.2,49543345.0,0.0
2019-06-20,77.3,77.8,76.8,77.7,26823796.0,0.0
2019-06-21,78.2,78.8,76.6,76.8,58532183.0,0.0
2019-06-24,76.4,77.2,75.3,77.1,28060800.0,0.0
2019-06-25,77.0,77.4,76.1,76.4,21534885.0,0.0
2019-06-26,76.1,76.7,76.1,76.3,17510518.0,0.0
2019-06-27,76.8,77.9,76.7,77.4,30881055.0,0.0
2019-06-28,77.6,78.2,77.4,77.4,21112390.0,0.0
2019-07-01,78.7,79.7,78.6,79.4,37776031.0,0.0
2019-07-02,79.0,79.5,78.7,79.1,21546017.0,0.0
2019-07-03,78.4,78.8,77.5,77.5,30692214.0,0.0
2019-07-04,78.0,78.4,77.5,77.7,14276447.0,0.0
2019-07-05,77.9,78.3,77.9,78.2,10943297.0,0.0
2019-07-08,78.4,79.0,78.3,79.0,19426333.0,0.0
2019-07-09,79.1,79.1,77.8,77.9,20888735.0,0.0
2019-07-10,78.7,78.7,77.7,77.9,20106457.0,0.0
2019-07-11,78.1,78.7,77.8,78.2,20457120.0,0.0
2019-07-12,78.0,78.2,77.5,77.6,26468868.0,0.0
2019-07-15,77.1,78.2,76.1,78.1,32661975.0,0.0
2019-07-16,78.4,80.8,78.4,80.0,59184035.0,0.0
2019-07-17,80.2,80.4,79.3,79.3,31541667.0,0.0
2019-07-18,79.2,79.7,79.0,79.0,20198449.0,0.0
2019-07-19,79.6,80.4,79.3,79.3,24476592.0,0.0
2019-07-22,79.5,80.8,79.4,80.6,38577555.0,0.0
2019-07-23,81.1,81.4,80.3,80.9,38227545.0,0.0
2019-07-24,81.2,81.5,80.8,81.3,73095922.0,0.0
2019-07-25,78.0,79.3,77.8,78.6,62909028.0,4.0
2019-07-26,78.4,78.9,78.1,78.4,22089564.0,0.0
2019-07-29,78.3,78.7,78.0,78.4,18209593.0,0.0
2019-07-30,78.7,78.8,77.6,77.8,27716754.0,0.0
2019-07-31,78.2,78.7,77.7,78.6,23732224.0,0.0
2019-08-01,77.8,78.4,77.6,77.9,31383363.0,0.0
2019-08-02,76.5,76.6,75.5,75.5,51771742.0,0.0
2019-08-05,74.9,74.9,72.6,72.8,49484279.0,0.0
2019-08-06,71.0,73.6,70.7,73.3,40168974.0,0.0
2019-08-07,73.6,73.9,72.8,72.9,26458601.0,0.0
2019-08-08,72.8,73.7,72.7,73.1,18743614.0,0.0
2019-08-12,73.2,74.3,72.8,73.7,17609546.0,0.0
2019-08-13,73.8,73.8,72.9,72.9,18041979.0,0.0
2019-08-14,74.0,74.3,72.6,72.6,34110030.0,0.0
2019-08-15,71.5,71.9,71.3,71.6,29341797.0,0.0
2019-08-16,71.4,72.7,71.2,72.0,33475801.0,0.0
2019-08-19,72.5,73.0,72.2,72.4,19816447.0,0.0
2019-08-20,72.5,72.9,72.4,72.4,18777661.0,0.0
2019-08-21,73.0,73.8,72.6,73.5,27098920.0,0.0
2019-08-22,74.0,74.3,73.3,73.9,23080538.0,0.0
2019-08-23,73.5,73.9,73.2,73.3,16397789.0,0.0
2019-08-26,71.8,72.1,71.6,72.0,29641247.0,0.0
2019-08-27,72.5,72.6,72.0,72.2,37138289.0,0.0
2019-08-28,72.3,72.5,72.0,72.4,14696633.0,0.0
2019-08-29,72.4,72.4,71.8,71.9,20188936.0,0.0
2019-08-30,72.8,74.2,72.6,74.2,39791593.0,0.0
2019-09-02,74.4,74.4,73.8,74.0,18506890.0,0.0
2019-09-03,74.2,74.3,73.6,73.6,14880467.0,0.0
2019-09-04,73.9,74.5,73.7,74.3,22256326.0,0.0
2019-09-05,74.8,75.3,74.4,74.9,26853451.0,0.0
2019-09-06,75.5,75.9,75.0,75.0,29147446.0,0.0
2019-09-10,74.8,74.8,73.8,74.1,24330390.0,0.0
2019-09-11,74.5,75.3,74.2,74.5,35738526.0,0.0
2019-09-12,75.0,76.0,74.6,76.0,61561226.0,0.0
2019-09-16,76.3,76.4,75.0,76.0,40895700.0,0.0
2019-09-17,74.9,75.5,74.5,74.6,43926799.0,0.0
2019-09-18,74.7,74.9,74.1,74.4,33122317.0,0.0
2019-09-19,74.6,74.8,73.5,73.5,31821479.0,0.0
2019-09-20,73.8,74.5,73.8,74.5,33275500.0,0.0
2019-09-23,74.5,74.7,74.2,74.7,10657229.0,0.0
2019-09-24,74.7,75.3,74.5,74.9,19777743.0,0.0
2019-09-25,74.7,74.8,74.1,74.8,18380995.0,0.0
2019-09-26,75.0,75.0,74.0,74.0,21861993.0,0.0
2019-09-27,74.1,74.3,73.2,73.2,25514894.0,0.0
2019-10-01,72.2,73.0,72.2,72.6,45392934.0,0.0
2019-10-02,72.2,72.5,72.2,72.3,25487396.0,0.0
2019-10-03,71.8,72.2,71.5,72.0,27606086.0,0.0
2019-10-04,72.2,72.7,72.0,72.7,18814662.0,0.0
2019-10-07,73.4,74.0,73.2,73.4,25366095.0,0.0
2019-10-08,73.9,74.2,73.5,74.0,28493260.0,0.0
2019-10-09,73.5,73.8,72.9,72.9,18869984.0,0.0
2019-10-14,74.3,74.5,73.8,74.5,48248401.0,0.0
2019-10-15,75.0,75.4,74.5,74.7,39808855.0,0.0
2019-10-16,75.4,75.4,74.7,75.0,35414100.0,0.0
2019-10-17,75.3,77.5,75.0,77.2,81667038.0,0.0
2019-10-18,77.6,78.2,76.9,76.9,79307262.0,0.0
2019-10-21,77.2,77.6,76.4,77.6,32380971.0,0.0
2019-10-22,78.5,79.8,78.4,79.5,84067950.0,0.0
2019-10-23,80.0,80.9,79.1,80.5,89180610.0,0.0
2019-10-24,80.9,81.2,80.2,80.5,40227260.0,0.0
2019-10-25,80.7,80.7,79.6,80.2,35236261.0,0.0
2019-10-28,80.5,80.8,80.0,80.1,24589303.0,0.0
2019-10-29,80.1,81.4,80.1,80.8,43338927.0,0.0
2019-10-30,80.9,80.9,79.7,80.2,31199154.0,0.0
2019-10-31,81.0,81.4,80.6,80.6,39460853.0,0.0
2019-11-01,81.4,84.8,80.9,84.8,124277985.0,0.0
2019-11-04,86.1,89.1,86.1,89.0,155824158.0,0.0
2019-11-05,90.0,90.4,89.1,90.0,114554576.0,0.0
2019-11-06,90.5,90.9,88.9,90.4,102692823.0,0.0
2019-11-07,90.4,91.0,89.8,90.8,91907245.0,0.0
2019-11-08,91.2,92.9,90.9,90.9,107939604.0,0.0
2019-11-11,91.0,91.3,86.7,87.9,112360283.0,0.0
2019-11-12,89.1,91.0,88.7,91.0,87919854.0,0.0
2019-11-13,90.0,90.6,89.2,89.7,52397137.0,0.0
2019-11-14,91.4,91.4,89.3,89.3,89212854.0,0.0
2019-11-15,90.7,90.8,89.8,90.1,43361570.0,0.0
2019-11-18,90.1,90.7,89.9,90.5,35921688.0,0.0
2019-11-19,90.5,92.8,90.3,92.8,108575561.0,0.0
2019-11-20,92.8,92.8,91.2,91.9,44527871.0,0.0
2019-11-21,91.2,92.5,90.7,92.5,52752786.0,0.0
2019-11-22,93.0,93.0,91.3,91.4,30090529.0,0.0
2019-11-25,91.6,91.6,89.0,89.6,56144076.0,0.0
2019-11-26,90.4,90.4,89.4,89.9,71764119.0,0.0
2019-11-27,89.6,90.8,89.6,90.6,19965877.0,0.0
2019-11-28,90.6,90.7,89.7,89.8,19363801.0,0.0
2019-11-29,90.0,90.5,88.2,88.5,37571546.0,0.0
2019-12-02,88.6,89.3,86.8,88.6,31236074.0,0.0
2019-12-03,88.3,90.3,87.8,90.0,33514279.0,0.0
2019-12-04,90.0,90.0,88.7,89.5,23893634.0,0.0
2019-12-05,90.0,90.7,89.6,89.9,19851813.0,0.0
2019-12-06,90.6,90.9,89.7,90.5,20657992.0,0.0
2019-12-09,90.8,91.7,90.3,91.0,39013354.0,0.0
2019-12-10,90.5,90.8,90.1,90.3,14099519.0,0.0
2019-12-11,90.5,91.3,90.4,91.3,32362218.0,0.0
2019-12-12,92.0,92.2,91.0,91.0,32664180.0,0.0
2019-12-13,92.0,92.0,90.9,91.0,33488249.0,0.0
2019-12-16,91.5,92.4,91.1,91.6,457107.0,0.0
2019-12-17,91.8,91.9,91.1,91.6,30639698.0,0.0
2019-12-18,91.6,92.8,91.1,92.4,58840462.0,0.0
2019-12-19,92.0,92.2,91.3,92.2,28904382.0,0.0
2019-12-20,92.5,92.6,91.1,91.1,39053336.0,0.0
2019-12-23,91.3,91.7,90.7,91.5,16995564.0,0.0
2019-12-24,91.5,91.5,90.8,90.9,11775451.0,0.0
2019-12-25,91.1,91.3,90.8,91.0,11310473.0,0.0
2019-12-26,91.0,91.3,90.7,90.8,10097183.0,0.0
2019-12-27,91.4,91.9,91.1,91.5,19597995.0,0.0
2019-12-30,91.6,91.8,90.9,90.9,15811376.0,0.0
2019-12-31,90.7,91.4,90.7,90.8,14491239.0,0.0
2020-01-02,91.0,91.5,90.3,90.8,20758722.0,0.0
2020-01-03,91.4,92.2,90.8,91.6,37936877.0,0.0
2020-01-06,91.1,91.1,90.1,90.5,26352522.0,0.0
2020-01-07,90.5,91.0,88.3,89.1,42728140.0,0.0
2020-01-08,87.9,88.1,86.5,86.5,56101121.0,0.0
2020-01-09,87.3,87.7,87.0,87.1,28192381.0,0.0
2020-01-10,88.0,89.0,87.5,89.0,32264863.0,0.0
2020-01-13,89.7,89.7,88.6,89.6,23369554.0,0.0
2020-01-14,90.0,90.1,89.6,90.0,18618838.0,0.0
2020-01-15,90.0,90.3,89.5,89.9,23798041.0,0.0
2020-01-16,89.8,90.2,89.4,90.0,19281565.0,0.0
2020-01-17,91.0,92.4,91.0,92.3,77634511.0,0.0
2020-01-20,92.7,93.4,92.1,92.3,35277412.0,0.0
2020-01-30,85.5,86.2,83.1,83.1,153608274.0,0.0
2020-01-31,83.0,84.9,82.6,83.2,69486948.0,0.0
2020-02-03,79.5,82.3,77.3,82.2,66666856.0,0.0
2020-02-04,91.5,91.7,82.2,82.2,45872853.0,0.0
2020-02-05,82.2,82.7,81.6,82.2,47188064.0,0.0
2020-02-06,82.5,83.6,82.3,83.6,43379109.0,0.0
2020-02-07,83.6,83.6,82.7,82.9,26495116.0,0.0
2020-02-10,79.0,82.7,78.9,82.0,42505477.0,0.0
2020-02-11,82.6,83.4,82.1,82.9,28310130.0,0.0
2020-02-12,83.0,85.6,83.0,85.5,56443491.0,0.0
2020-02-13,85.8,86.3,84.7,84.7,36012520.0,0.0
2020-02-14,84.7,85.3,84.3,84.9,21292704.0,0.0
2020-02-17,84.2,84.2,83.8,83.9,16771107.0,0.0
2020-02-18,84.0,84.3,83.0,83.4,22611466.0,0.0
2020-02-19,83.0,84.6,82.5,83.8,25476407.0,0.0
2020-02-20,84.0,84.1,82.5,82.8,35212272.0,0.0
2020-02-21,82.1,82.2,81.6,81.7,29778377.0,0.0
2020-02-24,80.6,81.4,80.2,80.7,32852370.0,0.0
2020-02-25,80.2,82.7,79.9,82.3,47213818.0,0.0
2020-02-26,81.2,82.2,80.7,81.1,43075406.0,0.0
2020-02-27,80.8,81.5,80.0,80.3,53384898.0,0.0
2020-03-02,78.2,80.3,78.1,79.2,53792166.0,0.0
2020-03-03,81.1,82.0,80.6,81.0,34822180.0,0.0
2020-03-04,81.5,81.9,81.1,81.7,29037913.0,0.0
2020-03-05,83.3,83.6,82.6,82.7,36950021.0,0.0
2020-03-06,81.6,81.7,80.7,80.8,38712605.0,0.0
2020-03-09,79.2,80.1,79.1,79.1,45009955.0,0.0
2020-03-10,78.5,79.8,78.5,79.4,37383665.0,0.0
2020-03-11,79.3,80.1,78.6,78.6,30546137.0,0.0
2020-03-12,77.4,77.5,74.5,74.7,85760356.0,0.0
2020-03-13,70.0,75.0,69.9,74.6,108780196.0,0.0
2020-03-16,73.9,74.3,71.1,71.1,65223917.0,0.0
2020-03-17,70.1,72.8,70.0,70.6,69146874.0,0.0
2020-03-18,70.7,71.3,70.0,70.0,75494240.0,0.0
2020-03-19,68.7,69.3,65.7,66.3,107246149.0,0.0
2020-03-20,68.0,71.4,68.0,70.8,102757524.0,0.0
2020-03-23,67.5,68.4,67.0,67.5,61288202.0,0.0
2020-03-24,70.6,70.7,69.1,69.4,41628933.0,0.0
2020-03-25,71.2,72.6,71.1,71.4,53652986.0,0.0
2020-03-26,71.5,71.7,70.5,71.0,38685860.0,0.0
2020-03-27,71.4,72.2,70.0,70.1,59785740.0,0.0
2020-03-30,69.5,70.3,69.0,70.0,33595577.0,0.0
2020-03-31,70.1,70.5,69.9,69.9,38298560.0,0.0
2020-04-01,70.5,70.5,70.0,70.0,24517865.0,0.0
2020-04-06,70.0,70.3,69.4,70.2,48957455.0,0.0
2020-04-07,71.4,71.9,70.8,71.2,46626787.0,0.0
2020-04-08,71.5,75.3,71.4,75.0,90172291.0,0.0
2020-04-09,75.5,75.9,73.7,74.0,55267837.0,0.0
2020-04-10,73.5,73.9,73.4,73.9,19079314.0,0.0
2020-04-13,73.8,73.9,73.1,73.1,25076651.0,0.0
2020-04-14,73.5,74.5,73.2,74.4,36772932.0,0.0
2020-04-15,74.5,75.2,74.1,74.1,42208905.0,0.0
2020-04-16,74.0,75.0,73.8,74.0,42182293.0,0.0
2020-04-17,75.5,76.5,75.3,75.8,70153153.0,0.0
2020-04-20,76.1,76.6,75.4,76.2,32197766.0,0.0
2020-04-21,75.2,75.5,73.5,73.5,50476839.0,0.0
2020-04-22,72.6,73.9,72.5,73.9,27664535.0,0.0
2020-04-23,74.2,75.2,73.6,74.0,26918129.0,0.0
2020-04-24,74.0,74.2,73.7,73.8,18097847.0,0.0
2020-04-27,74.2,75.2,74.2,74.9,28422746.0,0.0
2020-04-28,75.1,75.4,74.8,75.2,21837772.0,0.0
2020-04-29,75.2,76.2,75.1,75.6,31292555.0,0.0
2020-04-30,76.2,77.0,76.0,77.0,49682112.0,0.0
2020-05-04,74.0,75.0,73.9,74.5,50274654.0,0.0
2020-05-05,74.7,75.0,74.0,74.1,30499283.0,0.0
2020-05-06,74.1,75.2,74.1,74.3,26782236.0,0.0
2020-05-07,74.5,75.8,74.5,75.2,31856315.0,0.0
2020-05-08,76.8,76.8,75.9,76.2,38394983.0,0.0
2020-05-11,76.9,79.2,76.9,78.9,58601957.0,0.0
2020-05-12,78.3,78.4,77.0,77.3,45434634.0,0.0
2020-05-13,77.7,78.8,77.7,78.8,42897241.0,0.0
2020-05-14,78.0,78.9,78.0,78.2,41840911.0,0.0
2020-05-15,78.2,78.6,76.4,77.1,46922082.0,0.0
2020-05-18,76.6,76.6,74.9,75.0,57099171.0,0.0
2020-05-19,75.4,76.0,74.6,74.8,48852505.0,0.0
2020-05-20,74.9,75.3,74.5,74.5,30828720.0,0.0
2020-05-21,74.5,75.0,74.3,74.7,24213322.0,0.0
2020-05-22,74.2,74.4,73.5,73.6,46433168.0,0.0
2020-05-25,73.5,73.6,72.6,73.6,26982259.0,0.0
2020-05-26,73.7,75.3,73.6,74.8,28310825.0,0.0
2020-05-27,74.8,75.5,74.8,75.3,22380029.0,0.0
2020-05-28,75.7,75.9,74.8,75.3,26184820.0,0.0
2020-05-29,74.3,75.8,74.3,75.8,44636709.0,0.0
2020-06-01,76.0,76.8,75.9,76.2,25890941.0,0.0
2020-06-02,76.5,77.5,76.4,77.1,41692048.0,0.0
2020-06-03,78.0,78.4,77.6,78.1,42871656.0,0.0
2020-06-04,78.5,78.7,77.6,78.4,43657351.0,0.0
2020-06-05,78.1,78.5,77.8,78.5,33935695.0,0.0
2020-06-08,79.1,79.8,78.8,79.7,53575560.0,0.0
2020-06-09,79.3,80.2,78.9,79.5,38143498.0,0.0
2020-06-10,79.6,79.9,79.1,79.9,25863059.0,0.0
2020-06-11,79.9,80.3,78.1,78.6,41363010.0,0.0
2020-06-12,77.3,78.0,76.6,78.0,30382486.0,0.0
2020-06-15,77.7,77.9,77.0,77.0,26332046.0,0.0
2020-06-16,77.8,78.5,77.7,78.4,22339775.0,0.0
2020-06-17,78.9,79.0,77.9,78.2,18039312.0,0.0
2020-06-18,78.4,78.7,77.7,78.5,17726756.0,0.0
2020-06-19,78.6,78.9,78.1,78.8,35336232.0,0.0
2020-06-22,78.7,78.9,78.2,78.9,16769227.0,0.0
2020-06-23,79.6,80.7,79.3,80.2,45708143.0,0.0
2020-06-24,81.1,83.5,81.0,83.5,88391479.0,0.0
2020-06-29,83.6,85.8,83.4,85.2,96673392.0,0.0
2020-06-30,86.0,86.4,85.7,86.3,57741437.0,0.0
2020-07-01,86.5,87.6,85.5,85.9,44576514.0,0.0
2020-07-02,85.8,86.0,84.6,86.0,34070431.0,0.0
2020-07-03,86.1,86.2,85.1,85.3,42663049.0,0.0
2020-07-06,85.7,86.6,85.6,86.4,44150881.0,0.0
2020-07-07,87.1,87.5,85.6,87.0,52059744.0,0.0
2020-07-08,87.0,87.3,86.6,87.0,37038208.0,0.0
2020-07-09,87.3,87.4,85.8,86.2,49514490.0,0.0
2020-07-10,86.2,86.2,84.8,84.8,52271243.0,0.0
2020-07-13,85.4,86.7,85.4,86.7,36625700.0,0.0
2020-07-14,86.8,87.5,86.3,86.3,34124410.0,0.0
2020-07-15,86.6,87.2,86.5,86.6,47807002.0,0.0
2020-07-16,87.0,88.0,86.9,87.6,50530654.0,0.0
2020-07-17,88.3,88.6,87.6,88.0,48813379.0,0.0
2020-07-20,88.0,88.0,85.0,86.8,71647567.0,0.0
2020-07-21,86.0,86.1,85.1,85.3,74962395.0,0.0
2020-07-22,85.3,86.0,85.1,85.9,73724655.0,0.0
2020-07-23,81.3,82.5,81.1,82.1,78361972.0,4.2
2020-07-24,81.5,81.9,80.0,80.0,46595732.0,0.0
2020-07-27,79.6,79.9,78.0,78.0,66336332.0,0.0
2020-07-28,77.8,82.7,77.3,78.4,80001664.0,0.0
2020-07-29,78.6,79.8,78.0,78.0,39362154.0,0.0
2020-07-30,78.7,78.8,77.5,78.0,40501045.0,0.0
2020-07-31,78.5,79.4,78.4,78.4,43374202.0,0.0
2020-08-03,78.4,78.9,77.1,77.1,61172243.0,0.0
2020-08-04,77.7,78.2,77.5,78.1,23051382.0,0.0
2020-08-05,78.3,78.5,77.9,77.9,27876127.0,0.0
2020-08-06,79.3,79.7,78.5,79.0,33250505.0,0.0
2020-08-07,79.6,79.6,78.3,78.3,21862438.0,0.0
2020-08-10,79.2,80.9,79.1,80.5,49798520.0,0.0
2020-08-11,81.0,81.1,79.6,79.8,30816578.0,0.0
2020-08-12,80.9,81.5,79.9,81.4,45677601.0,0.0
2020-08-13,82.0,82.3,79.2,79.5,85508728.0,0.0
2020-08-14,79.8,80.7,79.6,80.4,34369498.0,0.0
2020-08-17,80.7,80.7,80.0,80.2,23393631.0,0.0
2020-08-18,80.5,80.5,79.3,79.8,27191399.0,0.0
2020-08-19,80.9,80.9,79.3,79.3,32048778.0,0.0
2020-08-20,79.6,79.9,75.6,77.1,61942250.0,0.0
2020-08-21,78.2,78.4,77.5,78.2,24487793.0,0.0
2020-08-24,78.2,78.4,77.6,77.6,21801923.0,0.0
2020-08-25,78.1,78.5,77.8,78.3,17655262.0,0.0
2020-08-26,78.3,78.4,77.9,78.2,16266412.0,0.0
2020-08-27,78.2,78.7,77.5,77.5,24154047.0,0.0
2020-08-28,77.4,78.2,77.1,77.5,25083462.0,0.0
2020-08-31,77.8,78.0,76.9,76.9,30580373.0,0.0
2020-09-01,76.9,77.3,76.4,77.0,18151104.0,0.0
2020-09-02,77.2,77.8,77.0,77.8,24934189.0,0.0
2020-09-03,78.8,79.3,77.6,77.7,41374369.0,0.0
2020-09-04,77.0,77.3,76.6,76.9,35776710.0,0.0
2020-09-07,76.8,77.5,76.8,77.3,20795188.0,0.0
2020-09-08,77.7,78.1,77.3,77.5,22118917.0,0.0
2020-09-09,77.3,77.9,76.6,77.9,22505471.0,0.0
2020-09-10,78.0,78.7,78.0,78.5,29117204.0,0.0
2020-09-11,78.5,78.5,78.0,78.5,16102726.0,0.0
2020-09-14,78.8,79.5,78.6,79.4,27029525.0,0.0
2020-09-15,79.4,79.4,78.9,79.1,16938546.0,0.0
2020-09-16,79.4,79.4,78.6,78.8,18122360.0,0.0
2020-09-17,78.6,79.1,78.0,78.1,20754040.0,0.0
2020-09-18,77.9,78.2,77.5,77.6,31389875.0,0.0
2020-09-21,77.6,78.3,77.3,77.4,19006472.0,0.0
2020-09-22,77.3,77.3,76.5,76.8,23201394.0,0.0
2020-09-23,77.0,77.2,76.6,76.7,17803854.0,0.0
2020-09-24,76.1,76.4,75.0,75.0,57338020.0,0.0
2020-09-25,75.4,75.7,74.1,74.3,38124876.0,0.0
2020-09-28,74.9,76.9,74.8,76.9,31682528.0,0.0
2020-09-29,77.3,78.4,77.0,77.0,31662973.0,0.0
2020-09-30,78.0,78.0,77.3,77.4,19229698.0,0.0
2020-10-05,78.2,78.5,77.5,77.7,19075464.0,0.0
2020-10-06,78.1,78.2,77.6,77.8,16976308.0,0.0
2020-10-07,77.4,77.8,77.1,77.4,17236406.0,0.0
2020-10-08,77.8,78.0,77.5,78.0,14942266.0,0.0
2020-10-12,78.4,78.8,78.1,78.7,37807427.0,0.0
2020-10-13,79.0,79.1,78.1,78.9,22946661.0,0.0
2020-10-14,78.1,78.8,78.0,78.0,36842974.0,0.0
2020-10-15,77.7,78.5,77.6,78.1,26260704.0,0.0
2020-10-16,78.4,79.9,78.2,78.6,48409062.0,0.0
2020-10-19,80.0,81.5,79.7,81.3,85721985.0,0.0
2020-10-20,81.5,82.0,80.8,81.4,45166857.0,0.0
2020-10-21,81.5,81.5,80.3,80.4,29912692.0,0.0
2020-10-22,80.8,80.8,80.3,80.8,23803904.0,0.0
2020-10-23,81.2,81.4,80.5,80.7,18545821.0,0.0
2020-10-26,81.1,81.1,80.0,80.2,14302954.0,0.0
2020-10-27,79.9,80.0,79.4,80.0,16558440.0,0.0
2020-10-28,79.4,79.7,78.2,78.3,32904050.0,0.0
2020-10-29,77.6,78.2,76.8,78.0,30542424.0,0.0
2020-10-30,77.6,78.2,77.1,77.5,25967547.0,0.0
2020-11-02,77.5,78.3,77.4,78.3,17779122.0,0.0
2020-11-03,78.5,78.8,78.1,78.3,14572543.0,0.0
2020-11-04,78.4,79.4,78.0,78.8,18883924.0,0.0
2020-11-05,79.0,79.3,78.5,79.0,14635844.0,0.0
2020-11-06,79.6,79.9,79.3,79.7,20743330.0,0.0
2020-11-09,80.7,81.5,80.5,81.2,40370761.0,0.0
2020-11-10,81.1,81.2,80.3,80.8,21803806.0,0.0
2020-11-11,80.8,81.7,80.4,81.6,36673265.0,0.0
2020-11-12,81.7,82.0,80.8,81.9,40247491.0,0.0
2020-11-13,81.9,82.0,80.9,81.4,32154345.0,0.0
2020-11-16,82.0,82.9,81.9,82.6,50569861.0,0.0
2020-11-17,83.1,83.3,82.3,83.0,38225431.0,0.0
2020-11-18,82.9,83.4,82.7,83.2,30867662.0,0.0
2020-11-19,82.7,83.2,82.5,82.9,23168892.0,0.0
2020-11-20,83.3,83.3,82.1,82.5,24772897.0,0.0
2020-11-23,82.9,83.2,82.5,82.9,24562403.0,0.0
2020-11-24,83.1,83.1,82.0,82.0,22681919.0,0.0
2020-11-25,82.4,82.5,81.5,82.0,23261567.0,0.0
2020-11-26,82.6,83.2,82.5,83.0,33348687.0,0.0
2020-11-27,83.0,83.0,82.5,82.6,20952764.0,0.0
2020-11-30,82.7,83.0,82.0,82.3,60143496.0,0.0
2020-12-01,82.5,82.9,82.2,82.9,24728091.0,0.0
2020-12-02,83.0,83.3,82.4,82.7,34377676.0,0.0
2020-12-03,82.3,82.4,81.9,82.0,30592924.0,0.0
2020-12-04,83.0,83.4,82.6,82.9,47939163.0,0.0
2020-12-07,83.3,88.1,83.1,87.9,163202466.0,0.0
2020-12-08,88.4,89.7,87.3,87.6,118078656.0,0.0
2020-12-09,88.5,89.3,88.2,89.0,67687451.0,0.0
2020-12-10,88.4,88.7,87.1,87.7,54001144.0,0.0
2020-12-11,88.5,88.5,85.8,87.6,61132200.0,0.0
2020-12-14,88.3,89.0,87.7,87.7,47831161.0,0.0
2020-12-15,88.3,88.3,86.5,87.1,38829235.0,0.0
2020-12-16,88.0,88.2,87.4,88.2,46567554.0,0.0
2020-12-17,88.3,88.4,87.6,87.8,28002430.0,0.0
2020-12-18,88.1,88.2,87.5,87.7,27662859.0,0.0
2020-12-21,88.1,88.5,86.9,88.0,28796357.0,0.0
2020-12-22,88.0,90.5,87.5,87.7,93748698.0,0.0
2020-12-23,88.5,89.4,88.3,88.8,56084453.0,0.0
2020-12-24,89.5,89.9,89.0,89.6,41068845.0,0.0
2020-12-25,90.9,92.2,90.8,91.8,113953143.0,0.0
2020-12-28,92.4,93.0,91.8,91.8,67270084.0,0.0
2020-12-29,91.8,91.8,90.4,90.4,45541806.0,0.0
2020-12-30,91.0,91.6,90.1,91.6,40032714.0,0.0
2020-12-31,91.5,92.0,91.1,92.0,32172356.0,0.0
2021-01-04,93.4,100.0,93.3,99.9,232054808.0,0.0
2021-01-05,101.0,105.0,101.0,104.0,232720464.0,0.0
2021-01-06,107.5,109.0,102.0,105.0,220680394.0,0.0
2021-01-07,108.0,108.0,105.5,107.0,113608177.0,0.0
2021-01-08,109.0,109.5,106.0,108.0,114222138.0,0.0
2021-01-11,108.0,109.0,106.5,107.5,70025114.0,0.0
2021-01-12,106.5,107.0,103.0,104.0,105949230.0,0.0
2021-01-13,105.0,107.0,105.0,106.5,78943569.0,0.0
2021-01-14,109.0,117.0,108.0,116.0,316406354.0,0.0
2021-01-15,118.0,119.0,113.0,115.5,170231060.0,0.0
2021-01-18,115.5,116.0,111.0,114.0,94781807.0,0.0
2021-01-19,115.0,116.5,114.0,115.0,86180045.0,0.0
2021-01-20,116.5,118.5,114.0,114.5,132669313.0,0.0
2021-01-21,116.5,117.5,115.0,117.0,86888141.0,0.0
2021-01-22,117.5,121.5,117.0,121.5,220512284.0,0.0
2021-01-25,122.0,124.0,117.5,123.0,140354341.0,0.0
2021-01-26,122.5,125.0,120.0,122.0,128809261.0,0.0
2021-01-27,124.0,124.5,122.5,123.0,88077943.0,0.0
2021-01-28,120.0,121.0,118.0,118.5,123343574.0,0.0
2021-01-29,119.0,120.0,111.5,111.5,180839900.0,0.0
2021-02-01,111.0,114.5,108.0,113.0,125774649.0,0.0
2021-02-02,115.0,118.0,114.0,116.5,83620277.0,0.0
2021-02-03,118.0,118.5,115.0,116.5,56279288.0,0.0
2021-02-04,114.5,116.0,113.0,114.0,63941176.0,0.0
2021-02-05,115.0,116.5,113.0,113.5,87886466.0,0.0
2021-02-17,115.0,116.0,112.5,114.0,91093426.0,0.0
2021-02-18,113.5,114.5,113.0,113.0,47106193.0,0.0
2021-02-19,112.0,112.5,109.5,110.0,85959400.0,0.0
2021-02-22,111.5,114.0,111.0,111.0,60362039.0,0.0
2021-02-23,109.5,112.5,108.5,111.5,50872508.0,0.0
2021-02-24,112.0,114.0,110.5,110.5,54709354.0,0.0
2021-02-25,115.0,116.5,114.0,116.5,112185849.0,0.0
2021-02-26,114.5,115.0,112.0,112.0,120238472.0,0.0
2021-03-02,114.5,114.5,112.0,112.0,53842839.0,0.0
2021-03-03,113.0,116.0,112.0,115.5,86556063.0,0.0
2021-03-04,115.5,116.0,112.0,114.5,79169388.0,0.0
2021-03-05,113.5,116.0,112.5,115.0,86577805.0,0.0
2021-03-08,116.0,116.5,113.0,113.5,54467978.0,0.0
2021-03-09,113.0,115.0,112.0,115.0,43931623.0,0.0
2021-03-10,116.0,117.0,115.0,115.5,47780881.0,0.0
2021-03-11,116.5,118.0,116.0,117.0,75529976.0,0.0
2021-03-12,117.5,120.0,117.5,120.0,95891682.0,0.0
2021-03-15,120.0,122.0,118.5,121.0,69445679.0,0.0
2021-03-16,121.5,123.5,121.0,123.0,93143082.0,0.0
2021-03-17,123.5,128.0,123.0,126.0,143286602.0,0.0
2021-03-18,128.0,131.5,128.0,129.5,138285317.0,0.0
2021-03-19,127.0,127.0,123.5,123.5,162495850.0,0.0
2021-03-22,124.0,130.0,124.0,130.0,108447343.0,0.0
2021-03-23,133.0,134.5,130.0,130.5,113002380.0,0.0
2021-03-24,130.0,132.0,126.5,128.0,80879262.0,0.0
2021-03-25,127.0,129.5,125.5,126.5,64485260.0,0.0
2021-03-26,127.5,128.0,126.0,126.5,52856534.0,0.0
2021-03-29,128.0,129.0,127.5,128.5,41198716.0,0.0
2021-03-30,129.5,130.0,128.5,129.5,46587752.0,0.0
2021-03-31,125.0,126.5,123.0,124.0,130007897.0,0.0
2021-04-01,124.5,125.5,120.5,121.5,97056517.0,0.0
2021-04-07,124.0,124.5,122.5,123.5,33781367.0,0.0
2021-04-08,123.0,123.0,121.5,122.5,38840858.0,0.0
2021-04-09,123.0,123.0,120.0,120.0,80329342.0,0.0
2021-04-12,120.0,122.0,119.0,120.5,69260254.0,0.0
2021-04-13,121.5,123.0,121.0,122.5,49602834.0,0.0
2021-04-14,123.0,123.5,119.0,121.5,53282943.0,0.0
2021-04-15,121.0,121.0,119.5,121.0,39497137.0,0.0
2021-04-16,122.0,124.0,122.0,123.5,52975405.0,0.0
2021-04-19,123.5,123.5,121.5,121.5,32187002.0,0.0
2021-04-20,121.5,122.0,121.0,122.0,26160003.0,0.0
2021-04-21,121.0,121.5,120.0,120.0,34814313.0,0.0
2021-04-22,122.0,122.0,117.5,117.5,67451616.0,0.0
2021-04-23,117.0,119.0,117.0,119.0,39251297.0,0.0
2021-04-26,119.5,120.0,117.5,117.5,40961898.0,0.0
2021-04-27,118.5,120.5,118.0,118.5,54358808.0,0.0
2021-04-28,118.0,118.5,117.0,117.0,38888642.0,0.0
2021-04-29,118.0,118.5,116.0,116.0,45671359.0,0.0
2021-05-03,115.0,115.0,112.0,112.5,71622387.0,0.0
2021-05-04,112.0,112.0,107.5,108.5,86723115.0,0.0
2021-05-05,110.0,113.5,110.0,110.0,65337936.0,0.0
2021-05-06,112.0,113.0,110.5,112.5,37607241.0,0.0
2021-05-07,114.5,117.5,114.0,117.5,60426256.0,0.0
2021-05-10,116.0,116.5,113.0,113.0,41561886.0,0.0
2021-05-11,109.5,110.0,106.0,107.0,80002280.0,0.0
2021-05-12,104.0,106.5,96.5,102.0,149627674.0,0.0
2021-05-13,99.5,105.0,98.2,103.0,70416230.0,0.0
2021-05-14,105.0,106.0,103.5,104.5,43828851.0,0.0
2021-05-17,100.0,102.0,97.1,98.2,96882339.0,0.0
2021-05-18,101.5,107.5,101.0,107.0,81635753.0,0.0
2021-05-19,106.5,106.5,104.0,105.0,47341275.0,0.0
2021-05-20,105.0,106.5,104.5,106.0,42732251.0,0.0
2021-05-21,108.0,110.0,108.0,109.5,53869601.0,0.0
2021-05-24,108.5,110.0,108.0,109.5,31062650.0,0.0
2021-05-25,111.0,113.0,110.5,112.0,50727292.0,0.0
2021-05-26,113.5,113.5,110.5,111.5,24690941.0,0.0
2021-05-27,110.0,110.5,107.5,109.5,61173641.0,0.0
2021-05-28,110.5,111.5,110.0,111.0,26886430.0,0.0
2021-05-31,112.0,113.5,111.5,113.5,34198356.0,0.0
2021-06-01,114.5,115.0,113.5,114.5,22263808.0,0.0
2021-06-02,115.0,115.5,111.0,112.0,32957334.0,0.0
2021-06-03,113.0,113.0,110.5,111.0,23957797.0,0.0
2021-06-04,110.0,112.5,109.0,112.0,28808854.0,0.0
2021-06-07,112.5,112.5,109.0,110.5,20309568.0,0.0
2021-06-08,111.0,111.5,110.0,110.5,18203485.0,0.0
2021-06-09,110.0,111.0,109.5,109.5,22680962.0,0.0
2021-06-10,110.0,111.5,109.5,110.5,18992629.0,0.0
2021-06-11,111.5,114.5,111.5,113.5,36017587.0,0.0
2021-06-15,113.5,114.5,112.0,113.0,23544247.0,0.0
2021-06-16,112.0,113.0,111.5,111.5,23871999.0,0.0
2021-06-17,110.5,113.0,110.0,113.0,18109232.0,0.0
2021-06-18,112.5,113.0,111.5,111.5,29445549.0,0.0
2021-06-21,110.5,110.5,108.5,108.5,34818980.0,0.0
2021-06-22,109.5,110.0,108.5,108.5,21910960.0,0.0
2021-06-23,109.0,112.0,108.5,111.5,27710302.0,0.0
2021-06-24,111.5,114.0,111.0,113.0,31065987.0,0.0
2021-06-25,114.0,115.0,113.0,113.0,35574740.0,0.0
2021-06-28,113.0,113.5,111.0,111.5,23702001.0,0.0
2021-06-29,112.5,112.5,111.5,111.5,17706887.0,0.0
2021-06-30,112.0,113.5,112.0,112.0,31076380.0,0.0
2021-07-01,112.5,112.5,111.5,112.0,15859329.0,0.0
2021-07-02,112.0,112.5,111.5,111.5,16486732.0,0.0
2021-07-05,112.5,117.0,112.0,117.0,80145148.0,0.0
2021-07-06,116.5,117.5,115.5,116.5,43748805.0,0.0
2021-07-07,116.5,117.0,115.0,115.0,27901240.0,0.0
2021-07-08,115.0,116.5,115.0,115.5,23792227.0,0.0
2021-07-09,114.5,115.0,113.0,114.0,28407636.0,0.0
2021-07-12,115.5,116.0,114.5,115.0,17024161.0,0.0
2021-07-13,116.0,117.0,115.5,116.5,36478720.0,0.0
2021-07-14,117.5,117.5,116.0,116.0,27098250.0,0.0
2021-07-15,117.0,120.0,116.5,119.5,62649339.0,0.0
2021-07-16,118.5,119.5,118.0,119.5,33640925.0,0.0
2021-07-19,118.5,119.0,116.0,116.5,31735324.0,0.0
2021-07-20,115.0,116.0,114.5,114.5,26267081.0,0.0
2021-07-21,116.0,116.0,112.0,112.5,62986162.0,0.0
2021-07-22,109.0,112.5,108.5,110.5,59259611.0,4.0
2021-07-23,112.0,112.0,110.0,110.5,21521533.0,0.0
2021-07-26,111.0,111.0,108.5,110.0,33363024.0,0.0
2021-07-27,111.0,112.0,110.0,111.5,27586534.0,0.0
2021-07-28,110.5,111.0,109.0,110.5,32678903.0,0.0
2021-07-29,111.0,111.5,110.0,111.0,20815906.0,0.0
2021-07-30,110.0,111.5,109.5,110.0,28280514.0,0.0
2021-08-02,111.0,113.0,110.0,113.0,24048289.0,0.0
2021-08-03,112.5,113.0,110.5,111.5,21627785.0,0.0
2021-08-04,112.0,112.5,111.0,112.0,21197328.0,0.0
2021-08-05,111.0,112.0,111.0,112.0,19911790.0,0.0
2021-08-06,111.5,113.0,111.0,112.5,41254699.0,0.0
2021-08-09,112.0,112.5,111.0,112.0,23189411.0,0.0
2021-08-10,111.5,112.0,108.5,108.5,42815166.0,0.0
2021-08-11,107.0,109.0,106.0,109.0,46678699.0,0.0
2021-08-12,109.0,109.5,108.0,109.0,18499146.0,0.0
2021-08-13,109.5,110.0,108.0,109.0,46504498.0,0.0
2021-08-16,108.5,109.0,106.5,107.5,34806631.0,0.0
2021-08-17,107.5,107.5,107.5,107.5,0.0,0.0
2021-08-18,105.5,107.5,104.5,107.0,31829261.0,0.0
2021-08-19,106.0,106.0,102.5,103.0,51471834.0,0.0
2021-08-20,104.0,106.0,102.0,104.5,30316791.0,0.0
2021-08-23,105.5,108.0,105.5,107.5,22499882.0,0.0
2021-08-24,108.5,109.0,107.5,109.0,17889785.0,0.0
2021-08-25,109.0,109.0,107.5,108.5,14045849.0,0.0
2021-08-26,108.5,109.0,107.0,107.5,12987155.0,0.0
2021-08-27,107.5,108.5,106.5,108.0,13808230.0,0.0
2021-08-30,108.5,109.0,107.5,109.0,13911174.0,0.0
2021-08-31,108.5,111.0,108.0,111.0,30458896.0,0.0
2021-09-01,111.0,112.0,110.0,111.0,22232171.0,0.0
2021-09-02,111.0,113.0,110.5,111.5,29565666.0,0.0
2021-09-03,112.0,113.0,111.5,112.5,23894007.0,0.0
2021-09-06,112.5,113.0,110.5,111.0,18270142.0,0.0
2021-09-07,109.5,110.0,108.0,108.5,23133531.0,0.0
2021-09-08,108.5,109.5,107.0,107.5,28436166.0,0.0
2021-09-09,106.5,107.5,106.0,107.0,20347345.0,0.0
2021-09-10,107.0,108.5,107.0,108.0,13206233.0,0.0
2021-09-13,107.5,108.0,106.5,106.5,15297618.0,0.0
2021-09-14,107.5,108.0,106.5,107.5,19165417.0,0.0
2021-09-15,108.0,110.5,107.5,108.5,63262671.0,0.0
2021-09-16,108.5,109.5,107.5,107.5,22861780.0,0.0
2021-09-17,107.5,109.5,107.0,108.5,38649036.0,0.0
2021-09-22,106.5,107.5,106.0,107.0,38460147.0,0.0
2021-09-23,107.0,108.0,106.0,106.5,18878589.0,0.0
2021-09-24,107.5,108.0,107.0,107.5,15280177.0,0.0
2021-09-27,107.0,108.5,107.0,107.5,13850268.0,0.0
2021-09-28,107.0,107.5,106.0,106.5,22169547.0,0.0
2021-09-29,105.0,105.5,104.5,105.0,32073278.0,0.0
2021-09-30,105.0,106.0,104.0,105.0,22552355.0,0.0
2021-10-01,104.5,105.0,103.0,103.0,34131219.0,0.0
2021-10-04,104.5,105.0,102.5,103.0,25219519.0,0.0
2021-10-05,102.0,102.5,101.0,101.5,41574679.0,0.0
2021-10-06,103.5,104.5,103.0,103.0,38805074.0,0.0
2021-10-07,104.5,107.0,104.0,107.0,38220702.0,0.0
2021-10-08,107.5,108.0,106.5,108.0,27430627.0,0.0
2021-10-12,106.5,107.0,104.5,105.0,38628919.0,0.0
2021-10-13,106.0,106.5,104.5,105.5,18684819.0,0.0
2021-10-14,107.0,107.5,106.5,106.5,17684751.0,0.0
2021-10-15,108.0,110.0,107.5,109.5,49011891.0,0.0
2021-10-18,110.5,111.0,107.0,107.5,42099090.0,0.0
2021-10-19,108.5,109.0,106.5,107.0,26270635.0,0.0
2021-10-20,107.5,108.5,106.5,107.5,29381245.0,0.0
2021-10-21,108.0,108.5,107.0,108.0,30517157.0,0.0
2021-10-22,108.0,108.5,107.0,107.5,14667653.0,0.0
2021-10-25,107.5,109.0,107.0,108.0,21027449.0,0.0
2021-10-26,108.5,109.5,108.0,109.0,18026359.0,0.0
2021-10-27,109.0,109.0,107.5,108.0,15831617.0,0.0
2021-10-28,108.0,109.0,107.5,108.5,14181424.0,0.0
2021-10-29,108.5,108.5,107.0,107.0,20664910.0,0.0
2021-11-01,108.0,108.0,106.5,106.5,18124077.0,0.0
2021-11-02,107.0,108.5,107.0,107.5,20172294.0,0.0
2021-11-03,107.5,108.5,107.5,107.5,12249306.0,0.0
2021-11-04,108.5,108.5,107.5,108.0,11307246.0,0.0
2021-11-05,108.0,109.0,107.5,109.0,17621370.0,0.0
2021-11-08,107.5,108.0,107.0,107.5,19912872.0,0.0
2021-11-09,107.5,108.0,107.0,108.0,23901115.0,0.0
2021-11-10,108.0,109.5,107.5,109.0,22839265.0,0.0
2021-11-11,108.5,109.0,107.5,107.5,18674012.0,0.0
2021-11-12,108.5,109.5,108.0,109.0,26633641.0,0.0
2021-11-15,109.0,110.0,108.0,108.0,25735186.0,0.0
2021-11-16,108.5,109.0,108.0,108.0,15746287.0,0.0
2021-11-17,108.5,108.5,106.5,107.0,31800650.0,0.0
2021-11-18,107.0,107.5,106.5,107.0,30441523.0,0.0
2021-11-19,107.5,108.0,106.5,106.5,20714969.0,0.0
2021-11-22,107.0,107.5,106.5,106.5,17750562.0,0.0
2021-11-23,106.5,107.0,106.0,106.0,22288461.0,0.0
2021-11-24,106.0,106.5,104.5,105.5,29810172.0,0.0
2021-11-25,106.5,106.5,105.0,105.0,17457242.0,0.0
2021-11-26,105.0,105.0,103.5,103.5,24109403.0,0.0
2021-11-29,103.0,105.5,102.5,103.5,27800208.0,0.0
2021-11-30,104.0,105.5,103.0,103.5,49334401.0,0.0
2021-12-01,103.5,106.0,103.5,105.5,22443321.0,0.0
2021-12-02,105.0,107.0,105.0,105.0,27037026.0,0.0
2021-12-03,105.5,106.0,105.0,105.0,18091990.0,0.0
2021-12-06,105.5,107.0,105.0,106.5,22698693.0,0.0
2021-12-07,106.0,107.5,105.0,106.0,25236546.0,0.0
2021-12-08,106.5,107.0,105.0,105.0,35111410.0,0.0
2021-12-09,105.0,106.0,105.0,106.0,15077799.0,0.0
2021-12-10,105.5,106.0,104.5,105.0,20356210.0,0.0
2021-12-13,105.0,106.0,104.5,104.5,17305354.0,0.0
2021-12-14,104.5,105.5,104.0,104.5,22026866.0,0.0
2021-12-15,104.0,105.0,103.5,105.0,22944995.0,0.0
2021-12-16,105.5,106.0,103.5,103.5,33943652.0,0.0
2021-12-17,103.5,104.0,103.0,103.5,31642630.0,0.0
2021-12-20,103.5,104.0,103.0,103.0,17983356.0,0.0
2021-12-21,103.5,104.5,103.0,104.5,13187322.0,0.0
2021-12-22,104.5,104.5,103.5,103.5,11494283.0,0.0
2021-12-23,104.0,104.5,103.5,104.0,13822871.0,0.0
2021-12-24,104.5,105.0,104.0,104.0,11585049.0,0.0
2021-12-27,104.5,105.0,104.0,104.5,8809417.0,0.0
2021-12-28,104.5,105.5,104.5,105.5,15514907.0,0.0
2021-12-29,105.0,105.5,104.5,105.0,13358175.0,0.0
2021-12-30,104.5,105.0,104.0,104.0,16940701.0,0.0
2022-01-03,104.5,105.0,103.0,103.0,21800309.0,0.0
2022-01-04,104.0,104.0,103.0,103.5,18097232.0,0.0
2022-01-05,104.0,111.0,103.5,109.0,142256949.0,0.0
2022-01-06,108.0,108.5,106.0,107.0,49111058.0,0.0
2022-01-07,108.0,108.5,106.0,106.5,38575103.0,0.0
2022-01-10,106.0,106.5,104.0,104.5,34566857.0,0.0
2022-01-11,104.5,105.0,104.0,104.5,26075278.0,0.0
2022-01-12,105.0,105.5,104.0,104.5,18805639.0,0.0
2022-01-13,105.0,105.5,104.5,105.5,19590729.0,0.0
2022-01-14,105.0,105.5,103.0,103.5,38360049.0,0.0
2022-01-17,103.5,104.5,103.5,103.5,16094235.0,0.0
2022-01-18,104.5,104.5,103.5,103.5,14778734.0,0.0
2022-01-19,103.5,104.5,103.0,103.5,23938918.0,0.0
2022-01-20,103.5,104.0,103.0,103.0,28843468.0,0.0
2022-01-21,102.5,103.0,102.0,102.0,32900646.0,0.0
2022-01-24,103.0,104.5,102.5,103.0,41645390.0,0.0
2022-01-25,103.0,103.5,102.0,103.0,28944982.0,0.0
2022-01-26,103.0,103.5,102.0,102.0,33050112.0,0.0
2022-02-07,102.5,104.5,102.5,103.0,33556371.0,0.0
2022-02-08,104.0,106.0,103.0,105.5,42889717.0,0.0
2022-02-09,106.0,106.5,105.5,106.5,22694894.0,0.0
2022-02-10,106.5,107.0,105.5,106.5,20096356.0,0.0
2022-02-11,105.5,106.0,104.5,106.0,16613415.0,0.0
2022-02-14,105.0,105.0,103.5,104.0,22322581.0,0.0
2022-02-15,104.0,105.0,104.0,104.0,13442567.0,0.0
2022-02-16,105.0,106.0,104.5,105.5,13415034.0,0.0
2022-02-17,106.0,106.5,105.0,106.0,25431607.0,0.0
2022-02-18,105.0,106.0,105.0,105.5,11303877.0,0.0
2022-02-21,105.0,107.0,104.5,106.0,23424745.0,0.0
2022-02-22,105.0,105.5,104.0,104.5,25922027.0,0.0
2022-02-23,104.5,105.5,104.5,105.0,14519774.0,0.0
2022-02-24,104.0,104.5,102.5,102.5,47297284.0,0.0
2022-02-25,103.0,103.5,102.5,103.0,29597295.0,0.0
2022-03-01,104.0,105.5,103.5,104.5,28845483.0,0.0
2022-03-02,104.0,105.0,104.0,104.5,13781632.0,0.0
2022-03-03,105.0,105.5,104.5,104.5,13799475.0,0.0
2022-03-04,104.0,105.0,103.5,105.0,18406414.0,0.0
2022-03-07,104.0,104.0,102.5,102.5,43631775.0,0.0
2022-03-08,101.5,102.5,100.0,101.5,60192113.0,0.0
2022-03-09,102.0,102.5,101.5,101.5,29168018.0,0.0
2022-03-10,103.0,104.0,102.5,103.0,25008712.0,0.0
2022-03-11,103.0,104.0,102.5,103.5,23629440.0,0.0
2022-03-14,103.0,104.0,102.5,102.5,25796152.0,0.0
2022-03-15,102.0,103.0,101.0,101.0,31099190.0,0.0
2022-03-16,101.5,102.5,100.0,101.5,35941142.0,0.0
2022-03-17,103.5,104.5,103.0,104.0,43536754.0,0.0
2022-03-18,105.0,106.0,103.5,106.0,82056684.0,0.0
2022-03-21,106.0,106.5,104.5,104.5,21118636.0,0.0
2022-03-22,104.0,104.5,103.5,104.0,21010720.0,0.0
2022-03-23,104.5,105.5,104.0,105.5,19285529.0,0.0
2022-03-24,105.0,108.0,104.5,106.5,50161697.0,0.0
2022-03-25,106.5,107.0,106.0,106.0,20559680.0,0.0
2022-03-28,105.5,106.5,104.5,106.0,19827138.0,0.0
2022-03-29,106.0,106.5,104.5,105.5,15281994.0,0.0
2022-03-30,106.0,106.0,105.0,105.5,19929601.0,0.0
2022-03-31,106.0,106.5,105.5,106.0,20008814.0,0.0
2022-04-01,105.0,105.5,104.5,104.5,23307788.0,0.0
2022-04-06,104.5,105.0,104.0,105.0,31289599.0,0.0
2022-04-07,104.5,105.0,103.0,103.0,34459124.0,0.0
2022-04-08,103.0,103.5,102.5,103.0,24825800.0,0.0
2022-04-11,103.0,103.5,101.5,102.0,28845321.0,0.0
2022-04-12,102.0,103.0,101.5,102.0,17640348.0,0.0
2022-04-13,103.0,104.5,102.5,104.0,15837431.0,0.0
2022-04-14,104.0,104.5,103.5,104.0,8896584.0,0.0
2022-04-15,103.5,104.0,103.0,103.0,11699116.0,0.0
2022-04-18,102.0,103.0,102.0,102.5,11383276.0,0.0
2022-04-19,103.0,103.5,102.0,102.0,17643855.0,0.0
2022-04-20,102.5,103.0,102.0,103.0,19489328.0,0.0
2022-04-21,103.5,104.0,103.0,103.0,18357634.0,0.0
2022-04-22,102.5,103.5,102.0,103.5,16603902.0,0.0
2022-04-25,102.5,102.5,100.5,100.5,40565427.0,0.0
2022-04-26,101.0,101.5,100.5,101.0,20545513.0,0.0
2022-04-27,99.9,100.5,99.7,100.0,29697752.0,0.0
2022-04-28,100.0,101.5,100.0,101.5,27751372.0,0.0
2022-04-29,101.5,102.0,101.5,102.0,14137983.0,0.0
2022-05-03,102.0,103.0,101.5,102.5,17216495.0,0.0
2022-05-04,103.5,104.5,103.0,104.0,29912716.0,0.0
2022-05-05,105.0,105.5,104.0,104.5,34766562.0,0.0
2022-05-06,103.5,104.0,102.5,104.0,27316318.0,0.0
2022-05-09,103.5,104.0,103.0,104.0,24282777.0,0.0
2022-05-10,103.0,104.0,102.5,104.0,17584435.0,0.0
2022-05-11,103.5,104.0,103.0,103.0,19605349.0,0.0
2022-05-12,103.0,103.0,102.0,102.0,22154008.0,0.0
2022-05-13,104.0,104.0,103.0,104.0,19656439.0,0.0
2022-05-16,104.0,104.5,103.5,104.5,22467860.0,0.0
2022-05-17,104.5,105.0,104.0,105.0,25153620.0,0.0
2022-05-18,105.5,107.0,105.0,107.0,55743416.0,0.0
2022-05-19,105.5,107.5,105.0,107.5,37286039.0,0.0
2022-05-20,107.5,109.0,107.0,107.0,45964633.0,0.0
2022-05-23,108.0,109.0,107.0,108.0,34196330.0,0.0
2022-05-24,108.0,109.0,108.0,108.0,37199729.0,0.0
2022-05-25,108.5,110.0,108.0,109.5,75541746.0,0.0
2022-05-26,110.0,110.5,108.5,109.0,39995538.0,0.0
2022-05-27,110.0,111.0,109.5,110.0,51671206.0,0.0
2022-05-30,110.5,111.0,109.0,110.5,43770168.0,0.0
2022-05-31,111.0,113.0,110.0,113.0,89526207.0,0.0
2022-06-01,112.5,116.0,112.0,114.5,71080756.0,0.0
2022-06-02,114.5,116.0,113.5,114.0,36440162.0,0.0
2022-06-06,115.0,116.0,114.0,115.5,35782678.0,0.0
2022-06-07,115.0,115.5,113.5,113.5,37688003.0,0.0
2022-06-08,114.5,115.0,113.5,114.0,18570005.0,0.0
2022-06-09,114.0,115.5,113.5,115.5,29571170.0,0.0
2022-06-10,115.0,115.0,114.0,114.0,24037427.0,0.0
2022-06-13,112.5,112.5,111.0,111.5,45251873.0,0.0
2022-06-14,110.0,112.5,110.0,111.5,31839349.0,0.0
2022-06-15,112.5,112.5,111.5,112.0,24548371.0,0.0
2022-06-16,113.5,113.5,110.5,111.5,31543119.0,0.0
2022-06-17,110.0,111.0,109.5,109.5,49546955.0,0.0
2022-06-20,110.0,110.5,108.5,109.0,33359214.0,0.0
2022-06-21,110.5,112.5,110.5,112.0,38500252.0,0.0
2022-06-22,111.5,111.5,109.5,109.5,31181855.0,0.0
2022-06-23,110.5,110.5,107.5,108.0,45758826.0,0.0
2022-06-24,109.0,110.5,108.5,110.0,29542926.0,0.0
2022-06-27,111.0,112.0,111.0,111.0,25944301.0,0.0
2022-06-28,111.5,112.0,110.0,112.0,27617500.0,0.0
2022-06-29,111.5,112.5,110.5,111.0,33501065.0,0.0
2022-06-30,110.5,111.0,109.0,109.0,44339108.0,0.0
2022-07-01,108.5,109.0,105.5,106.0,62417854.0,0.0
2022-07-04,100.5,102.0,99.5,100.0,70346389.0,5.2
2022-07-05,102.0,103.0,101.0,102.5,45133868.0,0.0
2022-07-06,103.0,103.5,100.5,100.5,45606608.0,0.0
2022-07-07,101.0,103.5,100.5,103.5,40971306.0,0.0
2022-07-08,103.5,104.0,101.5,102.0,34112553.0,0.0
2022-07-11,102.0,102.0,100.5,101.0,18375028.0,0.0
2022-07-12,100.0,101.0,99.7,100.5,26056813.0,0.0
2022-07-13,103.0,103.5,102.5,102.5,31813542.0,0.0
2022-07-14,102.5,106.0,102.5,105.0,46066645.0,0.0
2022-07-15,105.0,106.0,104.5,105.0,24630202.0,0.0
2022-07-18,105.0,105.5,104.0,105.0,17000378.0,0.0
2022-07-19,104.5,105.0,103.5,104.0,20445793.0,0.0
2022-07-20,104.0,105.0,103.0,103.5,35017029.0,0.0
2022-07-21,104.0,105.5,103.5,105.5,23154380.0,0.0
2022-07-22,105.5,106.5,105.0,106.0,28741668.0,0.0
2022-07-25,106.0,108.0,105.5,107.5,39068310.0,0.0
2022-07-26,108.0,108.5,107.0,108.0,22725130.0,0.0
2022-07-27,108.5,109.5,107.5,108.0,30666386.0,0.0
2022-07-28,109.0,109.0,108.0,108.5,21777281.0,0.0
2022-07-29,109.0,109.5,108.5,109.0,21866952.0,0.0
2022-08-01,108.5,109.0,108.0,109.0,14697891.0,0.0
2022-08-02,108.0,108.0,106.5,108.0,40353392.0,0.0
2022-08-03,107.5,108.5,107.0,108.5,30936472.0,0.0
2022-08-04,108.0,108.5,106.5,108.0,38651714.0,0.0
2022-08-05,108.5,109.0,108.0,108.0,24868879.0,0.0
2022-08-08,107.0,108.0,106.5,108.0,22571210.0,0.0
2022-08-09,108.0,109.0,107.0,109.0,25759491.0,0.0
2022-08-10,109.0,111.0,108.0,110.0,56343332.0,0.0
2022-08-11,111.5,113.0,110.5,113.0,62046990.0,0.0
2022-08-12,113.0,114.0,112.0,112.5,48405887.0,0.0
2022-08-15,113.0,113.0,111.5,112.0,29323346.0,0.0
2022-08-16,112.0,112.0,110.5,111.0,28765617.0,0.0
2022-08-17,111.0,112.5,111.0,112.5,30500758.0,0.0
2022-08-18,112.5,112.5,111.0,112.0,25764909.0,0.0
2022-08-19,111.5,112.0,111.0,111.0,17611604.0,0.0
2022-08-22,110.5,111.0,110.0,110.0,10185000.0,0.0
2022-08-23,110.0,110.5,109.5,110.0,17881145.0,0.0
2022-08-24,110.5,111.0,109.0,109.5,24541358.0,0.0
2022-08-25,109.5,110.5,109.5,109.5,14108637.0,0.0
2022-08-26,110.0,110.5,109.5,110.5,17056269.0,0.0
2022-08-29,108.5,109.0,108.0,108.0,26838820.0,0.0
2022-08-30,108.5,109.0,108.0,108.5,21797499.0,0.0
2022-08-31,108.0,109.5,107.5,109.0,28991269.0,0.0
2022-09-01,108.0,108.5,107.0,107.5,37415613.0,0.0
2022-09-02,108.0,108.0,107.0,107.5,17074664.0,0.0
2022-09-05,108.0,108.5,107.5,108.0,21079281.0,0.0
2022-09-06,108.5,108.5,107.5,108.5,16384324.0,0.0
2022-09-07,107.5,108.0,106.0,106.0,31588795.0,0.0
2022-09-08,107.0,107.0,106.0,107.0,15056746.0,0.0
2022-09-12,108.5,109.0,107.5,108.5,18427897.0,0.0
2022-09-13,109.0,110.5,108.5,110.0,32733009.0,0.0
2022-09-14,107.5,108.5,107.0,107.5,26434615.0,0.0
2022-09-15,107.5,108.5,107.5,108.0,17100232.0,0.0
2022-09-16,107.5,108.0,107.0,107.5,37103124.0,0.0
2022-09-19,107.5,108.0,106.5,107.0,17131612.0,0.0
2022-09-20,107.5,108.5,107.0,108.5,25688754.0,0.0
2022-09-21,108.5,108.5,106.5,107.0,25799149.0,0.0
2022-09-22,106.5,107.5,106.0,107.0,24048970.0,0.0
2022-09-23,107.0,107.5,106.0,106.5,15318321.0,0.0
2022-09-26,105.5,106.0,103.5,104.0,40675073.0,0.0
2022-09-27,104.0,104.5,103.0,103.5,21273277.0,0.0
2022-09-28,103.5,104.0,100.5,100.5,48743869.0,0.0
2022-09-29,101.5,102.5,101.0,101.5,40253163.0,0.0
2022-09-30,100.0,102.0,100.0,102.0,27852050.0,0.0
2022-10-03,101.0,102.0,100.5,101.0,20873153.0,0.0
2022-10-04,102.5,103.0,102.0,102.5,17249740.0,0.0
2022-10-05,105.5,107.5,105.0,107.0,52299029.0,0.0
2022-10-06,108.0,108.5,106.5,107.5,27153696.0,0.0
2022-10-07,107.0,108.0,106.5,107.5,21917087.0,0.0
2022-10-11,105.0,105.5,104.0,104.0,37540410.0,0.0
2022-10-12,104.0,104.5,102.5,103.0,37752638.0,0.0
2022-10-13,103.5,104.5,102.5,103.5,29359558.0,0.0
2022-10-14,104.5,105.5,104.5,105.0,25035354.0,0.0
2022-10-17,104.0,105.5,104.0,105.0,28280778.0,0.0
2022-10-18,105.5,106.0,103.0,103.5,38498822.0,0.0
2022-10-19,104.0,105.0,103.0,103.0,54005985.0,0.0
2022-10-20,103.0,103.5,101.0,102.5,57596655.0,0.0
2022-10-21,102.5,103.5,102.0,103.5,24049235.0,0.0
2022-10-24,104.5,104.5,102.5,103.0,29054365.0,0.0
2022-10-25,103.0,103.5,101.5,103.5,36701674.0,0.0
2022-10-26,104.0,104.5,103.0,104.0,28275416.0,0.0
2022-10-27,105.0,105.0,104.0,104.0,31261879.0,0.0
2022-10-28,104.5,104.5,103.0,104.0,22200068.0,0.0
2022-10-31,101.5,103.0,101.5,102.5,43562953.0,0.0
2022-11-01,101.5,102.0,100.5,101.5,46692717.0,0.0
2022-11-02,101.5,102.0,101.0,102.0,28465028.0,0.0
2022-11-03,101.0,101.5,100.5,101.0,39227107.0,0.0
2022-11-04,100.0,101.0,99.5,100.5,48440518.0,0.0
2022-11-07,100.5,101.0,99.8,100.0,40465357.0,0.0
2022-11-08,100.0,100.5,100.0,100.0,29917422.0,0.0
2022-11-09,100.0,102.5,100.0,102.5,40267209.0,0.0
2022-11-10,101.0,101.5,100.5,100.5,38942597.0,0.0
2022-11-11,101.5,102.5,100.0,100.0,88699853.0,0.0
2022-11-14,99.5,101.5,99.5,101.5,66938705.0,0.0
2022-11-15,101.5,102.5,101.0,101.5,46831926.0,0.0
2022-11-16,101.5,102.5,101.0,101.5,46656901.0,0.0
2022-11-17,101.5,102.0,101.0,101.5,26166790.0,0.0
2022-11-18,101.5,102.5,100.5,100.5,43152213.0,0.0
2022-11-21,101.0,101.5,100.0,100.0,30138717.0,0.0
2022-11-22,100.0,100.5,100.0,100.5,28386414.0,0.0
2022-11-23,101.0,101.5,100.5,100.5,31531556.0,0.0
2022-11-24,100.5,101.0,100.0,101.0,42058555.0,0.0
2022-11-25,100.5,101.0,100.0,100.5,34893350.0,0.0
2022-11-28,100.5,100.5,99.6,100.0,46570604.0,0.0
2022-11-29,100.0,100.5,99.7,100.0,33933430.0,0.0
2022-11-30,100.5,101.5,100.0,100.5,73098376.0,0.0
2022-12-01,101.5,103.0,101.5,103.0,66190485.0,0.0
2022-12-02,103.0,106.0,103.0,105.5,77556958.0,0.0
2022-12-05,106.5,107.0,105.5,105.5,45869305.0,0.0
2022-12-06,104.0,104.5,102.5,103.0,54823509.0,0.0
2022-12-07,102.5,104.0,102.0,102.0,44543745.0,0.0
2022-12-08,102.0,102.5,101.5,101.5,30784065.0,0.0
2022-12-09,102.5,103.0,102.0,102.0,32429484.0,0.0
2022-12-12,102.0,102.0,101.0,102.0,19377505.0,0.0
2022-12-13,102.0,102.5,101.0,101.0,34609744.0,0.0
2022-12-14,101.5,102.5,101.0,102.5,24686884.0,0.0
2022-12-15,101.5,102.5,101.5,101.5,24472461.0,0.0
2022-12-16,100.5,101.5,100.0,100.5,71935875.0,0.0
2022-12-19,100.5,102.0,100.5,101.5,29443100.0,0.0
2022-12-20,101.0,101.5,100.0,100.0,44517003.0,0.0
2022-12-21,101.0,101.0,100.0,100.0,27849028.0,0.0
2022-12-22,101.0,101.0,100.5,101.0,21205805.0,0.0
2022-12-23,100.0,101.0,100.0,101.0,15377369.0,0.0
2022-12-26,101.5,101.5,100.5,101.0,8716525.0,0.0
2022-12-27,101.0,101.5,100.5,100.5,8826169.0,0.0
2022-12-28,100.5,100.5,100.0,100.5,22673422.0,0.0
2022-12-29,100.0,100.0,99.5,99.7,37212398.0,0.0
2022-12-30,100.0,100.5,99.8,99.9,18093658.0,0.0
2023-01-03,99.9,99.9,98.0,99.1,46594672.0,0.0
2023-01-04,98.0,98.7,98.0,98.1,41500261.0,0.0
2023-01-05,98.1,98.9,98.0,98.0,35686123.0,0.0
2023-01-06,98.3,98.8,98.3,98.4,20091590.0,0.0
2023-01-09,99.2,99.6,98.9,99.1,33250703.0,0.0
2023-01-10,99.4,99.8,99.1,99.4,19385954.0,0.0
2023-01-11,99.8,99.8,99.1,99.1,19900837.0,0.0
2023-01-12,99.1,99.5,98.6,98.6,18537275.0,0.0
2023-01-13,99.0,99.5,98.6,98.6,17809439.0,0.0
2023-01-16,98.6,99.2,98.1,98.1,26829826.0,0.0
2023-01-17,98.2,98.5,98.1,98.1,27871039.0,0.0
2023-01-30,99.6,99.7,98.0,98.1,81832690.0,0.0
2023-01-31,98.3,101.0,98.2,99.7,78717445.0,0.0
2023-02-01,100.5,101.0,99.8,100.0,39899084.0,0.0
2023-02-02,100.5,101.0,100.0,100.0,49473623.0,0.0
2023-02-03,100.0,100.5,99.5,99.6,43062963.0,0.0
2023-02-06,100.5,102.0,100.5,101.5,50209500.0,0.0
2023-02-07,102.0,102.0,100.5,100.5,31198971.0,0.0
2023-02-08,100.5,101.0,100.5,100.5,24332505.0,0.0
2023-02-09,100.5,101.5,100.0,101.0,29215985.0,0.0
2023-02-10,101.5,102.0,100.5,101.5,25426136.0,0.0
2023-02-13,101.5,102.0,101.0,101.0,18330530.0,0.0
2023-02-14,101.5,102.0,101.5,102.0,18342029.0,0.0
2023-02-15,102.0,102.5,101.5,102.5,36053227.0,0.0
2023-02-16,103.0,103.5,102.5,103.5,39617729.0,0.0
2023-02-17,103.0,103.5,102.5,103.5,28586479.0,0.0
2023-02-20,103.5,104.0,102.5,103.0,21971615.0,0.0
2023-02-21,102.5,103.0,102.5,102.5,13794962.0,0.0
2023-02-22,102.0,102.5,101.5,102.0,21960210.0,0.0
2023-02-23,102.0,103.0,102.0,103.0,20815057.0,0.0
2023-02-24,103.0,103.5,101.0,101.0,53866924.0,0.0
2023-03-01,100.0,103.0,100.0,102.0,44807719.0,0.0
2023-03-02,102.5,103.0,101.5,102.5,27825685.0,0.0
2023-03-03,103.5,104.0,102.5,102.5,29133932.0,0.0
2023-03-06,103.0,104.0,102.5,103.5,37825717.0,0.0
2023-03-07,103.5,106.0,103.5,105.0,72281357.0,0.0
2023-03-08,104.5,105.0,104.0,104.0,31270865.0,0.0
2023-03-09,104.0,104.5,102.0,102.5,61494331.0,0.0
2023-03-10,102.0,102.5,101.5,102.0,27734890.0,0.0
2023-03-13,102.0,103.5,101.5,103.0,23591966.0,0.0
2023-03-14,102.0,102.5,101.5,102.0,29415418.0,0.0
2023-03-15,102.5,103.0,102.0,102.5,20481113.0,0.0
2023-03-16,102.5,103.0,102.0,102.0,27614054.0,0.0
2023-03-17,103.0,104.5,102.5,103.5,62309325.0,0.0
2023-03-20,103.5,104.0,102.5,102.5,21366539.0,0.0
2023-03-21,103.0,104.0,103.0,103.5,21054992.0,0.0
2023-03-22,103.5,104.5,103.0,103.5,21545922.0,0.0
2023-03-23,103.0,104.5,103.0,103.5,31525774.0,0.0
2023-03-24,104.5,106.0,104.0,105.5,68833626.0,0.0
2023-03-27,105.0,105.5,103.5,103.5,32246406.0,0.0
2023-03-28,104.0,104.0,103.0,103.0,24056022.0,0.0
2023-03-29,103.0,104.0,103.0,103.5,21090350.0,0.0
2023-03-30,104.0,104.5,103.5,104.5,19398433.0,0.0
2023-03-31,104.5,105.0,104.0,104.0,18283580.0,0.0
2023-04-06,104.5,105.5,103.0,103.5,39046856.0,0.0
2023-04-07,104.0,104.0,103.0,103.0,11565207.0,0.0
2023-04-10,103.0,104.0,103.0,103.0,12404976.0,0.0
2023-04-11,103.5,104.0,103.0,103.5,29073959.0,0.0
2023-04-12,103.5,103.5,102.5,102.5,20279457.0,0.0
2023-04-13,102.5,103.5,102.5,103.0,22784420.0,0.0
2023-04-14,104.0,104.5,103.0,104.5,25584829.0,0.0
2023-04-17,104.5,104.5,103.5,104.0,15274691.0,0.0
2023-04-18,104.0,104.5,103.5,104.5,16042798.0,0.0
2023-04-19,104.5,104.5,103.5,104.0,18734037.0,0.0
2023-04-20,103.5,104.5,103.5,104.5,19680444.0,0.0
2023-04-21,105.0,105.5,104.0,104.0,32735172.0,0.0
2023-04-24,104.0,104.5,103.5,103.5,18393606.0,0.0
2023-04-25,103.5,104.0,103.0,103.0,26878363.0,0.0
2023-04-26,103.0,104.5,103.0,103.5,33983572.0,0.0
2023-04-27,103.5,104.0,103.0,103.5,16606395.0,0.0
2023-04-28,104.0,104.5,103.5,104.5,19404553.0,0.0
2023-05-02,104.5,106.0,104.0,106.0,49934354.0,0.0
2023-05-03,105.5,106.0,105.0,105.5,26855259.0,0.0
2023-05-04,105.5,105.5,105.0,105.0,12735443.0,0.0
2023-05-05,105.0,105.5,104.5,105.0,12524881.0,0.0
2023-05-08,105.5,106.0,105.0,105.0,10197144.0,0.0
2023-05-09,105.0,107.0,104.5,106.5,40552496.0,0.0
2023-05-10,106.5,107.0,106.0,106.5,17406967.0,0.0
2023-05-11,106.5,107.0,105.0,105.0,21740140.0,0.0
2023-05-12,103.5,104.0,102.0,102.5,70640476.0,0.0
2023-05-15,102.5,103.0,102.0,102.0,28080940.0,0.0
2023-05-16,102.5,103.0,102.0,102.0,41848030.0,0.0
2023-05-17,102.0,103.0,102.0,102.5,38707801.0,0.0
2023-05-18,103.0,103.5,102.5,103.0,27646823.0,0.0
2023-05-19,103.0,103.0,102.0,103.0,33026440.0,0.0
2023-05-22,102.5,103.0,102.5,103.0,18055020.0,0.0
2023-05-23,103.0,103.0,102.5,102.5,21793465.0,0.0
2023-05-24,102.5,103.0,102.5,103.0,15681903.0,0.0
2023-05-25,102.5,103.5,102.5,102.5,25782108.0,0.0
2023-05-26,102.5,103.0,102.0,102.5,34841283.0,0.0
2023-05-29,103.5,106.0,103.0,105.5,77950453.0,0.0
2023-05-30,106.5,108.0,106.0,107.0,88126662.0,0.0
2023-05-31,107.5,107.5,105.5,106.5,58697772.0,0.0
2023-06-01,106.5,108.0,106.0,108.0,46264650.0,0.0
2023-06-02,108.5,109.0,107.5,108.0,53639503.0,0.0
2023-06-05,108.5,108.5,107.0,107.5,24441405.0,0.0
2023-06-06,107.0,107.5,106.0,107.0,36177082.0,0.0
2023-06-07,107.5,108.0,107.0,108.0,22331554.0,0.0
2023-06-08,108.0,108.0,107.0,107.0,17253275.0,0.0
2023-06-09,107.5,108.0,107.0,108.0,16636034.0,0.0
2023-06-12,108.0,112.0,107.5,110.5,97931538.0,0.0
2023-06-13,111.0,113.0,111.0,112.5,69701479.0,0.0
2023-06-14,112.5,113.0,111.5,112.5,35568685.0,0.0
2023-06-15,112.5,113.0,111.0,111.5,34887268.0,0.0
2023-06-16,111.5,112.5,111.0,111.0,46995134.0,0.0
2023-06-19,111.5,113.0,111.0,112.5,25047682.0,0.0
2023-06-20,113.0,113.5,111.5,112.5,29739937.0,0.0
2023-06-21,112.5,113.0,112.0,113.0,34763025.0,0.0
2023-06-26,113.5,116.0,113.0,115.5,99919960.0,0.0
2023-06-27,116.0,116.5,114.0,114.0,66946025.0,0.0
2023-06-28,114.5,116.0,114.5,115.0,44666321.0,0.0
2023-06-29,116.0,116.0,113.0,113.0,39560094.0,0.0
2023-06-30,113.0,113.0,111.0,113.0,48200965.0,0.0
2023-07-03,114.0,115.0,113.5,115.0,87520052.0,0.0
2023-07-04,112.0,112.5,109.5,110.0,79691146.0,5.3
2023-07-05,110.0,110.5,107.5,108.5,50544581.0,0.0
2023-07-06,107.5,107.5,105.0,105.5,69069457.0,0.0
2023-07-07,105.0,106.0,104.5,105.5,30487502.0,0.0
2023-07-10,105.5,106.0,104.5,104.5,24605713.0,0.0
2023-07-11,105.0,105.5,104.5,105.0,23641103.0,0.0
2023-07-12,105.0,107.5,105.0,107.5,37582438.0,0.0
2023-07-13,108.5,109.0,107.0,107.0,29761053.0,0.0
2023-07-14,107.5,109.5,106.5,109.5,43171954.0,0.0
2023-07-17,110.0,111.0,109.5,110.5,41250219.0,0.0
2023-07-18,110.5,113.5,110.0,112.0,52327726.0,0.0
2023-07-19,113.0,113.5,108.0,108.5,54580337.0,0.0
2023-07-20,109.0,110.0,107.5,108.0,32928924.0,0.0
2023-07-21,107.0,108.5,106.5,107.5,24874943.0,0.0
2023-07-24,108.0,108.5,107.0,108.0,19757373.0,0.0
2023-07-25,108.5,112.0,108.5,112.0,60570621.0,0.0
2023-07-26,112.0,112.5,111.0,111.5,30040003.0,0.0
2023-07-27,112.0,113.0,110.5,110.5,31329930.0,0.0
2023-07-28,110.5,111.0,109.5,109.5,22140011.0,0.0
2023-07-31,110.5,111.0,108.5,108.5,30316038.0,0.0
2023-08-01,109.5,111.0,109.0,110.5,23966725.0,0.0
2023-08-02,110.0,110.5,108.0,108.0,33642403.0,0.0
2023-08-04,109.0,111.0,109.0,111.0,38960707.0,0.0
2023-08-07,112.0,112.5,109.5,109.5,45334600.0,0.0
2023-08-08,110.5,111.0,109.5,110.5,29163604.0,0.0
2023-08-09,110.5,111.5,110.0,110.5,20348974.0,0.0
2023-08-10,111.0,111.0,109.5,110.0,22241741.0,0.0
2023-08-11,110.0,110.5,108.5,108.5,22550572.0,0.0
2023-08-14,109.5,110.5,109.0,110.0,29995115.0,0.0
2023-08-15,108.0,109.0,107.0,107.0,63923173.0,0.0
2023-08-16,106.5,106.5,105.0,105.5,43637112.0,0.0
2023-08-17,105.5,107.0,105.5,106.5,24569578.0,0.0
2023-08-18,106.5,107.0,105.5,106.0,17125216.0,0.0
2023-08-21,106.5,107.0,105.5,106.0,10711817.0,0.0
2023-08-22,106.5,107.0,106.0,106.5,13146421.0,0.0
2023-08-23,106.5,107.5,106.0,106.5,16513876.0,0.0
2023-08-24,109.0,110.5,108.5,109.5,50697365.0,0.0
2023-08-25,108.5,109.0,108.0,108.0,21088268.0,0.0
2023-08-28,108.5,109.0,108.0,108.0,16737977.0,0.0
2023-08-29,108.0,108.5,105.0,106.0,64075629.0,0.0
2023-08-30,106.5,107.0,106.0,106.0,20719271.0,0.0
2023-08-31,106.0,107.0,105.5,106.5,56712590.0,0.0
2023-09-01,106.5,107.5,106.5,107.5,14016360.0,0.0
2023-09-04,107.5,108.0,105.5,106.5,21196486.0,0.0
2023-09-05,106.5,107.0,106.0,107.0,13373644.0,0.0
2023-09-06,106.5,107.0,106.0,106.0,16988014.0,0.0
2023-09-07,106.0,106.0,105.5,105.5,14559702.0,0.0
2023-09-08,105.5,106.0,105.0,106.0,12030780.0,0.0
2023-09-11,106.0,106.0,105.0,105.0,17772579.0,0.0
2023-09-12,106.0,107.5,105.5,107.5,29770627.0,0.0
2023-09-13,107.0,107.5,105.5,106.0,18281220.0,0.0
2023-09-14,106.5,107.0,106.0,106.5,15804957.0,0.0
2023-09-15,106.5,107.0,106.0,106.0,35465752.0,0.0
2023-09-18,106.0,106.5,105.5,106.5,19079463.0,0.0
2023-09-19,106.5,107.5,106.5,106.5,13714612.0,0.0
2023-09-20,106.5,107.0,106.0,106.0,18615029.0,0.0
2023-09-21,106.0,106.5,105.0,105.0,22188851.0,0.0
2023-09-22,105.0,105.5,105.0,105.0,15051487.0,0.0
2023-09-25,105.5,106.0,105.0,105.5,16313538.0,0.0
2023-09-26,105.0,105.5,104.0,104.0,30099451.0,0.0
2023-09-27,104.0,104.5,103.5,104.0,16064926.0,0.0
2023-09-28,104.5,104.5,103.0,104.0,21103053.0,0.0
2023-10-02,104.0,105.0,104.0,104.5,13885858.0,0.0
2023-10-03,104.0,104.5,103.5,104.0,17439779.0,0.0
2023-10-04,103.0,103.5,102.5,103.0,27359567.0,0.0
2023-10-05,103.0,104.0,103.0,103.5,16616231.0,0.0
2023-10-06,105.0,106.0,104.5,105.5,28044586.0,0.0
2023-10-11,106.5,106.5,105.5,106.0,28530118.0,0.0
2023-10-12,106.5,107.0,106.0,107.0,27974396.0,0.0
2023-10-13,107.0,107.5,106.0,107.5,26550436.0,0.0
2023-10-16,107.0,107.5,106.5,107.0,17125445.0,0.0
2023-10-17,107.5,108.0,106.5,106.5,15540479.0,0.0
2023-10-18,106.0,106.5,105.0,105.5,26924552.0,0.0
2023-10-19,105.0,105.5,103.0,103.5,36902352.0,0.0
2023-10-20,103.0,104.5,103.0,103.5,32000342.0,0.0
2023-10-23,102.0,102.0,100.0,100.5,82749215.0,0.0
2023-10-24,99.8,99.8,97.3,98.3,110028656.0,0.0
2023-10-25,98.3,99.5,98.3,99.0,40481603.0,0.0
2023-10-26,98.3,98.7,98.0,98.5,37967556.0,0.0
2023-10-27,98.5,98.9,98.2,98.2,33142928.0,0.0
2023-10-30,98.3,98.5,94.0,94.5,134995332.0,0.0
2023-10-31,95.1,96.9,95.1,96.5,56204082.0,0.0
2023-11-01,96.4,96.5,95.6,95.6,26230059.0,0.0
2023-11-02,96.2,97.4,96.0,97.0,25008686.0,0.0
2023-11-03,95.8,96.2,95.2,95.8,42627707.0,0.0
2023-11-06,96.2,97.7,96.2,96.4,38328942.0,0.0
2023-11-07,96.4,96.8,95.5,96.1,27742358.0,0.0
2023-11-08,95.7,97.4,95.7,97.0,19441199.0,0.0
2023-11-09,97.4,98.4,97.3,97.9,30810327.0,0.0
2023-11-10,97.9,98.0,97.0,97.2,16271698.0,0.0
2023-11-13,97.8,98.4,97.5,97.7,18203271.0,0.0
2023-11-14,98.4,101.0,98.2,100.0,46678644.0,0.0
2023-11-15,100.5,101.5,99.8,100.5,51077691.0,0.0
2023-11-16,101.0,101.5,100.5,101.0,30695116.0,0.0
2023-11-17,101.5,103.5,101.0,102.5,46873557.0,0.0
2023-11-20,102.5,102.5,101.0,101.0,29812892.0,0.0
2023-11-21,102.0,102.5,101.0,102.5,36969965.0,0.0
2023-11-22,103.0,104.0,102.0,102.0,28364466.0,0.0
2023-11-23,102.5,103.0,101.0,101.5,22618693.0,0.0
2023-11-24,102.0,102.5,101.0,101.5,20946560.0,0.0
2023-11-27,102.5,103.0,101.5,101.5,23065767.0,0.0
2023-11-28,102.0,103.0,102.0,102.5,26026370.0,0.0
2023-11-29,102.5,103.0,101.5,102.0,31821148.0,0.0
2023-11-30,102.0,102.5,101.0,101.5,40730573.0,0.0
2023-12-01,101.0,101.5,100.5,100.5,26482926.0,0.0
2023-12-04,101.0,101.5,100.5,101.0,14718271.0,0.0
2023-12-05,101.0,102.0,100.5,101.0,21884962.0,0.0
2023-12-06,101.5,102.0,101.0,101.0,15330669.0,0.0
2023-12-07,101.0,101.5,100.5,101.0,13982251.0,0.0
2023-12-08,101.0,102.0,101.0,101.5,16070568.0,0.0
2023-12-11,101.5,102.0,100.5,101.0,24953090.0,0.0
2023-12-12,101.0,101.5,100.5,101.0,19973869.0,0.0
2023-12-13,100.5,101.5,100.5,101.0,15105897.0,0.0
2023-12-14,101.5,102.0,101.0,102.0,32650955.0,0.0
2023-12-15,101.5,102.0,101.0,101.5,40775463.0,0.0
2023-12-18,101.5,102.0,101.0,102.0,27764780.0,0.0
2023-12-19,102.0,102.5,101.5,102.5,32860763.0,0.0
2023-12-20,102.5,104.5,102.5,104.5,54287637.0,0.0
2023-12-21,103.0,103.5,102.5,103.5,34805864.0,0.0
2023-12-22,103.5,104.0,103.0,103.5,23776427.0,0.0
2023-12-25,103.5,104.0,103.0,103.5,11295535.0,0.0
2023-12-26,104.0,104.0,103.5,104.0,9920950.0,0.0
2023-12-27,104.0,104.0,103.0,103.5,18875621.0,0.0
2023-12-28,103.5,104.0,103.0,104.0,23057092.0,0.0
2023-12-29,104.0,105.0,103.5,104.5,25969421.0,0.0
2024-01-02,104.5,105.0,104.0,105.0,19921105.0,0.0
2024-01-03,104.5,105.0,104.0,104.5,18957682.0,0.0
2024-01-04,104.5,105.0,104.0,104.0,15488559.0,0.0
2024-01-05,104.0,104.5,104.0,104.0,13349572.0,0.0
2024-01-08,103.5,104.0,101.5,101.5,34642006.0,0.0
2024-01-09,102.0,102.5,101.0,101.0,25228043.0,0.0
2024-01-10,101.0,101.5,100.0,100.0,22800432.0,0.0
2024-01-11,100.0,102.0,99.7,100.5,34453180.0,0.0
2024-01-12,100.0,101.5,100.0,100.5,29241441.0,0.0
2024-01-15,101.0,101.5,100.0,100.0,22480585.0,0.0
2024-01-16,99.8,100.5,99.3,100.0,25892269.0,0.0
2024-01-17,99.8,100.0,98.5,98.6,47592663.0,0.0
2024-01-18,99.0,100.0,98.9,99.9,18106511.0,0.0
2024-01-19,100.0,101.0,100.0,100.5,16417094.0,0.0
2024-01-22,100.5,101.0,99.9,99.9,22982811.0,0.0
2024-01-23,100.0,101.5,99.9,101.0,18993909.0,0.0
2024-01-24,101.0,101.5,100.5,100.5,13198166.0,0.0
2024-01-25,101.0,102.0,100.5,102.0,24228872.0,0.0
2024-01-26,102.0,103.5,102.0,102.5,25615989.0,0.0
2024-01-29,102.5,103.0,102.0,102.5,16386992.0,0.0
2024-01-30,102.5,103.0,102.0,102.0,17551728.0,0.0
2024-01-31,102.0,102.5,101.5,102.5,18545562.0,0.0
2024-02-01,102.5,103.0,102.0,103.0,14397907.0,0.0
2024-02-02,102.5,103.0,101.5,102.0,16516773.0,0.0
2024-02-05,101.5,102.0,101.0,101.5,17438135.0,0.0
2024-02-15,101.5,102.0,101.0,101.0,27953440.0,0.0
2024-02-16,101.0,101.5,100.5,101.5,32615887.0,0.0
2024-02-19,101.5,103.0,101.0,103.0,24938217.0,0.0
2024-02-20,103.5,104.5,103.0,103.5,39410270.0,0.0
2024-02-21,103.5,104.0,103.0,103.0,18479374.0,0.0
2024-02-22,103.5,104.0,103.0,103.5,19601423.0,0.0
2024-02-23,103.5,104.0,103.0,103.0,17252304.0,0.0
2024-02-26,103.0,104.0,103.0,103.5,19894677.0,0.0
2024-02-27,104.0,104.5,103.0,103.5,28688693.0,0.0
2024-02-29,103.0,103.5,103.0,103.0,38390662.0,0.0
2024-03-01,103.0,103.5,102.0,102.0,28121335.0,0.0
2024-03-04,102.5,107.0,102.5,106.5,106351735.0,0.0
2024-03-05,107.0,108.5,106.5,106.5,75461014.0,0.0
2024-03-06,106.0,107.5,105.5,106.5,40347458.0,0.0
2024-03-07,108.0,108.5,107.0,107.5,47505374.0,0.0
2024-03-08,107.5,108.5,104.5,105.0,68582080.0,0.0
2024-03-11,105.0,111.5,105.0,109.5,139480002.0,0.0
2024-03-12,111.5,119.0,111.5,119.0,347034486.0,0.0
2024-03-13,121.5,123.5,118.0,120.5,338406505.0,0.0
2024-03-14,121.0,121.5,117.0,121.0,191622484.0,0.0
2024-03-15,128.0,133.0,127.0,132.0,403022484.0,0.0
2024-03-18,133.0,137.0,131.5,136.0,239249130.0,0.0
2024-03-19,133.0,136.0,130.0,136.0,171242442.0,0.0
2024-03-20,136.5,142.0,135.5,138.0,204806549.0,0.0
2024-03-21,141.0,145.0,139.0,142.5,183957559.0,0.0
2024-03-22,144.0,148.5,142.0,145.5,236266998.0,0.0
2024-03-25,147.0,147.5,143.0,145.5,145490405.0,0.0
2024-03-26,146.0,147.0,139.0,142.0,180436950.0,0.0
2024-03-27,143.0,150.0,143.0,148.5,146369404.0,0.0
2024-03-28,150.5,157.0,150.0,155.5,196277222.0,0.0
2024-03-29,157.0,157.5,150.5,151.5,123239000.0,0.0
2024-04-01,151.0,154.5,150.0,150.5,77891382.0,0.0
2024-04-02,152.0,159.5,151.0,159.0,178365027.0,0.0
2024-04-03,156.0,159.0,155.0,159.0,141177640.0,0.0
2024-04-08,159.0,160.0,156.5,158.0,108228836.0,0.0
2024-04-09,158.5,161.5,155.5,158.0,101725664.0,0.0
2024-04-10,159.0,160.0,154.0,154.5,97698334.0,0.0
2024-04-11,153.0,153.5,147.0,150.0,171910054.0,0.0
2024-04-12,151.0,153.5,148.5,150.5,117153973.0,0.0
2024-04-15,148.5,150.0,144.5,146.0,111843413.0,0.0
2024-04-16,142.5,143.0,137.5,141.0,175513013.0,0.0
2024-04-17,143.0,147.5,141.0,146.5,105075694.0,0.0
2024-04-18,144.5,148.5,144.5,148.0,74990020.0,0.0
2024-04-19,146.0,147.5,140.0,143.0,132498553.0,0.0
2024-04-22,141.5,145.5,141.5,143.0,71191312.0,0.0
2024-04-23,145.5,146.5,143.5,144.0,67495791.0,0.0
2024-04-24,147.5,157.0,146.5,156.0,191980597.0,0.0
2024-04-25,153.0,154.5,151.0,151.5,108275889.0,0.0
2024-04-26,156.5,158.0,154.0,155.0,99130006.0,0.0
2024-04-29,157.0,161.0,156.0,158.5,98183957.0,0.0
2024-04-30,159.5,161.0,156.0,156.0,72258292.0,0.0
2024-05-02,153.5,155.0,152.0,154.0,67014593.0,0.0
2024-05-03,157.5,159.0,156.0,156.0,67145053.0,0.0
2024-05-06,161.5,168.5,161.0,167.5,177370587.0,0.0
2024-05-07,169.5,171.0,166.5,169.5,124701709.0,0.0
2024-05-08,168.5,171.5,168.0,169.5,75120589.0,0.0
2024-05-09,169.5,175.0,169.5,170.5,113944686.0,0.0
2024-05-10,171.5,172.0,167.0,169.5,84399408.0,0.0
2024-05-13,171.0,173.0,169.0,169.5,77795848.0,0.0
2024-05-14,170.0,175.0,168.0,172.0,124475075.0,0.0
2024-05-15,168.0,174.0,165.5,170.5,155589110.0,0.0
2024-05-16,175.0,179.0,170.5,171.5,149892909.0,0.0
2024-05-17,173.0,173.0,167.0,170.0,87995690.0,0.0
2024-05-20,170.0,170.5,166.0,167.5,73840961.0,0.0
2024-05-21,166.0,168.5,165.5,166.0,46498585.0,0.0
2024-05-22,166.0,170.5,166.0,169.0,55204400.0,0.0
2024-05-23,173.5,174.0,169.5,173.0,83577643.0,0.0
2024-05-24,172.0,176.0,171.0,176.0,69225558.0,0.0
2024-05-27,179.0,185.0,178.5,185.0,113997157.0,0.0
2024-05-28,185.5,186.0,183.5,185.5,67804130.0,0.0
2024-05-29,185.5,186.0,180.5,180.5,75213627.0,0.0
2024-05-30,177.0,179.5,176.0,176.5,78702491.0,0.0
2024-05-31,177.0,179.0,172.0,172.0,147141860.0,0.0
2024-06-03,177.0,179.5,174.5,176.5,89188697.0,0.0
2024-06-04,175.0,176.5,170.0,171.0,101915226.0,0.0
2024-06-05,171.0,178.0,168.5,175.5,117365054.0,0.0
2024-06-06,181.5,183.0,177.5,177.5,121092025.0,0.0
2024-06-07,177.5,180.0,176.5,177.5,55448022.0,0.0
2024-06-11,179.0,181.5,177.5,180.5,83420531.0,0.0
2024-06-12,184.0,188.0,182.5,187.5,124760086.0,0.0
2024-06-13,191.0,195.0,188.0,192.0,146691778.0,0.0
2024-06-14,192.5,198.5,191.0,198.0,123524930.0,0.0
2024-06-17,197.5,200.0,195.0,200.0,90030798.0,0.0
2024-06-18,200.5,201.0,197.0,198.5,90319019.0,0.0
2024-06-19,200.0,208.0,199.5,203.0,173889577.0,0.0
2024-06-20,205.0,217.5,203.5,217.5,177537123.0,0.0
2024-06-21,211.0,217.5,211.0,212.0,163458287.0,0.0
2024-06-24,209.5,210.0,205.0,206.0,104052744.0,0.0
2024-06-25,203.0,212.0,201.0,211.0,116945868.0,0.0
2024-06-26,211.5,215.5,210.0,210.0,107811774.0,0.0
2024-06-27,208.0,214.5,207.5,212.5,84781047.0,0.0
2024-06-28,214.0,216.0,212.5,214.0,75725075.0,0.0
2024-07-01,215.0,217.0,214.5,216.0,73503014.0,0.0
2024-07-02,212.0,213.0,203.0,204.5,142637509.0,5.4
2024-07-03,205.0,208.0,203.0,203.0,75817371.0,0.0
2024-07-04,208.0,215.0,207.5,214.5,110905158.0,0.0
2024-07-05,214.0,215.5,212.5,214.5,43052441.0,0.0
2024-07-08,217.0,226.5,216.5,226.5,114405840.0,0.0
2024-07-09,226.5,234.5,220.5,225.5,137762761.0,0.0
2024-07-10,225.5,226.0,220.5,223.5,70302456.0,0.0
2024-07-11,226.5,229.0,224.0,225.5,65419255.0,0.0
2024-07-12,219.0,221.0,214.0,216.0,137754131.0,0.0
2024-07-15,216.5,219.0,214.5,216.5,52526510.0,0.0
2024-07-16,216.5,217.5,212.5,213.0,82245845.0,0.0
2024-07-17,213.0,217.5,211.5,212.0,75060648.0,0.0
2024-07-18,206.0,209.0,203.0,204.0,132207113.0,0.0
2024-07-19,200.5,204.0,200.0,204.0,90412154.0,0.0
2024-07-22,203.0,204.0,191.0,192.5,158438644.0,0.0
2024-07-23,198.5,201.5,197.0,201.5,83955746.0,0.0
2024-07-26,190.0,194.0,188.5,192.0,101861581.0,0.0
2024-07-29,196.0,197.0,192.0,193.0,58864802.0,0.0
2024-07-30,190.5,197.0,189.0,196.0,55246089.0,0.0
2024-07-31,194.5,202.0,194.0,198.0,76997270.0,0.0
2024-08-01,205.0,205.5,200.5,202.5,70033754.0,0.0
2024-08-02,192.5,194.5,185.5,186.5,170805688.0,0.0
2024-08-05,169.5,172.5,168.0,168.0,229394141.0,0.0
2024-08-06,173.5,175.0,160.0,167.5,309246386.0,0.0
2024-08-07,169.0,175.0,168.0,170.5,170623130.0,0.0
2024-08-08,163.5,166.5,161.0,163.5,171908756.0,0.0
2024-08-09,170.0,172.0,168.0,168.5,137129939.0,0.0
2024-08-12,172.0,179.0,171.5,176.0,110929344.0,0.0
2024-08-13,180.0,183.0,178.0,181.0,111247858.0,0.0
2024-08-14,186.0,187.0,183.5,185.5,98234123.0,0.0
2024-08-15,185.5,186.0,181.0,181.0,83391282.0,0.0
2024-08-16,186.0,187.0,183.0,184.0,72396121.0,0.0
2024-08-19,185.0,188.0,184.5,187.0,57256994.0,0.0
2024-08-20,189.5,191.0,186.0,186.5,80711041.0,0.0
2024-08-21,185.0,186.0,181.5,183.5,71607014.0,0.0
2024-08-22,184.0,185.0,179.0,179.5,72229297.0,0.0
2024-08-23,176.0,181.0,175.0,180.0,49085475.0,0.0
2024-08-26,182.0,185.0,180.5,182.0,42223023.0,0.0
2024-08-27,181.5,182.0,179.0,180.5,27898074.0,0.0
2024-08-28,181.0,186.0,179.5,185.5,59781576.0,0.0
2024-08-29,180.5,185.5,180.0,184.5,57658983.0,0.0
2024-08-30,185.0,186.0,183.5,184.5,50920206.0,0.0
2024-09-02,185.5,187.0,182.0,183.0,35772515.0,0.0
2024-09-03,184.0,187.0,183.0,185.0,50713412.0,0.0
2024-09-04,175.0,181.0,172.0,179.5,124980705.0,0.0
2024-09-05,180.0,181.0,175.0,175.0,75390366.0,0.0
2024-09-06,175.5,178.0,175.0,176.5,38390840.0,0.0
2024-09-09,172.0,174.0,170.5,172.0,66946358.0,0.0
2024-09-10,173.5,174.0,167.5,169.0,89950703.0,0.0
2024-09-11,170.0,172.0,169.5,169.5,29053719.0,0.0
2024-09-12,174.5,177.5,174.0,177.5,52398341.0,0.0
2024-09-13,179.0,179.5,175.0,176.0,34996605.0,0.0
2024-09-16,177.0,182.0,175.0,181.0,53785495.0,0.0
2024-09-18,179.0,179.5,173.5,174.0,76540029.0,0.0
2024-09-19,174.5,176.5,173.0,176.5,41446153.0,0.0
2024-09-20,180.0,182.0,177.0,177.0,81520029.0,0.0
2024-09-23,178.0,180.5,177.5,180.0,30529852.0,0.0
2024-09-24,179.0,184.0,178.0,183.0,56746047.0,0.0
2024-09-25,186.5,191.0,186.0,188.5,117055770.0,0.0
2024-09-26,192.0,193.0,188.5,189.5,65079925.0,0.0
2024-09-27,192.0,194.0,190.0,191.0,67106252.0,0.0
2024-09-30,190.0,191.0,187.5,187.5,61700675.0,0.0
2024-10-01,189.0,190.0,185.5,187.0,33579126.0,0.0
2024-10-04,188.0,196.5,188.0,194.0,114048146.0,0.0
2024-10-07,199.0,199.0,195.0,197.5,83512089.0,0.0
2024-10-08,197.0,197.5,194.0,194.0,53834729.0,0.0
2024-10-09,198.0,200.0,197.0,199.0,83114046.0,0.0
2024-10-11,200.0,202.0,199.0,200.0,69936130.0,0.0
2024-10-14,200.0,200.0,196.5,199.0,36211894.0,0.0
2024-10-15,201.0,207.5,200.5,207.0,126315098.0,0.0
2024-10-16,204.0,207.5,203.5,205.0,96069107.0,0.0
2024-10-17,207.5,209.0,204.0,208.5,65050499.0,0.0
2024-10-18,210.0,211.0,207.0,207.5,101109312.0,0.0
2024-10-21,210.0,213.5,209.0,210.0,58640655.0,0.0
2024-10-22,211.0,216.0,209.0,215.5,87878376.0,0.0
2024-10-23,214.5,217.0,213.0,216.0,51043274.0,0.0
2024-10-24,215.0,215.5,210.0,211.5,78486941.0,0.0
2024-10-25,212.5,216.0,212.0,216.0,49063789.0,0.0
2024-10-28,218.5,221.5,214.0,215.0,93823853.0,0.0
2024-10-29,213.0,213.0,207.0,209.5,85568817.0,0.0
2024-10-30,209.5,215.5,209.0,211.5,67172212.0,0.0
2024-11-01,202.0,208.5,201.5,208.0,87793218.0,0.0
2024-11-04,209.0,214.0,208.0,214.0,57179294.0,0.0
2024-11-05,212.0,215.5,211.0,214.0,43137748.0,0.0
2024-11-06,215.0,217.0,212.5,213.5,66841891.0,0.0
2024-11-07,212.0,219.0,212.0,217.0,75949925.0,0.0
2024-11-08,219.5,220.0,217.5,218.0,53938151.0,0.0
2024-11-11,219.5,220.0,217.5,220.0,41304740.0,0.0
2024-11-12,217.5,218.5,214.0,214.0,67724865.0,0.0
2024-11-13,212.5,216.5,212.5,214.5,54978607.0,0.0
2024-11-14,215.0,215.5,209.0,211.5,71008649.0,0.0
2024-11-15,212.0,214.5,206.0,207.0,99347209.0,0.0
2024-11-18,205.0,208.0,202.0,202.5,59712102.0,0.0
2024-11-19,203.5,205.0,201.0,203.5,59058419.0,0.0
2024-11-20,206.0,206.0,206.0,206.0,44351353.0,0.0
2024-11-21,205.0,205.0,202.0,202.5,49115813.0,0.0
2024-11-22,205.5,207.0,203.0,203.0,36997322.0,0.0
2024-11-25,206.0,210.5,205.5,210.5,80172067.0,0.0
2024-11-26,207.0,207.0,202.0,202.5,92584940.0,0.0
2024-11-27,200.5,201.0,196.5,196.5,92029898.0,0.0
2024-11-28,196.0,199.0,193.0,195.5,56842531.0,0.0
2024-11-29,193.5,199.0,192.5,195.5,48382854.0,0.0
2024-12-02,198.5,199.5,195.5,196.0,46054629.0,0.0
2024-12-03,198.5,200.0,196.5,196.5,50430915.0,0.0
2024-12-04,197.5,201.5,197.0,201.0,48810602.0,0.0
2024-12-05,203.0,203.5,199.0,199.0,45629278.0,0.0
2024-12-06,199.5,201.5,197.5,198.0,46385653.0,0.0
2024-12-09,198.5,199.0,195.0,195.0,39186123.0,0.0
2024-12-10,193.0,195.0,192.0,192.0,55981201.0,0.0
2024-12-11,190.0,194.0,189.0,189.0,62875365.0,0.0
2024-12-12,190.5,193.0,188.5,188.5,47067315.0,0.0
2024-12-13,188.5,189.5,185.5,186.5,52081754.0,0.0
2024-12-16,188.0,189.5,181.5,182.0,71398289.0,0.0
2024-12-17,181.0,186.0,181.0,183.0,54107138.0,0.0
2024-12-18,183.0,185.5,182.5,184.5,46803571.0,0.0
2024-12-19,181.0,182.0,179.0,181.0,62303203.0,0.0
2024-12-20,181.0,184.0,180.0,181.0,55158347.0,0.0
2024-12-23,185.0,187.5,184.0,185.5,50507684.0,0.0
2024-12-24,187.5,187.5,185.5,185.5,32584682.0,0.0
2024-12-25,186.5,188.0,186.0,186.5,21198608.0,0.0
2024-12-26,187.5,189.0,187.0,187.5,35581123.0,0.0
2024-12-27,187.5,188.0,185.5,186.5,20870917.0,0.0
2024-12-30,185.5,187.0,184.5,185.0,23909208.0,0.0
2024-12-31,184.5,185.0,183.0,184.0,21179875.0,0.0
2025-01-02,184.0,186.0,181.5,182.5,38301022.0,0.0
2025-01-03,183.0,184.0,180.5,181.0,46698161.0,0.0
2025-01-06,185.0,187.5,183.5,184.5,66600965.0,0.0
2025-01-07,187.0,192.0,186.5,190.0,80605094.0,0.0
2025-01-08,190.0,190.0,187.0,188.0,40650155.0,0.0
2025-01-09,188.0,188.0,183.0,183.0,44873514.0,0.0
2025-01-10,182.5,184.0,181.0,181.5,39132489.0,0.0
2025-01-13,180.0,180.5,171.5,171.5,148207264.0,0.0
2025-01-14,171.5,174.5,171.0,174.5,62025042.0,0.0
2025-01-15,174.5,175.5,171.0,171.0,57853514.0,0.0
2025-01-16,175.0,176.0,173.0,173.5,41090927.0,0.0
2025-01-17,173.0,175.5,172.0,173.5,44467947.0,0.0
2025-01-20,174.5,178.0,174.5,178.0,33266229.0,0.0
2025-01-21,178.5,180.0,177.0,178.5,31745824.0,0.0
2025-01-22,180.5,181.0,178.5,180.0,43634401.0,0.0
2025-02-03,164.0,168.0,163.5,165.5,155112848.0,0.0
2025-02-04,167.0,169.0,165.0,165.0,62817481.0,0.0
2025-02-05,167.0,171.5,167.0,171.0,50787569.0,0.0
2025-02-06,172.5,174.0,171.0,173.0,40235011.0,0.0
2025-02-07,175.0,178.0,174.0,178.0,50334024.0,0.0
2025-02-10,176.0,176.5,174.0,174.0,35975740.0,0.0
2025-02-11,178.0,182.0,176.0,179.0,69282654.0,0.0
2025-02-12,181.5,181.5,177.0,177.0,41760435.0,0.0
2025-02-13,177.0,181.0,177.0,180.0,40054109.0,0.0
2025-02-14,180.0,180.5,177.5,178.0,26170902.0,0.0
2025-02-17,179.5,182.5,179.0,182.5,46052153.0,0.0
2025-02-18,183.0,184.0,181.0,183.5,26614265.0,0.0
2025-02-19,183.5,184.5,182.0,183.0,33998620.0,0.0
2025-02-20,183.0,183.5,181.5,182.0,23201907.0,0.0
2025-02-21,181.5,184.0,181.0,183.0,34837198.0,0.0
2025-02-24,181.0,184.0,180.5,184.0,26499357.0,0.0
2025-02-25,181.5,182.0,177.5,177.5,62236037.0,0.0
2025-02-26,175.0,181.0,174.5,180.5,44189198.0,0.0
2025-02-27,180.0,181.5,174.0,174.0,78529299.0,0.0
2025-03-03,172.0,175.0,170.0,170.0,67754390.0,0.0
2025-03-04,165.5,172.0,165.0,170.5,68513242.0,0.0
2025-03-05,171.5,175.0,171.5,173.5,44481318.0,0.0
2025-03-06,175.5,176.0,173.5,173.5,28371666.0,0.0
2025-03-07,171.0,174.5,171.0,172.0,31346422.0,0.0
2025-03-10,173.5,174.0,170.0,172.0,35538548.0,0.0
2025-03-11,166.0,169.5,165.0,168.5,65518436.0,0.0
2025-03-12,169.0,171.5,169.0,170.5,39457767.0,0.0
2025-03-13,172.5,174.0,168.0,168.0,33203563.0,0.0
2025-03-14,168.5,170.5,168.0,170.0,32460048.0,0.0
2025-03-17,172.0,172.5,168.0,168.0,49505421.0,0.0
2025-03-18,169.0,169.5,167.0,167.5,38491878.0,0.0
2025-03-19,167.0,167.5,163.5,164.0,76827146.0,0.0
2025-03-20,165.0,167.0,164.5,166.0,36080294.0,0.0
2025-03-21,167.0,167.0,165.0,165.0,44208163.0,0.0
2025-03-24,166.5,167.0,163.0,163.0,40731359.0,0.0
2025-03-25,165.5,166.5,164.0,165.0,32238564.0,0.0
2025-03-26,166.0,167.0,165.0,166.0,18157417.0,0.0
2025-03-27,163.5,164.0,160.0,160.5,64776987.0,0.0
2025-03-28,158.0,158.5,153.0,154.0,106024520.0,0.0
2025-03-31,145.0,149.5,145.0,146.0,126784939.0,0.0
2025-04-01,148.5,153.0,148.0,152.0,59980318.0,0.0
2025-04-02,153.0,154.5,152.0,153.5,38028390.0,0.0
2025-04-07,138.5,138.5,138.5,138.5,26126364.0,0.0
2025-04-08,127.0,130.5,125.0,125.0,301202019.0,0.0
2025-04-09,119.0,122.5,112.5,112.5,358282270.0,0.0
2025-04-10,123.5,123.5,123.5,123.5,35122259.0,0.0
2025-04-11,118.5,135.0,117.0,134.5,293820443.0,0.0
2025-04-14,141.5,145.0,136.0,138.5,210223406.0,0.0
2025-04-15,139.0,140.0,136.0,139.5,84519852.0,0.0
2025-04-16,138.0,139.5,136.0,136.0,59628853.0,0.0
2025-04-17,134.5,135.5,132.0,134.5,63502645.0,0.0
2025-04-18,135.0,136.5,133.5,135.5,25953939.0,0.0
2025-04-21,135.0,137.0,134.5,136.5,31715258.0,0.0
2025-04-22,134.5,136.0,131.5,132.0,43756112.0,0.0
2025-04-23,136.0,139.5,136.0,139.0,64790108.0,0.0
2025-04-24,139.0,139.0,135.5,136.5,43373263.0,0.0
2025-04-25,140.5,141.0,138.5,139.0,53501504.0,0.0
2025-04-28,140.0,143.5,140.0,142.5,46661370.0,0.0
2025-04-29,141.5,143.5,141.0,143.0,37793068.0,0.0
2025-04-30,143.0,144.0,141.5,141.5,41225512.0,0.0
2025-05-02,144.5,148.0,144.0,147.5,58858234.0,0.0
2025-05-05,149.0,149.0,142.0,142.5,65835101.0,0.0
2025-05-06,142.5,146.5,142.0,146.0,52642201.0,0.0
2025-05-07,146.5,148.0,143.5,145.0,42941757.0,0.0
2025-05-08,145.5,146.5,144.5,146.0,28650766.0,0.0
2025-05-09,146.5,147.5,145.5,147.0,29653062.0,0.0
2025-05-12,149.0,153.0,148.5,153.0,58159600.0,0.0
2025-05-13,159.5,161.5,157.0,158.0,91396561.0,0.0
2025-05-14,161.5,163.0,159.5,163.0,68720158.0,0.0
2025-05-15,163.0,163.0,158.5,159.5,68371776.0,0.0
2025-05-16,158.5,159.5,157.0,158.0,34064080.0,0.0
2025-05-19,157.0,158.0,154.0,154.0,51994460.0,0.0
2025-05-20,157.0,158.5,153.5,154.0,40404578.0,0.0
2025-05-21,155.0,156.5,154.5,155.0,28794921.0,0.0
2025-05-22,153.5,154.0,151.5,153.0,36180030.0,0.0
2025-05-23,156.0,156.0,153.0,154.0,22240124.0,0.0
2025-05-26,152.5,155.0,151.0,153.0,28674499.0,0.0
2025-05-27,153.5,155.0,152.0,152.0,27178660.0,0.0
2025-05-28,154.0,154.0,151.5,152.0,31301270.0,0.0
2025-05-29,154.5,158.0,154.0,156.0,88695221.0,0.0
2025-06-02,154.0,154.5,151.0,152.5,54596606.0,0.0
2025-06-03,153.5,155.0,151.5,151.5,37496603.0,0.0
2025-06-04,153.5,156.0,153.0,156.0,39430089.0,0.0
2025-06-05,156.5,157.0,155.5,155.5,34135967.0,0.0
2025-06-06,155.5,155.5,153.0,153.0,23622232.0,0.0
2025-06-09,155.0,155.5,154.0,154.5,18242233.0,0.0
2025-06-10,155.5,156.0,155.0,155.5,31625938.0,0.0
2025-06-11,156.5,157.5,155.5,156.0,26921144.0,0.0
2025-06-12,155.5,158.0,154.0,157.5,32770167.0,0.0
2025-06-13,157.0,158.5,156.0,156.5,37075939.0,0.0
2025-06-16,156.0,157.0,154.5,155.0,21564832.0,0.0
2025-06-17,156.5,157.0,154.5,155.0,25153697.0,0.0
2025-06-18,155.0,156.5,154.0,156.0,34125837.0,0.0
2025-06-19,155.5,156.0,154.0,154.0,20289055.0,0.0
2025-06-20,154.5,155.5,153.0,155.5,58365008.0,0.0
2025-06-23,153.0,156.0,152.0,156.0,48485749.0,0.0
2025-06-24,158.0,162.0,157.5,160.5,66177329.0,0.0
2025-06-25,161.5,162.0,160.0,162.0,48074338.0,0.0
2025-06-26,162.0,164.0,161.5,163.0,64983063.0,0.0
2025-06-27,163.0,165.5,162.5,165.0,74726884.0,0.0
2025-06-30,166.0,166.5,161.0,161.0,59551541.0,0.0
2025-07-01,161.5,166.0,161.0,165.5,101734619.0,0.0
2025-07-02,160.0,162.0,160.0,162.0,64904578.0,5.8
2025-07-03,164.0,164.5,163.0,164.0,45499276.0,0.0
2025-07-04,164.0,164.5,160.5,161.0,27434055.0,0.0
2025-07-07,161.0,162.0,159.5,161.0,23838993.0,0.0
2025-07-08,160.5,161.0,158.5,159.0,30285544.0,0.0
2025-07-09,159.5,161.5,159.0,161.0,28926202.0,0.0
2025-07-10,161.0,162.5,160.0,161.5,29653356.0,0.0
2025-07-11,161.5,162.5,160.5,161.5,20131944.0,0.0
2025-07-14,161.5,162.5,160.5,160.5,18584525.0,0.0
2025-07-15,160.0,163.0,160.0,163.0,20264333.0,0.0
2025-07-16,163.0,164.0,162.5,162.5,23986877.0,0.0
2025-07-17,163.0,164.0,162.5,164.0,20425825.0,0.0
2025-07-18,165.0,166.0,164.5,165.5,34053809.0,0.0
2025-07-21,166.0,166.5,164.5,165.0,16688671.0,0.0
2025-07-22,165.0,166.0,161.5,162.0,37854645.0,0.0
2025-07-23,163.5,166.0,163.5,166.0,50337916.0,0.0
2025-07-24,168.0,174.0,167.5,174.0,124903778.0,0.0
2025-07-25,175.5,175.5,173.0,174.5,55406174.0,0.0
2025-07-28,176.0,178.0,175.5,176.0,54693143.0,0.0
2025-07-29,175.0,175.5,171.0,171.5,48559908.0,0.0
2025-07-30,171.5,171.5,171.5,171.5,0.0,0.0
2025-07-31,178.0,179.0,176.0,178.0,88011311.0,0.0
2025-08-04,179.5,181.0,178.5,180.0,43591055.0,0.0
2025-08-05,182.0,185.0,182.0,184.5,50872232.0,0.0
2025-08-06,185.5,188.5,184.0,186.0,67331558.0,0.0
2025-08-07,190.0,195.0,190.0,194.5,116627300.0,0.0
2025-08-08,197.0,197.0,193.5,194.5,63362046.0,0.0
2025-08-11,194.0,198.0,192.5,198.0,50587400.0,0.0
2025-08-12,198.5,199.0,195.5,197.0,37740908.0,0.0
2025-08-13,198.0,199.0,193.5,198.5,99654169.0,0.0
2025-08-14,197.5,200.0,197.0,199.5,76141475.0,0.0
2025-08-15,205.0,208.0,202.0,207.0,152202911.0,0.0
2025-08-18,207.5,210.0,206.0,210.0,71303659.0,0.0
2025-08-19,210.0,212.0,208.0,208.0,48799892.0,0.0
2025-08-20,206.0,206.5,200.0,200.5,120493896.0,0.0
2025-08-21,201.0,206.0,201.0,206.0,66575736.0,0.0
2025-08-22,208.0,208.0,202.0,202.5,52817040.0,0.0
2025-08-25,207.0,208.0,206.0,207.5,51151687.0,0.0
2025-08-26,207.0,209.0,206.0,209.0,40946610.0,0.0
2025-08-27,210.0,210.0,207.5,208.0,39112918.0,0.0
2025-08-28,207.5,207.5,204.0,206.0,45436240.0,0.0
2025-08-29,206.0,207.0,202.5,203.5,52960909.0,0.0
2025-09-01,203.0,204.5,197.0,198.5,67997565.0,0.0
2025-09-02,200.0,203.5,198.0,198.5,34829147.0,0.0
2025-09-03,198.5,201.0,197.0,200.5,33636295.0,0.0
2025-09-04,203.0,205.0,202.0,203.0,41160693.0,0.0
2025-09-05,205.5,206.5,203.0,205.0,37057097.0,0.0
2025-09-08,206.0,207.5,202.0,203.5,44569167.0,0.0
2025-09-09,204.5,208.0,204.0,207.5,63494345.0,0.0
2025-09-10,211.0,211.0,209.0,210.0,84148890.0,0.0
2025-09-11,212.0,216.5,209.0,214.5,129973733.0,0.0
2025-09-12,217.0,218.5,216.5,217.5,71479522.0,0.0
2025-09-15,218.5,218.5,213.0,216.0,55330938.0,0.0
2025-09-16,217.0,217.0,213.5,215.5,49662786.0,0.0
2025-09-17,214.0,214.5,211.0,212.0,55894730.0,0.0
2025-09-18,211.5,216.0,208.0,215.0,78891977.0,0.0
2025-09-19,216.5,217.0,214.0,214.0,56361409.0,0.0
2025-09-22,215.5,218.0,214.0,216.0,33805955.0,0.0
2025-09-23,218.0,222.0,217.5,221.0,103442188.0,0.0
2025-09-24,222.0,223.0,219.0,223.0,64385629.0,0.0
2025-09-25,223.0,231.0,222.5,230.0,123630302.0,0.0
2025-09-26,230.0,230.5,218.5,219.5,116991800.0,0.0
2025-09-30,224.0,224.0,215.5,216.0,87033036.0,0.0
2025-10-01,219.0,222.0,216.0,219.0,57644055.0,0.0
2025-10-02,221.5,226.0,221.0,225.5,71706441.0,0.0
2025-10-03,226.0,228.0,224.5,226.5,51488648.0,0.0
2025-10-07,230.0,231.5,225.0,228.5,64479912.0,0.0
2025-10-08,225.0,225.5,222.0,225.0,48654405.0,0.0
2025-10-09,227.0,227.0,221.0,221.5,54969959.0,0.0
2025-10-13,210.0,216.0,210.0,213.0,105751618.0,0.0
2025-10-14,216.0,217.5,205.0,206.0,103962992.0,0.0
2025-10-15,207.5,208.0,203.0,206.5,63725983.0,0.0
2025-10-16,215.0,225.5,211.5,223.0,150705656.0,0.0
2025-10-17,224.0,230.0,222.5,226.5,117393949.0,0.0
2025-10-20,230.0,239.5,229.0,238.5,149270185.0,0.0
2025-10-21,241.5,245.5,238.0,239.0,117969555.0,0.0
2025-10-22,238.0,243.0,236.5,242.5,69466417.0,0.0
2025-10-23,240.0,240.5,238.0,239.0,47487658.0,0.0
2025-10-27,249.0,249.0,243.0,246.5,78976148.0,0.0
2025-10-28,248.0,250.0,246.5,250.0,72210529.0,0.0
2025-10-29,254.0,263.0,253.0,260.0,122095968.0,0.0
2025-10-30,262.5,265.0,256.5,262.0,105395242.0,0.0
2025-10-31,261.0,262.0,257.0,257.5,60671044.0,0.0
2025-11-03,255.0,256.5,250.0,251.5,92588580.0,0.0
2025-11-04,252.0,255.0,244.0,244.0,91077032.0,0.0
2025-11-05,239.0,248.5,237.0,247.0,111699424.0,0.0
2025-11-06,249.5,250.5,246.0,248.0,64418664.0,0.0
2025-11-07,246.0,250.5,244.0,244.0,48667340.0,0.0
2025-11-10,245.0,250.0,244.0,249.5,50699016.0,0.0
2025-11-11,251.0,252.0,246.5,246.5,49323677.0,0.0
2025-11-12,248.0,252.0,245.0,251.0,63578429.0,0.0
2025-11-13,256.0,256.0,247.0,252.0,89314039.0,0.0
2025-11-14,246.5,247.0,241.0,241.0,107025603.0,0.0
2025-11-17,241.0,242.0,235.0,236.0,82230187.0,0.0
2025-11-18,231.5,237.0,230.0,230.0,74877047.0,0.0
2025-11-19,226.5,230.0,226.5,229.0,69017030.0,0.0
2025-11-20,237.0,238.0,232.5,236.5,77074387.0,0.0
2025-11-21,226.0,229.5,225.0,225.0,92224538.0,0.0
2025-11-24,226.5,227.0,220.0,220.0,96559056.0,0.0
2025-11-25,225.0,226.0,219.0,219.0,71531864.0,0.0
2025-11-26,221.0,228.0,221.0,227.0,67295295.0,0.0
2025-11-27,229.0,232.0,226.0,231.0,62010923.0,0.0
2025-11-28,229.5,229.5,225.0,225.5,55419918.0,0.0
2025-12-01,225.0,226.0,222.0,222.0,50775578.0,0.0
2025-12-02,220.5,225.0,220.5,222.0,48093660.0,0.0
2025-12-03,225.0,230.0,225.0,227.0,51488715.0,0.0
2025-12-04,230.0,230.0,227.5,228.5,25112739.0,0.0
2025-12-05,229.0,231.5,228.5,231.0,34284096.0,0.0
2025-12-08,231.5,232.0,229.0,232.0,29235914.0,0.0
2025-12-09,233.0,236.5,232.0,235.0,53342004.0,0.0
2025-12-10,236.0,236.0,232.0,233.5,35301661.0,0.0
2025-12-11,234.0,234.5,226.0,226.0,56426793.0,0.0
2025-12-12,227.0,228.5,225.0,227.0,28800768.0,0.0
2025-12-15,221.0,223.0,220.5,221.5,41393524.0,0.0
2025-12-16,220.0,220.5,215.0,218.0,59731441.0,0.0
2025-12-17,218.0,219.5,216.0,216.5,41170423.0,0.0
2025-12-18,214.5,217.0,213.5,216.0,47662851.0,0.0
2025-12-19,219.0,221.5,218.0,221.5,40816061.0,0.0
2025-12-22,224.5,225.5,223.0,224.0,39334152.0,0.0
2025-12-23,225.5,226.0,223.5,224.0,29072621.0,0.0
2025-12-24,225.5,227.5,224.0,224.0,35691897.0,0.0
2025-12-26,225.5,227.5,224.5,225.5,28309367.0,0.0
2025-12-29,227.0,233.0,226.5,231.0,56570767.0,0.0
2025-12-30,230.5,231.0,228.0,228.0,35182695.0,0.0
2025-12-31,228.5,231.5,228.0,230.5,40505358.0,0.0
2026-01-02,232.0,233.5,229.0,232.0,57704460.0,0.0
2026-01-05,234.5,236.0,233.5,234.5,63164221.0,0.0
2026-01-06,237.0,239.0,232.5,236.0,63939915.0,0.0
2026-01-07,237.5,241.5,235.0,238.5,82446725.0,0.0
2026-01-08,237.5,237.5,228.5,229.5,85561505.0,0.0
2026-01-09,230.0,232.0,227.0,230.5,36453268.0,0.0
2026-01-12,233.0,233.0,228.5,228.5,31525354.0,0.0
2026-01-13,230.0,230.5,226.0,226.5,42839849.0,0.0
2026-01-14,228.0,234.5,227.5,234.5,63677855.0,0.0
2026-01-15,234.0,234.0,231.0,233.5,34263022.0,0.0
2026-01-16,235.0,235.0,231.0,234.5,47340006.0,0.0
2026-01-19,233.5,233.5,229.0,229.5,51232322.0,0.0
2026-01-20,228.5,228.5,223.5,223.5,73125523.0,0.0
2026-01-21,221.0,225.0,219.0,219.0,72461575.0,0.0
2026-01-22,223.5,226.0,222.0,223.5,46717048.0,0.0
2026-01-23,225.5,226.5,221.5,221.5,32682740.0,0.0
2026-01-26,222.5,225.0,220.0,224.0,38021744.0,0.0
2026-01-27,226.0,227.0,224.0,225.5,35936182.0,0.0
2026-01-28,227.0,231.5,224.0,225.5,77656661.0,0.0
2026-01-29,226.5,227.5,222.0,224.0,54347878.0,0.0
2026-01-30,223.5,223.5,218.5,220.5,68997336.0,0.0
2026-02-02,219.5,220.0,213.5,214.5,61482988.0,0.0
2026-02-03,218.5,220.0,214.5,216.5,40387110.0,0.0
2026-02-04,214.5,219.0,214.0,219.0,26990407.0,0.0
2026-02-05,217.5,220.0,215.0,215.5,41975910.0,0.0
2026-02-06,215.0,216.5,210.5,215.0,54938386.0,0.0
2026-02-09,219.0,220.5,217.5,218.5,30183295.0,0.0
2026-02-10,220.0,222.0,218.0,221.0,46182261.0,0.0
2026-02-11,222.5,227.0,220.5,227.0,65872532.0,0.0
2026-02-23,229.5,231.0,227.0,228.5,81100478.0,0.0
2026-02-24,229.5,232.5,228.0,232.0,66757493.0,0.0
2026-02-25,235.0,247.0,234.5,246.5,162158621.0,0.0
2026-02-26,253.5,253.5,241.5,243.0,117910827.0,0.0
2026-03-02,234.0,241.0,232.5,239.0,72894162.0,0.0
2026-03-03,239.0,240.0,228.0,229.0,84561556.0,0.0
2026-03-04,224.5,225.0,216.5,217.0,117264053.0,0.0
2026-03-05,224.5,228.0,222.0,224.0,54395081.0,0.0
2026-03-06,221.0,223.5,219.0,223.0,36562334.0,0.0
2026-03-09,208.0,212.5,206.0,210.5,89078875.0,0.0
2026-03-10,216.0,216.5,209.5,209.5,66168862.0,0.0
2026-03-11,212.5,220.0,212.5,219.0,53568046.0,0.0
2026-03-12,217.0,218.5,213.0,214.5,42953811.0,0.0
2026-03-13,211.5,216.0,210.0,214.5,35894769.0,0.0
2026-03-16,216.0,217.5,214.0,216.5,37886518.0,0.0
2026-03-17,215.5,216.5,212.0,212.0,106419159.0,0.0
2026-03-18,212.5,213.5,210.0,210.0,72625994.0,0.0
2026-03-19,207.5,207.5,205.0,205.0,83275296.0,0.0
2026-03-20,203.5,205.0,200.5,203.0,89100557.0,0.0
2026-03-23,196.5,197.5,195.0,196.0,73041333.0,0.0
2026-03-24,198.5,199.5,194.0,195.0,53882508.0,0.0
2026-03-25,200.0,201.0,197.0,200.0,40930016.0,0.0
2026-03-26,202.5,206.0,200.5,200.5,40681455.0,0.0
2026-03-27,197.0,200.5,196.5,199.5,28552049.0,0.0
2026-03-30,194.5,195.5,193.0,194.0,44238703.0,0.0
2026-03-31,191.0,192.5,187.5,187.5,85781264.0,0.0
2026-04-01,195.0,197.5,194.5,197.0,44327183.0,0.0
2026-04-02,198.0,199.0,191.5,193.0,36299062.0,0.0
2026-04-07,195.0,195.5,189.5,192.0,35130860.0,0.0
2026-04-08,196.5,202.0,196.5,201.5,65536699.0,0.0
2026-04-09,201.0,201.5,198.0,200.0,40511384.0,0.0
2026-04-10,200.5,202.5,199.5,200.5,55780853.0,0.0
2026-04-13,200.0,202.5,198.5,200.0,36786764.0,0.0
2026-04-14,204.0,208.0,203.5,207.5,56963436.0,0.0
2026-04-15,211.5,211.5,206.5,207.5,69041187.0,0.0
2026-04-16,207.5,211.0,206.0,207.0,44353061.0,0.0
2026-04-17,207.5,209.5,203.5,206.0,47524705.0,0.0
2026-04-20,206.0,209.5,204.5,207.5,38137175.0,0.0
2026-04-21,210.0,213.0,209.5,211.0,55956369.0,0.0
2026-04-22,213.0,223.5,212.5,221.0,135835479.0,0.0
2026-04-23,229.5,233.0,218.0,225.0,169098376.0,0.0
2026-04-24,227.0,227.0,218.0,221.5,75559985.0,0.0
2026-04-27,224.0,230.0,220.0,228.0,106041417.0,0.0
2026-04-28,230.0,234.0,225.0,225.5,101695092.0,0.0
2026-04-29,226.0,226.0,222.0,225.0,42650013.0,0.0
2026-04-30,224.5,230.0,219.5,219.5,71802349.0,0.0
2026-05-04,224.0,229.5,223.5,227.5,55806920.0,0.0
2026-05-05,227.5,240.0,227.0,239.5,155860044.0,0.0
2026-05-06,246.5,253.0,245.0,252.0,233432260.0,0.0
2026-05-07,255.0,258.0,250.0,253.5,125546014.0,0.0
2026-05-08,254.0,256.0,245.5,250.0,98286050.0,0.0
2026-05-11,256.5,258.0,251.0,252.0,61755068.0,0.0
2026-05-12,254.0,254.0,246.0,250.0,81122139.0,0.0
2026-05-13,246.5,251.0,242.5,251.0,70431323.0,0.0
2026-05-14,255.0,255.0,244.0,244.5,71191228.0,0.0
2026-05-15,249.0,260.0,247.0,248.5,134968302.0,0.0
2026-05-18,251.0,251.0,241.0,248.5,60689919.0,0.0
2026-05-19,251.0,254.0,244.0,245.0,68744554.0,0.0
2026-05-20,246.5,246.5,239.5,240.0,61055296.0,0.0
2026-05-21,245.0,249.0,244.0,247.5,50459560.0,0.0
2026-05-22,249.0,251.5,245.0,250.0,55061095.0,0.0
2026-05-25,255.0,263.5,255.0,261.0,119013627.0,0.0
2026-05-26,262.5,263.5,257.0,259.0,54322447.0,0.0
2026-05-27,263.0,269.0,261.0,264.0,76194767.0,0.0
2026-05-28,265.0,269.5,259.5,263.0,71820253.0,0.0
2026-05-29,269.0,289.0,268.0,289.0,282852094.0,0.0
2026-06-01,302.0,304.5,293.0,293.5,194094294.0,0.0
2026-06-02,297.5,302.0,293.0,301.5,110375105.0,0.0
2026-06-03,306.0,314.0,299.0,309.0,146416447.0,0.0
2026-06-04,309.0,309.0,293.0,293.0,105281727.0,0.0
2026-06-05,290.5,292.5,278.0,284.5,89253266.0,0.0
2026-06-08,257.5,272.0,257.5,269.5,112878529.0,0.0
2026-06-09,270.5,277.5,268.5,277.5,71791661.0,0.0
2026-06-10,271.0,274.0,262.5,263.0,82371415.0,0.0
2026-06-11,260.0,262.5,251.5,258.5,88135941.0,0.0
2026-06-12,266.5,269.0,260.0,260.5,58714860.0,0.0
2026-06-15,271.0,272.5,265.0,267.5,53635501.0,0.0
2026-06-16,270.0,271.0,265.5,269.0,54847841.0,0.0
2026-06-17,266.0,272.0,264.0,272.0,40918113.0,0.0
2026-06-18,270.5,271.5,268.5,268.5,67328101.0,0.0
2026-06-22,270.0,275.5,268.5,268.5,63638370.0,0.0
2026-06-23,270.0,270.5,259.0,259.5,87176477.0,0.0
2026-06-24,255.0,261.0,255.0,256.0,59641357.0,0.0
2026-06-25,260.5,262.5,257.5,257.5,41360011.0,0.0
2026-06-26,255.5,255.5,248.0,248.5,76100217.0,0.0
2026-06-29,250.0,252.0,246.0,246.5,47188706.0,0.0
2026-06-30,251.5,255.5,249.0,251.0,51218467.0,0.0
2026-07-01,255.0,255.5,248.0,248.0,63616512.0,0.0
2026-07-02,239.0,243.0,238.0,239.0,64828330.0,7.1718
2026-07-03,237.0,241.0,236.0,240.5,49052306.0,0.0
2026-07-06,243.5,247.5,240.5,242.0,42276658.0,0.0
2026-07-07,243.0,243.0,236.0,237.0,49448509.0,0.0
2026-07-08,240.0,240.5,234.0,237.5,36721523.0,0.0
2026-07-09,238.0,240.0,234.5,237.5,38817358.0,0.0
2026-07-10,237.5,237.5,237.5,237.5,0.0,0.0
2026-07-13,242.0,242.5,236.5,236.5,36758505.0,0.0
2026-07-14,236.0,237.0,230.0,235.5,46603460.0,0.0
2026-07-15,236.0,241.0,235.5,239.0,35204710.0,0.0
2026-07-16,240.5,244.0,238.0,242.5,37128310.0,0.0
2026-07-17,238.0,241.5,233.0,234.0,67239137.0,0.0
2026-07-20,235.5,238.5,230.5,234.5,47619834.0,0.0
2026-07-21,238.0,247.0,236.5,246.0,50049475.0,0.0
2026-07-22,249.0,259.0,248.0,251.5,66051511.0,0.0
2026-07-23,256.5,259.5,253.5,257.5,62121101.0,0.0
2026-07-24,254.0,256.0,251.5,252.5,32814582.0,0.0
2026-07-27,253.0,254.5,246.0,253.0,35062266.0,0.0
2026-07-28,246.0,247.0,238.0,238.0,51017638.0,0.0
2026-07-29,240.0,246.5,231.0,237.0,82004943.0,0.0
2026-07-30,236.0,237.5,226.5,229.5,74299712.0,0.0
2026-07-31,245.0,252.0,242.5,250.5,96232985.0,0.0
2026-08-03,244.5,254.0,242.5,253.0,51583093.0,0.0
2026-08-04,249.0,254.5,246.0,250.0,40209747.0,0.0
2026-08-05,257.0,260.5,256.0,258.5,70661389.0,0.0
2026-08-06,258.5,265.0,257.5,264.5,79995760.0,0.0
2026-08-07,265.5,267.0,258.0,260.0,37720298.0,0.0
2026-08-10,262.5,266.5,262.0,264.5,33745681.0,0.0
2026-08-11,266.0,266.0,260.5,263.0,24024583.0,0.0
2026-08-12,264.5,270.5,264.0,270.0,58028203.0,0.0
2026-08-13,274.5,274.5,261.0,262.0,92698114.0,0.0
2026-08-14,262.0,264.5,257.5,259.5,49247604.0,0.0
2026-08-17,259.5,261.0,255.0,255.0,34360164.0,0.0
2026-08-18,255.0,256.5,247.5,249.0,48047465.0,0.0
2026-08-19,245.0,247.0,242.5,245.0,34855147.0,0.0
2026-08-20,250.5,250.5,244.0,246.5,25739687.0,0.0
2026-08-21,245.0,247.0,243.0,245.5,24150184.0,0.0
2026-08-24,246.0,246.5,243.5,243.5,22420689.0,0.0
2026-08-25,242.0,243.5,238.0,243.0,35368212.0,0.0
2026-08-26,243.0,248.0,241.5,246.5,23533805.0,0.0
2026-08-27,248.5,256.5,248.5,252.0,40754846.0,0.0
2026-08-28,255.5,256.5,251.0,253.0,30726342.0,0.0
2026-08-31,249.5,251.0,246.0,250.0,34461565.0,0.0
2026-09-01,253.0,256.0,251.0,256.0,29000052.0,0.0
2026-09-02,253.0,255.0,250.5,251.0,27815114.0,0.0
2026-09-03,253.5,254.5,247.5,247.5,28712515.0,0.0
2026-09-04,252.5,256.0,251.0,256.0,47689189.0,0.0
2026-09-07,258.5,259.0,252.5,256.0,33150225.0,0.0
2026-09-08,256.0,256.0,250.0,251.5,38876753.0,0.0
2026-09-09,250.5,254.0,250.5,252.0,19302475.0,0.0
2026-09-10,250.5,252.0,247.5,251.0,38203448.0,0.0
2026-09-11,247.5,249.5,247.0,248.0,23496234.0,0.0
2026-09-14,244.5,249.5,243.5,248.5,21657156.0,0.0
2026-09-15,247.5,250.0,246.5,246.5,15351327.0,0.0
2026-09-16,247.5,248.5,246.0,248.0,19283592.0,0.0
2026-09-17,249.5,253.5,249.5,250.5,25821424.0,0.0
2026-09-18,252.5,253.0,249.0,250.5,43948586.0,0.0
2026-09-21,251.5,252.0,249.0,250.0,16241779.0,0.0
2026-09-22,252.0,254.0,250.5,253.0,37641805.0,0.0
2026-09-23,255.0,257.0,255.0,256.0,34725599.0,0.0
2026-09-24,253.0,253.0,249.5,250.5,33005343.0,0.0
2026-09-29,247.0,254.0,247.0,250.5,30194485.0,0.0
2026-09-30,253.5,254.0,251.5,251.5,26479984.0,0.0
2026-10-01,253.0,254.0,250.5,254.0,26107736.0,0.0
2026-10-02,253.0,253.0,250.5,251.0,28438643.0,0.0
2026-10-05,254.0,256.0,253.5,254.0,45308142.0,0.0
