date,open,high,low,close,volume,dividend
2015-01-05,175.8549,176.9822,172.0974,176.9822,1813665.0,0.0
2015-01-06,175.1034,176.6065,167.964,169.4671,2570800.0,0.0
2015-01-07,167.964,170.9701,167.964,168.3398,1631367.0,0.0
2015-01-08,171.3459,175.4792,170.5943,172.8489,1695237.0,0.0
2015-01-09,175.8549,175.8549,171.3459,172.0974,1954713.0,0.0
2015-01-12,172.0974,176.2307,172.0974,172.8489,1477012.0,0.0
2015-01-13,172.8489,178.4853,172.8489,175.1034,2135680.0,0.0
2015-01-14,175.1034,179.6125,175.1034,178.861,1845600.0,0.0
2015-01-15,178.1095,179.9883,175.4792,175.4792,1640681.0,0.0
2015-01-16,175.8549,177.358,173.6004,173.9762,1288061.0,0.0
2015-01-19,175.8549,176.6065,174.7277,175.4792,496329.0,0.0
2015-01-20,175.4792,178.1095,175.4792,176.6065,1064513.0,0.0
2015-01-21,177.7337,178.1095,176.2307,176.6065,879554.0,0.0
2015-01-22,178.1095,179.6125,176.9822,177.358,944755.0,0.0
2015-01-23,179.6125,179.9883,175.4792,177.358,1242819.0,0.0
2015-01-26,178.1095,179.2368,177.7337,178.4853,972699.0,0.0
2015-01-27,179.6125,184.1216,179.2368,181.1156,2839590.0,0.0
2015-01-28,181.1156,183.7459,180.3641,182.6186,887538.0,0.0
2015-01-29,182.6186,182.6186,179.2368,179.6125,747820.0,0.0
2015-01-30,179.6125,181.1156,178.861,178.861,1467698.0,0.0
2015-02-02,178.861,181.1156,178.4853,181.1156,1103102.0,0.0
2015-02-03,181.8671,184.4974,181.1156,182.6186,1814995.0,0.0
2015-02-04,184.1216,185.6247,182.6186,182.6186,1409149.0,0.0
2015-02-05,183.3701,185.6247,183.3701,185.2489,1342617.0,0.0
2015-02-06,185.6247,186.752,181.8671,182.6186,979352.0,0.0
2015-02-09,184.1216,184.8732,182.6186,184.8732,1531569.0,0.0
2015-02-10,185.6247,185.6247,182.2428,182.2428,1166973.0,0.0
2015-02-11,184.1216,184.8732,180.7398,180.7398,2191567.0,0.0
2015-02-12,180.7398,181.1156,178.4853,181.1156,2158301.0,0.0
2015-02-13,182.2428,182.2428,180.3641,180.7398,1378545.0,0.0
2015-02-24,182.9944,185.6247,182.2428,184.8732,2823622.0,0.0
2015-02-25,186.752,187.1277,183.3701,184.1216,1306690.0,0.0
2015-02-26,180.7398,183.3701,179.9883,180.3641,1808342.0,0.0
2015-03-02,183.3701,184.4974,181.1156,183.3701,1326650.0,0.0
2015-03-03,184.8732,184.8732,182.9944,184.1216,1258787.0,0.0
2015-03-04,184.1216,192.3883,183.7459,190.8853,3363863.0,0.0
2015-03-05,190.8853,191.261,188.6307,190.5095,1208222.0,0.0
2015-03-06,190.5095,195.3944,189.758,194.6429,1507617.0,0.0
2015-03-09,194.6429,195.0186,190.5095,191.261,988667.0,0.0
2015-03-10,190.1338,191.261,189.3823,189.758,1330642.0,0.0
2015-03-11,187.8792,188.255,186.3762,186.3762,895522.0,0.0
2015-03-12,186.3762,187.8792,184.4974,186.0004,1131045.0,0.0
2015-03-13,186.752,189.3823,186.3762,187.8792,576168.0,0.0
2015-03-16,187.8792,190.1338,187.8792,188.6307,572176.0,0.0
2015-03-17,190.8853,194.2671,190.1338,192.3883,1491649.0,0.0
2015-03-18,192.3883,196.8974,191.6368,196.5217,1431770.0,0.0
2015-03-19,198.4005,199.9035,196.8974,199.5277,1825640.0,0.0
2015-03-20,199.152,201.4065,197.6489,200.2793,1350601.0,0.0
2015-03-23,200.2793,200.655,195.7702,198.0247,1409149.0,0.0
2015-03-24,198.0247,203.6611,196.5217,203.2853,1312013.0,0.0
2015-03-25,202.9096,208.9217,201.4065,206.6671,2818299.0,0.0
2015-03-26,202.9096,206.6671,200.655,206.2914,1661971.0,0.0
2015-03-27,202.5338,202.9096,192.0126,192.0126,3913418.0,0.0
2015-03-30,187.5035,192.0126,178.861,179.9883,5985227.0,0.0
2015-03-31,181.1156,181.8671,175.1034,179.2368,3866845.0,0.0
2015-04-01,178.1095,178.861,175.4792,176.6065,2609389.0,0.0
2015-04-02,177.358,188.6307,177.358,185.6247,3885474.0,0.0
2015-04-07,187.8792,187.8792,183.3701,183.7459,1266771.0,0.0
2015-04-08,182.9944,185.6247,178.4853,178.861,1507617.0,0.0
2015-04-09,183.3701,185.2489,176.9822,178.4853,2283381.0,0.0
2015-04-10,180.3641,184.8732,179.6125,184.4974,1683262.0,0.0
2015-04-13,184.8732,186.0004,181.8671,185.6247,923465.0,0.0
2015-04-14,186.3762,190.1338,185.6247,189.758,1618060.0,0.0
2015-04-15,190.8853,191.6368,187.5035,187.8792,2085116.0,0.0
2015-04-16,189.0065,196.8974,188.6307,194.2671,3655273.0,0.0
2015-04-17,192.3883,193.8914,185.6247,186.3762,1649996.0,0.0
2015-04-20,186.3762,187.8792,183.3701,186.0004,996650.0,0.0
2015-04-21,187.1277,187.8792,181.8671,182.6186,950078.0,0.0
2015-04-22,184.8732,191.261,184.4974,190.1338,2039874.0,0.0
2015-04-23,191.6368,193.1398,189.3823,189.3823,1639351.0,0.0
2015-04-24,191.6368,194.6429,190.8853,194.2671,1741810.0,0.0
2015-04-27,196.1459,200.655,194.2671,198.0247,2294026.0,0.0
2015-04-28,198.4005,200.2793,193.8914,194.6429,1325319.0,0.0
2015-04-29,193.8914,195.0186,187.8792,189.758,2187575.0,0.0
2015-04-30,190.1338,193.8914,189.3823,190.5095,1302698.0,0.0
2015-05-04,191.6368,193.8914,191.261,193.1398,1045884.0,0.0
2015-05-05,193.8914,193.8914,187.8792,191.261,963384.0,0.0
2015-05-06,191.261,192.7641,189.758,192.0126,943425.0,0.0
2015-05-07,191.6368,191.6368,185.2489,185.2489,1230843.0,0.0
2015-05-08,185.6247,187.8792,184.1216,184.4974,942094.0,0.0
2015-05-11,188.6307,188.6307,182.9944,182.9944,940763.0,0.0
2015-05-12,183.3701,186.3762,182.2428,182.9944,633385.0,0.0
2015-05-13,182.9944,185.6247,182.9944,184.4974,705240.0,0.0
2015-05-14,184.8732,187.8792,183.3701,184.1216,1270763.0,0.0
2015-05-15,186.0004,187.5035,184.1216,184.8732,1308021.0,0.0
2015-05-18,186.3762,186.3762,183.7459,183.7459,971368.0,0.0
2015-05-19,186.3762,186.3762,183.7459,184.1216,1008626.0,0.0
2015-05-20,184.1216,187.5035,184.1216,185.2489,1378545.0,0.0
2015-05-21,184.1216,186.3762,180.3641,184.1216,1612738.0,0.0
2015-05-22,186.3762,186.3762,181.1156,181.8671,2030559.0,0.0
2015-05-25,185.2489,185.2489,180.7398,181.4913,1583464.0,0.0
2015-05-26,182.9944,184.8732,181.1156,181.8671,1492980.0,0.0
2015-05-27,181.8671,185.2489,181.1156,184.1216,1403827.0,0.0
2015-05-28,185.6247,191.6368,184.4974,189.0065,2015922.0,0.0
2015-05-29,190.5095,190.5095,186.0004,186.0004,1196247.0,0.0
2015-06-01,186.3762,187.8792,181.8671,187.8792,940763.0,0.0
2015-06-02,187.5035,189.758,182.9944,187.5035,1733826.0,0.0
2015-06-03,187.8792,188.6307,183.7459,184.1216,743828.0,0.0
2015-06-04,183.3701,184.1216,179.9883,179.9883,982013.0,0.0
2015-06-05,179.6125,181.1156,176.6065,178.1095,1117739.0,0.0
2015-06-08,178.1095,182.2428,176.6065,180.3641,836973.0,0.0
2015-06-09,178.861,178.861,163.0792,163.8307,2308663.0,0.0
2015-06-10,165.3337,174.3519,164.958,172.8489,2537534.0,0.0
2015-06-11,172.8489,173.2246,166.0852,171.7216,2395155.0,0.0
2015-06-12,171.3459,171.3459,163.4549,165.3337,1865560.0,0.0
2015-06-15,166.461,167.5883,160.4489,161.5761,1488988.0,0.0
2015-06-16,158.5701,159.3216,148.8004,150.6791,3881482.0,0.0
2015-06-17,153.3094,161.2004,153.3094,158.1943,4167570.0,0.0
2015-06-18,159.3216,161.5761,156.3155,159.6973,1572818.0,0.0
2015-06-22,160.0731,161.5761,158.1943,159.6973,2011930.0,0.0
2015-06-23,157.8185,158.5701,156.3155,157.067,2359228.0,4.5059
2015-06-24,158.5701,165.3337,157.4428,163.4549,2824953.0,0.0
2015-06-25,164.5822,168.3398,164.2064,166.0852,2192898.0,0.0
2015-06-26,166.0852,167.964,162.3277,162.7034,1204231.0,0.0
2015-06-29,158.5701,158.9458,155.564,157.8185,2110398.0,0.0
2015-06-30,156.3155,159.3216,155.564,159.3216,2299349.0,0.0
2015-07-01,159.3216,162.7034,157.8185,162.3277,1584794.0,0.0
2015-07-02,163.0792,163.8307,158.5701,159.3216,1607415.0,0.0
2015-07-03,157.8185,158.9458,156.6913,158.5701,1249472.0,0.0
2015-07-06,157.067,161.5761,157.067,160.0731,1713866.0,0.0
2015-07-07,161.5761,163.8307,159.3216,159.3216,2174269.0,0.0
2015-07-08,157.8185,161.5761,155.564,155.564,1648665.0,0.0
2015-07-09,158.9458,158.9458,152.1822,152.9337,2288704.0,0.0
2015-07-10,152.9337,152.9337,152.9337,152.9337,0.0,0.0
2015-07-13,155.9398,156.3155,153.6852,154.4367,1719189.0,0.0
2015-07-14,156.3155,159.3216,155.564,156.3155,1740479.0,0.0
2015-07-15,159.3216,171.7216,159.3216,171.7216,4868819.0,0.0
2015-07-16,174.3519,175.4792,167.964,169.8428,2734469.0,0.0
2015-07-17,172.8489,173.6004,167.5883,167.5883,1991971.0,0.0
2015-07-20,169.8428,170.5943,167.5883,169.0913,2051850.0,0.0
2015-07-21,170.2186,170.2186,163.0792,164.958,1261448.0,0.0
2015-07-22,161.9519,164.958,160.8246,160.8246,2053180.0,0.0
2015-07-23,160.8246,163.0792,157.8185,162.7034,1161650.0,0.0
2015-07-24,162.7034,162.7034,155.564,157.8185,1949390.0,0.0
2015-07-27,155.1882,159.3216,151.0549,152.9337,2445720.0,0.0
2015-07-28,154.4367,157.4428,152.5579,156.3155,1604754.0,0.0
2015-07-29,155.9398,157.8185,153.6852,155.564,1137698.0,0.0
2015-07-30,155.564,160.8246,155.564,158.1943,1495641.0,0.0
2015-07-31,160.0731,161.9519,158.1943,160.0731,1308021.0,0.0
2015-08-03,160.0731,164.5822,156.3155,164.5822,1894834.0,0.0
2015-08-04,165.3337,165.7095,157.067,159.6973,1755116.0,0.0
2015-08-05,159.6973,164.2064,158.1943,163.4549,968707.0,0.0
2015-08-06,164.2064,164.958,158.1943,158.9458,1049876.0,0.0
2015-08-07,157.067,160.0731,151.8064,160.0731,2369873.0,0.0
2015-08-10,160.0731,164.958,159.6973,163.0792,1068505.0,0.0
2015-08-11,166.0852,168.7155,163.0792,163.0792,1749794.0,0.0
2015-08-12,164.5822,164.958,161.5761,164.5822,1147013.0,0.0
2015-08-13,165.3337,170.5943,163.0792,167.964,1920116.0,0.0
2015-08-14,166.8367,173.2246,165.3337,172.4731,1948059.0,0.0
2015-08-17,172.4731,172.8489,164.2064,164.2064,1520923.0,0.0
2015-08-18,164.5822,166.0852,161.2004,161.5761,1069836.0,0.0
2015-08-19,160.8246,163.4549,157.8185,158.5701,1893503.0,0.0
2015-08-20,157.067,158.5701,153.3094,155.1882,2401808.0,0.0
2015-08-21,152.5579,154.061,148.0488,148.0488,2125035.0,0.0
2015-08-24,148.0488,151.8064,141.2852,148.8004,4363175.0,0.0
2015-08-25,148.8004,155.564,146.5458,149.1761,2407131.0,0.0
2015-08-26,148.8004,153.3094,144.667,151.8064,1649996.0,0.0
2015-08-27,154.061,155.9398,151.8064,152.5579,1623383.0,0.0
2015-08-28,155.564,158.1943,154.061,155.564,1503625.0,0.0
2015-08-31,157.067,157.067,152.9337,155.564,1354593.0,0.0
2015-09-01,155.564,157.067,154.061,155.1882,1375883.0,0.0
2015-09-02,155.1882,155.1882,152.1822,152.9337,1479673.0,0.0
2015-09-03,154.061,157.4428,153.6852,154.4367,1317335.0,0.0
2015-09-04,155.9398,157.4428,154.4367,154.4367,755804.0,0.0
2015-09-07,154.061,157.8185,154.061,155.564,517619.0,0.0
2015-09-08,154.4367,155.1882,151.8064,151.8064,1832294.0,0.0
2015-09-09,153.6852,155.9398,153.6852,154.4367,1904148.0,0.0
2015-09-10,155.1882,156.6913,154.061,154.4367,914151.0,0.0
2015-09-11,154.4367,155.9398,154.4367,155.1882,919473.0,0.0
2015-09-14,157.067,163.8307,157.067,163.0792,2236809.0,0.0
2015-09-15,164.5822,165.3337,161.2004,161.5761,1236166.0,0.0
2015-09-16,164.5822,168.3398,163.8307,167.2125,2400478.0,0.0
2015-09-17,168.3398,172.8489,167.2125,167.2125,2369873.0,0.0
2015-09-18,170.5943,170.9701,166.8367,169.0913,1687254.0,0.0
2015-09-21,167.2125,167.5883,164.5822,166.0852,1206892.0,0.0
2015-09-22,167.5883,170.2186,166.461,169.8428,891530.0,0.0
2015-09-23,167.5883,170.2186,165.7095,166.8367,1425117.0,0.0
2015-09-24,166.8367,168.7155,163.4549,163.4549,1241489.0,0.0
2015-09-25,165.3337,165.7095,161.9519,163.0792,1009957.0,0.0
2015-09-29,163.0792,163.0792,163.0792,163.0792,0.0,0.0
2015-09-30,162.7034,169.0913,161.5761,169.0913,1536891.0,0.0
2015-10-01,169.0913,171.7216,166.0852,169.0913,1374553.0,0.0
2015-10-02,169.0913,170.5943,167.5883,169.8428,683950.0,0.0
2015-10-05,171.3459,173.6004,169.0913,171.7216,1438424.0,0.0
2015-10-06,172.8489,176.6065,171.3459,172.8489,1820318.0,0.0
2015-10-07,172.8489,179.9883,170.2186,178.861,1933422.0,0.0
2015-10-08,178.861,178.861,172.4731,172.4731,1699229.0,0.0
2015-10-12,172.4731,176.6065,172.4731,175.1034,1300037.0,0.0
2015-10-13,175.1034,180.3641,173.9762,179.9883,1700560.0,0.0
2015-10-14,179.9883,179.9883,170.5943,170.5943,2451042.0,0.0
2015-10-15,171.7216,172.8489,170.2186,170.9701,1111086.0,0.0
2015-10-16,170.9701,173.9762,170.9701,173.9762,667982.0,0.0
2015-10-19,175.1034,177.358,174.3519,175.4792,991328.0,0.0
2015-10-20,175.8549,176.9822,174.7277,175.8549,781086.0,0.0
2015-10-21,176.6065,177.358,173.6004,175.1034,516289.0,0.0
2015-10-22,175.1034,175.8549,174.3519,175.8549,276773.0,0.0
2015-10-23,178.861,180.3641,176.9822,176.9822,1107094.0,0.0
2015-10-26,179.9883,181.8671,179.6125,181.1156,1139029.0,0.0
2015-10-27,181.8671,181.8671,177.358,181.1156,799715.0,0.0
2015-10-28,180.3641,180.3641,177.358,178.861,811691.0,0.0
2015-10-29,180.3641,180.3641,175.8549,177.7337,682619.0,0.0
2015-10-30,177.7337,177.7337,175.4792,175.4792,702579.0,0.0
2015-11-02,171.3459,175.8549,169.0913,175.8549,1222860.0,0.0
2015-11-03,174.3519,175.4792,172.0974,172.8489,1504956.0,0.0
2015-11-04,172.8489,175.8549,170.5943,172.8489,1693907.0,0.0
2015-11-05,172.0974,172.4731,170.5943,171.3459,1208222.0,0.0
2015-11-06,170.5943,172.4731,168.3398,169.0913,1305359.0,0.0
2015-11-09,168.7155,168.7155,163.8307,163.8307,1415803.0,0.0
2015-11-10,162.3277,166.8367,161.5761,165.7095,963384.0,0.0
2015-11-11,165.3337,166.8367,163.0792,163.0792,922134.0,0.0
2015-11-12,162.3277,163.8307,157.8185,160.4489,1035239.0,0.0
2015-11-13,158.1943,161.2004,158.1943,158.1943,811691.0,0.0
2015-11-16,155.564,157.067,154.8125,156.6913,944755.0,0.0
2015-11-17,164.5822,171.7216,164.2064,170.5943,3000597.0,0.0
2015-11-18,169.4671,169.8428,162.7034,163.0792,1646004.0,0.0
2015-11-19,164.958,165.3337,161.5761,164.5822,858264.0,0.0
2015-11-20,164.5822,165.7095,162.3277,163.8307,799715.0,0.0
2015-11-23,164.958,167.964,163.0792,167.964,1088465.0,0.0
2015-11-24,165.3337,167.5883,163.0792,164.5822,1031247.0,0.0
2015-11-25,165.3337,165.3337,162.3277,164.5822,814352.0,0.0
2015-11-26,165.3337,166.8367,164.5822,165.3337,947417.0,0.0
2015-11-27,166.0852,167.2125,164.2064,166.0852,565522.0,0.0
2015-11-30,162.3277,163.0792,161.2004,161.2004,1709875.0,0.0
2015-12-01,161.2004,167.5883,160.0731,166.8367,1361246.0,0.0
2015-12-02,166.8367,166.8367,162.7034,163.4549,926126.0,0.0
2015-12-03,161.2004,162.3277,160.8246,161.5761,1292053.0,0.0
2015-12-04,160.4489,160.4489,157.8185,159.3216,1205561.0,0.0
2015-12-07,160.0731,163.0792,160.0731,161.5761,1040562.0,0.0
2015-12-08,161.5761,162.3277,157.8185,157.8185,918143.0,0.0
2015-12-09,156.6913,158.1943,154.061,154.061,1193585.0,0.0
2015-12-10,152.5579,155.564,150.3034,155.1882,1011287.0,0.0
2015-12-11,156.3155,160.0731,156.3155,159.6973,1616730.0,0.0
2015-12-14,156.6913,156.6913,152.5579,154.4367,774433.0,0.0
2015-12-15,155.1882,157.4428,155.1882,155.9398,564192.0,0.0
2015-12-16,157.067,159.3216,156.3155,156.3155,786409.0,0.0
2015-12-17,156.6913,161.5761,156.3155,161.5761,1063183.0,0.0
2015-12-18,160.0731,163.4549,157.8185,160.4489,1109755.0,0.0
2015-12-21,160.0731,163.0792,159.3216,163.0792,725199.0,0.0
2015-12-22,163.0792,163.8307,157.8185,158.9458,896852.0,0.0
2015-12-23,160.0731,160.8246,157.8185,158.9458,634716.0,0.0
2015-12-24,160.0731,161.2004,159.3216,160.0731,391208.0,0.0
2015-12-25,160.8246,160.8246,159.3216,160.4489,94475.0,0.0
2015-12-28,160.8246,163.0792,160.4489,161.2004,333991.0,0.0
2015-12-29,158.9458,161.2004,158.5701,161.2004,300725.0,0.0
2015-12-30,161.2004,161.9519,158.5701,158.5701,417821.0,0.0
2015-12-31,159.3216,160.8246,158.1943,158.9458,149031.0,0.0
2016-01-04,158.9458,158.9458,154.4367,154.4367,886207.0,0.0
2016-01-05,152.5579,155.564,152.1822,153.3094,1079150.0,0.0
2016-01-06,155.1882,158.5701,154.061,157.4428,1262779.0,0.0
2016-01-07,155.564,157.4428,152.9337,154.4367,1455722.0,0.0
2016-01-08,151.0549,154.8125,151.0549,152.5579,1280077.0,0.0
2016-01-11,151.4306,154.4367,150.3034,154.061,1091126.0,0.0
2016-01-12,156.3155,156.3155,152.5579,155.1882,806369.0,0.0
2016-01-13,155.564,157.4428,154.8125,157.4428,715885.0,0.0
2016-01-14,157.067,158.5701,154.8125,157.8185,914151.0,0.0
2016-01-15,158.5701,159.6973,157.067,157.8185,1019271.0,0.0
2016-01-18,153.3094,156.6913,153.3094,154.8125,931449.0,0.0
2016-01-19,154.8125,156.6913,154.4367,154.8125,821006.0,0.0
2016-01-20,154.8125,155.564,150.6791,151.8064,1069836.0,0.0
2016-01-21,151.8064,152.5579,146.17,146.17,1701891.0,0.0
2016-01-22,149.1761,152.5579,146.5458,150.6791,1546206.0,0.0
2016-01-25,152.5579,154.8125,151.8064,152.5579,1023263.0,0.0
2016-01-26,150.6791,152.9337,150.3034,151.4306,1237497.0,0.0
2016-01-27,151.8064,155.9398,151.8064,155.9398,1230843.0,0.0
2016-01-28,153.3094,155.1882,151.0549,151.8064,1858906.0,0.0
2016-01-29,150.6791,152.5579,148.4246,149.1761,4139627.0,0.0
2016-02-01,153.3094,158.5701,152.9337,155.564,2643985.0,0.0
2016-02-02,156.3155,160.8246,155.9398,158.9458,1449069.0,0.0
2016-02-03,157.8185,158.5701,154.061,154.8125,1539552.0,0.0
2016-02-15,157.8185,157.8185,152.5579,155.564,1864229.0,0.0
2016-02-16,157.067,157.4428,154.4367,154.4367,1282738.0,0.0
2016-02-17,155.1882,156.3155,153.6852,155.1882,763788.0,0.0
2016-02-18,157.067,161.2004,155.9398,158.9458,1526246.0,0.0
2016-02-19,161.5761,161.9519,159.6973,161.9519,928788.0,0.0
2016-02-22,161.5761,163.8307,160.4489,163.4549,904836.0,0.0
2016-02-23,163.4549,166.461,161.9519,166.461,1741810.0,0.0
2016-02-24,166.461,166.461,159.3216,161.9519,1784390.0,0.0
2016-02-25,163.0792,164.2064,162.3277,163.0792,930118.0,0.0
2016-02-26,171.3459,173.6004,169.8428,172.8489,3371846.0,0.0
2016-03-01,176.6065,184.1216,175.1034,175.1034,4866158.0,0.0
2016-03-02,176.2307,178.4853,171.3459,172.8489,2946041.0,0.0
2016-03-03,172.8489,175.8549,170.9701,172.8489,1353262.0,0.0
2016-03-04,173.2246,176.2307,173.2246,176.2307,1515601.0,0.0
2016-03-07,176.2307,176.6065,172.4731,173.6004,774433.0,0.0
2016-03-08,174.3519,178.861,174.3519,178.1095,1186932.0,0.0
2016-03-09,176.6065,176.6065,171.7216,172.8489,1556851.0,0.0
2016-03-10,173.6004,176.6065,173.6004,176.6065,810361.0,0.0
2016-03-11,176.6065,178.861,176.6065,176.6065,560200.0,0.0
2016-03-14,176.9822,178.4853,175.8549,176.6065,437781.0,0.0
2016-03-15,176.6065,178.1095,175.1034,176.2307,1304029.0,0.0
2016-03-16,177.358,177.7337,175.8549,176.6065,1241489.0,0.0
2016-03-17,180.3641,183.7459,180.3641,183.3701,2568139.0,0.0
2016-03-18,183.3701,183.7459,179.6125,183.3701,1739149.0,0.0
2016-03-21,183.3701,183.3701,175.1034,176.6065,1520923.0,0.0
2016-03-22,177.7337,179.6125,176.6065,179.6125,821006.0,0.0
2016-03-23,179.2368,181.8671,178.4853,181.8671,1197577.0,0.0
2016-03-24,181.1156,181.4913,179.6125,180.3641,948747.0,0.0
2016-03-25,180.3641,180.3641,175.8549,176.6065,802377.0,0.0
2016-03-28,175.1034,180.3641,175.1034,176.9822,489676.0,0.0
2016-03-29,176.9822,178.4853,176.2307,177.7337,405845.0,0.0
2016-03-30,177.358,178.861,176.2307,176.6065,1403827.0,0.0
2016-03-31,178.4853,179.6125,177.358,177.7337,1719189.0,0.0
2016-04-01,176.2307,177.358,173.9762,176.6065,823667.0,0.0
2016-04-06,172.8489,172.8489,169.4671,170.5943,1455722.0,0.0
2016-04-07,169.0913,172.0974,169.0913,170.9701,673304.0,0.0
2016-04-08,169.0913,169.8428,167.2125,169.8428,1257456.0,0.0
2016-04-11,175.1034,175.1034,170.5943,172.0974,815683.0,0.0
2016-04-12,173.2246,173.6004,168.3398,168.3398,989997.0,0.0
2016-04-13,169.0913,171.7216,169.0913,171.7216,806369.0,0.0
2016-04-14,172.8489,177.358,172.4731,173.9762,1020602.0,0.0
2016-04-15,173.2246,176.2307,173.2246,174.7277,517619.0,0.0
2016-04-18,173.9762,176.2307,172.8489,173.9762,497660.0,0.0
2016-04-19,173.9762,176.6065,168.7155,169.4671,1174956.0,0.0
2016-04-20,172.0974,173.9762,168.3398,168.3398,1280077.0,0.0
2016-04-21,169.8428,170.5943,168.7155,170.2186,850280.0,0.0
2016-04-22,170.2186,170.2186,166.461,167.2125,675966.0,0.0
2016-04-25,167.5883,170.5943,166.8367,170.5943,353950.0,0.0
2016-04-26,170.5943,171.7216,167.2125,168.7155,427136.0,0.0
2016-04-27,167.964,172.8489,167.964,172.0974,999312.0,0.0
2016-04-28,172.8489,172.8489,167.964,169.8428,1029916.0,0.0
2016-04-29,168.3398,171.7216,168.3398,171.3459,734514.0,0.0
2016-05-03,174.3519,174.3519,171.3459,172.4731,1027255.0,0.0
2016-05-04,171.3459,172.0974,167.5883,167.964,1349271.0,0.0
2016-05-05,165.7095,167.5883,164.2064,165.7095,1478343.0,0.0
2016-05-06,166.0852,166.461,163.0792,164.958,1531569.0,0.0
2016-05-09,166.0852,167.5883,162.3277,164.958,1389190.0,0.0
2016-05-10,162.3277,165.3337,160.4489,164.5822,1280077.0,0.0
2016-05-11,164.5822,165.7095,164.2064,164.5822,1447738.0,0.0
2016-05-12,164.5822,164.958,161.9519,163.8307,983344.0,0.0
2016-05-13,163.4549,167.964,162.7034,166.8367,1554189.0,0.0
2016-05-16,166.8367,170.9701,163.8307,169.8428,1121731.0,0.0
2016-05-17,170.9701,172.8489,167.2125,172.0974,1028586.0,0.0
2016-05-18,172.0974,172.8489,169.0913,172.0974,908828.0,0.0
2016-05-19,171.7216,171.7216,167.964,171.3459,670643.0,0.0
2016-05-20,171.3459,172.0974,169.0913,169.0913,411168.0,0.0
2016-05-23,170.5943,176.6065,168.7155,175.4792,1071166.0,0.0
2016-05-24,173.9762,175.4792,173.6004,173.9762,339313.0,0.0
2016-05-25,175.4792,177.7337,175.1034,177.7337,903505.0,0.0
2016-05-26,176.6065,178.861,175.4792,178.1095,675966.0,0.0
2016-05-27,178.861,180.7398,178.4853,180.7398,1165642.0,0.0
2016-05-30,181.8671,181.8671,178.4853,181.8671,1331972.0,0.0
2016-05-31,179.2368,181.4913,178.4853,181.1156,1350601.0,0.0
2016-06-01,181.1156,184.1216,180.7398,183.3701,1250803.0,0.0
2016-06-02,183.3701,183.7459,182.2428,182.6186,633385.0,0.0
2016-06-03,184.1216,184.1216,182.9944,184.1216,1169634.0,0.0
2016-06-06,182.6186,184.1216,181.8671,184.1216,562861.0,0.0
2016-06-07,185.6247,190.5095,185.2489,190.1338,1526246.0,0.0
2016-06-08,191.261,193.8914,187.8792,191.261,1743141.0,0.0
2016-06-13,190.1338,190.8853,186.3762,187.5035,1910801.0,0.0
2016-06-14,184.8732,186.3762,184.1216,185.2489,1477012.0,0.0
2016-06-15,184.8732,187.8792,182.9944,186.3762,830320.0,0.0
2016-06-16,185.6247,186.3762,181.1156,182.6186,734514.0,0.0
2016-06-17,182.6186,185.2489,182.6186,184.8732,844957.0,0.0
2016-06-20,185.6247,186.752,184.4974,186.3762,846288.0,0.0
2016-06-21,187.1277,188.6307,186.752,188.255,1342617.0,0.0
2016-06-22,186.0004,187.1277,182.6186,182.6186,1389190.0,0.0
2016-06-23,183.3701,184.8732,181.4913,182.6186,590805.0,0.0
2016-06-24,182.6186,184.1216,173.9762,177.358,1576810.0,0.0
2016-06-27,174.7277,177.358,174.7277,176.6065,848949.0,0.0
2016-06-28,176.2307,179.9883,176.2307,179.9883,1321327.0,0.0
2016-06-29,179.9883,181.8671,178.1095,179.2368,1546206.0,0.0
2016-06-30,179.6125,186.0004,177.7337,183.7459,1989309.0,4.5091
2016-07-01,184.1216,185.6247,181.8671,182.2428,718546.0,0.0
2016-07-04,183.7459,186.0004,181.8671,185.2489,461732.0,0.0
2016-07-05,186.0004,186.0004,184.1216,186.0004,423144.0,0.0
2016-07-06,184.1216,184.1216,179.6125,181.4913,1166973.0,0.0
2016-07-07,182.6186,184.1216,181.8671,182.9944,383224.0,0.0
2016-07-08,182.9944,182.9944,182.9944,182.9944,0.0,0.0
2016-07-11,185.6247,188.6307,181.8671,188.6307,1140360.0,0.0
2016-07-12,189.3823,192.0126,187.1277,188.255,1508948.0,0.0
2016-07-13,187.5035,187.5035,183.3701,185.6247,1272093.0,0.0
2016-07-14,185.6247,188.6307,185.2489,188.6307,1020602.0,0.0
2016-07-15,186.752,191.261,186.752,191.261,874231.0,0.0
2016-07-18,189.3823,191.261,185.2489,186.3762,955400.0,0.0
2016-07-19,187.1277,190.1338,186.3762,190.1338,1007296.0,0.0
2016-07-20,190.1338,193.1398,189.0065,192.3883,1284069.0,0.0
2016-07-21,193.1398,194.2671,190.8853,194.2671,795723.0,0.0
2016-07-22,193.8914,193.8914,186.3762,187.1277,1238827.0,0.0
2016-07-25,189.758,191.6368,186.752,189.0065,872901.0,0.0
2016-07-26,188.6307,190.5095,187.8792,190.5095,582821.0,0.0
2016-07-27,190.5095,190.5095,186.752,190.1338,928788.0,0.0
2016-07-28,190.8853,190.8853,187.5035,188.255,608103.0,0.0
2016-07-29,188.255,189.0065,185.2489,186.3762,855602.0,0.0
2016-08-01,190.1338,190.1338,186.3762,187.1277,975360.0,0.0
2016-08-02,189.0065,189.0065,180.7398,184.8732,2381849.0,0.0
2016-08-03,183.7459,185.6247,180.3641,184.8732,1791044.0,0.0
2016-08-04,184.8732,185.6247,183.3701,185.6247,1403827.0,0.0
2016-08-05,185.6247,188.6307,184.4974,187.8792,864917.0,0.0
2016-08-08,189.758,189.758,188.255,189.758,633385.0,0.0
2016-08-09,189.758,191.261,187.5035,190.5095,778425.0,0.0
2016-08-10,190.8853,191.6368,189.3823,191.6368,741167.0,0.0
2016-08-11,191.261,193.5156,189.3823,193.5156,1141690.0,0.0
2016-08-12,193.5156,194.2671,192.3883,194.2671,769111.0,0.0
2016-08-15,194.2671,194.6429,191.6368,193.8914,867578.0,0.0
2016-08-16,193.8914,193.8914,192.0126,193.8914,671974.0,0.0
2016-08-17,192.3883,194.2671,190.8853,192.7641,832981.0,0.0
2016-08-18,191.6368,191.6368,188.6307,190.5095,747820.0,0.0
2016-08-19,189.3823,190.1338,187.8792,187.8792,856933.0,0.0
2016-08-22,187.8792,191.6368,187.5035,191.261,830320.0,0.0
2016-08-23,190.1338,191.261,189.3823,189.758,911489.0,0.0
2016-08-24,192.3883,195.3944,190.1338,195.3944,992658.0,0.0
2016-08-25,195.3944,195.3944,193.8914,194.2671,650683.0,0.0
2016-08-26,193.8914,195.3944,193.1398,195.3944,448426.0,0.0
2016-08-29,195.3944,195.3944,190.8853,194.2671,324676.0,0.0
2016-08-30,193.1398,195.3944,193.1398,195.0186,576168.0,0.0
2016-08-31,193.8914,197.6489,193.8914,194.6429,1031247.0,0.0
2016-09-01,197.6489,208.1702,197.6489,205.1641,1918785.0,0.0
2016-09-02,205.1641,205.9156,202.1581,204.7884,693264.0,0.0
2016-09-05,202.9096,208.9217,202.9096,205.1641,926126.0,0.0
2016-09-06,206.2914,211.9278,205.1641,210.4247,908828.0,0.0
2016-09-07,211.552,213.8066,210.4247,211.1763,593466.0,0.0
2016-09-08,213.055,217.5641,211.9278,215.6853,1474351.0,0.0
2016-09-09,213.4308,213.4308,208.1702,208.9217,1200239.0,0.0
2016-09-12,203.6611,205.5399,199.5277,199.9035,1116408.0,0.0
2016-09-13,202.1581,203.2853,194.6429,196.8974,1325319.0,0.0
2016-09-14,196.1459,201.0308,195.3944,198.0247,1377214.0,0.0
2016-09-19,197.2732,197.2732,193.8914,195.7702,1651326.0,0.0
2016-09-20,195.0186,198.7762,192.0126,193.1398,1503625.0,0.0
2016-09-21,192.7641,198.4005,192.3883,197.6489,1095118.0,0.0
2016-09-22,197.6489,198.0247,195.0186,197.6489,548224.0,0.0
2016-09-23,198.0247,198.7762,196.1459,198.0247,528264.0,0.0
2016-09-26,197.6489,198.7762,196.8974,198.4005,574837.0,0.0
2016-09-27,198.4005,198.4005,198.4005,198.4005,0.0,0.0
2016-09-28,198.4005,198.4005,198.4005,198.4005,0.0,0.0
2016-09-29,198.0247,208.1702,197.2732,207.7944,2071809.0,0.0
2016-09-30,206.6671,206.6671,200.2793,203.6611,1401166.0,0.0
2016-10-03,202.9096,204.4126,202.1581,202.9096,633385.0,0.0
2016-10-04,203.2853,204.4126,200.2793,204.4126,761127.0,0.0
2016-10-05,201.4065,202.9096,198.4005,198.4005,934110.0,0.0
2016-10-06,199.9035,201.0308,197.6489,199.9035,1108424.0,0.0
2016-10-07,199.9035,200.2793,197.2732,198.7762,549555.0,0.0
2016-10-11,200.655,200.655,192.3883,196.1459,1132376.0,0.0
2016-10-12,195.3944,197.6489,192.3883,197.2732,606772.0,0.0
2016-10-13,196.5217,196.8974,190.1338,193.1398,1580802.0,0.0
2016-10-14,190.8853,194.6429,190.8853,193.5156,667982.0,0.0
2016-10-17,192.3883,195.3944,188.6307,193.1398,745159.0,0.0
2016-10-18,190.8853,193.1398,190.5095,193.1398,576168.0,0.0
2016-10-19,191.261,194.2671,191.261,194.2671,613425.0,0.0
2016-10-20,194.2671,194.2671,191.6368,192.3883,368587.0,0.0
2016-10-21,192.7641,193.8914,192.0126,192.0126,279434.0,0.0
2016-10-24,192.0126,193.1398,190.8853,190.8853,311370.0,0.0
2016-10-25,190.8853,195.0186,190.5095,195.0186,387216.0,0.0
2016-10-26,195.3944,195.3944,192.7641,193.1398,252821.0,0.0
2016-10-27,193.1398,193.5156,190.1338,191.261,657337.0,0.0
2016-10-28,191.261,192.7641,191.261,192.0126,312700.0,0.0
2016-10-31,190.8853,194.6429,189.758,193.1398,1065844.0,0.0
2016-11-01,194.6429,194.6429,192.0126,193.1398,638708.0,0.0
2016-11-02,194.2671,194.2671,190.5095,192.0126,884876.0,0.0
2016-11-03,190.5095,192.7641,184.1216,186.752,1005965.0,0.0
2016-11-04,186.3762,189.3823,184.1216,188.6307,613425.0,0.0
2016-11-07,189.3823,191.6368,189.3823,190.1338,582821.0,0.0
2016-11-08,188.6307,190.5095,184.8732,185.2489,1526246.0,0.0
2016-11-09,188.255,189.758,182.2428,186.3762,1865560.0,0.0
2016-11-10,189.3823,191.6368,188.255,191.261,966046.0,0.0
2016-11-11,185.2489,188.255,182.9944,185.2489,1659310.0,0.0
2016-11-14,184.8732,186.3762,181.8671,184.8732,984675.0,0.0
2016-11-15,182.9944,186.0004,182.9944,184.8732,939433.0,0.0
2016-11-16,186.3762,188.255,184.4974,186.3762,993989.0,0.0
2016-11-17,187.1277,188.255,185.6247,187.1277,711893.0,0.0
2016-11-18,185.2489,188.255,184.8732,187.8792,557539.0,0.0
2016-11-21,186.752,188.255,185.2489,187.8792,476369.0,0.0
2016-11-22,186.752,191.6368,186.752,189.3823,778425.0,0.0
2016-11-23,190.1338,192.3883,190.1338,192.0126,722538.0,0.0
2016-11-24,192.0126,192.0126,189.758,191.261,287418.0,0.0
2016-11-25,190.1338,190.1338,188.6307,189.758,335321.0,0.0
2016-11-28,189.758,193.1398,189.758,192.7641,377902.0,0.0
2016-11-29,193.8914,193.8914,191.6368,192.7641,463063.0,0.0
2016-11-30,193.8914,193.8914,191.261,192.7641,1099110.0,0.0
2016-12-01,192.7641,193.1398,189.758,192.3883,479031.0,0.0
2016-12-02,189.758,191.6368,189.3823,190.5095,624071.0,0.0
2016-12-05,190.5095,191.261,188.6307,189.0065,324676.0,0.0
2016-12-06,190.8853,191.6368,190.1338,190.5095,494998.0,0.0
2016-12-07,190.5095,190.5095,187.5035,188.6307,706570.0,0.0
2016-12-08,190.1338,192.3883,189.758,192.3883,1457053.0,0.0
2016-12-09,192.3883,194.6429,191.261,194.6429,637377.0,0.0
2016-12-12,194.6429,194.6429,190.8853,192.7641,573506.0,0.0
2016-12-13,190.8853,191.261,188.6307,189.3823,592135.0,0.0
2016-12-14,189.758,190.8853,189.3823,189.3823,570845.0,0.0
2016-12-15,188.6307,189.0065,187.1277,188.6307,589474.0,0.0
2016-12-16,189.3823,190.1338,186.752,187.8792,1115078.0,0.0
2016-12-19,187.8792,187.8792,185.6247,186.3762,345966.0,0.0
2016-12-20,186.3762,189.3823,185.6247,189.0065,457740.0,0.0
2016-12-21,187.8792,188.6307,187.1277,187.1277,480361.0,0.0
2016-12-22,186.3762,187.8792,186.0004,187.1277,292741.0,0.0
2016-12-23,187.1277,187.1277,186.0004,186.0004,409837.0,0.0
2016-12-26,186.0004,186.3762,185.2489,186.0004,119757.0,0.0
2016-12-27,186.752,187.1277,184.8732,186.3762,202257.0,0.0
2016-12-28,185.6247,187.8792,185.6247,187.1277,337983.0,0.0
2016-12-29,187.1277,187.1277,184.8732,185.2489,514958.0,0.0
2016-12-30,187.1277,191.261,186.752,191.261,608103.0,0.0
2017-01-03,191.261,191.261,188.6307,189.758,256813.0,0.0
2017-01-04,191.261,191.6368,186.3762,187.8792,473708.0,0.0
2017-01-05,188.6307,190.5095,187.8792,190.1338,469716.0,0.0
2017-01-06,190.5095,193.8914,190.1338,193.1398,604111.0,0.0
2017-01-09,193.8914,194.6429,192.0126,193.5156,296733.0,0.0
2017-01-10,193.5156,194.6429,192.3883,193.1398,590805.0,0.0
2017-01-11,193.8914,194.2671,193.1398,193.8914,424474.0,0.0
2017-01-12,194.2671,198.4005,194.2671,196.8974,1296045.0,0.0
2017-01-13,198.4005,199.9035,196.1459,199.9035,779756.0,0.0
2017-01-16,198.4005,199.5277,195.7702,196.8974,228870.0,0.0
2017-01-17,196.8974,199.5277,196.8974,198.0247,279434.0,0.0
2017-01-18,198.4005,199.9035,196.8974,197.6489,713224.0,0.0
2017-01-19,197.6489,199.152,195.7702,198.4005,931449.0,0.0
2017-01-20,198.4005,199.152,197.6489,199.152,433789.0,0.0
2017-01-23,200.655,201.4065,199.152,200.2793,479031.0,0.0
2017-01-24,199.5277,200.2793,197.6489,199.152,662659.0,0.0
2017-02-02,199.152,201.4065,195.3944,195.3944,1623383.0,0.0
2017-02-03,196.1459,196.8974,195.0186,195.3944,814352.0,0.0
2017-02-06,194.6429,200.655,194.6429,199.152,514958.0,0.0
2017-02-07,198.4005,199.152,194.2671,197.6489,702579.0,0.0
2017-02-08,196.5217,199.152,195.0186,197.6489,624071.0,0.0
2017-02-09,199.9035,202.9096,199.5277,202.9096,943425.0,0.0
2017-02-10,204.4126,205.5399,202.9096,204.4126,1254795.0,0.0
2017-02-13,202.9096,202.9096,199.5277,201.0308,564192.0,0.0
2017-02-14,202.5338,202.5338,201.0308,202.1581,397861.0,0.0
2017-02-15,202.9096,205.1641,202.9096,204.0368,894191.0,0.0
2017-02-16,204.4126,204.4126,199.9035,201.4065,750482.0,0.0
2017-02-17,202.1581,202.9096,198.7762,199.5277,487014.0,0.0
2017-02-20,200.655,200.655,198.4005,199.152,477700.0,0.0
2017-02-21,201.0308,201.0308,199.152,199.9035,465724.0,0.0
2017-02-22,201.4065,202.5338,201.0308,201.4065,786409.0,0.0
2017-02-23,202.5338,202.5338,199.9035,200.655,494998.0,0.0
2017-02-24,200.655,204.4126,196.5217,196.5217,1250803.0,0.0
2017-03-01,195.7702,197.2732,194.2671,194.2671,1289392.0,0.0
2017-03-02,195.0186,195.7702,192.7641,195.0186,1230843.0,0.0
2017-03-03,195.0186,197.2732,191.6368,193.1398,674635.0,0.0
2017-03-06,193.1398,193.1398,190.1338,190.8853,524272.0,0.0
2017-03-07,192.3883,193.5156,189.3823,189.758,1300037.0,0.0
2017-03-08,189.758,193.5156,189.758,193.5156,1374553.0,0.0
2017-03-09,193.1398,193.5156,189.758,193.5156,1294714.0,0.0
2017-03-10,193.5156,193.5156,190.5095,190.8853,1149674.0,0.0
2017-03-13,190.8853,194.2671,190.8853,193.5156,1013949.0,0.0
2017-03-14,192.0126,195.0186,192.0126,192.3883,795723.0,0.0
2017-03-15,192.3883,192.7641,190.8853,192.3883,534918.0,0.0
2017-03-16,195.0186,196.5217,194.6429,196.5217,811691.0,0.0
2017-03-17,195.3944,196.1459,193.8914,196.1459,927457.0,0.0
2017-03-20,196.1459,196.1459,193.1398,194.6429,610764.0,0.0
2017-03-21,195.0186,196.5217,194.6429,196.5217,874231.0,0.0
2017-03-22,192.3883,193.5156,190.8853,192.7641,1410480.0,0.0
2017-03-23,194.6429,194.6429,191.261,193.8914,926126.0,0.0
2017-03-24,194.2671,194.2671,192.7641,193.8914,787740.0,0.0
2017-03-27,193.8914,193.8914,190.8853,191.6368,1351932.0,0.0
2017-03-28,193.5156,193.5156,184.1216,188.6307,2053180.0,0.0
2017-03-29,186.3762,188.6307,185.6247,187.1277,1836286.0,0.0
2017-03-30,188.6307,189.0065,185.6247,188.6307,791732.0,0.0
2017-03-31,187.5035,190.8853,187.5035,190.8853,1335964.0,0.0
2017-04-05,192.3883,192.3883,186.3762,187.8792,1053868.0,0.0
2017-04-06,189.0065,189.0065,186.752,187.1277,537579.0,0.0
2017-04-07,187.1277,188.255,186.3762,187.5035,927457.0,0.0
2017-04-10,186.3762,188.6307,186.3762,188.255,637377.0,0.0
2017-04-11,190.5095,190.5095,186.3762,186.752,814352.0,0.0
2017-04-12,185.2489,186.752,184.1216,184.8732,775764.0,0.0
2017-04-13,184.4974,186.3762,183.3701,185.6247,669312.0,0.0
2017-04-14,185.6247,186.0004,184.1216,185.6247,429797.0,0.0
2017-04-17,185.6247,186.752,184.4974,186.3762,306047.0,0.0
2017-04-18,186.3762,186.3762,183.3701,183.3701,556208.0,0.0
2017-04-19,181.8671,182.2428,174.3519,178.1095,1844269.0,0.0
2017-04-20,176.9822,178.861,176.6065,177.7337,1410480.0,0.0
2017-04-21,178.4853,186.3762,178.4853,186.3762,1120400.0,0.0
2017-04-24,185.6247,185.6247,179.2368,179.6125,682619.0,0.0
2017-04-25,181.4913,183.3701,179.9883,181.8671,997981.0,0.0
2017-04-26,183.3701,183.3701,180.7398,182.6186,1461044.0,0.0
2017-04-27,182.6186,184.1216,181.1156,182.9944,670643.0,0.0
2017-04-28,182.9944,184.4974,182.2428,183.3701,757135.0,0.0
2017-05-02,184.4974,185.2489,183.3701,183.7459,561530.0,0.0
2017-05-03,184.1216,184.8732,182.6186,183.7459,303386.0,0.0
2017-05-04,183.7459,184.8732,181.4913,182.6186,669312.0,0.0
2017-05-05,181.8671,182.9944,180.3641,180.3641,467055.0,0.0
2017-05-08,182.6186,182.6186,175.8549,175.8549,1355924.0,0.0
2017-05-09,176.6065,178.1095,176.2307,177.358,641369.0,0.0
2017-05-10,179.6125,184.1216,177.7337,182.6186,1065844.0,0.0
2017-05-11,183.3701,183.3701,179.6125,179.9883,504313.0,0.0
2017-05-12,182.2428,183.7459,180.3641,181.8671,550885.0,0.0
2017-05-15,184.4974,184.4974,182.2428,182.6186,870239.0,0.0
2017-05-16,183.3701,183.7459,181.1156,182.9944,509635.0,0.0
2017-05-17,183.3701,184.4974,181.1156,184.4974,666651.0,0.0
2017-05-18,182.6186,182.6186,180.3641,181.1156,699917.0,0.0
2017-05-19,181.1156,181.1156,180.3641,180.7398,514958.0,0.0
2017-05-22,179.9883,181.8671,179.6125,180.3641,401853.0,0.0
2017-05-23,178.861,181.1156,178.861,181.1156,589474.0,0.0
2017-05-24,181.1156,182.9944,180.3641,182.2428,721207.0,0.0
2017-05-25,182.2428,183.7459,181.8671,183.7459,767780.0,0.0
2017-05-26,184.8732,184.8732,183.7459,184.1216,863586.0,0.0
2017-05-31,185.2489,186.0004,183.3701,183.3701,1390520.0,0.0
2017-06-01,184.8732,185.6247,183.3701,185.2489,605442.0,0.0
2017-06-02,185.6247,186.0004,184.4974,186.0004,661329.0,0.0
2017-06-05,185.6247,187.5035,185.6247,186.752,899514.0,0.0
2017-06-06,186.752,187.1277,186.3762,187.1277,347297.0,0.0
2017-06-07,187.8792,189.758,187.5035,189.758,967376.0,0.0
2017-06-08,190.8853,190.8853,187.8792,189.3823,605442.0,0.0
2017-06-09,189.3823,189.3823,184.8732,185.6247,605442.0,0.0
2017-06-12,186.752,186.752,181.8671,182.6186,679958.0,0.0
2017-06-13,182.6186,183.3701,180.3641,181.1156,1433101.0,0.0
2017-06-14,181.8671,182.2428,178.4853,179.2368,1423787.0,0.0
2017-06-15,179.2368,181.1156,178.861,179.6125,892860.0,0.0
2017-06-16,181.1156,181.8671,179.2368,179.2368,1151005.0,0.0
2017-06-19,179.6125,179.9883,178.1095,178.4853,1254795.0,0.0
2017-06-20,179.6125,181.8671,179.2368,179.9883,691933.0,0.0
2017-06-21,179.9883,182.2428,179.2368,181.4913,900844.0,0.0
2017-06-22,182.9944,182.9944,181.8671,181.8671,600119.0,0.0
2017-06-23,181.8671,181.8671,179.6125,180.3641,827659.0,0.0
2017-06-26,180.3641,182.6186,180.3641,182.2428,1366569.0,0.0
2017-06-27,182.9944,183.3701,181.4913,181.8671,819675.0,0.0
2017-06-28,181.1156,182.6186,179.9883,181.8671,878223.0,0.0
2017-06-29,183.3701,183.3701,181.8671,182.6186,1655318.0,0.0
2017-06-30,177.7279,183.5144,177.3146,178.1413,2563384.0,4.7328
2017-07-03,179.3812,180.2079,178.1413,178.9679,856477.0,0.0
2017-07-04,178.9679,179.7945,177.7279,178.1413,1112937.0,0.0
2017-07-05,177.7279,178.1413,175.6613,176.488,1266570.0,0.0
2017-07-06,176.9013,177.3146,174.8347,175.6613,1016159.0,0.0
2017-07-07,175.248,176.0746,174.4214,174.8347,1785538.0,0.0
2017-07-10,175.248,175.248,173.5947,174.4214,722199.0,0.0
2017-07-11,176.9013,183.1011,176.9013,182.2745,1901670.0,0.0
2017-07-12,183.1011,184.7544,181.0345,181.0345,1383913.0,0.0
2017-07-13,184.3411,184.3411,182.6878,183.5144,837122.0,0.0
2017-07-14,183.9277,187.6476,183.9277,186.821,1258102.0,0.0
2017-07-17,187.6476,187.6476,185.1677,185.9943,1660937.0,0.0
2017-07-18,185.9943,185.9943,183.5144,185.1677,1066967.0,0.0
2017-07-19,183.9277,187.6476,183.9277,187.2343,797201.0,0.0
2017-07-20,188.4743,188.4743,185.9943,187.2343,650826.0,0.0
2017-07-21,186.4077,187.6476,185.9943,187.2343,382269.0,0.0
2017-07-24,187.2343,190.1275,185.9943,187.6476,945996.0,0.0
2017-07-25,187.6476,191.3675,186.821,191.3675,1085113.0,0.0
2017-07-26,191.7808,193.0208,188.0609,188.0609,1270199.0,0.0
2017-07-27,189.3009,193.4341,188.8876,193.0208,1567789.0,0.0
2017-07-28,192.1942,192.1942,185.1677,185.9943,2537980.0,0.0
2017-07-31,187.6476,189.3009,186.821,188.8876,1335524.0,0.0
2017-08-01,190.1275,191.7808,185.9943,191.7808,1630694.0,0.0
2017-08-02,190.9542,192.6075,189.3009,192.6075,816557.0,0.0
2017-08-03,189.3009,190.5409,189.3009,189.7142,1025837.0,0.0
2017-08-04,189.7142,190.1275,188.0609,188.8876,927850.0,0.0
2017-08-07,188.8876,189.3009,188.0609,189.3009,825025.0,0.0
2017-08-08,189.3009,189.3009,188.0609,188.4743,852848.0,0.0
2017-08-09,186.821,189.3009,186.821,188.4743,683488.0,0.0
2017-08-10,188.4743,188.4743,181.0345,184.3411,1521820.0,0.0
2017-08-11,181.8611,184.7544,181.8611,184.3411,679859.0,0.0
2017-08-14,184.3411,185.1677,181.8611,182.2745,555258.0,0.0
2017-08-15,183.5144,184.3411,182.6878,184.3411,241942.0,0.0
2017-08-16,183.5144,183.9277,179.3812,181.0345,752442.0,0.0
2017-08-17,181.4478,185.581,181.4478,184.7544,770587.0,0.0
2017-08-18,182.6878,185.1677,181.0345,183.9277,1267780.0,0.0
2017-08-21,183.9277,183.9277,181.0345,183.5144,527620.0,0.0
2017-08-22,183.9277,188.4743,183.9277,187.2343,791370.0,0.0
2017-08-23,187.2343,187.6476,185.9943,186.4077,730047.0,0.0
2017-08-24,186.4077,189.7142,186.4077,189.7142,1050576.0,0.0
2017-08-25,188.4743,189.7142,187.6476,189.7142,579425.0,0.0
2017-08-28,190.1275,190.1275,188.4743,189.3009,342433.0,0.0
2017-08-29,188.4743,188.4743,185.9943,187.6476,437680.0,0.0
2017-08-30,187.2343,188.4743,185.581,186.821,525665.0,0.0
2017-08-31,186.821,186.821,183.5144,183.9277,906861.0,0.0
2017-09-01,183.9277,185.9943,182.6878,182.6878,748169.0,0.0
2017-09-04,182.6878,185.1677,182.6878,184.7544,339955.0,0.0
2017-09-05,185.1677,186.821,184.3411,186.821,789247.0,0.0
2017-09-06,185.581,185.581,183.5144,183.5144,408601.0,0.0
2017-09-07,185.1677,185.581,181.8611,182.6878,743319.0,0.0
2017-09-08,183.9277,185.1677,183.1011,184.7544,510353.0,0.0
2017-09-11,185.1677,185.1677,182.6878,183.9277,308622.0,0.0
2017-09-12,184.3411,185.1677,183.1011,183.5144,253115.0,0.0
2017-09-13,183.9277,183.9277,180.2079,181.0345,615894.0,0.0
2017-09-14,180.2079,181.0345,179.3812,179.7945,915319.0,0.0
2017-09-15,179.3812,180.6212,178.5546,178.5546,1900446.0,0.0
2017-09-18,181.0345,181.8611,179.3812,181.0345,692568.0,0.0
2017-09-19,181.0345,181.0345,178.5546,178.9679,577429.0,0.0
2017-09-20,178.9679,178.9679,177.7279,178.1413,998952.0,0.0
2017-09-21,177.7279,178.5546,176.0746,177.7279,1576533.0,0.0
2017-09-22,177.7279,178.5546,176.9013,177.7279,604680.0,0.0
2017-09-25,177.7279,178.5546,176.0746,178.1413,518490.0,0.0
2017-09-26,178.5546,179.3812,177.7279,178.9679,542486.0,0.0
2017-09-27,178.1413,178.9679,177.7279,178.9679,992364.0,0.0
2017-09-28,179.3812,179.3812,177.7279,178.9679,673894.0,0.0
2017-09-29,178.5546,178.9679,178.1413,178.5546,621529.0,0.0
2017-10-02,176.0746,177.7279,176.0746,176.488,925314.0,0.0
2017-10-03,176.0746,178.5546,176.0746,176.9013,632092.0,0.0
2017-10-05,178.1413,179.3812,177.3146,179.3812,867986.0,0.0
2017-10-06,179.3812,179.7945,176.488,177.7279,794180.0,0.0
2017-10-11,177.7279,177.7279,172.7681,173.5947,1770699.0,0.0
2017-10-12,173.1814,173.5947,166.9816,168.6349,2634127.0,0.0
2017-10-13,169.4615,171.9414,168.6349,171.1148,1187100.0,0.0
2017-10-16,170.7015,171.9414,170.2882,171.5281,872125.0,0.0
2017-10-17,171.1148,171.5281,169.4615,170.7015,1219351.0,0.0
2017-10-18,171.1148,171.5281,164.5017,166.5683,2134022.0,0.0
2017-10-19,166.5683,168.6349,164.915,168.6349,1866615.0,0.0
2017-10-20,166.9816,169.0482,166.9816,168.2216,1003395.0,0.0
2017-10-23,169.4615,170.2882,168.2216,169.8748,701161.0,0.0
2017-10-24,171.1148,173.1814,170.7015,173.1814,716352.0,0.0
2017-10-25,173.5947,173.5947,169.4615,170.2882,1205729.0,0.0
2017-10-26,170.2882,170.7015,169.4615,169.8748,958400.0,0.0
2017-10-27,170.2882,171.9414,169.8748,170.7015,397989.0,0.0
2017-10-30,171.9414,173.1814,171.1148,171.9414,1104184.0,0.0
2017-10-31,171.9414,171.9414,170.2882,170.2882,646096.0,0.0
2017-11-01,170.2882,172.3548,170.2882,171.9414,835618.0,0.0
2017-11-02,171.1148,171.1148,166.9816,169.4615,970898.0,0.0
2017-11-03,169.4615,170.2882,166.9816,169.0482,1237409.0,0.0
2017-11-06,168.6349,171.1148,168.6349,171.1148,922826.0,0.0
2017-11-07,171.1148,173.5947,171.1148,172.7681,1129061.0,0.0
2017-11-08,171.9414,171.9414,168.6349,171.1148,2236004.0,0.0
2017-11-09,169.8748,171.1148,169.0482,170.2882,774659.0,0.0
2017-11-10,170.2882,170.2882,168.6349,169.4615,785194.0,0.0
2017-11-13,168.6349,169.4615,168.2216,169.4615,354644.0,0.0
2017-11-14,168.6349,169.0482,166.9816,167.3949,794592.0,0.0
2017-11-15,167.3949,167.8082,164.0883,165.3283,1756778.0,0.0
2017-11-16,164.5017,166.5683,164.5017,165.7416,559877.0,0.0
2017-11-17,165.7416,166.9816,165.3283,165.3283,503662.0,0.0
2017-11-20,165.3283,167.3949,165.3283,166.5683,765267.0,0.0
2017-11-21,166.9816,166.9816,164.0883,164.5017,1747348.0,0.0
2017-11-22,164.5017,173.1814,164.5017,171.1148,3274142.0,0.0
2017-11-23,172.3548,172.3548,169.0482,169.4615,849306.0,0.0
2017-11-24,169.4615,171.1148,168.6349,169.8748,821701.0,0.0
2017-11-27,171.1148,171.1148,167.8082,168.6349,482078.0,0.0
2017-11-28,168.6349,168.6349,166.5683,168.6349,762125.0,0.0
2017-11-29,168.6349,168.6349,166.155,166.5683,805110.0,0.0
2017-11-30,166.5683,166.5683,165.3283,165.3283,1508959.0,0.0
2017-12-01,166.155,166.5683,164.5017,164.915,867366.0,0.0
2017-12-04,164.5017,166.155,164.0883,165.3283,839175.0,0.0
2017-12-05,165.3283,165.3283,162.8484,165.3283,1148969.0,0.0
2017-12-06,166.5683,166.5683,163.675,164.5017,825015.0,0.0
2017-12-07,167.8082,169.0482,164.915,166.5683,1702406.0,0.0
2017-12-08,165.3283,167.3949,164.5017,164.915,766134.0,0.0
2017-12-11,166.155,168.2216,165.7416,167.8082,644273.0,0.0
2017-12-12,167.8082,168.2216,165.7416,166.9816,375212.0,0.0
2017-12-13,166.5683,166.5683,165.7416,166.5683,263308.0,0.0
2017-12-14,166.9816,169.0482,166.155,169.0482,766961.0,0.0
2017-12-15,169.0482,169.4615,166.9816,167.8082,1774985.0,0.0
2017-12-18,169.0482,171.1148,168.2216,171.1148,967830.0,0.0
2017-12-19,171.9414,172.7681,170.7015,172.3548,1062748.0,0.0
2017-12-20,172.7681,174.8347,172.7681,174.4214,1450812.0,0.0
2017-12-21,174.4214,176.0746,174.4214,174.8347,987327.0,0.0
2017-12-22,175.248,175.6613,173.5947,174.008,680215.0,0.0
2017-12-25,173.5947,173.5947,172.3548,173.1814,147568.0,0.0
2017-12-26,172.7681,172.7681,171.1148,171.5281,302597.0,0.0
2017-12-27,170.7015,173.1814,169.8748,171.9414,484344.0,0.0
2017-12-28,170.7015,173.5947,169.8748,171.9414,840389.0,0.0
2017-12-29,173.5947,174.8347,172.7681,174.008,1020879.0,0.0
2018-01-02,175.248,178.1413,174.4214,177.7279,1184403.0,0.0
2018-01-03,178.5546,181.4478,177.7279,178.9679,1688002.0,0.0
2018-01-04,179.7945,179.7945,175.248,176.488,1694016.0,0.0
2018-01-05,177.3146,179.7945,176.9013,178.5546,1431823.0,0.0
2018-01-08,181.0345,187.2343,180.2079,186.821,3298028.0,0.0
2018-01-09,186.821,186.821,183.9277,185.9943,1482833.0,0.0
2018-01-10,187.2343,187.2343,185.9943,186.4077,1115929.0,0.0
2018-01-11,186.4077,186.4077,184.7544,186.4077,966403.0,0.0
2018-01-12,185.9943,188.0609,185.1677,186.4077,741435.0,0.0
2018-01-15,187.2343,193.0208,187.2343,193.0208,1759065.0,0.0
2018-01-16,191.7808,194.2608,190.5409,194.2608,772604.0,0.0
2018-01-17,192.6075,194.2608,191.7808,194.2608,792661.0,0.0
2018-01-18,195.5007,197.154,194.6741,197.154,1201146.0,0.0
2018-01-19,196.7407,197.5673,194.2608,195.914,548496.0,0.0
2018-01-22,195.0874,195.914,191.3675,195.914,815787.0,0.0
2018-01-23,195.914,196.3274,194.2608,195.914,697108.0,0.0
2018-01-24,195.914,195.914,192.6075,194.2608,811640.0,0.0
2018-01-25,194.2608,195.5007,193.0208,194.6741,1004881.0,0.0
2018-01-26,195.0874,196.7407,194.6741,195.0874,842893.0,0.0
2018-01-29,196.7407,196.7407,189.3009,190.9542,875802.0,0.0
2018-01-30,190.9542,190.9542,187.6476,188.4743,709363.0,0.0
2018-01-31,186.821,189.3009,186.4077,188.4743,645112.0,0.0
2018-02-01,187.6476,189.3009,186.4077,187.2343,485425.0,0.0
2018-02-02,186.4077,187.6476,186.4077,186.4077,751855.0,0.0
2018-02-05,185.9943,187.6476,183.5144,186.821,821342.0,0.0
2018-02-06,179.3812,182.6878,172.7681,176.0746,1980470.0,0.0
2018-02-07,177.7279,181.4478,175.6613,175.6613,981635.0,0.0
2018-02-08,178.1413,181.8611,176.9013,181.0345,1017633.0,0.0
2018-02-09,175.248,176.0746,171.9414,173.1814,1232341.0,0.0
2018-02-12,173.5947,174.008,170.7015,171.1148,1085768.0,0.0
2018-02-21,176.0746,178.5546,174.008,175.6613,1407911.0,0.0
2018-02-22,173.5947,178.1413,173.5947,178.1413,813344.0,0.0
2018-02-23,177.3146,178.9679,176.9013,178.9679,672979.0,0.0
2018-02-26,179.3812,180.2079,177.7279,177.7279,444043.0,0.0
2018-02-27,179.7945,180.2079,178.9679,179.7945,688906.0,0.0
2018-03-01,178.5546,179.7945,175.6613,178.1413,689411.0,0.0
2018-03-02,175.248,176.488,174.4214,176.488,582086.0,0.0
2018-03-05,178.9679,178.9679,174.008,174.4214,623010.0,0.0
2018-03-06,176.9013,177.7279,175.248,175.6613,352982.0,0.0
2018-03-07,175.248,179.3812,175.248,178.5546,685806.0,0.0
2018-03-08,178.9679,179.3812,177.3146,177.7279,962158.0,0.0
2018-03-09,178.9679,180.2079,177.7279,179.7945,823111.0,0.0
2018-03-12,181.4478,182.6878,180.2079,181.8611,748119.0,0.0
2018-03-13,181.8611,183.1011,181.8611,183.1011,741407.0,0.0
2018-03-14,182.2745,182.2745,180.6212,181.4478,350422.0,0.0
2018-03-15,180.6212,181.0345,179.3812,181.0345,371388.0,0.0
2018-03-16,181.0345,181.0345,175.248,176.488,1696730.0,0.0
2018-03-19,175.6613,177.7279,174.4214,174.8347,1063056.0,0.0
2018-03-20,172.7681,174.008,172.3548,173.5947,1227072.0,0.0
2018-03-21,175.248,176.0746,173.1814,175.6613,718016.0,0.0
2018-03-22,175.248,176.9013,174.4214,175.248,831159.0,0.0
2018-03-23,172.3548,174.008,171.9414,173.1814,796868.0,0.0
2018-03-26,171.9414,174.4214,171.5281,173.1814,542747.0,0.0
2018-03-27,174.8347,176.0746,173.5947,173.5947,597366.0,0.0
2018-03-28,173.1814,175.248,171.9414,172.7681,642300.0,0.0
2018-03-29,174.8347,174.8347,171.9414,172.7681,1085919.0,0.0
2018-03-30,175.248,175.248,172.7681,172.7681,525013.0,0.0
2018-04-02,174.008,174.8347,173.5947,173.5947,636967.0,0.0
2018-04-03,172.3548,172.3548,170.7015,171.1148,974969.0,0.0
2018-04-09,171.1148,173.1814,170.7015,171.5281,1566412.0,0.0
2018-04-10,170.7015,172.3548,170.2882,170.2882,927602.0,0.0
2018-04-11,172.3548,172.7681,169.8748,170.2882,738525.0,0.0
2018-04-12,171.9414,172.7681,169.4615,171.1148,469132.0,0.0
2018-04-13,171.9414,172.3548,170.7015,171.1148,612846.0,0.0
2018-04-16,170.7015,171.1148,169.4615,169.4615,726417.0,0.0
2018-04-17,169.4615,170.2882,165.3283,166.5683,2205837.0,0.0
2018-04-18,167.3949,167.8082,166.5683,166.5683,1068413.0,0.0
2018-04-19,167.3949,168.6349,167.3949,168.2216,1220600.0,0.0
2018-04-20,168.2216,168.2216,167.3949,167.8082,1153169.0,0.0
2018-04-23,167.8082,170.7015,166.5683,168.2216,585524.0,0.0
2018-04-24,168.2216,168.6349,166.5683,168.2216,785751.0,0.0
2018-04-25,171.1148,171.1148,166.155,167.8082,584290.0,0.0
2018-04-26,167.8082,168.6349,166.155,166.155,364022.0,0.0
2018-04-27,166.5683,167.8082,165.3283,165.7416,628384.0,0.0
2018-04-30,166.155,171.1148,166.155,169.0482,1061993.0,0.0
2018-05-02,167.8082,168.6349,165.3283,166.155,775995.0,0.0
2018-05-03,166.155,171.9414,166.155,170.7015,1465355.0,0.0
2018-05-04,169.8748,171.5281,168.6349,168.6349,1030338.0,0.0
2018-05-07,168.6349,169.8748,168.2216,169.8748,542196.0,0.0
2018-05-08,170.7015,171.5281,169.0482,169.4615,499295.0,0.0
2018-05-09,169.8748,170.2882,168.6349,169.4615,373633.0,0.0
2018-05-10,171.1148,171.9414,169.8748,170.7015,375728.0,0.0
2018-05-11,171.5281,172.7681,171.5281,172.3548,298409.0,0.0
2018-05-14,173.1814,173.5947,172.3548,172.3548,543979.0,0.0
2018-05-15,172.3548,172.3548,168.2216,169.8748,539538.0,0.0
2018-05-16,170.2882,173.1814,169.8748,173.1814,501112.0,0.0
2018-05-17,173.5947,173.5947,170.7015,170.7015,410157.0,0.0
2018-05-18,171.1148,172.3548,169.4615,170.2882,304730.0,0.0
2018-05-21,170.2882,173.1814,170.2882,172.7681,475571.0,0.0
2018-05-22,172.7681,174.008,171.5281,172.3548,564520.0,0.0
2018-05-23,173.1814,173.1814,170.7015,171.5281,388382.0,0.0
2018-05-24,171.9414,172.3548,171.1148,171.9414,206429.0,0.0
2018-05-25,171.1148,172.7681,170.7015,171.9414,258751.0,0.0
2018-05-28,172.7681,173.5947,172.3548,172.7681,271802.0,0.0
2018-05-29,173.5947,173.5947,171.5281,172.7681,336852.0,0.0
2018-05-30,170.7015,170.7015,167.3949,167.3949,924541.0,0.0
2018-05-31,169.8748,169.8748,166.9816,167.8082,1724919.0,0.0
2018-06-01,167.8082,169.0482,167.3949,169.0482,373006.0,0.0
2018-06-04,169.8748,171.1148,169.4615,169.8748,487865.0,0.0
2018-06-05,171.5281,171.9414,170.7015,171.9414,598409.0,0.0
2018-06-06,170.7015,172.3548,169.8748,171.1148,843652.0,0.0
2018-06-07,171.5281,171.9414,169.8748,171.1148,432353.0,0.0
2018-06-08,173.1814,174.8347,172.3548,173.1814,1196403.0,0.0
2018-06-11,174.4214,174.8347,171.9414,172.3548,487275.0,0.0
2018-06-12,171.1148,172.7681,170.7015,171.1148,301015.0,0.0
2018-06-13,171.1148,173.1814,171.1148,171.1148,454508.0,0.0
2018-06-14,170.2882,171.5281,169.8748,170.2882,639894.0,0.0
2018-06-15,169.8748,171.9414,169.4615,170.7015,1404424.0,0.0
2018-06-19,169.0482,169.0482,166.9816,168.2216,1231130.0,0.0
2018-06-20,168.6349,169.8748,166.9816,169.0482,670276.0,0.0
2018-06-21,169.0482,170.2882,168.2216,168.2216,718917.0,0.0
2018-06-22,168.2216,168.2216,166.5683,166.9816,457832.0,0.0
2018-06-25,166.9816,166.9816,165.3283,165.7416,708896.0,0.0
2018-06-26,165.3283,166.155,164.5017,164.915,1072092.0,0.0
2018-06-27,165.3283,165.3283,163.675,164.0883,1021481.0,0.0
2018-06-28,164.5017,164.5017,161.6084,161.6084,1617361.0,0.0
2018-06-29,164.5017,166.5683,164.0883,166.155,1440534.0,0.0
2018-07-02,166.155,167.8082,164.0883,164.5017,922084.0,0.0
2018-07-03,164.5017,164.915,159.5418,160.7818,1587049.0,0.0
2018-07-04,162.0217,162.0217,160.7818,161.1951,342211.0,0.0
2018-07-05,162.0217,162.0217,159.5418,159.5418,955360.0,0.0
2018-07-06,159.9551,160.7818,159.5418,159.5418,982114.0,0.0
2018-07-09,154.582,158.3018,154.582,157.0619,928338.0,5.4518
2018-07-10,159.1285,160.3685,157.8885,159.5418,688197.0,0.0
2018-07-11,159.5418,159.5418,157.8885,158.7152,325815.0,0.0
2018-07-12,158.7152,161.1951,158.3018,161.1951,495011.0,0.0
2018-07-13,162.0217,162.0217,159.5418,161.1951,1421137.0,0.0
2018-07-16,161.6084,162.4351,160.7818,161.1951,483763.0,0.0
2018-07-17,160.3685,164.915,158.7152,162.8484,1111493.0,0.0
2018-07-18,164.5017,166.9816,162.8484,166.9816,801161.0,0.0
2018-07-19,166.9816,166.9816,162.4351,164.5017,620764.0,0.0
2018-07-20,164.5017,165.3283,163.2617,163.675,381858.0,0.0
2018-07-23,165.3283,166.5683,164.0883,166.155,316284.0,0.0
2018-07-24,165.3283,167.3949,163.675,167.3949,431048.0,0.0
2018-07-25,167.3949,168.2216,165.3283,167.8082,383808.0,0.0
2018-07-26,167.8082,167.8082,163.2617,167.3949,441862.0,0.0
2018-07-27,166.9816,167.8082,166.5683,167.3949,371418.0,0.0
2018-07-30,165.7416,165.7416,163.675,164.915,904667.0,0.0
2018-07-31,166.155,167.3949,164.0883,167.3949,781342.0,0.0
2018-08-01,166.155,169.0482,166.155,169.0482,708495.0,0.0
2018-08-02,168.6349,168.6349,165.3283,166.155,311330.0,0.0
2018-08-03,166.155,166.5683,165.7416,165.7416,215025.0,0.0
2018-08-06,165.3283,167.3949,165.3283,165.7416,230051.0,0.0
2018-08-07,165.7416,166.155,165.3283,165.7416,270939.0,0.0
2018-08-08,166.9816,169.0482,166.5683,168.6349,541608.0,0.0
2018-08-09,167.8082,167.8082,166.5683,166.5683,164309.0,0.0
2018-08-10,166.5683,168.6349,166.155,168.2216,266570.0,0.0
2018-08-13,166.5683,166.9816,164.0883,164.5017,542836.0,0.0
2018-08-14,163.675,165.3283,163.675,164.915,328866.0,0.0
2018-08-15,164.0883,165.3283,162.0217,162.0217,419608.0,0.0
2018-08-16,162.4351,165.3283,162.0217,162.8484,491279.0,0.0
2018-08-17,163.675,165.3283,163.2617,163.2617,230258.0,0.0
2018-08-20,164.0883,165.7416,162.8484,162.8484,519543.0,0.0
2018-08-21,164.915,166.5683,164.915,166.5683,462715.0,0.0
2018-08-22,167.3949,167.8082,165.3283,166.5683,463035.0,0.0
2018-08-23,167.8082,168.6349,166.9816,168.2216,410284.0,0.0
2018-08-24,167.8082,168.6349,165.7416,168.2216,299990.0,0.0
2018-08-27,169.4615,172.7681,168.6349,172.7681,844734.0,0.0
2018-08-28,172.7681,174.4214,170.2882,174.4214,882757.0,0.0
2018-08-29,174.4214,175.6613,173.1814,174.4214,690991.0,0.0
2018-08-30,175.248,175.248,171.5281,172.7681,732092.0,0.0
2018-08-31,172.7681,172.7681,169.4615,172.7681,1323198.0,0.0
2018-09-03,172.7681,173.1814,169.8748,170.7015,343411.0,0.0
2018-09-04,171.9414,171.9414,170.7015,171.9414,170506.0,0.0
2018-09-05,171.9414,171.9414,169.8748,171.1148,583347.0,0.0
2018-09-06,168.6349,172.3548,168.6349,171.1148,505065.0,0.0
2018-09-07,168.6349,170.2882,167.8082,169.4615,777182.0,0.0
2018-09-10,171.1148,174.4214,169.8748,173.5947,1126691.0,0.0
2018-09-11,175.248,177.3146,172.7681,174.4214,1274989.0,0.0
2018-09-12,174.008,176.0746,170.7015,175.248,877087.0,0.0
2018-09-13,175.248,177.3146,173.5947,174.4214,870509.0,0.0
2018-09-14,174.8347,178.5546,174.8347,177.7279,1197838.0,0.0
2018-09-17,177.7279,178.1413,176.9013,177.7279,740899.0,0.0
2018-09-18,176.9013,178.9679,176.488,178.1413,902947.0,0.0
2018-09-19,178.1413,179.3812,177.3146,178.5546,943312.0,0.0
2018-09-20,178.5546,182.2745,177.7279,181.0345,1219028.0,0.0
2018-09-21,181.8611,183.5144,181.0345,182.6878,1484112.0,0.0
2018-09-25,181.0345,183.5144,180.6212,183.5144,733767.0,0.0
2018-09-26,183.9277,189.3009,183.9277,188.0609,1328650.0,0.0
2018-09-27,186.4077,194.2608,186.4077,193.8474,1716344.0,0.0
2018-09-28,195.0874,195.0874,185.9943,188.0609,2855838.0,0.0
2018-10-01,187.6476,189.7142,184.7544,187.6476,1122072.0,0.0
2018-10-02,185.581,185.9943,182.2745,183.9277,1096299.0,0.0
2018-10-03,182.6878,183.9277,181.8611,182.6878,513556.0,0.0
2018-10-04,181.0345,182.2745,180.2079,181.4478,644891.0,0.0
2018-10-05,180.2079,180.6212,175.248,179.3812,1270432.0,0.0
2018-10-08,178.9679,179.3812,173.5947,174.8347,999817.0,0.0
2018-10-09,173.5947,173.5947,169.4615,169.8748,1602058.0,0.0
2018-10-11,154.1686,165.7416,154.1686,161.1951,2233556.0,0.0
2018-10-12,157.4752,166.155,157.4752,165.3283,1374819.0,0.0
2018-10-15,165.3283,165.7416,161.1951,164.5017,994789.0,0.0
2018-10-16,164.5017,165.3283,161.1951,162.8484,1137693.0,0.0
2018-10-17,164.0883,166.155,163.675,165.3283,1066738.0,0.0
2018-10-18,165.3283,169.4615,165.3283,169.4615,1013941.0,0.0
2018-10-19,168.2216,169.0482,167.3949,169.0482,755040.0,0.0
2018-10-22,169.4615,171.5281,167.8082,171.5281,495284.0,0.0
2018-10-23,172.3548,172.7681,168.6349,169.4615,750159.0,0.0
2018-10-24,170.2882,173.1814,169.0482,171.5281,984816.0,0.0
2018-10-25,167.8082,171.5281,167.8082,170.2882,1544593.0,0.0
2018-10-26,169.4615,172.3548,167.8082,170.2882,805841.0,0.0
2018-10-29,172.7681,175.248,170.7015,174.4214,1028017.0,0.0
2018-10-30,176.0746,176.488,169.8748,171.1148,1150652.0,0.0
2018-10-31,173.5947,176.0746,173.5947,176.0746,959305.0,0.0
2018-11-01,176.9013,181.8611,176.0746,181.0345,1036496.0,0.0
2018-11-02,181.8611,182.6878,178.1413,179.7945,925853.0,0.0
2018-11-05,178.5546,182.6878,178.5546,181.8611,929532.0,0.0
2018-11-06,182.6878,183.1011,178.5546,181.0345,855427.0,0.0
2018-11-07,181.8611,188.4743,181.4478,188.4743,1670698.0,0.0
2018-11-08,190.1275,192.6075,188.4743,190.5409,2232256.0,0.0
2018-11-09,189.7142,190.9542,188.0609,190.9542,614849.0,0.0
2018-11-12,190.9542,192.6075,188.4743,189.7142,696939.0,0.0
2018-11-13,182.2745,190.1275,182.2745,188.8876,978986.0,0.0
2018-11-14,185.9943,190.1275,185.9943,188.0609,385153.0,0.0
2018-11-15,188.0609,190.9542,186.821,190.9542,472023.0,0.0
2018-11-16,192.1942,192.6075,189.3009,190.5409,612653.0,0.0
2018-11-19,192.6075,192.6075,185.9943,186.821,787757.0,0.0
2018-11-20,185.9943,185.9943,180.2079,183.5144,1628357.0,0.0
2018-11-21,181.8611,182.2745,180.2079,181.8611,1087080.0,0.0
2018-11-22,181.8611,184.7544,179.7945,181.0345,962015.0,0.0
2018-11-23,182.2745,183.9277,179.7945,182.6878,729734.0,0.0
2018-11-26,184.3411,185.9943,180.6212,184.3411,854698.0,0.0
2018-11-27,184.3411,186.4077,181.4478,185.1677,661711.0,0.0
2018-11-28,185.9943,190.1275,183.5144,190.1275,1000392.0,0.0
2018-11-29,190.1275,190.5409,185.1677,186.4077,1100152.0,0.0
2018-11-30,187.6476,193.0208,186.821,193.0208,1600884.0,0.0
2018-12-03,193.4341,195.5007,190.5409,192.6075,1732950.0,0.0
2018-12-04,191.3675,194.2608,189.7142,191.7808,948379.0,0.0
2018-12-05,190.1275,192.1942,187.2343,189.7142,409652.0,0.0
2018-12-06,190.9542,190.9542,184.3411,186.4077,752465.0,0.0
2018-12-07,188.0609,190.9542,188.0609,190.5409,724972.0,0.0
2018-12-10,185.581,187.2343,183.9277,184.7544,620655.0,0.0
2018-12-11,185.581,188.0609,184.7544,186.821,446362.0,0.0
2018-12-12,191.3675,191.3675,185.9943,186.4077,696537.0,0.0
2018-12-13,188.4743,189.3009,187.2343,188.4743,810039.0,0.0
2018-12-14,186.821,186.821,182.6878,182.6878,707376.0,0.0
2018-12-17,185.1677,185.1677,181.4478,184.3411,702241.0,0.0
2018-12-18,182.6878,185.1677,182.6878,185.1677,346433.0,0.0
2018-12-19,184.3411,185.9943,182.6878,185.581,693961.0,0.0
2018-12-20,185.581,186.821,181.4478,181.4478,938117.0,0.0
2018-12-21,178.5546,180.6212,177.7279,177.7279,1518290.0,0.0
2018-12-24,176.488,177.7279,176.0746,177.3146,438540.0,0.0
2018-12-25,177.3146,177.3146,173.5947,175.248,263913.0,0.0
2018-12-26,174.8347,176.0746,173.5947,173.5947,172303.0,0.0
2018-12-27,176.0746,178.1413,174.4214,176.9013,368411.0,0.0
2018-12-28,176.9013,176.9013,173.5947,174.008,676415.0,0.0
2019-01-02,174.8347,177.7279,173.5947,174.4214,842444.0,0.0
2019-01-03,174.4214,176.9013,174.4214,176.9013,377946.0,0.0
2019-01-04,174.8347,180.2079,174.4214,180.2079,822075.0,0.0
2019-01-07,181.4478,181.4478,177.7279,179.3812,706919.0,0.0
2019-01-08,179.3812,181.8611,177.3146,180.2079,501766.0,0.0
2019-01-09,181.8611,185.1677,180.2079,183.5144,773152.0,0.0
2019-01-10,183.5144,185.1677,181.8611,184.3411,601590.0,0.0
2019-01-11,183.1011,184.3411,181.4478,183.5144,768503.0,0.0
2019-01-14,183.5144,183.5144,178.5546,178.9679,482211.0,0.0
2019-01-15,181.4478,184.3411,178.9679,183.5144,782624.0,0.0
2019-01-16,185.1677,186.821,183.5144,184.7544,614401.0,0.0
2019-01-17,185.9943,185.9943,183.9277,183.9277,268776.0,0.0
2019-01-18,184.3411,189.3009,183.5144,189.3009,989402.0,0.0
2019-01-21,190.1275,191.3675,186.821,190.1275,842154.0,0.0
2019-01-22,190.1275,190.1275,187.6476,189.7142,640109.0,0.0
2019-01-23,187.6476,189.7142,187.2343,188.4743,372190.0,0.0
2019-01-24,187.2343,190.1275,187.2343,190.1275,780563.0,0.0
2019-01-25,189.7142,191.3675,188.0609,190.9542,555349.0,0.0
2019-01-28,190.9542,190.9542,188.0609,190.9542,835831.0,0.0
2019-01-29,189.3009,189.3009,185.1677,186.821,553376.0,0.0
2019-01-30,188.0609,189.7142,186.4077,188.8876,847254.0,0.0
2019-02-11,190.1275,190.9542,186.821,186.821,1328394.0,0.0
2019-02-12,186.821,188.8876,185.1677,185.9943,983846.0,0.0
2019-02-13,185.9943,187.2343,178.9679,186.4077,1747262.0,0.0
2019-02-14,186.4077,187.2343,183.9277,187.2343,938261.0,0.0
2019-02-15,187.2343,193.4341,187.2343,192.1942,1641998.0,0.0
2019-02-18,192.6075,193.0208,188.4743,189.7142,729100.0,0.0
2019-02-19,190.9542,190.9542,187.2343,188.4743,341952.0,0.0
2019-02-20,188.4743,191.3675,188.0609,190.1275,1075161.0,0.0
2019-02-21,190.1275,193.4341,188.0609,190.1275,1167122.0,0.0
2019-02-22,190.1275,191.7808,188.8876,190.9542,1228451.0,0.0
2019-02-25,195.0874,195.0874,191.7808,193.8474,1925647.0,0.0
2019-02-26,193.0208,194.2608,191.7808,193.8474,1373738.0,0.0
2019-02-27,194.2608,194.6741,191.7808,194.2608,1282620.0,0.0
2019-03-04,194.2608,196.7407,189.7142,191.7808,2114855.0,0.0
2019-03-05,193.8474,200.8739,193.8474,199.6339,2746842.0,0.0
2019-03-06,197.9807,200.0473,197.154,198.394,1083011.0,0.0
2019-03-07,197.9807,199.6339,195.0874,195.914,869560.0,0.0
2019-03-08,198.394,199.6339,196.7407,196.7407,717442.0,0.0
2019-03-11,198.8073,198.8073,197.154,198.394,667364.0,0.0
2019-03-12,200.0473,200.0473,197.154,197.154,827581.0,0.0
2019-03-13,199.6339,203.3538,199.6339,201.7005,1725212.0,0.0
2019-03-14,206.6604,212.4469,203.3538,206.6604,1650690.0,0.0
2019-03-15,206.2471,209.5536,202.9405,207.487,1927332.0,0.0
2019-03-18,211.6202,214.9268,210.3803,212.0336,2086160.0,0.0
2019-03-19,211.6202,214.1002,208.727,212.0336,728868.0,0.0
2019-03-20,211.6202,216.1668,210.3803,214.9268,1262859.0,0.0
2019-03-21,214.9268,216.1668,213.6868,214.9268,1311204.0,0.0
2019-03-22,214.9268,214.9268,211.2069,214.1002,1165338.0,0.0
2019-03-25,211.2069,212.0336,209.5536,212.0336,995595.0,0.0
2019-03-26,214.1002,216.1668,213.2735,214.9268,754905.0,0.0
2019-03-27,214.9268,216.5801,213.6868,216.5801,576873.0,0.0
2019-03-28,214.1002,215.3401,212.4469,213.6868,449129.0,0.0
2019-03-29,214.5135,214.5135,209.5536,211.6202,811628.0,0.0
2019-04-01,212.4469,213.6868,207.9003,209.9669,1183077.0,0.0
2019-04-02,209.9669,212.8602,207.487,208.3137,1121021.0,0.0
2019-04-03,206.6604,207.9003,204.1805,205.0071,1188212.0,0.0
2019-04-08,208.3137,208.727,205.4204,208.3137,1047134.0,0.0
2019-04-09,206.6604,207.0737,205.8337,206.6604,939995.0,0.0
2019-04-10,205.4204,206.6604,204.1805,206.6604,553508.0,0.0
2019-04-11,208.3137,211.6202,201.2872,205.4204,822401.0,0.0
2019-04-12,206.6604,207.0737,203.7671,205.4204,516495.0,0.0
2019-04-15,206.6604,207.0737,204.1805,205.0071,412188.0,0.0
2019-04-16,206.2471,206.6604,202.9405,205.0071,570091.0,0.0
2019-04-17,204.1805,206.6604,203.3538,205.0071,423984.0,0.0
2019-04-18,205.4204,206.2471,201.7005,202.9405,515323.0,0.0
2019-04-19,204.5938,204.5938,200.4606,200.4606,395539.0,0.0
2019-04-22,202.5272,203.3538,200.0473,200.8739,344977.0,0.0
2019-04-23,200.0473,201.7005,198.8073,201.7005,480003.0,0.0
2019-04-24,203.7671,206.6604,203.3538,204.5938,1108307.0,0.0
2019-04-25,204.5938,209.1403,204.5938,209.1403,906131.0,0.0
2019-04-26,207.0737,207.0737,203.3538,205.8337,666550.0,0.0
2019-04-29,205.8337,207.487,203.7671,207.487,364451.0,0.0
2019-04-30,207.487,207.487,204.1805,206.6604,451137.0,0.0
2019-05-02,207.487,209.1403,202.1139,204.1805,906938.0,0.0
2019-05-03,205.0071,207.0737,204.1805,205.4204,420812.0,0.0
2019-05-06,202.5272,203.3538,200.8739,202.5272,440292.0,0.0
2019-05-07,204.1805,204.1805,201.2872,202.5272,793377.0,0.0
2019-05-08,202.5272,210.3803,202.5272,209.1403,1844503.0,0.0
2019-05-09,209.1403,210.3803,207.9003,207.9003,1646271.0,0.0
2019-05-10,207.487,211.2069,205.4204,208.3137,1351175.0,0.0
2019-05-13,208.3137,209.9669,203.3538,205.0071,745222.0,0.0
2019-05-14,201.2872,206.6604,200.8739,202.5272,683301.0,0.0
2019-05-15,200.8739,207.0737,200.8739,204.1805,744748.0,0.0
2019-05-16,203.3538,205.8337,202.5272,204.1805,571447.0,0.0
2019-05-17,203.3538,207.487,202.9405,205.4204,1263061.0,0.0
2019-05-20,206.6604,207.487,203.3538,204.1805,916069.0,0.0
2019-05-21,203.7671,203.7671,199.2206,201.7005,1408169.0,0.0
2019-05-22,201.7005,205.0071,200.8739,200.8739,636723.0,0.0
2019-05-23,202.9405,205.0071,200.8739,202.5272,517147.0,0.0
2019-05-24,203.3538,210.3803,203.3538,209.1403,859291.0,0.0
2019-05-27,210.7936,211.2069,207.487,209.1403,796573.0,0.0
2019-05-28,210.3803,210.7936,207.9003,208.727,1852337.0,0.0
2019-05-29,208.727,210.7936,208.3137,209.1403,716519.0,0.0
2019-05-30,209.1403,214.9268,209.1403,214.1002,1193891.0,0.0
2019-05-31,213.6868,222.7799,212.8602,219.06,2006017.0,0.0
2019-06-03,218.2334,218.6467,213.2735,213.2735,1116880.0,0.0
2019-06-04,212.0336,215.7534,212.0336,214.5135,1222747.0,0.0
2019-06-05,216.1668,217.4067,212.8602,214.5135,587758.0,0.0
2019-06-06,214.5135,215.7534,212.4469,214.5135,703929.0,0.0
2019-06-10,216.1668,222.7799,214.5135,214.9268,1700786.0,0.0
2019-06-11,213.2735,216.9934,212.0336,213.2735,620492.0,0.0
2019-06-12,213.2735,216.5801,212.8602,214.9268,601345.0,0.0
2019-06-13,215.7534,218.2334,211.6202,212.4469,719062.0,0.0
2019-06-14,212.4469,216.5801,211.6202,214.5135,734965.0,0.0
2019-06-17,214.5135,216.1668,213.2735,214.5135,615100.0,0.0
2019-06-18,213.2735,215.3401,211.2069,212.8602,487043.0,0.0
2019-06-19,215.3401,218.6467,214.5135,215.3401,1340542.0,0.0
2019-06-20,218.6467,219.06,214.5135,214.5135,1012760.0,0.0
2019-06-21,214.5135,217.4067,213.2735,213.2735,1344032.0,0.0
2019-06-24,213.2735,217.4067,213.2735,216.1668,584386.0,0.0
2019-06-25,216.1668,218.2334,215.3401,217.8201,447686.0,0.0
2019-06-26,219.8866,219.8866,217.8201,218.6467,852144.0,0.0
2019-06-27,218.6467,220.7133,216.9934,219.8866,1494613.0,0.0
2019-06-28,220.7133,220.7133,217.4067,218.2334,742745.0,0.0
2019-07-01,220.7133,221.5399,216.1668,218.6467,714140.0,0.0
2019-07-02,219.06,219.06,214.9268,214.9268,479057.0,0.0
2019-07-03,214.9268,216.1668,213.2735,215.3401,264950.0,0.0
2019-07-04,214.1002,217.4067,214.1002,217.4067,501530.0,0.0
2019-07-05,217.4067,217.8201,214.1002,214.9268,402807.0,0.0
2019-07-08,214.1002,218.2334,214.1002,218.2334,526355.0,0.0
2019-07-09,213.2735,214.1002,212.4469,212.4469,634758.0,5.6176
2019-07-10,213.2735,213.2735,211.6202,213.2735,452649.0,0.0
2019-07-11,214.1002,216.9934,213.2735,215.7534,1784749.0,0.0
2019-07-12,214.9268,216.1668,214.1002,214.9268,1815369.0,0.0
2019-07-15,215.7534,216.1668,213.2735,213.6868,678428.0,0.0
2019-07-16,214.5135,216.5801,214.1002,215.3401,1226324.0,0.0
2019-07-17,216.1668,216.1668,214.5135,216.1668,1837892.0,0.0
2019-07-18,214.5135,215.7534,212.4469,214.1002,541578.0,0.0
2019-07-19,214.1002,215.7534,212.4469,215.7534,271058.0,0.0
2019-07-22,216.1668,216.5801,214.9268,215.3401,463122.0,0.0
2019-07-23,215.7534,223.1932,215.3401,222.7799,1118971.0,0.0
2019-07-24,222.3666,224.4332,219.4733,219.8866,1175912.0,0.0
2019-07-25,221.5399,224.0199,220.7133,221.5399,1503365.0,0.0
2019-07-26,219.8866,219.8866,216.5801,218.6467,696157.0,0.0
2019-07-29,216.9934,217.8201,215.7534,216.1668,1146795.0,0.0
2019-07-30,217.4067,220.3,216.1668,219.06,954520.0,0.0
2019-07-31,217.4067,219.06,215.3401,217.4067,925125.0,0.0
2019-08-01,214.9268,217.8201,214.9268,216.9934,653479.0,0.0
2019-08-02,213.6868,215.7534,212.8602,213.6868,640711.0,0.0
2019-08-05,212.8602,214.9268,211.6202,212.4469,1215000.0,0.0
2019-08-06,208.3137,211.2069,206.6604,210.3803,1306514.0,0.0
2019-08-07,210.3803,214.5135,209.1403,213.2735,1466846.0,0.0
2019-08-08,214.5135,214.5135,212.4469,213.2735,1032874.0,0.0
2019-08-12,210.7936,214.1002,210.7936,211.2069,1112864.0,0.0
2019-08-13,213.2735,219.06,212.0336,215.7534,1890109.0,0.0
2019-08-14,215.3401,218.2334,214.5135,216.5801,704179.0,0.0
2019-08-15,212.0336,215.3401,212.0336,213.2735,608085.0,0.0
2019-08-16,213.2735,220.7133,211.2069,216.1668,2357425.0,0.0
2019-08-19,219.06,222.3666,217.4067,221.1266,965385.0,0.0
2019-08-20,223.1932,227.3264,222.7799,227.3264,1839740.0,0.0
2019-08-21,227.3264,227.3264,219.8866,222.7799,1599095.0,0.0
2019-08-22,225.2598,225.2598,218.6467,219.06,1048932.0,0.0
2019-08-23,220.3,222.7799,219.8866,220.7133,599597.0,0.0
2019-08-26,216.9934,217.8201,214.5135,215.7534,409176.0,0.0
2019-08-27,219.06,219.8866,216.9934,217.4067,1256821.0,0.0
2019-08-28,217.4067,219.8866,217.4067,218.6467,598533.0,0.0
2019-08-29,221.5399,227.3264,219.4733,219.4733,1511672.0,0.0
2019-08-30,221.5399,223.1932,219.4733,220.7133,1042438.0,0.0
2019-09-02,222.7799,222.7799,220.3,221.1266,267864.0,0.0
2019-09-03,223.1932,223.1932,217.8201,217.8201,373845.0,0.0
2019-09-04,219.8866,221.5399,217.8201,219.8866,916705.0,0.0
2019-09-05,221.9532,222.7799,221.5399,222.3666,1947650.0,0.0
2019-09-06,223.1932,226.4998,221.5399,226.4998,714003.0,0.0
2019-09-10,225.2598,226.9131,221.5399,221.9532,732120.0,0.0
2019-09-11,222.7799,226.0865,221.9532,224.8465,656334.0,0.0
2019-09-12,226.4998,226.4998,224.8465,225.6731,448276.0,0.0
2019-09-16,227.3264,228.9797,225.6731,226.9131,716189.0,0.0
2019-09-17,226.4998,226.4998,224.8465,225.6731,508147.0,0.0
2019-09-18,225.2598,228.5664,223.1932,226.9131,727115.0,0.0
2019-09-19,226.0865,226.0865,219.8866,222.7799,1285346.0,0.0
2019-09-20,224.4332,225.6731,222.7799,224.8465,958723.0,0.0
2019-09-23,224.8465,226.4998,223.6065,225.2598,277795.0,0.0
2019-09-24,226.0865,228.5664,224.4332,228.5664,680210.0,0.0
2019-09-25,228.1531,228.1531,224.8465,225.2598,374369.0,0.0
2019-09-26,227.3264,228.1531,225.2598,226.9131,403182.0,0.0
2019-09-27,226.9131,226.9131,224.0199,225.6731,490327.0,0.0
2019-10-01,235.5928,241.3793,230.2197,232.2863,1296483.0,0.0
2019-10-02,230.2197,231.873,229.8064,230.633,671553.0,0.0
2019-10-03,226.4998,232.2863,226.4998,232.2863,747296.0,0.0
2019-10-04,231.0463,232.2863,230.633,231.0463,394172.0,0.0
2019-10-07,231.0463,232.6996,230.633,232.6996,384735.0,0.0
2019-10-08,237.2461,240.1394,232.6996,234.7662,1157126.0,0.0
2019-10-09,233.1129,236.0062,230.633,230.633,529447.0,0.0
2019-10-14,234.3529,234.3529,231.0463,231.0463,728204.0,0.0
2019-10-15,232.2863,232.6996,230.633,232.6996,554075.0,0.0
2019-10-16,233.1129,236.4195,231.873,236.0062,764982.0,0.0
2019-10-17,236.0062,237.6594,234.3529,237.6594,514303.0,0.0
2019-10-18,237.6594,237.6594,235.5928,236.0062,324064.0,0.0
2019-10-21,236.4195,237.6594,235.5928,236.0062,280013.0,0.0
2019-10-22,236.4195,239.726,236.4195,239.3127,635155.0,0.0
2019-10-23,237.2461,242.206,236.4195,239.3127,716799.0,0.0
2019-10-24,241.7926,244.6859,240.1394,244.6859,700332.0,0.0
2019-10-25,246.7525,251.7124,243.8593,245.9259,1197533.0,0.0
2019-10-28,247.5791,247.5791,244.6859,244.6859,420842.0,0.0
2019-10-29,247.9925,248.8191,244.6859,244.6859,373452.0,0.0
2019-10-30,244.6859,247.9925,242.6193,247.1658,473578.0,0.0
2019-10-31,248.8191,249.2324,245.5125,249.2324,879320.0,0.0
2019-11-01,249.6458,251.7124,247.9925,250.4724,532046.0,0.0
2019-11-04,252.9523,258.7388,252.9523,256.6722,1484603.0,0.0
2019-11-05,257.0855,259.1521,255.0189,256.2589,804816.0,0.0
2019-11-06,257.9122,257.9122,254.6056,255.0189,829274.0,0.0
2019-11-07,256.2589,259.5654,254.1923,256.2589,1106698.0,0.0
2019-11-08,256.2589,257.0855,252.1257,255.0189,842944.0,0.0
2019-11-11,254.6056,255.0189,252.1257,253.3656,709898.0,0.0
2019-11-12,254.1923,257.4988,254.1923,255.4322,999303.0,0.0
2019-11-13,255.0189,259.9788,255.0189,259.1521,724238.0,0.0
2019-11-14,259.1521,259.1521,255.8456,256.6722,460249.0,0.0
2019-11-15,257.9122,260.3921,257.4988,259.1521,600381.0,0.0
2019-11-18,258.3255,259.1521,257.4988,259.1521,840035.0,0.0
2019-11-19,258.3255,262.872,258.3255,262.0454,545665.0,0.0
2019-11-20,263.2853,264.5253,261.632,264.5253,415464.0,0.0
2019-11-21,262.0454,262.4587,253.7789,256.2589,1448673.0,0.0
2019-11-22,258.3255,261.632,256.2589,261.2187,860162.0,0.0
2019-11-25,259.9788,261.2187,257.9122,259.5654,879197.0,0.0
2019-11-26,260.3921,260.3921,255.8456,255.8456,3214539.0,0.0
2019-11-27,253.7789,254.1923,247.5791,251.7124,1227736.0,0.0
2019-11-28,251.7124,252.539,248.8191,249.2324,443765.0,0.0
2019-11-29,248.4058,249.2324,244.2726,247.5791,1229899.0,0.0
2019-12-02,248.8191,250.4724,245.5125,247.9925,562766.0,0.0
2019-12-03,250.4724,250.4724,247.1658,249.6458,453166.0,0.0
2019-12-04,250.8857,250.8857,245.9259,249.6458,739123.0,0.0
2019-12-05,251.299,254.6056,246.7525,248.4058,907428.0,0.0
2019-12-06,248.4058,249.2324,245.9259,246.3392,446292.0,0.0
2019-12-09,247.9925,248.4058,244.6859,247.9925,769246.0,0.0
2019-12-10,247.9925,247.9925,241.7926,244.6859,1130510.0,0.0
2019-12-11,245.5125,247.1658,243.0326,246.3392,432379.0,0.0
2019-12-12,247.1658,248.8191,244.2726,245.9259,644365.0,0.0
2019-12-13,247.1658,249.2324,246.3392,247.5791,539376.0,0.0
2019-12-16,246.3392,248.8191,246.3392,246.3392,1778.0,0.0
2019-12-17,245.0992,247.9925,244.6859,247.9925,741946.0,0.0
2019-12-18,249.2324,249.6458,246.3392,249.6458,955283.0,0.0
2019-12-19,262.0454,262.0454,245.9259,246.7525,1003929.0,0.0
2019-12-20,250.0591,252.539,248.8191,249.2324,939767.0,0.0
2019-12-23,247.1658,255.8456,247.1658,254.6056,473613.0,0.0
2019-12-24,256.2589,256.2589,250.4724,250.4724,189305.0,0.0
2019-12-25,252.1257,253.7789,248.8191,253.7789,263299.0,0.0
2019-12-26,254.6056,254.6056,251.299,252.1257,190363.0,0.0
2019-12-27,254.6056,256.2589,253.3656,256.2589,346845.0,0.0
2019-12-30,255.8456,255.8456,252.1257,254.1923,441369.0,0.0
2019-12-31,253.3656,253.7789,249.2324,249.6458,387109.0,0.0
2020-01-02,250.4724,252.1257,246.3392,246.7525,634785.0,0.0
2020-01-03,249.2324,249.6458,246.7525,248.8191,393227.0,0.0
2020-01-06,246.3392,248.8191,246.3392,246.7525,272444.0,0.0
2020-01-07,246.7525,249.6458,246.7525,248.4058,426616.0,0.0
2020-01-08,250.0591,250.0591,243.8593,247.1658,428104.0,0.0
2020-01-09,250.0591,253.7789,249.6458,252.1257,597099.0,0.0
2020-01-10,252.1257,254.1923,250.4724,252.1257,450035.0,0.0
2020-01-13,253.7789,255.8456,252.539,255.0189,417650.0,0.0
2020-01-14,255.0189,256.2589,254.1923,256.2589,483963.0,0.0
2020-01-15,255.0189,257.9122,252.9523,257.0855,740953.0,0.0
2020-01-16,255.4322,257.9122,254.6056,256.6722,656302.0,0.0
2020-01-17,258.3255,262.872,257.9122,261.2187,1123508.0,0.0
2020-01-20,259.9788,262.872,259.5654,259.9788,828713.0,0.0
2020-01-30,256.2589,256.2589,238.0728,239.726,2026550.0,0.0
2020-01-31,245.5125,247.1658,240.5527,240.5527,960572.0,0.0
2020-02-03,243.0326,249.2324,240.966,243.8593,1009533.0,0.0
2020-02-04,246.3392,250.4724,246.3392,250.4724,1051971.0,0.0
2020-02-05,251.299,252.1257,246.7525,251.299,476502.0,0.0
2020-02-06,252.539,254.6056,251.7124,252.9523,431431.0,0.0
2020-02-07,250.4724,255.0189,249.2324,252.1257,836170.0,0.0
2020-02-10,250.4724,254.1923,248.8191,250.4724,551646.0,0.0
2020-02-11,250.4724,251.299,248.8191,250.0591,673117.0,0.0
2020-02-12,252.1257,257.9122,250.4724,255.4322,666069.0,0.0
2020-02-13,253.7789,257.0855,253.7789,257.0855,798561.0,0.0
2020-02-14,255.8456,257.9122,254.6056,255.4322,423657.0,0.0
2020-02-17,253.3656,259.5654,252.9523,257.9122,581716.0,0.0
2020-02-18,255.8456,257.0855,254.6056,256.2589,521121.0,0.0
2020-02-19,256.2589,259.5654,255.4322,255.8456,515714.0,0.0
2020-02-20,258.7388,259.1521,253.3656,253.3656,475555.0,0.0
2020-02-21,252.539,254.6056,250.8857,250.8857,373472.0,0.0
2020-02-24,246.3392,248.8191,243.8593,245.5125,574325.0,0.0
2020-02-25,242.6193,249.6458,242.6193,247.1658,428038.0,0.0
2020-02-26,242.6193,248.4058,241.7926,244.6859,1314101.0,0.0
2020-02-27,241.7926,246.7525,241.7926,243.4459,1041742.0,0.0
2020-03-02,238.0728,241.7926,231.873,232.2863,2528302.0,0.0
2020-03-03,235.1795,240.5527,235.1795,240.5527,1016300.0,0.0
2020-03-04,239.726,247.1658,239.3127,245.5125,838833.0,0.0
2020-03-05,245.5125,249.6458,244.6859,245.0992,753439.0,0.0
2020-03-06,244.6859,244.6859,240.1394,240.966,980868.0,0.0
2020-03-09,239.726,240.5527,233.1129,233.5262,1756339.0,0.0
2020-03-10,231.4596,231.873,222.7799,227.7397,2579955.0,0.0
2020-03-11,236.4195,239.726,227.7397,228.9797,1703477.0,0.0
2020-03-12,224.0199,227.3264,215.7534,218.2334,2372328.0,0.0
2020-03-13,197.5673,219.8866,196.7407,216.1668,4104303.0,0.0
2020-03-16,214.9268,217.8201,196.7407,196.7407,2376951.0,0.0
2020-03-17,185.581,198.8073,181.0345,196.3274,2431821.0,0.0
2020-03-18,194.2608,206.6604,194.2608,199.6339,2736463.0,0.0
2020-03-19,188.8876,197.154,186.4077,190.1275,2232027.0,0.0
2020-03-20,187.2343,203.3538,187.2343,198.8073,2607892.0,0.0
2020-03-23,188.0609,202.1139,187.6476,193.4341,1629678.0,0.0
2020-03-24,197.5673,209.1403,195.5007,200.0473,2130605.0,0.0
2020-03-25,202.9405,209.5536,202.9405,205.0071,1302152.0,0.0
2020-03-26,209.1403,218.6467,207.487,212.4469,1558611.0,0.0
2020-03-27,222.7799,224.0199,206.2471,208.3137,1558546.0,0.0
2020-03-30,202.5272,205.8337,200.4606,203.3538,1000823.0,0.0
2020-03-31,204.1805,207.487,201.7005,206.2471,1565498.0,0.0
2020-04-01,204.5938,206.2471,201.7005,202.1139,1044308.0,0.0
2020-04-06,209.1403,214.1002,206.6604,212.4469,2132120.0,0.0
2020-04-07,219.06,219.06,212.0336,214.1002,1768713.0,0.0
2020-04-08,210.3803,213.2735,209.5536,211.6202,967015.0,0.0
2020-04-09,212.0336,215.3401,210.7936,212.8602,833805.0,0.0
2020-04-10,212.8602,214.5135,210.7936,214.5135,570224.0,0.0
2020-04-13,214.1002,216.5801,212.4469,213.6868,478132.0,0.0
2020-04-14,215.3401,219.8866,214.5135,219.06,928167.0,0.0
2020-04-15,219.8866,223.1932,218.2334,221.1266,887013.0,0.0
2020-04-16,222.3666,224.8465,218.6467,220.3,1190646.0,0.0
2020-04-17,224.8465,240.5527,224.8465,230.633,1717935.0,0.0
2020-04-20,230.633,236.4195,229.393,229.8064,1124771.0,0.0
2020-04-21,227.3264,229.393,219.06,219.06,1535065.0,0.0
2020-04-22,214.9268,219.06,212.4469,216.5801,1161557.0,0.0
2020-04-23,219.4733,224.4332,213.2735,217.4067,1556212.0,0.0
2020-04-24,216.1668,221.1266,216.1668,218.6467,1126102.0,0.0
2020-04-27,226.4998,231.4596,223.1932,227.3264,1821362.0,0.0
2020-04-28,228.1531,229.8064,225.6731,228.9797,822484.0,0.0
2020-04-29,228.9797,232.2863,228.5664,231.0463,858172.0,0.0
2020-04-30,230.633,234.7662,228.9797,234.7662,1111219.0,0.0
2020-05-04,222.3666,227.3264,222.3666,225.2598,1314095.0,0.0
2020-05-05,226.9131,228.5664,226.4998,226.4998,432849.0,0.0
2020-05-06,226.4998,228.1531,223.6065,225.2598,511903.0,0.0
2020-05-07,225.2598,233.9396,224.8465,233.1129,1216719.0,0.0
2020-05-08,238.0728,243.8593,237.2461,240.5527,1787188.0,0.0
2020-05-11,243.0326,243.4459,238.8994,241.3793,1111337.0,0.0
2020-05-12,237.6594,241.3793,237.2461,237.6594,1681095.0,0.0
2020-05-13,235.5928,240.5527,235.5928,238.0728,813165.0,0.0
2020-05-14,236.4195,237.6594,233.1129,233.9396,536387.0,0.0
2020-05-15,235.5928,236.0062,228.5664,229.8064,884988.0,0.0
2020-05-18,227.3264,233.1129,227.3264,231.0463,829658.0,0.0
2020-05-19,240.966,240.966,235.1795,238.0728,985977.0,0.0
2020-05-20,238.0728,239.726,234.7662,235.5928,591477.0,0.0
2020-05-21,235.1795,238.8994,235.1795,237.2461,485275.0,0.0
2020-05-22,235.1795,235.1795,228.9797,228.9797,849429.0,0.0
2020-05-25,231.0463,233.9396,225.2598,233.9396,395012.0,0.0
2020-05-26,236.0062,240.5527,234.7662,239.726,1065225.0,0.0
2020-05-27,238.0728,240.5527,235.5928,238.8994,490664.0,0.0
2020-05-28,240.5527,247.1658,238.4861,243.0326,1684070.0,0.0
2020-05-29,247.9925,247.9925,238.8994,245.5125,1382433.0,0.0
2020-06-01,247.9925,249.2324,243.0326,243.0326,1042577.0,0.0
2020-06-02,243.4459,246.3392,241.3793,243.0326,683065.0,0.0
2020-06-03,246.3392,247.5791,242.206,245.0992,1044907.0,0.0
2020-06-04,245.0992,247.5791,244.2726,246.3392,1106304.0,0.0
2020-06-05,245.5125,246.3392,243.0326,243.4459,752455.0,0.0
2020-06-08,244.2726,246.3392,241.7926,245.5125,898898.0,0.0
2020-06-09,245.5125,245.5125,242.206,243.8593,604900.0,0.0
2020-06-10,243.0326,244.6859,242.206,243.0326,885975.0,0.0
2020-06-11,244.2726,246.7525,241.7926,243.0326,663978.0,0.0
2020-06-12,240.5527,241.7926,238.8994,239.726,703970.0,0.0
2020-06-15,240.1394,244.2726,239.3127,241.3793,788051.0,0.0
2020-06-16,243.0326,248.4058,242.206,245.9259,860550.0,0.0
2020-06-17,244.2726,247.1658,244.2726,245.0992,754226.0,0.0
2020-06-18,246.7525,247.1658,244.2726,246.7525,341372.0,0.0
2020-06-19,245.5125,247.9925,244.2726,244.2726,1524428.0,0.0
2020-06-22,244.6859,247.5791,244.6859,246.3392,235885.0,0.0
2020-06-23,247.5791,248.4058,243.8593,243.8593,633071.0,0.0
2020-06-24,244.6859,246.3392,243.0326,243.0326,629715.0,0.0
2020-06-29,243.0326,243.4459,236.0062,242.206,1581100.0,0.0
2020-06-30,243.4459,245.5125,240.966,244.2726,740533.0,0.0
2020-07-01,243.4459,249.2324,243.4459,247.9925,809354.0,0.0
2020-07-02,246.7525,252.1257,246.7525,250.4724,701214.0,0.0
2020-07-03,256.2589,269.4851,256.2589,260.8054,2793376.0,0.0
2020-07-06,264.5253,271.5518,261.2187,271.1384,1814660.0,0.0
2020-07-07,281.0581,284.3647,267.8318,269.4851,2044308.0,0.0
2020-07-08,268.2452,269.4851,267.0052,269.0718,743250.0,0.0
2020-07-09,269.4851,275.685,269.4851,271.1384,630477.0,0.0
2020-07-10,270.7251,271.5518,265.7653,265.7653,949467.0,0.0
2020-07-13,266.1786,269.0718,266.1786,267.4185,681959.0,0.0
2020-07-14,264.5253,266.5919,264.5253,265.3519,247443.0,0.0
2020-07-15,265.7653,271.5518,260.8054,270.7251,869647.0,0.0
2020-07-16,273.6183,274.445,266.1786,267.0052,558999.0,0.0
2020-07-17,264.5253,269.4851,264.5253,269.0718,633141.0,0.0
2020-07-20,270.3118,271.9651,267.4185,271.9651,345562.0,0.0
2020-07-21,270.7251,284.778,270.3118,275.2716,2205930.0,0.0
2020-07-22,275.2716,281.8848,274.0317,276.9249,974938.0,0.0
2020-07-23,280.6448,280.6448,272.7917,275.685,1091873.0,0.0
2020-07-24,272.3784,274.8583,271.1384,271.5518,973558.0,0.0
2020-07-27,271.1384,274.445,269.8985,271.1384,986062.0,0.0
2020-07-28,269.8985,274.445,268.6585,269.4851,1138996.0,0.0
2020-07-29,269.0718,274.445,269.0718,270.7251,837054.0,0.0
2020-07-30,278.5782,286.4313,278.5782,285.6046,2488614.0,0.0
2020-07-31,279.1221,285.941,277.3037,280.9405,2690131.0,6.439
2020-08-03,280.9405,283.668,277.7583,279.1221,2415606.0,0.0
2020-08-04,281.3951,284.5772,278.2129,281.8497,611313.0,0.0
2020-08-05,285.4864,285.4864,280.0313,281.8497,531996.0,0.0
2020-08-06,279.1221,279.5767,269.121,273.2123,2194545.0,0.0
2020-08-07,269.5756,274.5761,269.5756,272.7577,1385742.0,0.0
2020-08-10,273.2123,274.1215,271.394,272.7577,1152573.0,0.0
2020-08-11,271.8485,279.1221,271.8485,274.5761,1062629.0,0.0
2020-08-12,276.3945,278.2129,273.2123,275.4853,1124533.0,0.0
2020-08-13,278.6675,280.4859,273.6669,274.1215,732084.0,0.0
2020-08-14,279.5767,279.5767,274.1215,274.1215,697250.0,0.0
2020-08-17,276.8491,280.0313,275.4853,279.5767,544771.0,0.0
2020-08-18,279.5767,286.3956,278.2129,283.668,1336575.0,0.0
2020-08-19,278.6675,288.214,278.2129,284.1227,810818.0,0.0
2020-08-20,283.2134,285.0318,276.8491,278.6675,1935171.0,0.0
2020-08-21,281.3951,281.8497,277.3037,280.0313,705460.0,0.0
2020-08-24,279.1221,286.3956,279.1221,283.2134,753816.0,0.0
2020-08-25,282.3043,290.487,282.3043,287.3048,827521.0,0.0
2020-08-26,287.3048,288.6686,282.7589,283.668,477818.0,0.0
2020-08-27,284.1227,285.4864,279.5767,280.9405,446906.0,0.0
2020-08-28,280.0313,285.941,278.6675,282.7589,850982.0,0.0
2020-08-31,286.8502,286.8502,275.9399,275.9399,892410.0,0.0
2020-09-01,277.3037,278.2129,273.2123,274.1215,546625.0,0.0
2020-09-02,275.0307,279.5767,273.2123,275.9399,490540.0,0.0
2020-09-03,277.3037,281.3951,274.1215,274.1215,490605.0,0.0
2020-09-04,272.7577,275.9399,270.0302,272.3031,732952.0,0.0
2020-09-07,274.5761,274.5761,266.3934,266.3934,637064.0,0.0
2020-09-08,265.4842,268.6664,262.302,267.3026,425126.0,0.0
2020-09-09,263.2112,263.2112,255.4831,257.3015,867743.0,0.0
2020-09-10,260.0291,264.1204,260.0291,262.7566,506899.0,0.0
2020-09-11,261.8474,261.8474,256.8469,256.8469,417803.0,0.0
2020-09-14,259.5744,265.0296,258.6653,261.8474,715131.0,0.0
2020-09-15,260.9382,263.6658,259.5744,261.3928,520772.0,0.0
2020-09-16,261.8474,264.1204,259.1198,261.3928,1217300.0,0.0
2020-09-17,261.3928,270.0302,261.3928,265.0296,1377345.0,0.0
2020-09-18,267.3026,268.6664,265.0296,267.3026,1122962.0,0.0
2020-09-21,267.3026,267.7572,263.6658,265.4842,379854.0,0.0
2020-09-22,264.1204,265.0296,260.9382,261.8474,423006.0,0.0
2020-09-23,261.8474,263.2112,260.0291,262.302,567520.0,0.0
2020-09-24,256.3923,258.6653,254.5739,254.5739,1209036.0,0.0
2020-09-25,253.6647,256.8469,249.1187,253.6647,914844.0,0.0
2020-09-28,256.3923,258.6653,255.4831,257.7561,427097.0,0.0
2020-09-29,259.1198,260.9382,256.3923,258.6653,319509.0,0.0
2020-09-30,260.9382,267.7572,260.0291,264.575,1118201.0,0.0
2020-10-05,270.0302,270.0302,259.1198,260.4836,758115.0,0.0
2020-10-06,265.4842,269.121,264.575,267.3026,738113.0,0.0
2020-10-07,267.3026,268.6664,264.1204,267.3026,673912.0,0.0
2020-10-08,267.7572,269.121,265.0296,268.6664,485231.0,0.0
2020-10-12,268.2118,276.3945,266.848,276.3945,1244135.0,0.0
2020-10-13,273.6669,275.4853,265.0296,272.3031,1114799.0,0.0
2020-10-14,272.3031,276.3945,268.6664,272.3031,1147369.0,0.0
2020-10-15,269.5756,273.2123,268.2118,269.5756,710856.0,0.0
2020-10-16,270.0302,275.4853,270.0302,272.7577,851408.0,0.0
2020-10-19,273.6669,278.2129,273.6669,274.5761,855683.0,0.0
2020-10-20,273.6669,273.6669,267.7572,268.6664,1097568.0,0.0
2020-10-21,268.6664,271.8485,266.848,268.6664,746330.0,0.0
2020-10-22,265.9388,270.4847,265.9388,266.3934,364380.0,0.0
2020-10-23,270.4847,270.9394,265.9388,268.2118,536195.0,0.0
2020-10-26,268.2118,273.6669,268.2118,270.0302,628686.0,0.0
2020-10-27,266.3934,270.9394,266.3934,268.6664,537418.0,0.0
2020-10-28,268.2118,270.0302,267.3026,269.121,679575.0,0.0
2020-10-29,265.9388,267.3026,262.7566,262.7566,528139.0,0.0
2020-10-30,262.7566,264.575,260.0291,262.7566,655722.0,0.0
2020-11-02,260.4836,263.6658,256.3923,260.0291,903516.0,0.0
2020-11-03,262.302,268.2118,261.3928,265.9388,760673.0,0.0
2020-11-04,266.3934,268.6664,263.2112,266.3934,276011.0,0.0
2020-11-05,265.0296,265.0296,259.5744,261.8474,810408.0,0.0
2020-11-06,264.575,264.575,260.4836,261.3928,686918.0,0.0
2020-11-09,261.3928,274.5761,260.9382,268.2118,1560897.0,0.0
2020-11-10,264.575,271.394,264.575,268.6664,925183.0,0.0
2020-11-11,270.4847,273.6669,267.7572,271.8485,1265873.0,0.0
2020-11-12,272.3031,273.6669,268.2118,269.121,689266.0,0.0
2020-11-13,267.3026,269.5756,265.4842,267.7572,409291.0,0.0
2020-11-16,272.3031,279.5767,270.4847,279.5767,1465856.0,0.0
2020-11-17,279.5767,283.668,278.6675,280.4859,966517.0,0.0
2020-11-18,281.8497,286.3956,279.5767,285.941,1261658.0,0.0
2020-11-19,286.3956,289.1232,283.668,286.3956,1146329.0,0.0
2020-11-20,285.0318,289.5778,284.1227,288.214,989004.0,0.0
2020-11-23,289.1232,292.76,287.3048,290.9416,1394993.0,0.0
2020-11-24,289.1232,289.5778,286.8502,288.214,520905.0,0.0
2020-11-25,288.214,288.214,278.6675,280.0313,1327383.0,0.0
2020-11-26,280.9405,281.3951,275.4853,280.0313,1198333.0,0.0
2020-11-27,278.2129,285.0318,278.2129,282.7589,966882.0,0.0
2020-11-30,284.5772,285.4864,275.4853,279.1221,2432593.0,0.0
2020-12-01,277.3037,282.3043,276.8491,281.8497,663434.0,0.0
2020-12-02,283.668,283.668,279.1221,279.5767,609163.0,0.0
2020-12-03,277.7583,281.3951,277.7583,280.0313,865791.0,0.0
2020-12-04,283.668,290.487,283.2134,286.3956,1507372.0,0.0
2020-12-07,288.6686,289.1232,284.1227,286.8502,638263.0,0.0
2020-12-08,285.0318,286.3956,282.7589,284.5772,593725.0,0.0
2020-12-09,284.5772,287.3048,283.2134,286.3956,529419.0,0.0
2020-12-10,284.1227,288.6686,283.2134,286.3956,775620.0,0.0
2020-12-11,285.941,288.6686,285.941,286.8502,900399.0,0.0
2020-12-14,290.487,305.4886,287.7594,289.5778,2345478.0,0.0
2020-12-15,289.1232,293.2146,284.5772,286.3956,1033138.0,0.0
2020-12-16,290.0324,303.2157,289.1232,300.0335,1732779.0,0.0
2020-12-17,298.2151,302.7611,295.4875,299.5789,1620214.0,0.0
2020-12-18,306.3979,318.2173,304.5795,318.2173,3712523.0,0.0
2020-12-21,313.2168,313.2168,299.5789,306.3979,1543819.0,0.0
2020-12-22,302.3065,310.9438,302.3065,309.1254,1013599.0,0.0
2020-12-23,309.1254,309.1254,300.0335,300.0335,579055.0,0.0
2020-12-24,300.0335,306.8524,300.0335,302.3065,422998.0,0.0
2020-12-25,304.1249,304.5795,296.3967,298.6697,247630.0,0.0
2020-12-28,298.6697,306.8524,298.2151,304.5795,549616.0,0.0
2020-12-29,307.307,310.4892,304.1249,310.0346,397047.0,0.0
2020-12-30,307.7616,319.1266,305.9433,317.3082,987586.0,0.0
2020-12-31,317.7628,327.3093,313.6714,318.2173,864407.0,0.0
2021-01-04,313.6714,321.8541,313.2168,317.3082,1191074.0,0.0
2021-01-05,317.3082,317.7628,308.2162,312.3076,1515377.0,0.0
2021-01-06,306.8524,312.3076,306.3979,308.2162,824714.0,0.0
2021-01-07,311.853,317.7628,308.6708,313.2168,1364602.0,0.0
2021-01-08,308.6708,312.7622,305.4886,309.1254,2083825.0,0.0
2021-01-11,311.853,320.4903,309.1254,320.4903,1270806.0,0.0
2021-01-12,321.8541,336.4012,319.5811,330.4915,2275695.0,0.0
2021-01-13,335.492,339.1288,332.7644,335.0374,1826642.0,0.0
2021-01-14,333.6736,333.6736,324.5817,333.6736,1698035.0,0.0
2021-01-15,330.4915,337.3104,328.6731,328.6731,1127500.0,0.0
2021-01-18,328.6731,336.4012,328.6731,335.9466,1014024.0,0.0
2021-01-19,340.4926,360.0402,338.2196,357.3126,1913186.0,0.0
2021-01-20,349.5845,349.5845,338.2196,340.038,1839741.0,0.0
2021-01-21,336.4012,347.3115,323.6725,336.4012,2913879.0,0.0
2021-01-22,331.8553,332.3098,314.5806,314.5806,2453709.0,0.0
2021-01-25,315.4898,321.8541,313.6714,318.2173,1443015.0,0.0
2021-01-26,318.2173,322.7633,311.853,316.8536,1346156.0,0.0
2021-01-27,323.6725,327.3093,320.4903,322.3087,1149818.0,0.0
2021-01-28,319.1266,322.3087,315.0352,318.672,1109796.0,0.0
2021-01-29,314.126,322.7633,312.7622,314.5806,1759216.0,0.0
2021-02-01,315.0352,320.0357,311.853,314.5806,750564.0,0.0
2021-02-02,318.2173,324.5817,313.6714,320.0357,961013.0,0.0
2021-02-03,322.7633,322.7633,316.399,321.8541,740769.0,0.0
2021-02-04,317.3082,324.5817,315.0352,322.3087,894465.0,0.0
2021-02-05,320.0357,323.6725,317.3082,317.7628,546723.0,0.0
2021-02-17,331.8553,339.5834,320.4903,337.3104,2323068.0,0.0
2021-02-18,332.3098,337.765,331.8553,336.4012,811195.0,0.0
2021-02-19,334.1282,344.5839,333.6736,335.0374,1186448.0,0.0
2021-02-22,340.4926,347.3115,335.9466,336.4012,1128935.0,0.0
2021-02-23,338.2196,342.7656,334.5828,338.2196,915537.0,0.0
2021-02-24,340.9472,342.3109,327.7639,335.0374,1067117.0,0.0
2021-02-25,335.492,340.9472,333.6736,339.5834,1293855.0,0.0
2021-02-26,338.2196,339.5834,328.6731,329.5823,3192336.0,0.0
2021-03-02,336.4012,343.6747,332.7644,333.6736,2235428.0,0.0
2021-03-03,340.038,342.7656,336.8558,342.3109,1322547.0,0.0
2021-03-04,339.1288,339.1288,331.8553,333.6736,1520522.0,0.0
2021-03-05,324.1271,336.8558,323.2179,332.3098,1266134.0,0.0
2021-03-08,336.8558,342.7656,325.9455,329.5823,1843050.0,0.0
2021-03-09,330.4915,342.7656,330.4915,335.492,2161092.0,0.0
2021-03-10,337.765,345.0385,330.946,332.7644,874723.0,0.0
2021-03-11,330.0369,332.3098,318.2173,321.8541,2685063.0,0.0
2021-03-12,320.9449,321.8541,318.2173,318.672,1056215.0,0.0
2021-03-15,318.672,322.7633,318.672,321.8541,663111.0,0.0
2021-03-16,323.6725,329.1277,321.8541,324.1271,1285121.0,0.0
2021-03-17,323.6725,327.3093,319.1266,321.8541,1104978.0,0.0
2021-03-18,325.0363,327.3093,322.7633,325.0363,713867.0,0.0
2021-03-19,320.0357,321.8541,316.399,320.4903,2122321.0,0.0
2021-03-22,320.0357,323.2179,319.1266,321.8541,464483.0,0.0
2021-03-23,320.0357,321.8541,318.672,320.0357,541730.0,0.0
2021-03-24,320.0357,321.8541,317.3082,320.9449,529666.0,0.0
2021-03-25,320.0357,326.4001,320.0357,322.3087,712877.0,0.0
2021-03-26,321.3995,325.4909,320.4903,322.3087,868895.0,0.0
2021-03-29,320.9449,324.5817,320.9449,324.1271,865053.0,0.0
2021-03-30,326.8547,330.0369,324.1271,326.8547,907572.0,0.0
2021-03-31,329.1277,329.1277,320.9449,321.8541,931230.0,0.0
2021-04-01,324.5817,325.9455,320.4903,321.3995,429009.0,0.0
2021-04-07,328.2185,329.1277,320.0357,323.6725,994172.0,0.0
2021-04-08,321.8541,324.5817,321.8541,323.2179,443004.0,0.0
2021-04-09,325.0363,331.8553,325.0363,328.2185,967680.0,0.0
2021-04-12,324.1271,326.4001,321.3995,322.3087,562903.0,0.0
2021-04-13,324.1271,325.4909,320.0357,321.3995,822691.0,0.0
2021-04-14,320.9449,323.6725,317.3082,320.9449,1175495.0,0.0
2021-04-15,324.1271,324.1271,319.1266,321.3995,655896.0,0.0
2021-04-16,321.3995,324.1271,320.0357,322.7633,740208.0,0.0
2021-04-19,322.7633,327.7639,321.8541,325.0363,775282.0,0.0
2021-04-20,328.2185,330.946,324.1271,327.3093,1028447.0,0.0
2021-04-21,323.2179,325.0363,319.1266,320.4903,1043902.0,0.0
2021-04-22,323.2179,323.2179,318.2173,319.1266,789412.0,0.0
2021-04-23,320.0357,320.4903,317.3082,319.1266,708288.0,0.0
2021-04-26,321.3995,322.7633,316.399,320.0357,1079780.0,0.0
2021-04-27,320.9449,322.7633,318.2173,321.8541,667556.0,0.0
2021-04-28,321.8541,321.8541,319.1266,321.8541,501440.0,0.0
2021-04-29,318.672,325.4909,318.672,323.6725,824455.0,0.0
2021-05-03,322.7633,328.2185,322.7633,325.9455,935143.0,0.0
2021-05-04,327.3093,327.3093,313.6714,316.399,1220139.0,0.0
2021-05-05,318.2173,321.3995,309.1254,311.853,716481.0,0.0
2021-05-06,316.399,316.399,305.4886,312.7622,1165930.0,0.0
2021-05-07,315.0352,320.0357,312.3076,316.399,1872023.0,0.0
2021-05-10,318.2173,319.1266,313.2168,315.0352,679343.0,0.0
2021-05-11,318.2173,318.2173,296.8513,296.8513,1226901.0,0.0
2021-05-12,290.9416,307.307,275.9399,289.5778,2612047.0,0.0
2021-05-13,293.6692,295.4875,282.7589,283.668,1930469.0,0.0
2021-05-14,283.2134,295.4875,283.2134,295.033,1525622.0,0.0
2021-05-17,295.4875,295.9421,285.4864,293.2146,1097178.0,0.0
2021-05-18,292.3054,300.0335,289.5778,297.7605,1139311.0,0.0
2021-05-19,292.76,298.2151,291.8508,293.2146,910062.0,0.0
2021-05-20,293.2146,295.9421,287.7594,293.2146,1451274.0,0.0
2021-05-21,291.3962,297.3059,288.6686,290.0324,1177712.0,0.0
2021-05-24,287.3048,293.2146,284.5772,290.9416,896749.0,0.0
2021-05-25,288.6686,296.3967,287.3048,293.6692,1626092.0,0.0
2021-05-26,291.3962,297.7605,290.9416,295.9421,872429.0,0.0
2021-05-27,290.9416,300.9427,286.8502,295.4875,4052297.0,0.0
2021-05-28,296.8513,299.5789,294.5783,296.8513,901519.0,0.0
2021-05-31,297.7605,301.8519,297.3059,299.5789,988224.0,0.0
2021-06-01,299.1243,300.4881,293.6692,293.6692,707607.0,0.0
2021-06-02,295.033,297.3059,290.9416,294.5783,1408604.0,0.0
2021-06-03,294.1237,296.8513,290.9416,290.9416,1467979.0,0.0
2021-06-04,287.3048,298.2151,287.3048,295.033,920652.0,0.0
2021-06-07,294.5783,296.8513,290.0324,295.033,496763.0,0.0
2021-06-08,296.8513,298.6697,294.5783,296.8513,635693.0,0.0
2021-06-09,296.8513,298.6697,294.5783,296.8513,645180.0,0.0
2021-06-10,296.3967,300.4881,295.4875,295.9421,1159723.0,0.0
2021-06-11,295.9421,298.6697,295.4875,295.9421,331140.0,0.0
2021-06-15,296.3967,304.5795,293.6692,296.3967,1288781.0,0.0
2021-06-16,295.033,300.9427,295.033,299.1243,830987.0,0.0
2021-06-17,295.9421,304.1249,295.9421,304.1249,1122352.0,0.0
2021-06-18,300.9427,310.0346,298.2151,307.7616,2485984.0,0.0
2021-06-21,309.1254,309.1254,296.8513,301.8519,1103558.0,0.0
2021-06-22,306.8524,306.8524,297.7605,297.7605,800795.0,0.0
2021-06-23,301.8519,312.3076,299.1243,310.4892,1367371.0,0.0
2021-06-24,310.4892,315.0352,307.307,311.853,1260961.0,0.0
2021-06-25,310.0346,315.0352,307.7616,307.7616,751467.0,0.0
2021-06-28,307.7616,311.3984,305.4886,307.307,540785.0,0.0
2021-06-29,313.6714,317.7628,305.9433,313.2168,1565048.0,0.0
2021-06-30,310.9438,319.5811,310.9438,313.6714,1366614.0,0.0
2021-07-01,311.853,314.5806,303.6703,303.6703,566916.0,0.0
2021-07-02,300.4881,304.1249,298.2151,298.2151,1167395.0,0.0
2021-07-05,302.3065,310.9438,302.3065,310.0346,1157000.0,0.0
2021-07-06,309.1254,315.4898,308.2162,311.853,1045359.0,0.0
2021-07-07,310.0346,315.9444,307.7616,315.4898,810627.0,0.0
2021-07-08,309.1254,315.9444,307.307,313.2168,1239950.0,6.4487
2021-07-09,309.1254,317.3082,306.8524,316.399,1297584.0,0.0
2021-07-12,318.2173,320.9449,311.853,317.7628,1074075.0,0.0
2021-07-13,327.3093,338.2196,322.7633,336.4012,1963539.0,0.0
2021-07-14,330.0369,333.219,325.4909,333.219,843603.0,0.0
2021-07-15,335.9466,335.9466,326.4001,327.3093,735516.0,0.0
2021-07-16,323.2179,332.7644,322.7633,331.8553,742522.0,0.0
2021-07-19,323.6725,331.8553,322.7633,330.946,678616.0,0.0
2021-07-20,326.4001,329.5823,324.1271,324.5817,318268.0,0.0
2021-07-21,321.8541,336.4012,321.8541,335.492,968589.0,0.0
2021-07-22,330.946,339.1288,329.1277,336.4012,1390243.0,0.0
2021-07-23,336.4012,339.1288,332.3098,333.6736,363176.0,0.0
2021-07-26,331.4006,340.9472,331.4006,340.4926,740009.0,0.0
2021-07-27,340.4926,340.4926,336.4012,336.8558,453316.0,0.0
2021-07-28,336.8558,338.2196,325.0363,327.3093,655029.0,0.0
2021-07-29,332.7644,336.4012,329.5823,330.4915,520913.0,0.0
2021-07-30,340.9472,340.9472,327.7639,330.946,815927.0,0.0
2021-08-02,324.5817,336.4012,322.3087,329.1277,1459591.0,0.0
2021-08-03,326.8547,333.219,323.6725,326.8547,1098800.0,0.0
2021-08-04,332.3098,334.5828,329.1277,330.0369,557415.0,0.0
2021-08-05,340.4926,340.4926,329.1277,332.7644,1475882.0,0.0
2021-08-06,329.5823,336.8558,324.1271,332.3098,1280810.0,0.0
2021-08-09,327.7639,336.4012,318.672,336.4012,1449577.0,0.0
2021-08-10,335.0374,335.0374,325.0363,325.0363,742308.0,0.0
2021-08-11,325.4909,331.8553,325.0363,329.5823,649606.0,0.0
2021-08-12,327.7639,332.7644,324.5817,324.5817,800461.0,0.0
2021-08-13,324.5817,325.9455,321.3995,323.6725,719618.0,0.0
2021-08-16,319.1266,327.7639,315.9444,318.2173,778746.0,0.0
2021-08-17,318.2173,318.2173,318.2173,318.2173,0.0,0.0
2021-08-18,325.4909,331.4006,324.5817,331.4006,748714.0,0.0
2021-08-19,331.4006,332.7644,324.1271,329.1277,907967.0,0.0
2021-08-20,332.7644,339.1288,330.0369,331.8553,631516.0,0.0
2021-08-23,331.8553,338.6742,331.8553,336.4012,675839.0,0.0
2021-08-24,337.3104,340.038,336.4012,338.2196,313359.0,0.0
2021-08-25,340.9472,341.4018,339.1288,340.4926,502498.0,0.0
2021-08-26,336.4012,336.4012,329.5823,336.4012,710292.0,0.0
2021-08-27,332.3098,340.9472,332.3098,340.9472,645674.0,0.0
2021-08-30,338.2196,350.0391,338.2196,350.0391,1133174.0,0.0
2021-08-31,346.4023,350.9483,340.9472,350.9483,1149394.0,0.0
2021-09-01,346.4023,351.8575,346.4023,349.1299,905653.0,0.0
2021-09-02,352.3121,353.6759,349.1299,350.0391,905920.0,0.0
2021-09-03,349.1299,351.8575,346.4023,350.9483,796769.0,0.0
2021-09-06,348.6753,353.6759,347.7661,350.0391,483885.0,0.0
2021-09-07,351.4029,359.131,350.0391,354.5851,787527.0,0.0
2021-09-08,354.1305,355.9489,352.3121,354.5851,822917.0,0.0
2021-09-09,352.7667,359.5856,348.6753,356.4034,1386535.0,0.0
2021-09-10,359.131,359.5856,356.4034,358.2218,597583.0,0.0
2021-09-13,347.3115,352.7667,335.0374,340.9472,942398.0,0.0
2021-09-14,335.0374,341.8564,328.2185,338.2196,1553065.0,0.0
2021-09-15,332.3098,339.1288,331.8553,333.219,1032014.0,0.0
2021-09-16,337.3104,339.1288,335.0374,337.3104,1037844.0,0.0
2021-09-17,338.2196,338.6742,333.219,334.1282,1805310.0,0.0
2021-09-22,332.7644,336.4012,330.0369,331.8553,1315686.0,0.0
2021-09-23,336.4012,339.5834,335.0374,337.765,1504924.0,0.0
2021-09-24,337.3104,338.6742,334.5828,335.9466,695681.0,0.0
2021-09-27,333.219,336.8558,330.0369,334.1282,750999.0,0.0
2021-09-28,331.8553,336.4012,327.7639,330.946,913583.0,0.0
2021-09-29,330.0369,330.946,320.9449,325.4909,1161483.0,0.0
2021-09-30,325.4909,332.3098,321.3995,331.8553,2026188.0,0.0
2021-10-01,331.8553,334.5828,316.399,320.4903,1380454.0,0.0
2021-10-04,320.4903,324.5817,317.3082,321.3995,603889.0,0.0
2021-10-05,321.3995,321.3995,310.0346,310.4892,861662.0,0.0
2021-10-06,313.6714,315.9444,307.7616,309.58,931775.0,0.0
2021-10-07,315.4898,318.2173,311.3984,313.6714,877530.0,0.0
2021-10-08,319.1266,324.5817,318.672,318.672,805360.0,0.0
2021-10-12,318.672,318.672,309.58,316.8536,966678.0,0.0
2021-10-13,316.8536,321.8541,310.0346,310.0346,667715.0,0.0
2021-10-14,318.2173,319.1266,313.6714,314.126,702876.0,0.0
2021-10-15,318.2173,321.3995,316.399,320.0357,1343215.0,0.0
2021-10-18,320.0357,321.3995,310.0346,310.9438,390730.0,0.0
2021-10-19,317.3082,317.7628,313.6714,316.399,736102.0,0.0
2021-10-20,321.3995,321.8541,314.5806,318.2173,903066.0,0.0
2021-10-21,322.3087,322.3087,314.5806,316.399,623991.0,0.0
2021-10-22,316.399,316.8536,312.3076,315.9444,622366.0,0.0
2021-10-25,314.5806,320.4903,311.3984,319.1266,804293.0,0.0
2021-10-26,321.8541,329.1277,320.0357,328.2185,978363.0,0.0
2021-10-27,324.5817,327.3093,323.2179,325.0363,630605.0,0.0
2021-10-28,324.1271,333.6736,324.1271,331.4006,697517.0,0.0
2021-10-29,330.946,332.7644,325.4909,330.0369,815727.0,0.0
2021-11-01,335.492,335.492,329.1277,333.219,548946.0,0.0
2021-11-02,335.492,335.9466,329.5823,331.4006,482297.0,0.0
2021-11-03,330.4915,334.5828,325.4909,328.6731,364851.0,0.0
2021-11-04,332.3098,338.2196,326.8547,335.9466,1502421.0,0.0
2021-11-05,336.8558,342.3109,335.9466,340.038,732131.0,0.0
2021-11-08,343.6747,348.6753,337.765,342.3109,596707.0,0.0
2021-11-09,342.3109,357.7672,342.3109,353.6759,1472453.0,0.0
2021-11-10,353.2213,353.2213,345.4931,348.2207,764386.0,0.0
2021-11-11,350.0391,353.6759,345.0385,353.2213,392812.0,0.0
2021-11-12,352.7667,355.9489,349.1299,352.3121,631587.0,0.0
2021-11-15,354.1305,361.8586,353.6759,356.4034,996578.0,0.0
2021-11-16,355.9489,358.6764,354.1305,356.4034,929490.0,0.0
2021-11-17,352.7667,356.4034,348.2207,351.4029,901846.0,0.0
2021-11-18,350.0391,352.7667,344.5839,350.0391,821656.0,0.0
2021-11-19,350.0391,352.7667,345.4931,347.7661,595748.0,0.0
2021-11-22,350.4937,354.5851,350.0391,353.6759,288154.0,0.0
2021-11-23,353.6759,353.6759,345.9477,351.8575,656975.0,0.0
2021-11-24,353.2213,357.3126,349.1299,350.9483,593922.0,0.0
2021-11-25,354.5851,355.4942,348.2207,354.1305,405145.0,0.0
2021-11-26,349.5845,350.0391,340.9472,341.8564,510832.0,0.0
2021-11-29,344.1293,347.3115,339.1288,341.8564,484902.0,0.0
2021-11-30,338.2196,348.2207,338.2196,347.3115,1913297.0,0.0
2021-12-01,320.9449,344.5839,320.9449,336.8558,1330640.0,0.0
2021-12-02,333.6736,345.4931,333.6736,345.0385,1113357.0,0.0
2021-12-03,345.0385,346.8569,335.9466,340.038,1110983.0,0.0
2021-12-06,339.1288,347.3115,338.2196,343.2202,1141172.0,0.0
2021-12-07,340.038,341.4018,336.4012,339.5834,1029377.0,0.0
2021-12-08,344.5839,352.3121,341.8564,350.9483,909811.0,0.0
2021-12-09,350.9483,357.7672,350.9483,356.4034,720217.0,0.0
2021-12-10,353.6759,353.6759,344.5839,345.9477,850715.0,0.0
2021-12-13,349.1299,354.1305,343.2202,346.4023,1419480.0,0.0
2021-12-14,342.7656,350.0391,342.3109,347.3115,630268.0,0.0
2021-12-15,345.0385,348.2207,343.6747,345.9477,512054.0,0.0
2021-12-16,349.1299,361.8586,349.1299,360.9494,1482581.0,0.0
2021-12-17,360.9494,370.9505,360.0402,362.7678,3335602.0,0.0
2021-12-20,351.4029,372.3143,347.3115,353.6759,1654166.0,0.0
2021-12-21,353.6759,354.5851,347.7661,351.8575,752311.0,0.0
2021-12-22,352.7667,355.9489,350.0391,351.4029,305149.0,0.0
2021-12-23,351.4029,365.0408,351.4029,358.6764,618272.0,0.0
2021-12-24,359.5856,365.4954,357.3126,360.9494,272870.0,0.0
2021-12-27,360.9494,363.2224,357.3126,361.8586,369192.0,0.0
2021-12-28,363.2224,364.5862,359.131,363.677,630198.0,0.0
2021-12-29,363.677,364.1316,360.9494,364.1316,386255.0,0.0
2021-12-30,360.9494,363.2224,359.5856,360.4948,260720.0,0.0
2022-01-03,364.5862,370.0413,360.0402,360.9494,903687.0,0.0
2022-01-04,360.9494,363.2224,358.2218,360.9494,622644.0,0.0
2022-01-05,357.3126,367.3138,357.3126,363.677,1013171.0,0.0
2022-01-06,360.0402,360.9494,353.6759,358.6764,912231.0,0.0
2022-01-07,358.6764,358.6764,347.7661,351.4029,719316.0,0.0
2022-01-10,348.6753,358.2218,348.6753,358.2218,549809.0,0.0
2022-01-11,355.4942,358.2218,350.0391,355.9489,920929.0,0.0
2022-01-12,357.3126,365.95,355.9489,358.2218,1019190.0,0.0
2022-01-13,361.8586,362.3132,348.2207,350.4937,979557.0,0.0
2022-01-14,352.3121,353.6759,346.8569,348.2207,531006.0,0.0
2022-01-17,346.4023,349.1299,342.3109,347.7661,1200190.0,0.0
2022-01-18,348.2207,357.3126,348.2207,355.0396,850318.0,0.0
2022-01-19,364.1316,365.4954,350.4937,354.1305,1314706.0,0.0
2022-01-20,358.6764,361.404,352.7667,361.404,1001066.0,0.0
2022-01-21,354.1305,360.9494,348.2207,348.2207,954393.0,0.0
2022-01-24,350.9483,356.4034,348.2207,352.7667,661389.0,0.0
2022-01-25,345.9477,355.9489,344.1293,347.3115,995921.0,0.0
2022-01-26,349.1299,351.8575,344.5839,345.9477,732085.0,0.0
2022-02-07,344.5839,348.6753,336.4012,345.4931,1920525.0,0.0
2022-02-08,345.4931,356.858,345.4931,354.5851,881625.0,0.0
2022-02-09,351.8575,355.9489,350.4937,350.9483,716639.0,0.0
2022-02-10,350.9483,354.5851,347.3115,354.5851,650033.0,0.0
2022-02-11,356.4034,356.4034,350.9483,356.4034,833266.0,0.0
2022-02-14,350.9483,350.9483,342.7656,344.5839,763933.0,0.0
2022-02-15,345.0385,350.9483,345.0385,346.8569,489420.0,0.0
2022-02-16,352.7667,356.4034,350.0391,356.4034,431554.0,0.0
2022-02-17,356.4034,358.2218,352.3121,356.858,439191.0,0.0
2022-02-18,354.1305,356.4034,350.0391,351.4029,334783.0,0.0
2022-02-21,347.7661,354.1305,347.7661,353.6759,326069.0,0.0
2022-02-22,349.1299,350.0391,338.2196,341.4018,1214349.0,0.0
2022-02-23,345.0385,347.3115,340.9472,342.7656,631997.0,0.0
2022-02-24,342.3109,342.7656,334.5828,335.9466,1093004.0,0.0
2022-02-25,332.3098,337.765,330.946,333.219,1120346.0,0.0
2022-03-01,336.4012,342.7656,335.492,337.3104,1408139.0,0.0
2022-03-02,336.4012,340.038,332.7644,338.2196,1003988.0,0.0
2022-03-03,346.4023,350.0391,338.6742,338.6742,1524098.0,0.0
2022-03-04,333.6736,341.4018,330.946,331.4006,1133369.0,0.0
2022-03-07,321.8541,324.5817,314.5806,317.7628,1017887.0,0.0
2022-03-08,315.4898,321.3995,312.3076,318.672,1150350.0,0.0
2022-03-09,320.9449,330.4915,320.0357,323.6725,1390601.0,0.0
2022-03-10,325.9455,334.1282,325.9455,329.5823,1938106.0,0.0
2022-03-11,331.8553,336.4012,327.7639,330.946,1238583.0,0.0
2022-03-14,327.3093,328.2185,320.9449,324.1271,1558315.0,0.0
2022-03-15,326.8547,335.492,323.6725,333.6736,1410551.0,0.0
2022-03-16,332.7644,337.3104,325.9455,332.7644,1672575.0,0.0
2022-03-17,345.0385,347.7661,340.038,345.0385,1570604.0,0.0
2022-03-18,345.4931,347.3115,329.5823,329.5823,2186396.0,0.0
2022-03-21,331.8553,334.5828,328.6731,330.0369,942072.0,0.0
2022-03-22,335.492,337.765,331.8553,335.492,702813.0,0.0
2022-03-23,340.038,343.2202,336.4012,340.4926,755869.0,0.0
2022-03-24,340.038,343.2202,334.5828,336.8558,1108662.0,0.0
2022-03-25,331.8553,337.765,329.1277,329.1277,758693.0,0.0
2022-03-28,321.3995,327.3093,318.2173,326.8547,898824.0,0.0
2022-03-29,327.3093,329.5823,324.5817,327.3093,580073.0,0.0
2022-03-30,329.1277,331.8553,328.2185,329.1277,745687.0,0.0
2022-03-31,332.7644,337.3104,331.8553,335.9466,1073579.0,0.0
2022-04-01,334.5828,340.9472,330.0369,340.4926,1436600.0,0.0
2022-04-06,332.7644,340.038,332.7644,336.4012,1427031.0,0.0
2022-04-07,332.7644,337.765,328.2185,328.2185,1820166.0,0.0
2022-04-08,332.7644,332.7644,327.3093,330.0369,894439.0,0.0
2022-04-11,330.0369,331.8553,327.3093,329.5823,821635.0,0.0
2022-04-12,331.8553,335.0374,329.5823,332.7644,821744.0,0.0
2022-04-13,336.4012,338.6742,334.1282,337.3104,692024.0,0.0
2022-04-14,341.8564,347.3115,339.1288,345.4931,1137226.0,0.0
2022-04-15,345.4931,346.4023,333.219,333.219,470677.0,0.0
2022-04-18,330.0369,335.492,329.5823,333.219,294994.0,0.0
2022-04-19,333.6736,344.1293,333.219,336.8558,998790.0,0.0
2022-04-20,335.9466,338.2196,332.7644,332.7644,866792.0,0.0
2022-04-21,336.4012,343.6747,336.4012,342.7656,1030941.0,0.0
2022-04-22,334.5828,345.9477,333.219,341.8564,1237444.0,0.0
2022-04-25,333.6736,340.4926,333.6736,340.038,1082669.0,0.0
2022-04-26,336.4012,338.6742,333.219,336.8558,877799.0,0.0
2022-04-27,337.3104,337.3104,329.5823,331.8553,990161.0,0.0
2022-04-28,331.4006,335.0374,328.6731,335.0374,1109986.0,0.0
2022-04-29,332.3098,338.2196,332.3098,335.9466,558774.0,0.0
2022-05-03,335.9466,339.5834,333.219,335.0374,695320.0,0.0
2022-05-04,340.038,343.2202,337.3104,341.8564,471883.0,0.0
2022-05-05,337.3104,339.1288,309.1254,313.2168,2732800.0,0.0
2022-05-06,305.4886,313.2168,305.0341,311.853,1120028.0,0.0
2022-05-09,301.8519,313.6714,301.8519,310.0346,605303.0,0.0
2022-05-10,299.1243,305.9433,299.1243,301.8519,1277069.0,0.0
2022-05-11,298.2151,300.9427,295.4875,300.0335,937541.0,0.0
2022-05-12,297.3059,300.4881,295.4875,295.9421,766810.0,0.0
2022-05-13,307.7616,310.4892,302.7611,308.6708,1071619.0,0.0
2022-05-16,315.0352,320.4903,315.0352,319.5811,976855.0,0.0
2022-05-17,325.0363,325.0363,317.3082,319.1266,786301.0,0.0
2022-05-18,316.399,327.3093,316.399,325.9455,1040765.0,0.0
2022-05-19,313.6714,333.219,313.6714,331.8553,1032932.0,0.0
2022-05-20,333.219,342.7656,329.5823,330.946,1636621.0,0.0
2022-05-23,334.5828,336.4012,325.4909,325.9455,761254.0,0.0
2022-05-24,325.4909,329.1277,317.3082,317.3082,1347313.0,0.0
2022-05-25,320.4903,324.5817,317.7628,320.9449,1034604.0,0.0
2022-05-26,321.8541,323.6725,317.3082,319.1266,661249.0,0.0
2022-05-27,320.9449,332.7644,320.9449,330.4915,1111838.0,0.0
2022-05-30,335.492,335.9466,328.2185,333.6736,994891.0,0.0
2022-05-31,333.6736,337.3104,328.2185,328.2185,4309282.0,0.0
2022-06-01,330.4915,330.4915,325.0363,325.4909,958004.0,0.0
2022-06-02,321.3995,321.3995,311.853,316.8536,1456367.0,0.0
2022-06-06,320.9449,328.2185,320.0357,325.4909,824995.0,0.0
2022-06-07,320.0357,321.8541,315.4898,316.399,894031.0,0.0
2022-06-08,317.3082,323.2179,315.9444,317.3082,937095.0,0.0
2022-06-09,318.2173,322.3087,318.2173,320.9449,498300.0,0.0
2022-06-10,311.853,316.399,309.1254,315.0352,570809.0,0.0
2022-06-13,307.7616,308.2162,300.9427,304.1249,1304463.0,0.0
2022-06-14,305.9433,307.307,302.3065,305.4886,671993.0,0.0
2022-06-15,303.2157,308.6708,298.2151,305.4886,924414.0,0.0
2022-06-16,308.2162,314.126,305.4886,305.4886,853850.0,0.0
2022-06-17,297.7605,300.9427,297.3059,299.5789,1669559.0,0.0
2022-06-20,300.0335,304.1249,298.6697,300.0335,498360.0,0.0
2022-06-21,310.9438,310.9438,302.7611,307.307,741527.0,0.0
2022-06-22,310.0346,312.7622,307.7616,310.0346,1015284.0,0.0
2022-06-23,314.126,314.5806,305.0341,307.7616,968031.0,0.0
2022-06-24,313.6714,318.2173,310.4892,314.5806,994277.0,0.0
2022-06-27,315.0352,322.7633,315.0352,321.8541,712831.0,0.0
2022-06-28,320.0357,320.0357,313.6714,315.9444,643714.0,0.0
2022-06-29,309.58,319.5811,309.58,318.2173,977842.0,0.0
2022-06-30,315.9444,320.0357,312.3076,314.5806,1693788.0,0.0
2022-07-01,311.3984,321.3995,310.9438,315.0352,1070310.0,0.0
2022-07-04,320.0357,320.0357,304.5795,308.2162,861529.0,0.0
2022-07-05,315.4898,320.0357,302.7611,307.307,1023971.0,0.0
2022-07-06,303.6703,304.5795,298.6697,298.6697,1434812.0,0.0
2022-07-07,293.6692,301.8519,288.214,297.7605,1105363.0,7.2557
2022-07-08,313.2168,313.2168,296.3967,300.9427,1854395.0,0.0
2022-07-11,307.7616,307.7616,300.0335,300.9427,548858.0,0.0
2022-07-12,291.8508,293.6692,285.0318,288.214,1194457.0,0.0
2022-07-13,293.6692,295.4875,289.1232,291.3962,1136945.0,0.0
2022-07-14,294.1237,299.5789,290.9416,297.3059,885334.0,0.0
2022-07-15,298.6697,308.2162,297.3059,306.8524,810767.0,0.0
2022-07-18,311.3984,318.2173,305.9433,307.7616,1039202.0,0.0
2022-07-19,309.1254,309.1254,301.8519,304.5795,380436.0,0.0
2022-07-20,308.6708,312.3076,304.5795,305.4886,1019545.0,0.0
2022-07-21,311.853,312.7622,303.6703,309.58,1024127.0,0.0
2022-07-22,306.3979,310.9438,305.9433,306.8524,451280.0,0.0
2022-07-25,306.8524,310.4892,306.3979,310.0346,427879.0,0.0
2022-07-26,307.7616,307.7616,298.2151,300.4881,951390.0,0.0
2022-07-27,300.0335,307.7616,299.5789,307.307,1078847.0,0.0
2022-07-28,307.7616,310.0346,305.9433,308.6708,408452.0,0.0
2022-07-29,313.2168,316.399,308.2162,311.3984,998761.0,0.0
2022-08-01,317.7628,318.2173,312.7622,317.3082,1107541.0,0.0
2022-08-02,311.853,319.5811,311.853,317.3082,1058855.0,0.0
2022-08-03,320.0357,320.0357,314.126,316.8536,975261.0,0.0
2022-08-04,320.9449,321.3995,310.9438,310.9438,1064561.0,0.0
2022-08-05,326.4001,330.4915,320.4903,322.3087,1745775.0,0.0
2022-08-08,323.6725,327.7639,315.0352,315.0352,894626.0,0.0
2022-08-09,320.0357,320.0357,314.5806,317.7628,620171.0,0.0
2022-08-10,311.853,312.3076,308.6708,309.1254,675253.0,0.0
2022-08-11,315.4898,315.4898,308.2162,309.1254,741440.0,0.0
2022-08-12,311.853,312.7622,307.307,307.307,459991.0,0.0
2022-08-15,311.853,311.853,306.8524,310.0346,521776.0,0.0
2022-08-16,312.3076,313.2168,308.2162,311.3984,676369.0,0.0
2022-08-17,309.58,311.3984,308.2162,310.9438,729109.0,0.0
2022-08-18,310.0346,310.4892,304.1249,309.58,850657.0,0.0
2022-08-19,309.58,315.4898,309.58,315.4898,797288.0,0.0
2022-08-22,311.853,314.5806,311.3984,312.3076,303566.0,0.0
2022-08-23,310.0346,310.0346,302.7611,303.6703,1080565.0,0.0
2022-08-24,304.5795,304.5795,292.76,292.76,953608.0,0.0
2022-08-25,294.5783,300.0335,294.5783,298.6697,423993.0,0.0
2022-08-26,300.0335,301.3973,296.8513,298.2151,528189.0,0.0
2022-08-29,289.1232,290.9416,287.3048,290.487,577740.0,0.0
2022-08-30,290.9416,296.3967,290.487,295.4875,630201.0,0.0
2022-08-31,296.3967,297.7605,292.3054,297.7605,779859.0,0.0
2022-09-01,289.5778,291.3962,287.3048,289.5778,1114186.0,0.0
2022-09-02,290.9416,291.3962,282.7589,283.668,686450.0,0.0
2022-09-05,287.7594,287.7594,279.1221,282.3043,691294.0,0.0
2022-09-06,290.0324,290.0324,284.1227,285.4864,379418.0,0.0
2022-09-07,280.0313,285.0318,276.3945,283.2134,878368.0,0.0
2022-09-08,283.668,285.4864,279.5767,285.0318,971115.0,0.0
2022-09-12,290.9416,296.8513,290.487,294.5783,700857.0,0.0
2022-09-13,296.3967,296.3967,294.1237,294.5783,524628.0,0.0
2022-09-14,286.3956,293.6692,286.3956,292.3054,613705.0,0.0
2022-09-15,288.214,294.5783,285.0318,293.2146,777964.0,0.0
2022-09-16,295.9421,295.9421,287.3048,290.9416,1023147.0,0.0
2022-09-19,293.6692,293.6692,289.1232,291.8508,406843.0,0.0
2022-09-20,290.9416,292.3054,285.0318,291.3962,555964.0,0.0
2022-09-21,288.214,294.1237,287.7594,288.214,858014.0,0.0
2022-09-22,282.3043,290.487,281.8497,286.8502,657733.0,0.0
2022-09-23,286.8502,286.8502,277.7583,278.6675,707911.0,0.0
2022-09-26,278.6675,278.6675,272.3031,272.3031,610377.0,0.0
2022-09-27,272.7577,276.3945,272.3031,272.7577,759264.0,0.0
2022-09-28,272.7577,276.3945,271.394,273.6669,1258109.0,0.0
2022-09-29,270.9394,274.1215,269.121,270.0302,1225483.0,0.0
2022-09-30,270.0302,270.4847,263.6658,266.848,835014.0,0.0
2022-10-03,268.2118,272.7577,265.0296,270.0302,1139898.0,0.0
2022-10-04,273.2123,275.0307,270.9394,272.3031,792970.0,0.0
2022-10-05,273.6669,277.7583,271.8485,275.0307,944859.0,0.0
2022-10-06,274.1215,277.7583,274.1215,275.0307,489841.0,0.0
2022-10-07,271.8485,277.3037,271.394,274.1215,379474.0,0.0
2022-10-11,265.0296,269.121,264.575,265.9388,826161.0,0.0
2022-10-12,268.2118,270.9394,266.3934,269.5756,372965.0,0.0
2022-10-13,268.6664,268.6664,262.7566,264.1204,742607.0,0.0
2022-10-14,267.3026,272.3031,265.4842,265.9388,1085554.0,0.0
2022-10-17,264.1204,269.121,263.2112,268.2118,478468.0,0.0
2022-10-18,271.394,275.0307,269.121,274.1215,1100414.0,0.0
2022-10-19,272.7577,274.5761,269.121,270.4847,1062624.0,0.0
2022-10-20,263.6658,282.7589,261.8474,282.7589,1664664.0,0.0
2022-10-21,277.3037,277.3037,270.9394,270.9394,1427666.0,0.0
2022-10-24,273.2123,277.3037,265.4842,266.3934,837143.0,0.0
2022-10-25,272.3031,272.3031,265.9388,267.3026,627999.0,0.0
2022-10-26,268.6664,271.8485,265.4842,270.0302,732573.0,0.0
2022-10-27,272.3031,276.8491,269.121,271.8485,1869671.0,0.0
2022-10-28,273.2123,273.2123,266.3934,266.848,859153.0,0.0
2022-10-31,268.2118,270.0302,264.1204,266.3934,1006184.0,0.0
2022-11-01,268.2118,274.1215,266.3934,270.0302,1547719.0,0.0
2022-11-02,270.0302,273.2123,268.6664,270.9394,1142838.0,0.0
2022-11-03,266.3934,266.848,250.0279,255.4831,2211026.0,0.0
2022-11-04,252.7555,252.7555,244.5728,251.8463,2281169.0,0.0
2022-11-07,261.8474,266.3934,256.8469,265.4842,1664689.0,0.0
2022-11-08,267.7572,273.6669,267.3026,272.3031,793074.0,0.0
2022-11-09,274.5761,280.0313,274.5761,280.0313,842662.0,0.0
2022-11-10,273.2123,276.3945,269.5756,273.2123,1117736.0,0.0
2022-11-11,284.1227,287.3048,281.8497,286.3956,1229700.0,0.0
2022-11-14,289.1232,292.3054,288.214,290.0324,1156488.0,0.0
2022-11-15,285.0318,295.033,283.2134,294.1237,1077023.0,0.0
2022-11-16,289.5778,294.1237,289.1232,293.6692,1182879.0,0.0
2022-11-17,287.3048,290.487,285.941,287.7594,404392.0,0.0
2022-11-18,286.8502,289.1232,281.8497,284.1227,872536.0,0.0
2022-11-21,284.5772,286.3956,281.8497,282.7589,318968.0,0.0
2022-11-22,281.8497,284.5772,277.7583,284.5772,471886.0,0.0
2022-11-23,290.0324,291.8508,285.4864,289.5778,777923.0,0.0
2022-11-24,295.4875,297.7605,288.6686,291.8508,826130.0,0.0
2022-11-25,293.2146,294.1237,286.8502,288.6686,600652.0,0.0
2022-11-28,284.5772,290.487,284.5772,288.214,572819.0,0.0
2022-11-29,290.9416,290.9416,286.3956,290.487,734631.0,0.0
2022-11-30,288.6686,302.7611,286.3956,302.7611,2900124.0,0.0
2022-12-01,300.9427,300.9427,295.033,295.9421,880846.0,0.0
2022-12-02,295.9421,296.8513,291.3962,293.6692,620858.0,0.0
2022-12-05,294.5783,304.1249,294.5783,300.0335,855999.0,0.0
2022-12-06,299.5789,299.5789,293.6692,297.3059,672023.0,0.0
2022-12-07,296.8513,302.3065,295.033,301.3973,764331.0,0.0
2022-12-08,303.2157,304.1249,295.9421,299.5789,650516.0,0.0
2022-12-09,300.0335,304.1249,297.3059,304.1249,590833.0,0.0
2022-12-12,300.9427,300.9427,293.2146,294.1237,560956.0,0.0
2022-12-13,296.3967,300.9427,294.5783,295.9421,962550.0,0.0
2022-12-14,300.0335,310.4892,298.6697,309.1254,1527823.0,0.0
2022-12-15,306.3979,315.0352,306.3979,313.2168,988318.0,0.0
2022-12-16,303.2157,310.0346,302.3065,306.3979,1220623.0,0.0
2022-12-19,295.9421,308.2162,295.4875,308.2162,932206.0,0.0
2022-12-20,304.5795,308.2162,294.5783,295.4875,785080.0,0.0
2022-12-21,302.3065,305.9433,298.6697,302.3065,622903.0,0.0
2022-12-22,304.1249,308.6708,302.3065,307.307,378466.0,0.0
2022-12-23,301.8519,304.5795,298.6697,302.7611,298871.0,0.0
2022-12-26,302.3065,309.1254,301.8519,306.3979,272062.0,0.0
2022-12-27,308.2162,308.6708,304.5795,305.0341,113333.0,0.0
2022-12-28,301.3973,304.1249,299.5789,300.4881,236506.0,0.0
2022-12-29,296.3967,301.3973,296.3967,300.0335,443479.0,0.0
2022-12-30,300.0335,304.1249,300.0335,300.9427,263947.0,0.0
2023-01-03,299.5789,304.1249,294.5783,303.6703,446683.0,0.0
2023-01-04,302.7611,307.307,301.8519,305.9433,406920.0,0.0
2023-01-05,307.7616,310.9438,307.7616,310.0346,366594.0,0.0
2023-01-06,310.0346,311.853,306.8524,307.307,359832.0,0.0
2023-01-09,313.6714,315.4898,310.4892,315.0352,778149.0,0.0
2023-01-10,312.7622,317.3082,312.7622,314.5806,548831.0,0.0
2023-01-11,312.7622,314.126,300.9427,304.5795,1136930.0,0.0
2023-01-12,304.5795,304.5795,296.3967,299.1243,934972.0,0.0
2023-01-13,303.6703,306.8524,302.3065,304.1249,928464.0,0.0
2023-01-16,309.1254,317.7628,307.307,315.0352,912962.0,0.0
2023-01-17,315.0352,315.0352,306.3979,307.307,624642.0,0.0
2023-01-30,310.4892,320.0357,305.4886,319.5811,2440147.0,0.0
2023-01-31,318.672,319.1266,309.1254,310.0346,1381070.0,0.0
2023-02-01,314.126,315.9444,309.1254,314.5806,832696.0,0.0
2023-02-02,315.4898,321.3995,312.3076,320.4903,1059198.0,0.0
2023-02-03,320.0357,327.3093,317.3082,327.3093,912040.0,0.0
2023-02-06,323.2179,329.5823,321.3995,326.8547,989303.0,0.0
2023-02-07,327.3093,330.0369,323.2179,329.5823,1146036.0,0.0
2023-02-08,327.3093,333.219,325.9455,331.4006,856097.0,0.0
2023-02-09,327.7639,330.4915,325.4909,326.8547,503771.0,0.0
2023-02-10,325.9455,326.8547,323.2179,325.4909,393748.0,0.0
2023-02-13,326.8547,331.4006,325.0363,331.4006,659111.0,0.0
2023-02-14,330.946,335.492,327.7639,335.492,725894.0,0.0
2023-02-15,331.8553,332.7644,323.6725,325.0363,574892.0,0.0
2023-02-16,325.4909,331.8553,325.4909,329.1277,477415.0,0.0
2023-02-17,325.4909,327.3093,323.6725,323.6725,267162.0,0.0
2023-02-20,323.6725,328.6731,321.3995,326.4001,510218.0,0.0
2023-02-21,324.1271,325.4909,321.8541,324.5817,416849.0,0.0
2023-02-22,324.1271,325.4909,320.0357,325.4909,420179.0,0.0
2023-02-23,325.4909,329.1277,325.0363,327.3093,570112.0,0.0
2023-02-24,328.2185,330.946,324.1271,324.5817,1203234.0,0.0
2023-03-01,331.8553,331.8553,323.6725,324.1271,1555862.0,0.0
2023-03-02,325.4909,325.4909,315.9444,317.3082,999759.0,0.0
2023-03-03,321.8541,329.1277,319.1266,325.9455,1101430.0,0.0
2023-03-06,326.8547,328.2185,321.3995,322.3087,1437618.0,0.0
2023-03-07,324.5817,329.1277,323.6725,328.2185,845829.0,0.0
2023-03-08,324.5817,326.4001,320.9449,322.7633,747983.0,0.0
2023-03-09,323.2179,325.0363,321.8541,322.7633,592834.0,0.0
2023-03-10,319.5811,321.8541,318.2173,320.9449,1064664.0,0.0
2023-03-13,321.8541,323.6725,318.672,321.8541,971316.0,0.0
2023-03-14,319.1266,320.9449,315.4898,316.8536,1023968.0,0.0
2023-03-15,322.7633,328.6731,321.8541,322.7633,1144091.0,0.0
2023-03-16,322.7633,328.2185,322.7633,326.4001,666144.0,0.0
2023-03-17,328.2185,330.0369,325.9455,330.0369,959121.0,0.0
2023-03-20,329.5823,329.5823,324.1271,325.4909,510900.0,0.0
2023-03-21,328.2185,329.1277,326.4001,328.2185,377934.0,0.0
2023-03-22,329.1277,336.4012,328.6731,335.0374,683894.0,0.0
2023-03-23,334.5828,345.9477,332.7644,344.5839,1577944.0,0.0
2023-03-24,344.5839,346.8569,341.8564,345.4931,939594.0,0.0
2023-03-27,344.1293,345.4931,339.5834,343.6747,851497.0,0.0
2023-03-28,341.8564,347.3115,339.5834,340.9472,1244988.0,0.0
2023-03-29,338.6742,345.0385,337.765,340.9472,708110.0,0.0
2023-03-30,341.4018,342.3109,335.0374,338.2196,694194.0,0.0
2023-03-31,338.2196,341.8564,335.492,337.3104,1223527.0,0.0
2023-04-06,327.3093,329.5823,323.6725,325.9455,1472000.0,0.0
2023-04-07,323.6725,325.4909,320.0357,320.9449,721499.0,0.0
2023-04-10,325.4909,326.4001,322.3087,325.4909,477519.0,0.0
2023-04-11,328.2185,331.8553,325.9455,331.4006,1088993.0,0.0
2023-04-12,332.7644,338.6742,331.4006,338.2196,937264.0,0.0
2023-04-13,338.2196,340.4926,335.0374,337.3104,561380.0,0.0
2023-04-14,343.6747,345.4931,335.9466,338.6742,810480.0,0.0
2023-04-17,338.6742,343.2202,338.2196,341.8564,636993.0,0.0
2023-04-18,341.8564,341.8564,336.4012,337.3104,426648.0,0.0
2023-04-19,337.3104,342.7656,335.9466,340.038,719006.0,0.0
2023-04-20,336.4012,337.765,332.3098,333.6736,703888.0,0.0
2023-04-21,336.8558,336.8558,325.0363,325.4909,1147109.0,0.0
2023-04-24,325.4909,333.6736,325.4909,333.6736,490690.0,0.0
2023-04-25,328.6731,332.7644,324.1271,325.4909,677709.0,0.0
2023-04-26,344.5839,344.5839,326.4001,330.0369,1085639.0,0.0
2023-04-27,332.3098,335.492,330.4915,333.219,605648.0,0.0
2023-04-28,334.5828,337.765,332.7644,337.3104,691975.0,0.0
2023-05-02,338.6742,340.4926,333.6736,336.4012,854580.0,0.0
2023-05-03,337.3104,339.1288,334.5828,338.2196,656616.0,0.0
2023-05-04,342.7656,348.2207,340.038,345.4931,1997474.0,0.0
2023-05-05,349.1299,349.1299,340.9472,345.4931,639499.0,0.0
2023-05-08,346.4023,349.5845,345.0385,346.8569,444327.0,0.0
2023-05-09,349.5845,352.3121,343.6747,350.0391,1184536.0,0.0
2023-05-10,350.0391,350.0391,343.6747,349.1299,1039398.0,0.0
2023-05-11,349.1299,356.4034,347.7661,349.5845,1024684.0,0.0
2023-05-12,347.3115,354.5851,347.3115,354.1305,800782.0,0.0
2023-05-15,358.2218,358.2218,347.3115,350.9483,528531.0,0.0
2023-05-16,354.5851,360.0402,354.1305,359.131,1336159.0,0.0
2023-05-17,359.131,370.0413,358.2218,369.1321,1636180.0,0.0
2023-05-18,364.5862,368.2229,357.7672,357.7672,1845487.0,0.0
2023-05-19,360.0402,365.0408,356.4034,360.0402,1490861.0,0.0
2023-05-22,360.0402,367.7683,360.0402,365.0408,978832.0,0.0
2023-05-23,364.5862,365.4954,360.9494,361.8586,677890.0,0.0
2023-05-24,360.0402,363.677,358.2218,363.677,830368.0,0.0
2023-05-25,362.7678,366.4045,361.404,365.4954,780582.0,0.0
2023-05-26,360.0402,365.0408,358.6764,363.677,1361656.0,0.0
2023-05-29,363.677,369.5867,363.677,365.95,785525.0,0.0
2023-05-30,365.95,367.7683,361.404,364.5862,864514.0,0.0
2023-05-31,361.8586,370.0413,358.6764,370.0413,3733594.0,0.0
2023-06-01,364.5862,364.5862,359.131,360.4948,931105.0,0.0
2023-06-02,359.131,361.8586,356.4034,360.0402,1158025.0,0.0
2023-06-05,359.131,360.0402,355.9489,358.2218,906657.0,0.0
2023-06-06,358.6764,363.2224,356.858,360.9494,852444.0,0.0
2023-06-07,362.7678,364.5862,360.4948,364.1316,952615.0,0.0
2023-06-08,364.5862,365.95,357.7672,359.131,653347.0,0.0
2023-06-09,363.677,368.2229,361.8586,368.2229,1105016.0,0.0
2023-06-12,365.0408,372.3143,361.8586,363.2224,658259.0,0.0
2023-06-13,365.4954,372.7689,364.5862,372.3143,982288.0,0.0
2023-06-14,372.7689,375.0419,369.1321,371.8597,660999.0,0.0
2023-06-15,373.2235,381.8608,371.8597,376.4057,1458676.0,0.0
2023-06-16,376.4057,378.6786,374.5873,378.6786,1624621.0,0.0
2023-06-19,381.4062,385.9522,378.6786,381.4062,1050641.0,0.0
2023-06-20,382.3154,382.3154,369.5867,370.9505,1051470.0,0.0
2023-06-21,373.6781,381.8608,371.4051,380.0424,1226248.0,0.0
2023-06-26,368.2229,378.2241,365.0408,367.7683,1419990.0,0.0
2023-06-27,365.4954,371.8597,365.4954,367.7683,668086.0,0.0
2023-06-28,365.4954,371.4051,365.4954,369.5867,365220.0,0.0
2023-06-29,372.7689,372.7689,362.7678,364.5862,701495.0,0.0
2023-06-30,362.7678,372.3143,361.8586,372.3143,1167295.0,0.0
2023-07-03,372.3143,390.9528,370.4959,390.9528,2602440.0,0.0
2023-07-04,388.0,391.5,383.5,387.5,1628389.0,9.9877
2023-07-05,395.5,395.5,386.5,387.5,1124961.0,0.0
2023-07-06,383.5,384.0,379.5,382.0,1541071.0,0.0
2023-07-07,375.0,377.0,370.0,374.5,1860976.0,0.0
2023-07-10,373.5,374.0,366.5,370.5,1474451.0,0.0
2023-07-11,374.0,380.5,372.5,379.0,668922.0,0.0
2023-07-12,375.0,383.0,375.0,383.0,766164.0,0.0
2023-07-13,385.5,397.0,384.5,390.0,1371740.0,0.0
2023-07-14,393.5,402.5,392.0,400.0,1282472.0,0.0
2023-07-17,409.5,410.5,402.0,403.0,1427638.0,0.0
2023-07-18,398.5,406.0,398.0,400.5,647014.0,0.0
2023-07-19,399.5,404.0,398.0,400.0,1183472.0,0.0
2023-07-20,398.0,400.0,396.0,396.5,910214.0,0.0
2023-07-21,395.5,405.0,391.0,402.5,632618.0,0.0
2023-07-24,398.5,404.0,398.5,400.0,1001776.0,0.0
2023-07-25,402.5,410.0,402.5,407.0,834583.0,0.0
2023-07-26,407.0,409.5,400.0,400.0,330117.0,0.0
2023-07-27,404.5,404.5,394.0,395.0,846482.0,0.0
2023-07-28,392.0,402.5,392.0,402.0,658406.0,0.0
2023-07-31,403.0,403.5,391.5,391.5,1043873.0,0.0
2023-08-01,397.5,399.0,390.5,396.0,1013057.0,0.0
2023-08-02,392.0,393.0,380.0,382.0,1653801.0,0.0
2023-08-04,373.0,373.0,350.0,353.0,2869201.0,0.0
2023-08-07,352.0,363.0,352.0,357.5,1071210.0,0.0
2023-08-08,351.5,357.0,348.5,354.5,1577121.0,0.0
2023-08-09,354.0,355.5,348.5,352.0,1182383.0,0.0
2023-08-10,352.0,355.0,343.5,347.0,1413639.0,0.0
2023-08-11,347.0,354.0,347.0,348.0,1078007.0,0.0
2023-08-14,350.0,353.0,345.5,347.5,743997.0,0.0
2023-08-15,349.0,349.0,345.0,345.0,956010.0,0.0
2023-08-16,338.0,349.0,338.0,349.0,1010804.0,0.0
2023-08-17,340.0,349.5,340.0,349.0,1112825.0,0.0
2023-08-18,347.0,351.0,343.5,345.5,1168496.0,0.0
2023-08-21,348.0,350.0,345.0,346.0,672020.0,0.0
2023-08-22,347.0,350.0,346.5,347.5,717302.0,0.0
2023-08-23,346.0,350.0,344.0,347.5,468395.0,0.0
2023-08-24,350.5,352.0,347.0,349.5,943041.0,0.0
2023-08-25,349.5,349.5,345.0,345.0,498105.0,0.0
2023-08-28,345.5,345.5,342.0,345.0,676512.0,0.0
2023-08-29,345.5,347.5,341.0,346.5,721494.0,0.0
2023-08-30,347.0,354.0,347.0,349.5,1150987.0,0.0
2023-08-31,350.0,350.0,343.0,344.0,1718308.0,0.0
2023-09-01,344.5,347.5,344.5,344.5,751037.0,0.0
2023-09-04,344.0,346.5,343.5,346.0,738448.0,0.0
2023-09-05,344.0,346.0,342.0,346.0,527266.0,0.0
2023-09-06,345.5,347.0,343.5,344.0,775570.0,0.0
2023-09-07,343.5,346.5,342.5,344.0,630234.0,0.0
2023-09-08,342.5,347.0,342.0,345.0,459329.0,0.0
2023-09-11,346.0,346.0,333.5,339.0,1335412.0,0.0
2023-09-12,342.0,347.5,340.0,346.0,785340.0,0.0
2023-09-13,344.0,351.0,343.5,347.0,897179.0,0.0
2023-09-14,347.0,353.5,346.5,352.5,828674.0,0.0
2023-09-15,350.0,353.0,349.5,351.0,1448037.0,0.0
2023-09-18,348.0,351.0,344.0,345.0,774137.0,0.0
2023-09-19,345.5,346.5,341.5,345.0,892939.0,0.0
2023-09-20,343.5,345.0,341.0,342.5,1264962.0,0.0
2023-09-21,339.0,340.5,333.0,336.5,1443472.0,0.0
2023-09-22,336.5,347.5,336.5,347.0,717577.0,0.0
2023-09-25,345.0,352.0,344.0,349.5,822129.0,0.0
2023-09-26,344.0,347.5,343.0,346.0,881005.0,0.0
2023-09-27,343.0,346.5,342.5,346.5,679946.0,0.0
2023-09-28,346.5,351.0,343.5,345.0,934029.0,0.0
2023-10-02,344.0,347.0,342.5,344.5,736016.0,0.0
2023-10-03,341.5,346.0,341.5,343.5,387010.0,0.0
2023-10-04,341.0,345.5,340.5,343.5,655912.0,0.0
2023-10-05,347.5,349.5,345.0,346.0,578099.0,0.0
2023-10-06,349.0,350.0,345.0,345.5,305102.0,0.0
2023-10-11,350.0,350.0,334.0,343.5,2217080.0,0.0
2023-10-12,347.0,354.0,344.0,353.0,1388276.0,0.0
2023-10-13,348.5,350.0,343.5,345.0,905515.0,0.0
2023-10-16,346.0,346.5,342.0,344.5,526809.0,0.0
2023-10-17,346.0,346.5,342.0,343.0,635039.0,0.0
2023-10-18,352.0,352.5,341.0,343.0,938030.0,0.0
2023-10-19,340.5,342.0,335.0,339.0,1138029.0,0.0
2023-10-20,334.0,336.5,330.0,333.0,1134981.0,0.0
2023-10-23,326.0,333.5,325.0,333.0,997342.0,0.0
2023-10-24,333.0,336.0,330.5,336.0,541034.0,0.0
2023-10-25,337.5,339.0,335.5,336.0,503764.0,0.0
2023-10-26,336.0,336.0,328.0,330.5,1000286.0,0.0
2023-10-27,333.0,336.5,332.0,333.5,319788.0,0.0
2023-10-30,331.5,336.5,331.5,332.5,452200.0,0.0
2023-10-31,330.5,334.0,330.0,331.5,914209.0,0.0
2023-11-01,333.0,334.5,331.0,331.5,659018.0,0.0
2023-11-02,325.0,333.0,321.5,331.5,1318041.0,0.0
2023-11-03,334.5,342.5,334.0,338.5,575016.0,0.0
2023-11-06,344.5,346.0,343.0,345.0,732678.0,0.0
2023-11-07,346.0,347.5,341.5,344.5,550861.0,0.0
2023-11-08,345.5,347.5,345.0,345.0,608303.0,0.0
2023-11-09,341.5,344.0,341.5,341.5,511714.0,0.0
2023-11-10,338.0,341.5,335.0,340.0,697896.0,0.0
2023-11-13,345.5,348.5,341.0,342.5,500565.0,0.0
2023-11-14,346.5,346.5,341.5,342.5,872991.0,0.0
2023-11-15,351.5,355.0,347.5,353.0,1079292.0,0.0
2023-11-16,354.5,359.0,344.5,346.5,1066827.0,0.0
2023-11-17,346.5,350.5,343.0,348.0,871742.0,0.0
2023-11-20,348.0,349.5,342.5,344.5,970177.0,0.0
2023-11-21,347.0,352.5,346.0,352.5,1257157.0,0.0
2023-11-22,352.5,352.5,344.0,345.0,553675.0,0.0
2023-11-23,343.5,348.0,341.5,346.0,649102.0,0.0
2023-11-24,349.5,352.0,345.0,348.0,756469.0,0.0
2023-11-27,350.0,351.5,343.5,345.5,825699.0,0.0
2023-11-28,345.5,353.0,344.0,349.5,1094138.0,0.0
2023-11-29,350.5,356.0,350.5,354.0,1231671.0,0.0
2023-11-30,352.0,353.5,348.5,353.5,3395746.0,0.0
2023-12-01,353.0,355.0,351.5,354.5,499892.0,0.0
2023-12-04,355.0,357.5,354.5,356.5,388470.0,0.0
2023-12-05,353.5,357.0,349.5,351.0,706373.0,0.0
2023-12-06,351.0,354.0,349.0,350.0,389500.0,0.0
2023-12-07,352.5,353.0,349.5,351.5,392025.0,0.0
2023-12-08,353.0,354.0,350.5,352.0,542070.0,0.0
2023-12-11,357.0,363.5,354.5,363.5,1076990.0,0.0
2023-12-12,367.0,368.0,360.5,364.5,884804.0,0.0
2023-12-13,369.5,369.5,359.5,366.0,994660.0,0.0
2023-12-14,372.0,373.0,364.0,367.5,1245211.0,0.0
2023-12-15,361.0,368.0,360.5,365.0,3146903.0,0.0
2023-12-18,360.0,364.0,359.5,362.0,493260.0,0.0
2023-12-19,359.0,361.5,358.0,360.5,638063.0,0.0
2023-12-20,360.0,362.5,358.0,358.0,678752.0,0.0
2023-12-21,352.0,361.0,352.0,359.5,598101.0,0.0
2023-12-22,355.0,361.0,355.0,359.5,696269.0,0.0
2023-12-25,360.0,364.5,360.0,364.0,160750.0,0.0
2023-12-26,366.0,366.0,361.0,362.0,430450.0,0.0
2023-12-27,361.5,370.0,361.5,367.5,940329.0,0.0
2023-12-28,368.0,371.0,365.0,369.0,808593.0,0.0
2023-12-29,368.5,372.0,368.0,372.0,517157.0,0.0
2024-01-02,371.5,372.0,367.0,369.5,460038.0,0.0
2024-01-03,365.5,367.0,359.5,360.0,772417.0,0.0
2024-01-04,360.0,362.0,359.0,360.0,639158.0,0.0
2024-01-05,357.5,362.0,357.5,358.5,888180.0,0.0
2024-01-08,361.0,367.0,359.5,361.0,891500.0,0.0
2024-01-09,362.0,362.5,360.0,360.0,523455.0,0.0
2024-01-10,363.0,363.0,358.0,360.0,574215.0,0.0
2024-01-11,360.0,360.0,357.5,359.0,563139.0,0.0
2024-01-12,353.5,355.0,350.0,354.5,697319.0,0.0
2024-01-15,355.0,356.5,353.0,354.0,330952.0,0.0
2024-01-16,346.0,348.0,340.0,340.5,1375103.0,0.0
2024-01-17,336.0,339.0,331.5,331.5,2411309.0,0.0
2024-01-18,332.0,335.5,331.5,331.5,817247.0,0.0
2024-01-19,329.5,336.5,329.5,334.5,1378442.0,0.0
2024-01-22,339.5,345.0,335.5,337.5,1221238.0,0.0
2024-01-23,342.0,344.0,337.5,340.5,1004201.0,0.0
2024-01-24,341.5,342.5,338.0,338.5,510775.0,0.0
2024-01-25,341.0,341.0,336.0,336.0,528129.0,0.0
2024-01-26,336.0,339.0,334.5,337.0,342041.0,0.0
2024-01-29,335.0,340.0,333.5,338.0,483247.0,0.0
2024-01-30,339.5,341.5,337.0,337.5,554902.0,0.0
2024-01-31,340.0,340.0,336.0,337.5,627199.0,0.0
2024-02-01,339.5,351.5,339.5,350.5,1521353.0,0.0
2024-02-02,352.5,365.5,352.0,365.0,1888758.0,0.0
2024-02-05,369.5,372.0,363.0,370.5,2260504.0,0.0
2024-02-15,400.0,400.0,373.0,383.5,4345762.0,0.0
2024-02-16,380.0,381.5,376.0,380.5,1476816.0,0.0
2024-02-19,384.0,390.0,384.0,390.0,1419037.0,0.0
2024-02-20,384.5,391.0,383.0,391.0,1343809.0,0.0
2024-02-21,388.0,392.0,385.0,392.0,1273691.0,0.0
2024-02-22,392.0,392.0,386.5,387.0,861309.0,0.0
2024-02-23,385.5,387.0,379.5,380.0,1669670.0,0.0
2024-02-26,378.5,381.5,377.0,381.5,807737.0,0.0
2024-02-27,380.0,381.5,373.0,378.5,1041142.0,0.0
2024-02-29,380.0,390.0,377.0,390.0,2246467.0,0.0
2024-03-01,387.5,394.0,386.0,392.0,842539.0,0.0
2024-03-04,389.0,390.5,387.0,387.0,564162.0,0.0
2024-03-05,387.0,394.0,385.5,389.5,1145214.0,0.0
2024-03-06,389.0,392.5,386.5,390.5,780579.0,0.0
2024-03-07,398.0,400.0,389.0,397.0,2016411.0,0.0
2024-03-08,391.0,396.0,388.0,393.0,1570414.0,0.0
2024-03-11,400.0,432.0,396.5,406.5,3259137.0,0.0
2024-03-12,406.5,409.5,403.5,404.0,1122912.0,0.0
2024-03-13,396.0,398.0,392.0,395.0,1702339.0,0.0
2024-03-14,395.0,395.0,389.5,393.0,1179173.0,0.0
2024-03-15,388.0,392.5,387.5,392.0,1768045.0,0.0
2024-03-18,393.0,398.0,388.5,389.5,729001.0,0.0
2024-03-19,388.0,395.0,384.0,392.5,1303018.0,0.0
2024-03-20,392.0,397.5,391.5,395.0,824082.0,0.0
2024-03-21,398.0,402.0,395.0,400.0,921906.0,0.0
2024-03-22,396.5,401.0,396.0,400.0,628523.0,0.0
2024-03-25,400.0,406.5,399.0,400.5,556399.0,0.0
2024-03-26,400.0,412.0,400.0,404.5,1098711.0,0.0
2024-03-27,400.5,408.0,400.5,406.0,470604.0,0.0
2024-03-28,404.0,408.0,402.5,407.0,833494.0,0.0
2024-03-29,406.0,410.0,402.0,403.0,441000.0,0.0
2024-04-01,406.0,406.5,398.0,400.0,911253.0,0.0
2024-04-02,398.5,401.0,393.5,395.5,996561.0,0.0
2024-04-03,395.5,395.5,387.5,390.5,1125525.0,0.0
2024-04-08,386.0,390.5,380.5,389.0,2883296.0,0.0
2024-04-09,387.0,394.5,387.0,394.5,963376.0,0.0
2024-04-10,392.0,393.5,383.5,384.0,922416.0,0.0
2024-04-11,383.5,386.0,382.5,386.0,550219.0,0.0
2024-04-12,379.5,383.5,378.0,378.5,1398164.0,0.0
2024-04-15,381.0,381.0,374.0,374.5,1171758.0,0.0
2024-04-16,371.5,372.0,364.0,365.0,1094315.0,0.0
2024-04-17,368.5,373.0,366.0,371.0,568922.0,0.0
2024-04-18,369.5,373.0,364.0,372.0,681590.0,0.0
2024-04-19,365.5,369.0,359.5,365.0,1192361.0,0.0
2024-04-22,371.5,371.5,365.5,368.5,832335.0,0.0
2024-04-23,375.0,375.0,363.5,366.5,1176029.0,0.0
2024-04-24,370.0,373.5,369.5,373.5,614286.0,0.0
2024-04-25,375.0,375.0,364.5,365.0,783125.0,0.0
2024-04-26,366.5,373.0,366.5,368.0,1063102.0,0.0
2024-04-29,371.0,383.5,371.0,380.0,1222277.0,0.0
2024-04-30,378.5,382.5,378.5,380.0,478769.0,0.0
2024-05-02,366.5,372.0,357.5,357.5,2816896.0,0.0
2024-05-03,358.5,360.0,353.5,357.0,1510914.0,0.0
2024-05-06,351.0,354.5,347.5,350.0,1423051.0,0.0
2024-05-07,348.5,354.5,348.5,353.0,1858601.0,0.0
2024-05-08,352.5,357.5,351.5,356.5,633575.0,0.0
2024-05-09,354.0,360.0,354.0,355.5,367046.0,0.0
2024-05-10,354.5,354.5,350.0,352.0,726103.0,0.0
2024-05-13,350.0,354.0,349.5,352.0,615214.0,0.0
2024-05-14,349.5,353.0,348.5,349.5,659383.0,0.0
2024-05-15,354.0,361.5,354.0,355.0,740217.0,0.0
2024-05-16,358.5,359.5,355.0,357.5,870236.0,0.0
2024-05-17,353.0,356.5,351.0,351.0,1016098.0,0.0
2024-05-20,351.0,354.0,350.0,352.5,506247.0,0.0
2024-05-21,352.5,353.0,349.0,350.0,835565.0,0.0
2024-05-22,352.0,361.0,350.5,358.0,551471.0,0.0
2024-05-23,358.5,363.5,358.5,361.5,724236.0,0.0
2024-05-24,356.5,359.0,355.0,356.0,1003906.0,0.0
2024-05-27,357.0,360.5,356.0,359.0,773148.0,0.0
2024-05-28,363.0,366.0,361.0,364.0,953312.0,0.0
2024-05-29,361.5,366.0,358.5,359.0,1081800.0,0.0
2024-05-30,357.5,358.5,350.0,351.5,1133205.0,0.0
2024-05-31,351.5,356.5,351.5,353.0,1636553.0,0.0
2024-06-03,375.0,383.5,362.0,362.0,1977894.0,0.0
2024-06-04,363.0,373.5,361.0,362.0,1730446.0,0.0
2024-06-05,359.5,365.5,359.5,361.0,898319.0,0.0
2024-06-06,361.0,364.0,357.0,360.0,1155106.0,0.0
2024-06-07,360.0,361.0,357.5,359.5,538020.0,0.0
2024-06-11,354.0,354.5,350.5,350.5,990400.0,0.0
2024-06-12,349.0,354.5,349.0,349.5,1718455.0,0.0
2024-06-13,353.5,361.0,351.0,358.0,2185730.0,0.0
2024-06-14,358.5,364.0,358.0,361.5,832715.0,0.0
2024-06-17,363.5,371.0,363.0,367.5,1045708.0,0.0
2024-06-18,368.5,372.0,367.0,370.0,915887.0,0.0
2024-06-19,371.0,374.5,370.0,370.0,1032886.0,0.0
2024-06-20,370.5,377.0,366.0,375.0,1246623.0,0.0
2024-06-21,375.0,378.0,371.0,372.5,1501316.0,0.0
2024-06-24,372.5,377.0,372.0,375.0,997702.0,0.0
2024-06-25,374.0,375.0,366.0,372.0,947200.0,0.0
2024-06-26,369.5,376.0,369.0,370.5,738710.0,0.0
2024-06-27,366.0,371.5,360.0,370.0,1217150.0,0.0
2024-06-28,368.0,375.0,368.0,370.0,1123201.0,0.0
2024-07-01,372.0,373.0,368.0,368.0,759125.0,0.0
2024-07-02,367.0,368.0,363.0,365.5,1239149.0,0.0
2024-07-03,369.5,373.0,368.5,369.0,439250.0,0.0
2024-07-04,373.0,374.0,370.0,371.0,826456.0,0.0
2024-07-05,372.5,378.0,372.5,374.0,484378.0,0.0
2024-07-08,373.5,375.0,369.0,375.0,438807.0,0.0
2024-07-09,375.0,377.0,372.0,373.5,675369.0,0.0
2024-07-10,375.0,376.0,372.5,372.5,786518.0,0.0
2024-07-11,368.0,381.0,368.0,378.5,1226422.0,0.0
2024-07-12,378.5,381.0,373.0,376.0,719517.0,0.0
2024-07-15,380.5,380.5,374.0,374.5,335746.0,0.0
2024-07-16,374.5,382.5,374.5,380.0,864662.0,0.0
2024-07-17,377.5,378.0,374.0,374.5,1187686.0,0.0
2024-07-18,367.0,372.0,360.5,370.5,1150075.0,9.4481
2024-07-19,367.5,371.5,366.0,367.5,770559.0,0.0
2024-07-22,373.5,381.5,369.0,373.0,1611868.0,0.0
2024-07-23,373.0,377.0,369.5,371.0,825166.0,0.0
2024-07-26,358.0,358.0,349.0,350.0,2459143.0,0.0
2024-07-29,354.0,360.5,353.0,354.0,1183328.0,0.0
2024-07-30,356.0,356.5,340.0,344.5,1408244.0,0.0
2024-07-31,344.0,352.0,343.5,346.5,1166400.0,0.0
2024-08-01,348.5,354.5,348.0,352.0,1527200.0,0.0
2024-08-02,343.0,348.5,340.5,347.0,1069445.0,0.0
2024-08-05,338.0,338.0,319.0,327.0,1914598.0,0.0
2024-08-06,327.0,332.5,315.0,324.0,1560516.0,0.0
2024-08-07,322.5,339.5,322.5,339.5,496235.0,0.0
2024-08-08,334.0,339.5,334.0,336.0,727104.0,0.0
2024-08-09,340.0,350.5,339.5,339.5,883330.0,0.0
2024-08-12,348.0,351.0,343.5,345.5,565666.0,0.0
2024-08-13,347.5,348.0,344.0,346.5,643223.0,0.0
2024-08-14,350.0,352.0,346.5,348.5,932565.0,0.0
2024-08-15,347.5,353.5,346.5,347.5,839123.0,0.0
2024-08-16,353.5,356.0,348.5,351.0,838068.0,0.0
2024-08-19,352.0,353.0,347.0,348.0,651082.0,0.0
2024-08-20,351.0,351.5,348.5,348.5,443213.0,0.0
2024-08-21,350.0,351.0,346.5,347.0,664222.0,0.0
2024-08-22,347.0,351.0,345.0,346.5,337177.0,0.0
2024-08-23,343.5,348.5,343.0,346.5,281631.0,0.0
2024-08-26,348.5,353.0,348.5,352.0,687200.0,0.0
2024-08-27,347.0,347.5,343.0,345.5,501097.0,0.0
2024-08-28,345.5,350.0,345.0,347.5,426104.0,0.0
2024-08-29,345.5,351.0,343.0,350.0,645374.0,0.0
2024-08-30,350.0,351.5,348.5,349.0,1850606.0,0.0
2024-09-02,349.0,353.0,348.0,348.0,505438.0,0.0
2024-09-03,350.0,354.0,348.0,348.0,1078000.0,0.0
2024-09-04,328.0,333.0,321.5,324.0,2239098.0,0.0
2024-09-05,328.0,331.5,323.0,323.5,1104011.0,0.0
2024-09-06,325.0,329.0,320.0,327.0,973065.0,0.0
2024-09-09,310.0,322.0,306.0,321.5,1757153.0,0.0
2024-09-10,320.5,326.5,318.5,319.5,619357.0,0.0
2024-09-11,322.0,325.0,320.0,320.0,706110.0,0.0
2024-09-12,326.5,326.5,319.5,323.5,794154.0,0.0
2024-09-13,323.5,328.0,323.5,325.5,471190.0,0.0
2024-09-16,327.0,328.0,322.5,325.5,538295.0,0.0
2024-09-18,328.5,328.5,319.0,320.0,747140.0,0.0
2024-09-19,320.5,325.5,318.0,322.5,980052.0,0.0
2024-09-20,327.0,333.5,327.0,332.5,1775374.0,0.0
2024-09-23,336.5,338.5,327.5,336.0,578415.0,0.0
2024-09-24,335.5,335.5,325.5,332.0,664038.0,0.0
2024-09-25,340.0,345.0,335.5,336.5,1233011.0,0.0
2024-09-26,341.0,343.0,334.5,338.5,1194098.0,0.0
2024-09-27,344.0,344.0,335.0,338.0,1050295.0,0.0
2024-09-30,324.0,331.5,321.5,321.5,1867586.0,0.0
2024-10-01,320.0,323.0,318.0,319.0,1246685.0,0.0
2024-10-04,312.5,322.0,312.5,319.0,1834130.0,0.0
2024-10-07,319.5,320.5,313.0,316.0,1365042.0,0.0
2024-10-08,313.5,317.5,311.5,314.0,1584024.0,0.0
2024-10-09,313.5,322.0,313.5,318.5,1506903.0,0.0
2024-10-11,323.0,323.0,316.5,317.5,959500.0,0.0
2024-10-14,319.0,323.5,315.5,323.5,743278.0,0.0
2024-10-15,324.5,329.5,322.0,327.0,696252.0,0.0
2024-10-16,321.0,323.0,319.0,321.5,808023.0,0.0
2024-10-17,320.0,326.5,320.0,325.0,299647.0,0.0
2024-10-18,329.0,331.0,323.5,324.5,680000.0,0.0
2024-10-21,331.5,332.0,325.5,328.0,631397.0,0.0
2024-10-22,321.5,325.0,318.5,321.5,1358314.0,0.0
2024-10-23,320.0,324.5,315.5,316.0,1132918.0,0.0
2024-10-24,313.0,320.5,312.0,318.0,680475.0,0.0
2024-10-25,320.0,321.0,317.0,318.0,347925.0,0.0
2024-10-28,321.5,322.5,316.5,320.0,438088.0,0.0
2024-10-29,325.5,325.5,313.5,316.0,899069.0,0.0
2024-10-30,313.5,321.5,313.5,320.0,1051805.0,0.0
2024-11-01,298.0,314.5,298.0,313.5,2015516.0,0.0
2024-11-04,315.5,322.0,313.0,322.0,743111.0,0.0
2024-11-05,322.0,326.5,319.0,325.0,847660.0,0.0
2024-11-06,325.5,329.5,325.0,327.0,787177.0,0.0
2024-11-07,324.0,341.0,323.5,336.5,1386620.0,0.0
2024-11-08,339.5,341.0,332.0,333.5,1328269.0,0.0
2024-11-11,324.5,328.0,319.5,324.0,2922263.0,0.0
2024-11-12,319.5,323.5,319.0,321.5,2293009.0,0.0
2024-11-13,319.0,325.5,319.0,325.0,2071504.0,0.0
2024-11-14,324.0,329.5,324.0,328.0,1068064.0,0.0
2024-11-15,328.0,337.0,326.0,327.0,1213942.0,0.0
2024-11-18,326.5,327.5,323.5,327.0,928104.0,0.0
2024-11-19,323.0,332.0,323.0,331.5,1027200.0,0.0
2024-11-20,340.0,340.0,340.0,340.0,1735322.0,0.0
2024-11-21,337.5,344.0,337.0,342.0,1130184.0,0.0
2024-11-22,345.0,351.5,345.0,349.0,1245909.0,0.0
2024-11-25,358.0,359.0,349.5,349.5,4308189.0,0.0
2024-11-26,346.5,351.5,344.5,347.5,684803.0,0.0
2024-11-27,345.0,352.0,343.5,346.5,946414.0,0.0
2024-11-28,346.5,348.5,341.5,342.5,791400.0,0.0
2024-11-29,337.5,342.0,333.5,335.5,1092232.0,0.0
2024-12-02,340.5,352.0,337.5,347.0,1061144.0,0.0
2024-12-03,350.0,364.0,348.0,362.0,2480329.0,0.0
2024-12-04,361.0,365.0,358.5,360.0,880980.0,0.0
2024-12-05,359.0,362.5,357.0,360.0,542410.0,0.0
2024-12-06,360.0,361.0,356.0,357.0,505299.0,0.0
2024-12-09,357.0,359.0,351.0,355.5,566553.0,0.0
2024-12-10,357.5,357.5,352.0,353.5,495434.0,0.0
2024-12-11,350.5,357.5,350.0,355.0,539389.0,0.0
2024-12-12,352.0,355.5,349.0,352.0,670289.0,0.0
2024-12-13,352.0,355.5,349.5,352.5,569586.0,0.0
2024-12-16,355.0,357.0,349.5,351.0,578126.0,0.0
2024-12-17,349.0,354.0,349.0,351.5,659429.0,0.0
2024-12-18,351.0,359.0,350.5,359.0,841369.0,0.0
2024-12-19,346.0,352.5,345.0,352.5,1237956.0,0.0
2024-12-20,347.0,351.5,339.0,339.0,1680721.0,0.0
2024-12-23,342.0,351.5,342.0,351.5,1045076.0,0.0
2024-12-24,351.0,355.5,347.5,348.5,638737.0,0.0
2024-12-25,350.5,353.5,349.0,351.5,168190.0,0.0
2024-12-26,351.0,353.0,348.0,348.0,161008.0,0.0
2024-12-27,346.5,351.0,346.0,351.0,206348.0,0.0
2024-12-30,353.0,353.0,345.5,345.5,223333.0,0.0
2024-12-31,342.0,346.5,341.0,346.5,712142.0,0.0
2025-01-02,344.5,346.5,340.5,344.0,593691.0,0.0
2025-01-03,345.5,347.0,342.0,345.0,291249.0,0.0
2025-01-06,348.5,354.0,348.0,354.0,547215.0,0.0
2025-01-07,355.5,364.0,355.5,360.0,837889.0,0.0
2025-01-08,360.0,381.0,358.0,378.0,2192714.0,0.0
2025-01-09,378.0,378.0,360.0,360.0,1111964.0,0.0
2025-01-10,357.5,365.0,357.0,363.0,890296.0,0.0
2025-01-13,359.5,361.5,352.5,357.5,1239040.0,0.0
2025-01-14,356.5,359.5,353.0,357.0,573113.0,0.0
2025-01-15,357.5,359.0,351.0,353.0,461232.0,0.0
2025-01-16,355.0,373.0,355.0,364.5,951778.0,0.0
2025-01-17,364.0,367.5,361.0,365.0,720144.0,0.0
2025-01-20,365.0,370.0,363.5,365.5,559372.0,0.0
2025-01-21,365.5,373.0,363.0,367.0,1141684.0,0.0
2025-01-22,369.5,383.0,368.5,379.0,1795439.0,0.0
2025-02-03,397.5,397.5,371.0,374.5,3563111.0,0.0
2025-02-04,387.0,397.0,375.0,375.0,4906226.0,0.0
2025-02-05,398.0,412.5,398.0,412.5,5875543.0,0.0
2025-02-06,412.5,418.5,408.5,410.5,4024000.0,0.0
2025-02-07,410.0,425.0,409.5,411.5,2974123.0,0.0
2025-02-10,411.5,414.5,406.5,409.0,2765870.0,0.0
2025-02-11,410.0,414.0,406.5,409.0,1549429.0,0.0
2025-02-12,410.5,411.0,400.0,408.0,1998931.0,0.0
2025-02-13,403.5,406.0,394.5,402.5,2194569.0,0.0
2025-02-14,403.0,403.0,395.5,400.0,2259057.0,0.0
2025-02-17,400.5,402.5,394.5,401.5,1849790.0,0.0
2025-02-18,400.0,410.0,396.5,407.5,2103751.0,0.0
2025-02-19,407.5,416.0,402.5,406.5,1792234.0,0.0
2025-02-20,408.5,418.0,408.0,415.0,2031683.0,0.0
2025-02-21,420.0,421.5,414.0,418.0,1408786.0,0.0
2025-02-24,414.5,417.0,410.0,415.0,1319290.0,0.0
2025-02-25,414.0,418.0,405.0,406.0,1821221.0,0.0
2025-02-26,402.5,414.0,399.0,409.5,2327173.0,0.0
2025-02-27,409.5,410.5,404.0,406.0,1455902.0,0.0
2025-03-03,397.5,404.5,396.0,400.5,2769175.0,0.0
2025-03-04,395.0,398.0,390.0,395.5,1959758.0,0.0
2025-03-05,394.0,396.0,388.5,390.0,2813417.0,0.0
2025-03-06,405.0,413.0,403.5,409.0,2888276.0,0.0
2025-03-07,409.0,409.0,393.5,395.0,2596841.0,0.0
2025-03-10,394.5,397.5,392.5,394.5,1670366.0,0.0
2025-03-11,385.0,397.5,376.5,395.0,2285365.0,0.0
2025-03-12,397.0,397.0,386.5,390.5,2714131.0,0.0
2025-03-13,393.0,396.5,388.5,391.5,1494155.0,0.0
2025-03-14,395.0,395.0,378.5,382.0,2403200.0,0.0
2025-03-17,380.0,384.0,377.5,383.5,1364237.0,0.0
2025-03-18,384.5,390.0,384.0,390.0,1525217.0,0.0
2025-03-19,389.5,391.0,382.0,387.0,1428083.0,0.0
2025-03-20,388.0,397.0,388.0,394.0,2163255.0,0.0
2025-03-21,391.0,393.5,389.0,391.0,1752404.0,0.0
2025-03-24,396.0,402.0,390.5,390.5,1249050.0,0.0
2025-03-25,394.0,397.0,391.0,394.0,638301.0,0.0
2025-03-26,394.0,398.5,393.0,398.5,922310.0,0.0
2025-03-27,394.0,397.5,391.5,396.0,685141.0,0.0
2025-03-28,396.0,397.0,383.0,388.0,894731.0,0.0
2025-03-31,374.5,382.0,372.5,375.0,1187225.0,0.0
2025-04-01,375.0,385.5,373.0,384.0,946222.0,0.0
2025-04-02,382.5,395.0,378.5,390.0,1142284.0,0.0
2025-04-07,351.0,351.0,351.0,351.0,379732.0,0.0
2025-04-08,323.0,338.0,321.0,332.0,2755507.0,0.0
2025-04-09,319.5,331.0,299.5,305.5,2117644.0,0.0
2025-04-10,336.0,336.0,326.5,336.0,1560018.0,0.0
2025-04-11,312.5,335.0,311.0,333.0,2447076.0,0.0
2025-04-14,331.5,344.0,331.5,338.5,2233399.0,0.0
2025-04-15,339.5,347.5,336.0,346.5,1392325.0,0.0
2025-04-16,342.5,342.5,336.5,341.0,1174026.0,0.0
2025-04-17,336.0,336.0,317.5,324.0,1777391.0,0.0
2025-04-18,324.0,332.0,322.5,330.5,571265.0,0.0
2025-04-21,332.0,332.0,322.0,325.0,473020.0,0.0
2025-04-22,323.0,323.5,317.0,320.5,684199.0,0.0
2025-04-23,327.0,335.0,327.0,331.5,1377067.0,0.0
2025-04-24,331.0,332.0,324.5,327.5,851190.0,0.0
2025-04-25,333.5,341.5,332.0,333.0,1414156.0,0.0
2025-04-28,333.5,342.5,333.0,341.0,881160.0,0.0
2025-04-29,344.0,347.5,340.5,345.0,1166055.0,0.0
2025-04-30,343.0,346.0,334.5,337.0,2537752.0,0.0
2025-05-02,339.0,343.0,333.0,339.5,1229233.0,0.0
2025-05-05,345.0,345.5,335.5,339.0,1186355.0,0.0
2025-05-06,345.0,349.0,339.0,345.0,1591035.0,0.0
2025-05-07,351.0,351.0,337.5,340.5,792030.0,0.0
2025-05-08,340.0,345.5,337.0,342.5,947229.0,0.0
2025-05-09,341.5,344.0,338.0,341.5,1046139.0,0.0
2025-05-12,345.0,349.5,344.5,347.5,991175.0,0.0
2025-05-13,354.0,359.5,344.5,347.0,1775060.0,0.0
2025-05-14,345.0,348.0,342.0,347.0,1288225.0,0.0
2025-05-15,347.5,349.0,344.0,344.0,1193100.0,0.0
2025-05-16,347.5,349.0,345.5,345.5,649117.0,0.0
2025-05-19,347.0,350.5,344.0,344.0,1387087.0,0.0
2025-05-20,349.0,349.0,343.0,345.0,1469852.0,0.0
2025-05-21,348.0,349.5,344.5,349.5,2623205.0,0.0
2025-05-22,347.5,348.5,341.5,343.5,1372142.0,0.0
2025-05-23,346.0,347.5,339.5,342.5,1163176.0,0.0
2025-05-26,342.5,352.0,342.0,349.0,1455095.0,0.0
2025-05-27,348.5,351.5,343.0,343.0,1149038.0,0.0
2025-05-28,345.0,348.0,341.5,345.5,762050.0,0.0
2025-05-29,347.0,349.0,341.5,342.0,3926317.0,0.0
2025-06-02,334.0,341.0,334.0,340.0,1222171.0,0.0
2025-06-03,342.0,345.0,340.0,343.0,749013.0,0.0
2025-06-04,346.5,348.5,341.0,345.5,1381390.0,0.0
2025-06-05,342.5,351.0,342.5,349.0,831383.0,0.0
2025-06-06,347.5,348.0,337.0,339.5,1314859.0,0.0
2025-06-09,341.0,345.0,341.0,344.5,669170.0,0.0
2025-06-10,346.5,349.0,344.0,346.0,794087.0,0.0
2025-06-11,345.5,352.0,345.5,351.5,698428.0,0.0
2025-06-12,348.0,352.0,346.5,348.0,750129.0,0.0
2025-06-13,344.0,347.0,341.5,345.0,1047799.0,0.0
2025-06-16,342.5,342.5,336.0,339.0,801216.0,0.0
2025-06-17,342.5,344.0,336.5,337.0,1183084.0,0.0
2025-06-18,337.0,340.5,336.5,340.0,679011.0,0.0
2025-06-19,337.0,337.5,331.5,332.5,1251214.0,0.0
2025-06-20,331.5,333.5,327.0,329.5,868190.0,0.0
2025-06-23,325.0,329.0,322.5,327.5,913005.0,0.0
2025-06-24,334.0,336.0,331.5,333.5,667236.0,0.0
2025-06-25,335.5,337.5,334.0,334.5,699015.0,0.0
2025-06-26,336.5,341.5,334.5,336.5,736021.0,0.0
2025-06-27,339.5,340.0,336.0,339.5,886220.0,0.0
2025-06-30,339.5,341.5,336.0,340.0,797108.0,0.0
2025-07-01,339.0,344.0,339.0,340.0,1034795.0,0.0
2025-07-02,339.0,343.0,338.0,338.0,686046.0,0.0
2025-07-03,339.5,344.0,339.0,343.0,766035.0,0.0
2025-07-04,343.5,346.0,341.5,344.0,640580.0,0.0
2025-07-07,348.0,348.0,339.5,339.5,610251.0,0.0
2025-07-08,339.5,341.5,335.5,340.5,1002060.0,0.0
2025-07-09,337.0,343.5,337.0,342.0,969200.0,0.0
2025-07-10,342.0,347.0,342.0,345.5,993230.0,0.0
2025-07-11,348.0,351.0,346.0,348.5,1116067.0,0.0
2025-07-14,352.0,352.0,342.0,342.0,587006.0,0.0
2025-07-15,342.0,343.0,337.0,337.5,790898.0,0.0
2025-07-16,337.5,341.0,336.5,337.5,1101060.0,0.0
2025-07-17,329.0,332.5,328.0,331.0,752373.0,8.3924
2025-07-18,335.0,339.0,333.0,334.0,863109.0,0.0
2025-07-21,336.0,343.5,334.5,340.5,882028.0,0.0
2025-07-22,341.0,344.5,333.5,334.5,731396.0,0.0
2025-07-23,339.0,341.0,336.5,339.0,968064.0,0.0
2025-07-24,340.0,340.0,337.0,338.0,621319.0,0.0
2025-07-25,339.0,346.5,338.0,341.0,878236.0,0.0
2025-07-28,342.0,343.5,339.0,340.0,1071306.0,0.0
2025-07-29,342.0,342.0,332.5,333.0,842879.0,0.0
2025-07-30,338.0,339.5,335.0,339.0,898395.0,0.0
2025-07-31,338.0,340.0,334.5,335.5,719209.0,0.0
2025-08-04,316.0,325.5,312.5,323.0,2007017.0,0.0
2025-08-05,324.0,329.5,318.5,328.0,2699050.0,0.0
2025-08-06,326.0,328.0,322.0,325.5,2210041.0,0.0
2025-08-07,328.5,333.0,327.0,329.0,3374301.0,0.0
2025-08-08,329.0,331.5,322.0,322.0,3088466.0,0.0
2025-08-11,325.0,325.5,316.0,319.0,4119118.0,0.0
2025-08-12,319.0,321.5,317.0,319.0,2088291.0,0.0
2025-08-13,322.0,324.0,314.5,315.5,2140834.0,0.0
2025-08-14,318.5,318.5,314.5,315.0,3074154.0,0.0
2025-08-15,315.0,319.0,313.5,318.0,1644077.0,0.0
2025-08-18,318.0,321.5,314.5,315.0,1807515.0,0.0
2025-08-19,315.0,317.0,314.0,315.5,1990905.0,0.0
2025-08-20,315.5,317.0,310.0,310.0,2003424.0,0.0
2025-08-21,315.0,317.5,313.5,315.0,1368074.0,0.0
2025-08-22,314.5,317.5,311.0,315.0,1341116.0,0.0
2025-08-25,318.5,322.5,317.0,319.0,1404101.0,0.0
2025-08-26,322.0,328.0,319.5,322.0,4315413.0,0.0
2025-08-27,338.0,354.0,338.0,354.0,7075397.0,0.0
2025-08-28,364.5,377.0,354.0,354.5,13687633.0,0.0
2025-08-29,358.5,360.5,344.0,344.0,6222483.0,0.0
2025-09-01,348.0,356.0,344.0,344.0,4598428.0,0.0
2025-09-02,347.0,348.0,335.5,337.5,2262773.0,0.0
2025-09-03,337.0,341.0,336.0,336.5,1888035.0,0.0
2025-09-04,335.5,339.5,333.5,333.5,2083359.0,0.0
2025-09-05,335.5,342.5,335.0,341.0,1323751.0,0.0
2025-09-08,343.0,345.0,337.0,338.0,1513685.0,0.0
2025-09-09,341.0,342.0,337.0,340.5,1632661.0,0.0
2025-09-10,341.0,353.5,341.0,351.0,2665401.0,0.0
2025-09-11,352.5,354.5,344.0,344.0,2359262.0,0.0
2025-09-12,344.5,348.0,344.0,344.0,1732605.0,0.0
2025-09-15,344.0,344.0,335.0,337.0,1445554.0,0.0
2025-09-16,337.0,338.0,334.5,335.0,1582736.0,0.0
2025-09-17,329.5,332.5,324.0,324.0,2279863.0,0.0
2025-09-18,320.0,331.5,320.0,326.0,3141523.0,0.0
2025-09-19,329.0,329.0,321.5,324.0,4050425.0,0.0
2025-09-22,324.5,329.5,324.5,325.0,1814289.0,0.0
2025-09-23,329.5,333.5,326.0,327.5,1560247.0,0.0
2025-09-24,327.5,329.5,325.0,327.0,1181130.0,0.0
2025-09-25,324.0,324.5,321.0,321.0,1773040.0,0.0
2025-09-26,322.0,322.0,314.0,316.5,2208426.0,0.0
2025-09-30,318.5,324.5,317.5,319.0,2200000.0,0.0
2025-10-01,315.0,322.0,315.0,318.0,1284113.0,0.0
2025-10-02,321.0,321.5,316.5,317.0,819514.0,0.0
2025-10-03,317.0,320.0,316.0,319.0,1154495.0,0.0
2025-10-07,319.0,324.5,319.0,323.0,1922625.0,0.0
2025-10-08,323.0,327.5,321.0,326.0,1684420.0,0.0
2025-10-09,330.0,332.0,325.0,326.5,2344722.0,0.0
2025-10-13,317.0,322.0,312.5,320.5,2012410.0,0.0
2025-10-14,323.0,331.0,318.5,318.5,2095434.0,0.0
2025-10-15,320.5,324.0,319.5,323.5,1319350.0,0.0
2025-10-16,325.5,329.5,324.5,326.5,1149061.0,0.0
2025-10-17,323.5,328.0,323.5,325.0,962176.0,0.0
2025-10-20,329.5,330.5,321.5,322.0,1631396.0,0.0
2025-10-21,324.0,326.0,320.5,325.0,1830771.0,0.0
2025-10-22,325.5,327.5,324.0,326.5,969314.0,0.0
2025-10-23,325.0,325.0,321.0,323.5,535567.0,0.0
2025-10-27,327.5,327.5,320.0,325.0,1701754.0,0.0
2025-10-28,328.5,334.5,328.0,328.5,2443800.0,0.0
2025-10-29,331.5,332.5,328.5,330.5,1355850.0,0.0
2025-10-30,331.5,334.5,323.5,325.0,1517841.0,0.0
2025-10-31,325.0,326.0,313.0,313.5,3967536.0,0.0
2025-11-03,310.0,318.0,310.0,316.5,2127943.0,0.0
2025-11-04,315.0,318.5,309.0,309.0,2411582.0,0.0
2025-11-05,305.0,309.5,302.5,308.0,1976447.0,0.0
2025-11-06,312.0,315.5,307.0,312.5,2143113.0,0.0
2025-11-07,311.5,314.0,303.5,303.5,2341763.0,0.0
2025-11-10,304.0,304.5,300.0,300.0,1329038.0,0.0
2025-11-11,302.0,303.5,298.0,298.0,1442590.0,0.0
2025-11-12,300.5,301.5,298.0,298.0,1278668.0,0.0
2025-11-13,296.0,296.5,291.0,295.0,2098889.0,0.0
2025-11-14,291.0,295.0,289.0,290.5,1874894.0,0.0
2025-11-17,292.5,296.0,290.5,293.0,2350389.0,0.0
2025-11-18,289.0,290.5,281.0,281.0,3023581.0,0.0
2025-11-19,283.0,284.0,276.0,276.5,2736834.0,0.0
2025-11-20,282.0,283.5,277.5,280.0,2755623.0,0.0
2025-11-21,273.5,287.5,273.0,281.5,3118406.0,0.0
2025-11-24,283.0,291.0,280.0,287.0,5467614.0,0.0
2025-11-25,287.0,289.0,283.0,285.0,2167400.0,0.0
2025-11-26,284.0,289.5,284.0,289.5,1775428.0,0.0
2025-11-27,288.0,291.5,286.5,288.0,2022337.0,0.0
2025-11-28,287.0,290.0,285.0,288.0,1460983.0,0.0
2025-12-01,290.5,295.0,288.0,288.0,1602190.0,0.0
2025-12-02,290.0,290.0,285.0,287.0,1289411.0,0.0
2025-12-03,290.0,291.0,287.5,287.5,1153450.0,0.0
2025-12-04,288.0,292.0,288.0,290.0,899653.0,0.0
2025-12-05,291.0,291.5,285.0,287.0,1375390.0,0.0
2025-12-08,289.0,289.0,285.0,286.0,906627.0,0.0
2025-12-09,289.0,290.0,282.0,284.5,1415040.0,0.0
2025-12-10,282.0,284.0,280.5,282.5,1457330.0,0.0
2025-12-11,284.5,285.0,281.5,281.5,1415514.0,0.0
2025-12-12,284.0,284.0,279.0,280.0,1567126.0,0.0
2025-12-15,275.5,279.5,272.5,276.5,1635789.0,0.0
2025-12-16,275.0,278.5,272.0,274.0,2495325.0,0.0
2025-12-17,274.0,276.5,273.5,273.5,1582523.0,0.0
2025-12-18,272.0,276.0,271.0,275.0,1341705.0,0.0
2025-12-19,274.5,282.5,274.5,282.5,2466838.0,0.0
2025-12-22,284.0,284.5,280.0,283.0,846552.0,0.0
2025-12-23,283.0,286.5,283.0,284.5,1135354.0,0.0
2025-12-24,286.5,292.0,286.0,286.0,1186144.0,0.0
2025-12-26,287.5,288.0,283.5,284.5,622373.0,0.0
2025-12-29,285.0,288.0,284.0,286.5,562473.0,0.0
2025-12-30,285.0,289.0,284.0,287.0,923417.0,0.0
2025-12-31,289.5,290.5,286.0,288.0,825963.0,0.0
2026-01-02,291.0,294.5,285.0,286.5,1544657.0,0.0
2026-01-05,290.0,292.0,287.5,289.5,1411494.0,0.0
2026-01-06,291.5,291.5,285.5,288.0,1565860.0,0.0
2026-01-07,288.5,294.0,288.0,288.5,1510315.0,0.0
2026-01-08,291.5,292.0,285.0,285.5,1388109.0,0.0
2026-01-09,286.5,291.0,285.0,288.5,1775549.0,0.0
2026-01-12,293.5,293.5,286.0,288.0,1330246.0,0.0
2026-01-13,291.5,292.5,285.0,287.0,1717450.0,0.0
2026-01-14,290.0,294.0,288.0,292.5,1817025.0,0.0
2026-01-15,293.5,296.5,286.5,287.5,2157091.0,0.0
2026-01-16,289.5,290.5,286.0,287.5,1703675.0,0.0
2026-01-19,287.5,290.5,285.0,287.0,2079657.0,0.0
2026-01-20,286.0,287.0,278.5,280.0,3486384.0,0.0
2026-01-21,276.5,278.0,274.5,275.0,3187631.0,0.0
2026-01-22,279.5,285.5,277.5,285.5,2156038.0,0.0
2026-01-23,286.0,289.5,283.0,288.0,2155831.0,0.0
2026-01-26,289.0,290.5,286.0,288.5,1448133.0,0.0
2026-01-27,290.0,293.0,287.0,290.5,1766578.0,0.0
2026-01-28,291.5,300.0,290.5,298.5,3295870.0,0.0
2026-01-29,308.0,309.0,291.0,305.0,5371179.0,0.0
2026-01-30,301.0,304.0,293.0,299.5,5024830.0,0.0
2026-02-02,300.5,303.0,290.5,291.5,3937216.0,0.0
2026-02-03,296.0,296.0,288.0,290.0,2414907.0,0.0
2026-02-04,288.0,291.5,287.5,287.5,1450474.0,0.0
2026-02-05,286.5,293.0,285.5,287.5,1325442.0,0.0
2026-02-06,287.5,288.0,283.0,287.5,1706476.0,0.0
2026-02-09,298.0,302.0,290.0,291.0,2397381.0,0.0
2026-02-10,291.5,297.5,290.5,297.5,2298698.0,0.0
2026-02-11,300.0,307.0,299.5,305.0,4158801.0,0.0
2026-02-23,320.0,324.0,310.0,315.0,5361079.0,0.0
2026-02-24,314.0,324.5,311.5,324.0,4716365.0,0.0
2026-02-25,325.0,334.0,324.5,333.0,4988133.0,0.0
2026-02-26,332.0,336.5,325.5,336.5,5612505.0,0.0
2026-03-02,340.0,342.5,331.0,336.5,5610472.0,0.0
2026-03-03,336.5,338.5,326.0,330.0,4126562.0,0.0
2026-03-04,324.5,325.0,311.5,311.5,4227254.0,0.0
2026-03-05,335.5,342.5,334.0,342.5,6560205.0,0.0
2026-03-06,349.0,376.5,344.5,375.0,19650666.0,0.0
2026-03-09,346.0,367.0,343.0,347.0,8175020.0,0.0
2026-03-10,355.0,362.5,338.5,345.5,6814809.0,0.0
2026-03-11,352.5,353.5,342.5,346.0,3475370.0,0.0
2026-03-12,344.0,346.0,337.0,345.0,2640972.0,0.0
2026-03-13,340.0,344.0,336.5,342.5,2181081.0,0.0
2026-03-16,348.0,352.5,337.5,340.0,2798412.0,0.0
2026-03-17,345.5,350.0,342.5,348.0,2412146.0,0.0
2026-03-18,352.0,354.0,346.0,349.0,2370683.0,0.0
2026-03-19,344.0,345.0,339.0,342.0,1726960.0,0.0
2026-03-20,340.5,345.5,338.0,344.0,4042266.0,0.0
2026-03-23,336.5,339.5,330.0,330.0,2506309.0,0.0
2026-03-24,335.0,337.0,328.0,330.0,1548815.0,0.0
2026-03-25,337.0,337.5,332.0,333.5,1458137.0,0.0
2026-03-26,336.0,346.5,335.5,339.0,3064529.0,0.0
2026-03-27,333.5,336.0,329.0,332.5,1673008.0,0.0
2026-03-30,323.0,328.5,321.5,321.5,2109703.0,0.0
2026-03-31,319.5,324.0,313.5,318.5,3987438.0,0.0
2026-04-01,328.5,334.0,328.0,331.0,1893704.0,0.0
2026-04-02,334.0,334.0,317.0,323.5,1977533.0,0.0
2026-04-07,321.5,325.5,318.5,322.5,1294226.0,0.0
2026-04-08,339.0,351.5,335.0,348.5,3399281.0,0.0
2026-04-09,350.0,353.5,345.0,348.0,2730479.0,0.0
2026-04-10,350.0,356.0,343.5,346.0,2518507.0,0.0
2026-04-13,345.0,346.5,339.5,342.5,2003492.0,0.0
2026-04-14,346.0,349.5,342.5,344.0,2364556.0,0.0
2026-04-15,350.0,351.5,345.5,348.0,2762323.0,0.0
2026-04-16,353.0,362.0,351.5,355.0,3860794.0,0.0
2026-04-17,360.0,372.0,359.5,366.0,5202968.0,0.0
2026-04-20,375.0,376.5,363.0,363.5,3272327.0,0.0
2026-04-21,368.0,368.0,355.5,364.5,2424904.0,0.0
2026-04-22,363.0,366.0,361.0,361.0,2442936.0,0.0
2026-04-23,361.5,370.0,348.0,356.5,2578943.0,0.0
2026-04-24,357.0,358.0,349.0,354.0,1789320.0,0.0
2026-04-27,356.5,367.0,356.5,363.0,3718045.0,0.0
2026-04-28,370.0,376.0,364.5,367.0,3548947.0,0.0
2026-04-29,370.0,371.0,363.0,366.0,2107567.0,0.0
2026-04-30,367.0,369.5,357.5,359.5,3000131.0,0.0
2026-05-04,369.0,395.0,364.5,395.0,8213039.0,0.0
2026-05-05,391.0,403.5,388.0,396.5,5125857.0,0.0
2026-05-06,400.5,415.0,399.0,409.5,6028364.0,0.0
2026-05-07,445.0,450.0,423.5,444.0,8937078.0,0.0
2026-05-08,450.0,488.0,449.5,476.5,10182805.0,0.0
2026-05-11,483.0,486.0,463.0,478.5,4711853.0,0.0
2026-05-12,487.0,500.0,484.0,494.5,6022324.0,0.0
2026-05-13,477.5,480.5,459.5,464.5,4735378.0,0.0
2026-05-14,461.0,471.0,456.5,465.0,4785099.0,0.0
2026-05-15,480.5,494.5,458.5,459.5,4787813.0,0.0
2026-05-18,451.0,462.0,439.0,457.5,4058406.0,0.0
2026-05-19,463.0,477.0,457.5,461.5,4076492.0,0.0
2026-05-20,462.0,471.0,457.5,465.0,3170536.0,0.0
2026-05-21,475.0,479.5,462.0,463.5,3830651.0,0.0
2026-05-22,467.0,472.5,458.5,469.0,4918895.0,0.0
2026-05-25,499.0,510.0,490.5,498.5,4904573.0,0.0
2026-05-26,498.5,511.0,485.5,510.0,3966779.0,0.0
2026-05-27,507.0,530.0,503.0,509.0,4387171.0,0.0
2026-05-28,509.0,523.0,488.5,490.5,4424284.0,0.0
2026-05-29,496.0,515.0,492.0,495.0,10455019.0,0.0
2026-06-01,505.0,525.0,505.0,517.0,3675896.0,0.0
2026-06-02,520.0,530.0,508.0,515.0,6557151.0,0.0
2026-06-03,519.0,520.0,500.0,513.0,3909258.0,0.0
2026-06-04,509.0,539.0,508.0,522.0,4793492.0,0.0
2026-06-05,511.0,515.0,493.0,496.0,5052018.0,0.0
2026-06-08,456.0,474.5,456.0,471.0,3589170.0,0.0
2026-06-09,473.5,492.0,473.5,489.5,3977036.0,0.0
2026-06-10,485.0,493.0,462.0,465.5,3575018.0,0.0
2026-06-11,456.0,467.0,449.0,464.0,4065543.0,0.0
2026-06-12,475.0,481.0,469.5,473.0,1121659.0,0.0
2026-06-15,486.0,494.0,480.5,485.0,1899551.0,0.0
2026-06-16,493.0,493.0,475.0,480.0,1630200.0,0.0
2026-06-17,472.0,488.5,470.5,488.5,1678007.0,0.0
2026-06-18,494.5,504.0,490.0,494.0,4214524.0,0.0
2026-06-22,501.0,511.0,494.5,499.5,2926955.0,0.0
2026-06-23,505.0,505.0,483.0,487.5,2129118.0,0.0
2026-06-24,477.5,483.5,466.0,473.5,2689388.0,0.0
2026-06-25,482.0,485.0,472.0,480.0,1371307.0,0.0
2026-06-26,469.5,469.5,453.0,455.5,2341382.0,0.0
2026-06-29,463.0,486.0,457.5,472.5,3910401.0,0.0
2026-06-30,481.0,495.5,477.0,492.0,2590529.0,0.0
2026-07-01,504.0,507.0,493.0,503.0,2509292.0,0.0
2026-07-02,493.5,511.0,493.5,510.0,1871742.0,0.0
2026-07-03,498.5,522.0,498.5,521.0,1954527.0,0.0
2026-07-06,523.0,528.0,506.0,515.0,1459304.0,0.0
2026-07-07,519.0,522.0,493.0,496.5,1786365.0,0.0
2026-07-08,546.0,546.0,533.0,546.0,7748196.0,0.0
2026-07-09,547.0,562.0,537.0,540.0,6665905.0,0.0
2026-07-10,540.0,540.0,540.0,540.0,0.0,0.0
2026-07-13,557.0,593.0,535.0,536.0,4391910.0,0.0
2026-07-14,552.0,553.0,508.0,529.0,2515530.0,0.0
2026-07-15,530.0,539.0,526.0,533.0,1877377.0,0.0
2026-07-16,530.0,531.0,520.0,530.0,2235822.0,0.0
2026-07-17,518.0,519.0,502.0,513.0,2484202.0,11.1586
2026-07-20,519.0,521.0,493.5,516.0,3768551.0,0.0
2026-07-21,525.0,567.0,519.0,567.0,4221525.0,0.0
2026-07-22,589.0,618.0,584.0,596.0,9289768.0,0.0
2026-07-23,605.0,607.0,582.0,600.0,3771821.0,0.0
2026-07-24,585.0,616.0,578.0,581.0,4103408.0,0.0
2026-07-27,586.0,588.0,557.0,577.0,3822237.0,0.0
2026-07-28,555.0,570.0,547.0,556.0,3235358.0,0.0
2026-07-29,549.0,565.0,529.0,550.0,5213740.0,0.0
2026-07-30,553.0,555.0,535.0,547.0,4216905.0,0.0
2026-07-31,599.0,599.0,549.0,563.0,7927613.0,0.0
2026-08-03,555.0,583.0,540.0,576.0,4302209.0,0.0
2026-08-04,567.0,588.0,564.0,576.0,3904785.0,0.0
2026-08-05,590.0,633.0,590.0,633.0,3978383.0,0.0
2026-08-06,670.0,672.0,614.0,622.0,10649688.0,0.0
2026-08-07,621.0,648.0,616.0,634.0,6127673.0,0.0
2026-08-10,648.0,695.0,648.0,667.0,7231606.0,0.0
2026-08-11,660.0,672.0,644.0,661.0,4061263.0,0.0
2026-08-12,672.0,699.0,667.0,686.0,5882929.0,0.0
2026-08-13,695.0,709.0,690.0,698.0,4048279.0,0.0
2026-08-14,690.0,699.0,676.0,683.0,3069232.0,0.0
2026-08-17,659.0,686.0,657.0,674.0,3413725.0,0.0
2026-08-18,674.0,682.0,666.0,679.0,3628679.0,0.0
2026-08-19,674.0,704.0,667.0,694.0,4634414.0,0.0
2026-08-20,698.0,698.0,667.0,673.0,3473074.0,0.0
2026-08-21,672.0,672.0,643.0,649.0,3927551.0,0.0
2026-08-24,660.0,670.0,652.0,658.0,1436806.0,0.0
2026-08-25,658.0,670.0,650.0,670.0,2135771.0,0.0
2026-08-26,666.0,693.0,665.0,688.0,2256286.0,0.0
2026-08-27,698.0,699.0,668.0,675.0,2038788.0,0.0
2026-08-28,680.0,685.0,667.0,669.0,1261324.0,0.0
2026-08-31,664.0,677.0,656.0,677.0,3253148.0,0.0
2026-09-01,689.0,715.0,679.0,711.0,4566165.0,0.0
2026-09-02,705.0,709.0,688.0,692.0,3096967.0,0.0
2026-09-03,706.0,715.0,673.0,674.0,2875122.0,0.0
2026-09-04,688.0,727.0,685.0,711.0,4842853.0,0.0
2026-09-07,727.0,727.0,677.0,680.0,3314212.0,0.0
2026-09-08,681.0,681.0,651.0,657.0,3843150.0,0.0
2026-09-09,653.0,663.0,645.0,653.0,2105505.0,0.0
2026-09-10,647.0,661.0,647.0,659.0,1468359.0,0.0
2026-09-11,655.0,695.0,650.0,674.0,4456335.0,0.0
2026-09-14,663.0,684.0,653.0,670.0,2589667.0,0.0
2026-09-15,696.0,705.0,683.0,685.0,3378806.0,0.0
2026-09-16,685.0,695.0,676.0,695.0,2220073.0,0.0
2026-09-17,692.0,700.0,686.0,686.0,2792229.0,0.0
2026-09-18,695.0,697.0,682.0,690.0,3322295.0,0.0
2026-09-21,688.0,712.0,688.0,706.0,1982657.0,0.0
2026-09-22,719.0,720.0,702.0,703.0,1678587.0,0.0
2026-09-23,715.0,721.0,695.0,701.0,1899962.0,0.0
2026-09-24,703.0,728.0,702.0,722.0,2649633.0,0.0
2026-09-29,714.0,754.0,712.0,730.0,3526124.0,0.0
2026-09-30,731.0,746.0,726.0,726.0,2129554.0,0.0
2026-10-01,731.0,734.0,718.0,723.0,1608354.0,0.0
2026-10-02,720.0,728.0,712.0,716.0,2253067.0,0.0
2026-10-05,735.0,746.0,725.0,740.0,2439863.0,0.0
