date,open,high,low,close,volume,dividend
2015-01-05,93.3,93.3,92.6,93.0,4423000.0,0.0
2015-01-06,92.7,92.9,92.1,92.5,6703000.0,0.0
2015-01-07,92.5,92.9,92.3,92.5,5999000.0,0.0
2015-01-08,93.2,93.3,92.7,92.8,6113000.0,0.0
2015-01-09,93.5,93.5,92.8,93.0,3736000.0,0.0
2015-01-12,93.0,93.7,92.8,93.7,4473000.0,0.0
2015-01-13,93.7,94.3,93.4,94.1,9856000.0,0.0
2015-01-14,94.1,94.2,93.6,93.9,5474000.0,0.0
2015-01-15,93.9,94.0,93.5,93.5,4054000.0,0.0
2015-01-16,93.9,94.0,92.8,93.8,5512000.0,0.0
2015-01-19,93.9,94.3,93.8,93.9,4714000.0,0.0
2015-01-20,94.0,94.4,93.9,94.4,8426000.0,0.0
2015-01-21,94.6,95.0,94.4,95.0,8883000.0,0.0
2015-01-22,95.0,95.3,94.8,95.3,8246000.0,0.0
2015-01-23,95.3,95.8,95.0,95.5,6644000.0,0.0
2015-01-26,95.3,95.3,94.9,95.3,4843000.0,0.0
2015-01-27,95.3,95.5,95.0,95.5,4419000.0,0.0
2015-01-28,95.1,95.5,95.0,95.5,6173000.0,0.0
2015-01-29,95.0,95.4,95.0,95.0,5128000.0,0.0
2015-01-30,95.4,95.5,94.8,95.5,6568000.0,0.0
2015-02-02,95.5,95.5,95.0,95.4,3058000.0,0.0
2015-02-03,95.4,95.5,95.0,95.5,5488000.0,0.0
2015-02-04,94.9,95.8,94.9,95.8,8210000.0,0.0
2015-02-05,95.9,96.0,95.5,96.0,7242000.0,0.0
2015-02-06,96.0,96.0,95.6,96.0,4403000.0,0.0
2015-02-09,96.0,96.0,95.1,95.6,4845000.0,0.0
2015-02-10,95.4,96.0,95.4,96.0,5295000.0,0.0
2015-02-11,96.0,96.0,95.7,96.0,6980000.0,0.0
2015-02-12,96.0,96.5,95.9,96.5,11181000.0,0.0
2015-02-13,96.3,97.0,96.3,96.9,11808000.0,0.0
2015-02-24,97.0,98.8,97.0,98.6,24435000.0,0.0
2015-02-25,98.6,98.9,98.3,98.9,19326000.0,0.0
2015-02-26,98.8,98.8,98.1,98.2,11482000.0,0.0
2015-03-02,98.3,98.4,97.6,98.0,10092000.0,0.0
2015-03-03,98.3,98.4,97.5,98.0,8112000.0,0.0
2015-03-04,98.0,98.0,97.5,98.0,6099000.0,0.0
2015-03-05,98.0,98.2,97.7,98.0,5945000.0,0.0
2015-03-06,98.0,98.1,97.7,98.0,7338000.0,0.0
2015-03-09,98.0,98.1,97.2,97.2,5683000.0,0.0
2015-03-10,98.0,98.0,97.1,97.3,6725000.0,0.0
2015-03-11,97.2,97.7,97.1,97.3,6624000.0,0.0
2015-03-12,97.7,98.0,97.4,97.5,8424000.0,0.0
2015-03-13,97.8,98.5,97.7,98.5,9150000.0,0.0
2015-03-16,98.5,98.5,98.0,98.0,5668000.0,0.0
2015-03-17,98.1,98.5,98.1,98.4,5946000.0,0.0
2015-03-18,98.3,98.7,98.2,98.6,9169000.0,0.0
2015-03-19,98.8,99.2,98.8,99.0,12324000.0,0.0
2015-03-20,99.0,99.1,98.7,99.1,8707000.0,0.0
2015-03-23,99.0,99.0,98.5,98.8,4418000.0,0.0
2015-03-24,99.0,99.7,98.6,99.7,8053000.0,0.0
2015-03-25,99.7,99.7,99.0,99.5,5116000.0,0.0
2015-03-26,99.0,99.8,98.9,99.8,6268000.0,0.0
2015-03-27,99.8,99.8,99.1,99.5,5811000.0,0.0
2015-03-30,99.5,99.7,99.0,99.5,6491000.0,0.0
2015-03-31,99.5,99.5,99.1,99.5,5707000.0,0.0
2015-04-01,99.7,99.7,98.7,98.7,4233000.0,0.0
2015-04-02,99.0,99.5,99.0,99.3,5342000.0,0.0
2015-04-07,99.3,99.5,98.8,98.8,4150000.0,0.0
2015-04-08,99.3,99.4,98.5,98.8,4413000.0,0.0
2015-04-09,99.2,99.4,98.8,99.1,3750000.0,0.0
2015-04-10,99.4,99.5,99.0,99.5,5218000.0,0.0
2015-04-13,99.4,99.6,99.2,99.6,3946000.0,0.0
2015-04-14,99.6,99.6,98.8,99.0,4818000.0,0.0
2015-04-15,98.5,99.1,96.8,97.5,16846000.0,0.0
2015-04-16,97.6,98.3,97.3,98.1,6660000.0,0.0
2015-04-17,97.4,98.1,97.4,97.6,4920000.0,0.0
2015-04-20,97.5,98.0,97.4,97.8,3263000.0,0.0
2015-04-21,97.5,98.1,97.5,98.0,5459000.0,0.0
2015-04-22,98.0,98.5,97.9,98.0,10824000.0,0.0
2015-04-23,98.2,99.2,98.2,98.8,8152000.0,0.0
2015-04-24,99.0,99.7,98.6,99.4,8969000.0,0.0
2015-04-27,99.4,99.4,98.9,99.3,4861000.0,0.0
2015-04-28,99.3,99.4,98.7,99.3,4797000.0,0.0
2015-04-29,99.2,99.6,98.7,99.4,8172000.0,0.0
2015-04-30,99.4,99.5,99.0,99.0,11168000.0,0.0
2015-05-04,99.0,99.2,98.7,99.0,3605000.0,0.0
2015-05-05,99.0,99.3,98.8,99.3,6471000.0,0.0
2015-05-06,99.2,99.4,98.8,99.4,5222000.0,0.0
2015-05-07,99.3,99.3,98.7,98.7,3641000.0,0.0
2015-05-08,98.9,99.1,98.5,98.9,5362000.0,0.0
2015-05-11,99.2,99.3,98.9,99.1,3989000.0,0.0
2015-05-12,99.3,99.4,99.1,99.1,6890000.0,0.0
2015-05-13,99.1,99.2,98.7,98.7,1965000.0,0.0
2015-05-14,99.0,99.0,98.2,98.4,5889000.0,0.0
2015-05-15,98.8,98.8,98.0,98.4,4774000.0,0.0
2015-05-18,98.4,98.5,98.0,98.4,4446000.0,0.0
2015-05-19,98.4,99.0,98.1,99.0,4759000.0,0.0
2015-05-20,99.0,99.0,98.2,98.5,5706000.0,0.0
2015-05-21,98.0,98.1,97.5,97.6,7782000.0,0.0
2015-05-22,98.1,98.2,97.7,98.2,3613000.0,0.0
2015-05-25,98.3,98.3,97.6,98.0,2792000.0,0.0
2015-05-26,98.6,98.6,97.6,97.8,3942000.0,0.0
2015-05-27,97.6,97.8,97.5,97.8,4617000.0,0.0
2015-05-28,97.6,97.8,97.1,97.3,8061000.0,0.0
2015-05-29,97.7,97.7,97.0,97.0,11850000.0,0.0
2015-06-01,97.0,97.5,97.0,97.1,4690000.0,0.0
2015-06-02,97.3,97.3,96.9,96.9,5746000.0,0.0
2015-06-03,96.9,97.2,96.2,96.6,6299000.0,0.0
2015-06-04,96.5,96.6,95.5,95.8,8744000.0,0.0
2015-06-05,95.7,96.6,95.5,96.0,8306000.0,0.0
2015-06-08,95.9,97.7,95.6,97.7,8310000.0,0.0
2015-06-09,97.0,97.5,96.9,97.0,6016000.0,0.0
2015-06-10,97.5,97.5,96.7,97.0,5099000.0,0.0
2015-06-11,97.5,97.5,96.8,97.5,4973000.0,0.0
2015-06-12,97.5,97.5,96.8,97.0,3998000.0,0.0
2015-06-15,97.0,97.1,96.5,96.6,2762000.0,0.0
2015-06-16,96.8,96.8,96.0,96.0,4442000.0,0.0
2015-06-17,96.1,96.5,95.7,95.7,7863000.0,0.0
2015-06-18,96.1,96.4,95.9,95.9,5887000.0,0.0
2015-06-22,96.2,97.2,96.2,96.7,5364000.0,0.0
2015-06-23,97.0,97.1,96.5,97.0,3640000.0,0.0
2015-06-24,97.0,97.2,96.8,97.2,4054000.0,0.0
2015-06-25,96.7,97.5,96.6,97.5,6662000.0,0.0
2015-06-26,97.6,97.7,96.9,97.5,4057000.0,0.0
2015-06-29,97.4,97.5,97.1,97.5,6966000.0,0.0
2015-06-30,97.5,98.4,97.1,98.4,10118000.0,0.0
2015-07-01,98.1,98.4,97.5,98.0,6050000.0,0.0
2015-07-02,98.3,98.3,97.8,98.1,5879000.0,0.0
2015-07-03,98.1,98.3,97.5,98.3,4349000.0,0.0
2015-07-06,98.3,98.5,98.1,98.3,4483000.0,0.0
2015-07-07,98.4,98.7,98.3,98.7,6199000.0,0.0
2015-07-08,98.5,98.7,97.7,98.0,8880000.0,0.0
2015-07-09,97.5,98.0,97.2,97.7,7931000.0,0.0
2015-07-10,97.7,97.7,97.7,97.7,0.0,0.0
2015-07-13,98.0,98.3,97.9,98.2,7947000.0,0.0
2015-07-14,98.2,98.6,98.2,98.2,8590000.0,0.0
2015-07-15,98.4,98.5,98.0,98.2,14896000.0,0.0
2015-07-16,94.2,94.9,94.1,94.9,15109000.0,4.8564
2015-07-17,95.0,95.2,95.0,95.1,6817000.0,0.0
2015-07-20,95.4,95.4,94.7,95.0,6178000.0,0.0
2015-07-21,95.0,95.3,94.8,95.1,7430000.0,0.0
2015-07-22,95.3,95.4,95.0,95.3,7497000.0,0.0
2015-07-23,95.3,95.4,94.9,95.4,6397000.0,0.0
2015-07-24,95.2,95.5,95.1,95.5,6315000.0,0.0
2015-07-27,95.4,96.0,95.2,96.0,11591000.0,0.0
2015-07-28,96.0,96.1,95.5,95.5,10489000.0,0.0
2015-07-29,95.5,96.0,95.5,96.0,6552000.0,0.0
2015-07-30,96.0,96.5,96.0,96.5,7565000.0,0.0
2015-07-31,96.8,98.0,96.7,98.0,14429000.0,0.0
2015-08-03,97.9,97.9,97.0,97.8,9036000.0,0.0
2015-08-04,98.0,98.9,97.8,98.9,21055000.0,0.0
2015-08-05,99.1,99.5,99.0,99.3,22634000.0,0.0
2015-08-06,99.5,99.7,98.3,98.6,16451000.0,0.0
2015-08-07,98.3,98.5,97.6,98.0,7317000.0,0.0
2015-08-10,98.5,99.0,98.0,98.2,6872000.0,0.0
2015-08-11,99.5,99.6,97.5,98.7,12003000.0,0.0
2015-08-12,99.0,99.0,98.6,99.0,12100000.0,0.0
2015-08-13,99.0,99.0,98.2,98.4,7908000.0,0.0
2015-08-14,98.4,98.5,97.4,97.5,8174000.0,0.0
2015-08-17,98.4,98.4,97.0,97.4,9637000.0,0.0
2015-08-18,98.4,98.8,97.8,98.4,14337000.0,0.0
2015-08-19,98.8,98.8,97.8,98.4,13374000.0,0.0
2015-08-20,98.4,98.5,97.4,97.9,11100000.0,0.0
2015-08-21,97.9,98.0,96.9,97.5,15827000.0,0.0
2015-08-24,96.9,96.9,93.1,95.1,38654000.0,0.0
2015-08-25,93.8,95.5,93.8,95.3,19274000.0,0.0
2015-08-26,95.0,95.3,94.4,95.1,21846000.0,0.0
2015-08-27,95.3,96.1,94.9,96.1,19003000.0,0.0
2015-08-28,96.1,96.4,95.6,96.1,14933000.0,0.0
2015-08-31,96.1,98.8,96.0,98.8,17510000.0,0.0
2015-09-01,98.3,98.3,96.9,97.4,11674000.0,0.0
2015-09-02,96.9,97.7,96.5,97.0,10393000.0,0.0
2015-09-03,98.0,98.0,97.0,97.3,11012000.0,0.0
2015-09-04,97.3,97.9,96.8,97.5,7548000.0,0.0
2015-09-07,97.5,97.8,96.5,97.5,5952000.0,0.0
2015-09-08,97.5,97.5,96.0,96.5,9886000.0,0.0
2015-09-09,97.6,97.8,96.8,97.5,15257000.0,0.0
2015-09-10,97.5,97.6,97.0,97.5,11762000.0,0.0
2015-09-11,97.8,98.0,97.3,98.0,12305000.0,0.0
2015-09-14,98.1,98.1,96.9,98.0,10660000.0,0.0
2015-09-15,98.4,98.4,97.7,98.4,11884000.0,0.0
2015-09-16,98.5,98.5,98.0,98.4,10798000.0,0.0
2015-09-17,98.4,98.5,98.0,98.5,12164000.0,0.0
2015-09-18,98.5,98.6,98.0,98.5,13878000.0,0.0
2015-09-21,98.3,98.3,97.0,97.5,7120000.0,0.0
2015-09-22,98.2,98.3,97.0,98.3,7866000.0,0.0
2015-09-23,97.8,97.9,97.1,97.7,8204000.0,0.0
2015-09-24,97.9,98.1,97.5,98.1,7345000.0,0.0
2015-09-25,98.1,98.1,97.4,98.0,9571000.0,0.0
2015-09-29,98.0,98.0,98.0,98.0,0.0,0.0
2015-09-30,98.5,99.0,98.0,98.8,22878000.0,0.0
2015-10-01,98.8,98.8,98.4,98.7,8015000.0,0.0
2015-10-02,99.0,99.0,98.7,99.0,7636000.0,0.0
2015-10-05,99.0,99.0,97.7,98.6,11125000.0,0.0
2015-10-06,98.6,98.8,98.3,98.6,7403000.0,0.0
2015-10-07,98.6,98.7,98.2,98.5,7684000.0,0.0
2015-10-08,98.5,98.6,97.9,98.5,10250000.0,0.0
2015-10-12,98.1,99.0,98.1,99.0,10870000.0,0.0
2015-10-13,98.9,99.0,98.7,98.9,10102000.0,0.0
2015-10-14,98.9,99.2,98.7,98.9,7286000.0,0.0
2015-10-15,99.2,99.5,99.1,99.3,11317000.0,0.0
2015-10-16,99.3,99.8,98.7,98.7,17004000.0,0.0
2015-10-19,99.3,99.9,98.9,99.8,11848000.0,0.0
2015-10-20,99.9,100.0,99.7,100.0,13040000.0,0.0
2015-10-21,100.0,100.5,99.1,99.8,11742000.0,0.0
2015-10-22,100.0,100.0,99.3,99.9,8063000.0,0.0
2015-10-23,100.0,100.5,99.8,100.0,11246000.0,0.0
2015-10-26,100.5,101.0,100.0,100.5,12972000.0,0.0
2015-10-27,100.0,101.0,99.8,100.5,11162000.0,0.0
2015-10-28,100.5,101.0,100.0,100.5,6734000.0,0.0
2015-10-29,100.5,101.0,100.0,100.5,6839000.0,0.0
2015-10-30,100.5,100.5,99.7,99.7,9343000.0,0.0
2015-11-02,99.6,100.5,99.5,100.5,5551000.0,0.0
2015-11-03,100.5,100.5,100.0,100.0,5768000.0,0.0
2015-11-04,100.0,101.0,99.7,100.0,11394000.0,0.0
2015-11-05,99.8,100.0,99.5,100.0,4665000.0,0.0
2015-11-06,100.0,100.0,98.8,99.0,9614000.0,0.0
2015-11-09,98.6,99.7,98.6,99.2,4962000.0,0.0
2015-11-10,98.6,98.9,98.1,98.5,6018000.0,0.0
2015-11-11,98.5,98.7,97.8,98.5,6988000.0,0.0
2015-11-12,98.0,99.1,98.0,99.0,7242000.0,0.0
2015-11-13,99.0,99.0,98.1,98.1,7609000.0,0.0
2015-11-16,98.1,98.1,97.3,97.3,8378000.0,0.0
2015-11-17,98.5,100.0,98.2,99.5,10539000.0,0.0
2015-11-18,99.5,100.0,98.7,98.8,8592000.0,0.0
2015-11-19,99.3,100.0,98.9,100.0,7857000.0,0.0
2015-11-20,99.2,99.8,99.1,99.3,5274000.0,0.0
2015-11-23,99.3,99.7,99.3,99.4,4285000.0,0.0
2015-11-24,99.2,99.5,99.0,99.0,5445000.0,0.0
2015-11-25,99.0,99.5,98.7,99.0,4870000.0,0.0
2015-11-26,99.5,100.0,99.1,99.3,6571000.0,0.0
2015-11-27,99.4,99.8,99.0,99.0,3555000.0,0.0
2015-11-30,98.5,99.8,98.2,99.8,21371000.0,0.0
2015-12-01,99.7,100.0,98.6,99.9,9517000.0,0.0
2015-12-02,99.5,99.9,99.1,99.1,4548000.0,0.0
2015-12-03,98.6,99.4,98.6,98.7,6525000.0,0.0
2015-12-04,98.8,99.1,98.5,99.0,6862000.0,0.0
2015-12-07,99.0,99.9,98.9,99.0,7023000.0,0.0
2015-12-08,99.0,99.0,98.3,98.6,10303000.0,0.0
2015-12-09,98.5,98.7,98.1,98.4,7394000.0,0.0
2015-12-10,98.1,98.5,97.8,98.5,10037000.0,0.0
2015-12-11,98.0,98.7,98.0,98.0,8645000.0,0.0
2015-12-14,97.8,98.0,97.6,97.8,7751000.0,0.0
2015-12-15,98.5,98.5,97.9,98.0,6205000.0,0.0
2015-12-16,99.0,99.0,98.0,98.0,4246000.0,0.0
2015-12-17,98.3,98.8,98.0,98.4,4036000.0,0.0
2015-12-18,98.6,98.8,98.4,98.5,7389000.0,0.0
2015-12-21,98.4,98.9,98.2,98.2,5979000.0,0.0
2015-12-22,98.8,99.4,98.5,99.4,9409000.0,0.0
2015-12-23,99.4,99.5,99.1,99.4,6432000.0,0.0
2015-12-24,99.5,99.5,99.1,99.4,4160000.0,0.0
2015-12-25,99.4,99.5,99.3,99.5,2006000.0,0.0
2015-12-28,99.5,99.5,99.2,99.5,4303000.0,0.0
2015-12-29,99.4,99.5,99.0,99.0,3255000.0,0.0
2015-12-30,99.2,99.4,99.0,99.1,4361000.0,0.0
2015-12-31,99.1,99.5,99.0,99.1,4193000.0,0.0
2016-01-04,99.1,99.1,97.9,98.2,12358000.0,0.0
2016-01-05,98.3,98.8,98.0,98.8,9638000.0,0.0
2016-01-06,98.7,99.0,98.0,98.7,13302000.0,0.0
2016-01-07,98.8,99.4,98.1,99.2,14235000.0,0.0
2016-01-08,98.6,99.8,98.4,99.4,19261000.0,0.0
2016-01-11,99.4,101.0,99.4,100.0,24901000.0,0.0
2016-01-12,100.5,101.0,100.0,101.0,15168000.0,0.0
2016-01-13,101.0,101.5,101.0,101.5,14818000.0,0.0
2016-01-14,101.0,103.0,101.0,102.5,22475000.0,0.0
2016-01-15,103.0,103.0,100.5,101.0,16203000.0,0.0
2016-01-18,100.0,101.0,99.5,100.0,9992000.0,0.0
2016-01-19,100.5,101.5,100.5,101.5,6781000.0,0.0
2016-01-20,101.0,102.0,100.0,101.5,9095000.0,0.0
2016-01-21,101.0,101.0,100.0,100.5,8261000.0,0.0
2016-01-22,101.5,101.5,100.0,100.5,6304000.0,0.0
2016-01-25,101.5,102.0,100.5,102.0,9570000.0,0.0
2016-01-26,100.5,102.0,100.5,102.0,8886000.0,0.0
2016-01-27,102.0,102.0,101.0,102.0,6291000.0,0.0
2016-01-28,102.0,102.5,101.5,102.5,12552000.0,0.0
2016-01-29,102.0,103.0,101.0,103.0,14904000.0,0.0
2016-02-01,103.0,103.0,102.0,103.0,9606000.0,0.0
2016-02-02,103.0,103.5,102.5,103.0,9568000.0,0.0
2016-02-03,102.0,103.0,101.5,103.0,8037000.0,0.0
2016-02-15,104.0,105.0,103.5,104.5,17018000.0,0.0
2016-02-16,104.5,105.0,104.0,105.0,12017000.0,0.0
2016-02-17,105.5,106.0,104.5,105.5,8781000.0,0.0
2016-02-18,105.5,105.5,104.0,104.5,8156000.0,0.0
2016-02-19,105.0,105.0,104.0,105.0,7260000.0,0.0
2016-02-22,105.0,105.0,103.0,104.0,11012000.0,0.0
2016-02-23,104.0,104.0,102.5,104.0,11339000.0,0.0
2016-02-24,103.5,104.0,102.0,103.0,10720000.0,0.0
2016-02-25,103.0,104.5,102.5,104.5,10315000.0,0.0
2016-02-26,104.5,105.0,103.5,104.5,14498000.0,0.0
2016-03-01,104.5,105.5,104.0,105.5,9516000.0,0.0
2016-03-02,105.5,106.0,105.0,105.5,5778000.0,0.0
2016-03-03,105.0,106.0,105.0,106.0,7813000.0,0.0
2016-03-04,105.5,106.0,105.0,106.0,5369000.0,0.0
2016-03-07,106.0,106.0,105.0,106.0,5954000.0,0.0
2016-03-08,105.5,105.5,104.0,105.0,9059000.0,0.0
2016-03-09,104.5,105.5,104.5,105.5,4355000.0,0.0
2016-03-10,105.5,106.0,105.0,106.0,6862000.0,0.0
2016-03-11,106.0,106.5,105.0,106.0,7566000.0,0.0
2016-03-14,106.5,106.5,105.5,106.0,13306000.0,0.0
2016-03-15,105.5,107.0,105.5,107.0,8262000.0,0.0
2016-03-16,107.0,107.5,106.5,107.5,10742000.0,0.0
2016-03-17,107.0,108.0,107.0,108.0,12239000.0,0.0
2016-03-18,108.0,109.0,108.0,108.5,15814000.0,0.0
2016-03-21,108.5,109.0,108.0,108.0,11890000.0,0.0
2016-03-22,108.0,109.0,107.5,109.0,14334000.0,0.0
2016-03-23,108.0,109.0,108.0,109.0,10575000.0,0.0
2016-03-24,109.0,110.0,108.5,110.0,10062000.0,0.0
2016-03-25,110.0,111.0,109.5,110.5,8816000.0,0.0
2016-03-28,110.5,110.5,109.5,109.5,4989000.0,0.0
2016-03-29,109.5,109.5,107.5,109.0,8954000.0,0.0
2016-03-30,109.5,110.5,109.0,110.5,8702000.0,0.0
2016-03-31,110.0,110.5,109.5,109.5,9189000.0,0.0
2016-04-01,109.0,109.5,108.0,109.5,7350000.0,0.0
2016-04-06,108.5,109.0,107.0,107.0,10901000.0,0.0
2016-04-07,107.5,108.5,107.0,108.0,7975000.0,0.0
2016-04-08,107.5,109.0,107.0,108.5,7758000.0,0.0
2016-04-11,108.5,109.5,107.5,109.5,6152000.0,0.0
2016-04-12,109.5,110.0,109.0,109.5,4617000.0,0.0
2016-04-13,109.5,110.0,109.0,110.0,5529000.0,0.0
2016-04-14,110.0,110.0,109.5,109.5,5700000.0,0.0
2016-04-15,109.5,110.5,109.5,110.5,6124000.0,0.0
2016-04-18,110.5,111.0,109.5,111.0,5278000.0,0.0
2016-04-19,111.0,111.0,109.5,109.5,6757000.0,0.0
2016-04-20,110.0,110.5,108.5,109.0,12250000.0,0.0
2016-04-21,109.5,110.0,109.5,110.0,7203000.0,0.0
2016-04-22,110.0,110.5,109.5,110.5,8356000.0,0.0
2016-04-25,110.5,111.5,110.0,111.5,7459000.0,0.0
2016-04-26,111.5,111.5,110.0,110.0,9735000.0,0.0
2016-04-27,110.0,110.5,109.5,110.0,7305000.0,0.0
2016-04-28,110.0,110.0,109.0,109.0,9369000.0,0.0
2016-04-29,109.0,109.5,108.5,109.0,12998000.0,0.0
2016-05-03,110.0,110.5,109.0,110.5,7371000.0,0.0
2016-05-04,110.5,110.5,109.5,110.5,9310000.0,0.0
2016-05-05,110.0,110.5,109.5,109.5,6123000.0,0.0
2016-05-06,110.0,110.0,108.5,110.0,14557000.0,0.0
2016-05-09,109.5,110.5,109.0,110.5,5863000.0,0.0
2016-05-10,110.5,111.0,110.0,111.0,9054000.0,0.0
2016-05-11,111.0,111.0,110.0,110.5,7996000.0,0.0
2016-05-12,110.5,111.5,110.0,111.5,9828000.0,0.0
2016-05-13,111.0,112.0,110.5,112.0,11278000.0,0.0
2016-05-16,111.5,112.0,110.5,110.5,10174000.0,0.0
2016-05-17,110.5,111.0,110.0,110.5,4768000.0,0.0
2016-05-18,110.5,111.0,110.0,111.0,7124000.0,0.0
2016-05-19,110.5,111.0,109.5,109.5,8190000.0,0.0
2016-05-20,109.5,110.5,109.5,110.0,5289000.0,0.0
2016-05-23,110.0,110.5,109.0,110.0,6703000.0,0.0
2016-05-24,109.5,110.5,109.5,110.5,7373000.0,0.0
2016-05-25,110.0,110.5,110.0,110.5,5416000.0,0.0
2016-05-26,110.0,110.5,109.5,110.0,5369000.0,0.0
2016-05-27,110.0,110.5,109.5,110.5,5108000.0,0.0
2016-05-30,110.5,110.5,109.5,110.0,6855000.0,0.0
2016-05-31,109.5,110.0,109.0,110.0,25022000.0,0.0
2016-06-01,110.0,111.0,109.5,110.5,7952000.0,0.0
2016-06-02,110.5,111.0,110.0,111.0,6738000.0,0.0
2016-06-03,111.0,112.0,110.5,112.0,7044000.0,0.0
2016-06-06,112.0,112.0,111.5,112.0,6109000.0,0.0
2016-06-07,112.0,113.0,111.5,112.5,7181000.0,0.0
2016-06-08,112.5,113.5,112.0,113.0,9451000.0,0.0
2016-06-13,113.0,113.0,111.5,112.0,6733000.0,0.0
2016-06-14,112.0,113.0,111.5,112.0,6114000.0,0.0
2016-06-15,112.0,113.0,111.5,112.5,7120000.0,0.0
2016-06-16,112.5,112.5,112.0,112.0,5221000.0,0.0
2016-06-17,112.0,113.0,111.5,112.5,7386000.0,0.0
2016-06-20,112.5,113.0,112.0,113.0,6267000.0,0.0
2016-06-21,113.0,113.5,112.5,113.0,5145000.0,0.0
2016-06-22,113.0,113.5,112.5,113.5,5029000.0,0.0
2016-06-23,113.5,113.5,113.0,113.0,3808000.0,0.0
2016-06-24,113.0,113.0,110.5,112.5,13166000.0,0.0
2016-06-27,112.5,113.0,112.0,112.0,7018000.0,0.0
2016-06-28,112.5,113.0,112.0,112.5,688000.0,0.0
2016-06-29,113.0,114.0,112.5,114.0,8208000.0,0.0
2016-06-30,114.0,116.5,113.5,116.5,14445000.0,0.0
2016-07-01,116.5,119.0,116.0,118.0,15656000.0,0.0
2016-07-04,118.0,119.0,117.5,119.0,5013000.0,0.0
2016-07-05,118.5,118.5,117.5,118.0,8486000.0,0.0
2016-07-06,117.5,118.0,116.5,117.5,10246000.0,0.0
2016-07-07,117.5,118.5,117.0,118.0,6751000.0,0.0
2016-07-08,118.0,118.0,118.0,118.0,0.0,0.0
2016-07-11,119.0,123.0,118.5,122.5,21906000.0,0.0
2016-07-12,122.5,125.5,122.5,123.5,22549000.0,0.0
2016-07-13,123.5,124.0,121.5,121.5,18271000.0,0.0
2016-07-14,121.0,121.5,119.5,120.0,15669000.0,0.0
2016-07-15,120.0,123.0,120.0,123.0,10859000.0,0.0
2016-07-18,123.0,124.0,122.5,124.0,16263000.0,0.0
2016-07-19,124.0,124.0,123.0,123.5,13241000.0,0.0
2016-07-20,123.0,124.0,122.0,123.0,21760000.0,0.0
2016-07-21,119.0,119.5,118.5,118.5,20953000.0,5.4852
2016-07-22,119.0,119.0,116.0,116.0,16513000.0,0.0
2016-07-25,116.5,117.0,114.5,116.0,15925000.0,0.0
2016-07-26,116.0,116.0,115.0,116.0,12684000.0,0.0
2016-07-27,116.0,116.5,115.5,116.5,9854000.0,0.0
2016-07-28,116.5,116.5,115.0,116.5,12278000.0,0.0
2016-07-29,115.0,115.5,113.5,113.5,14108000.0,0.0
2016-08-01,114.0,116.0,114.0,115.0,7064000.0,0.0
2016-08-02,115.5,116.0,114.5,115.0,6487000.0,0.0
2016-08-03,114.0,116.0,114.0,115.5,4426000.0,0.0
2016-08-04,115.5,115.5,115.0,115.5,2828000.0,0.0
2016-08-05,115.5,116.0,115.0,115.0,5413000.0,0.0
2016-08-08,116.0,116.5,115.5,116.5,7381000.0,0.0
2016-08-09,116.0,117.0,115.5,116.5,8512000.0,0.0
2016-08-10,116.5,117.0,116.0,116.5,5822000.0,0.0
2016-08-11,115.5,116.5,115.5,116.5,9656000.0,0.0
2016-08-12,115.5,116.5,114.5,115.0,13582000.0,0.0
2016-08-15,115.5,116.0,115.0,115.5,6007000.0,0.0
2016-08-16,115.5,116.0,115.0,115.0,9299000.0,0.0
2016-08-17,115.0,115.5,113.5,113.5,19972000.0,0.0
2016-08-18,114.0,114.5,113.5,113.5,10105000.0,0.0
2016-08-19,113.5,114.5,113.0,113.5,14983000.0,0.0
2016-08-22,113.5,115.0,113.0,114.0,7154000.0,0.0
2016-08-23,115.0,116.0,114.5,115.0,7101000.0,0.0
2016-08-24,115.0,116.0,114.5,115.5,5127000.0,0.0
2016-08-25,115.5,116.5,115.5,116.5,8425000.0,0.0
2016-08-26,116.0,117.0,116.0,116.0,4286000.0,0.0
2016-08-29,116.5,116.5,115.0,115.5,5938000.0,0.0
2016-08-30,115.0,116.0,115.0,115.0,5730000.0,0.0
2016-08-31,115.0,115.5,114.0,114.5,11321000.0,0.0
2016-09-01,114.0,114.5,113.0,113.0,16972000.0,0.0
2016-09-02,113.0,114.0,112.5,113.0,13224000.0,0.0
2016-09-05,113.5,115.0,113.5,114.0,5838000.0,0.0
2016-09-06,114.0,115.0,114.0,114.5,8935000.0,0.0
2016-09-07,114.5,115.5,114.5,114.5,6722000.0,0.0
2016-09-08,114.5,115.0,114.0,114.0,8303000.0,0.0
2016-09-09,113.5,114.0,113.5,113.5,10273000.0,0.0
2016-09-12,113.0,113.0,112.5,113.0,13312000.0,0.0
2016-09-13,112.5,113.0,111.5,112.0,15495000.0,0.0
2016-09-14,112.0,112.0,111.0,111.5,14859000.0,0.0
2016-09-19,111.0,112.0,111.0,111.5,18476000.0,0.0
2016-09-20,111.5,112.0,111.0,111.5,17143000.0,0.0
2016-09-21,111.5,112.0,111.5,111.5,7631000.0,0.0
2016-09-22,112.5,112.5,111.5,111.5,15047000.0,0.0
2016-09-23,112.0,112.0,111.0,111.5,12799000.0,0.0
2016-09-26,111.5,112.0,111.5,112.0,9193000.0,0.0
2016-09-27,112.0,112.0,112.0,112.0,0.0,0.0
2016-09-28,112.0,112.0,112.0,112.0,0.0,0.0
2016-09-29,111.5,112.0,111.5,112.0,17065000.0,0.0
2016-09-30,111.5,112.0,110.0,111.0,20495000.0,0.0
2016-10-03,110.5,111.5,110.0,111.0,7424000.0,0.0
2016-10-04,111.0,112.0,110.5,112.0,14388000.0,0.0
2016-10-05,111.5,112.5,111.5,112.0,11667000.0,0.0
2016-10-06,111.5,112.5,111.5,112.5,12482000.0,0.0
2016-10-07,112.0,112.5,112.0,112.0,10400000.0,0.0
2016-10-11,111.5,112.5,111.5,112.0,15518000.0,0.0
2016-10-12,111.5,112.5,111.5,112.0,12065000.0,0.0
2016-10-13,111.5,112.5,111.5,112.0,13375000.0,0.0
2016-10-14,111.5,112.0,111.5,111.5,15289000.0,0.0
2016-10-17,111.5,112.5,111.5,112.5,6935000.0,0.0
2016-10-18,112.0,112.5,112.0,112.5,7309000.0,0.0
2016-10-19,112.0,112.5,111.5,111.5,11026000.0,0.0
2016-10-20,111.5,112.0,111.5,111.5,10240000.0,0.0
2016-10-21,111.5,112.0,111.5,112.0,10424000.0,0.0
2016-10-24,111.5,112.5,111.5,112.5,8008000.0,0.0
2016-10-25,112.5,112.5,111.5,111.5,8491000.0,0.0
2016-10-26,111.5,112.0,111.5,111.5,11691000.0,0.0
2016-10-27,111.5,112.0,111.0,111.0,18503000.0,0.0
2016-10-28,110.0,110.5,110.0,110.5,19903000.0,0.0
2016-10-31,110.0,110.5,108.0,108.0,33586000.0,0.0
2016-11-01,108.0,109.5,107.0,109.0,19826000.0,0.0
2016-11-02,108.0,108.5,107.5,108.0,16464000.0,0.0
2016-11-03,108.0,109.5,107.5,108.5,15748000.0,0.0
2016-11-04,108.0,108.5,108.0,108.0,11327000.0,0.0
2016-11-07,108.5,109.5,108.0,108.5,13604000.0,0.0
2016-11-08,108.5,110.5,108.0,110.0,13679000.0,0.0
2016-11-09,110.0,111.0,109.0,109.0,16726000.0,0.0
2016-11-10,109.5,110.0,109.0,109.0,14792000.0,0.0
2016-11-11,108.0,108.5,107.0,107.0,24290000.0,0.0
2016-11-14,106.5,106.5,105.0,105.0,24207000.0,0.0
2016-11-15,104.5,105.0,104.0,104.0,26784000.0,0.0
2016-11-16,104.0,107.0,104.0,106.0,18405000.0,0.0
2016-11-17,105.0,106.0,105.0,105.5,11551000.0,0.0
2016-11-18,105.5,106.0,105.5,105.5,7151000.0,0.0
2016-11-21,105.5,106.0,105.0,105.0,6356000.0,0.0
2016-11-22,105.0,107.0,105.0,106.0,12002000.0,0.0
2016-11-23,106.0,108.5,106.0,107.5,11359000.0,0.0
2016-11-24,107.5,108.0,107.0,107.5,7457000.0,0.0
2016-11-25,107.5,108.0,107.0,107.5,5554000.0,0.0
2016-11-28,107.5,108.0,107.5,107.5,6201000.0,0.0
2016-11-29,107.5,108.5,107.5,107.5,9210000.0,0.0
2016-11-30,107.5,108.0,107.5,107.5,19632000.0,0.0
2016-12-01,107.5,108.0,106.5,106.5,14430000.0,0.0
2016-12-02,106.0,106.5,105.5,106.0,12727000.0,0.0
2016-12-05,106.5,107.0,105.5,106.0,12902000.0,0.0
2016-12-06,106.5,107.0,106.0,106.0,7476000.0,0.0
2016-12-07,106.0,106.5,105.5,106.0,11243000.0,0.0
2016-12-08,107.0,107.0,105.5,106.0,17582000.0,0.0
2016-12-09,105.5,106.0,104.5,105.0,25354000.0,0.0
2016-12-12,105.0,106.0,104.5,105.0,7525000.0,0.0
2016-12-13,105.0,105.5,104.5,104.5,11169000.0,0.0
2016-12-14,105.0,105.5,104.0,104.5,13223000.0,0.0
2016-12-15,104.5,104.5,103.0,104.0,17534000.0,0.0
2016-12-16,104.0,104.0,102.0,103.0,24844000.0,0.0
2016-12-19,102.5,103.0,101.0,101.5,18916000.0,0.0
2016-12-20,101.0,101.5,100.5,101.5,18110000.0,0.0
2016-12-21,101.5,102.0,101.0,101.0,12466000.0,0.0
2016-12-22,101.0,101.5,100.5,101.0,11994000.0,0.0
2016-12-23,101.0,101.0,100.5,101.0,7542000.0,0.0
2016-12-26,101.0,101.5,100.5,101.0,6785000.0,0.0
2016-12-27,101.5,101.5,100.5,101.0,5687000.0,0.0
2016-12-28,101.0,101.5,100.5,101.5,7924000.0,0.0
2016-12-29,101.5,102.5,101.0,101.5,13402000.0,0.0
2016-12-30,101.5,102.5,101.5,101.5,9513000.0,0.0
2017-01-03,102.0,102.5,101.5,102.5,4197000.0,0.0
2017-01-04,102.5,104.0,102.5,103.5,9280000.0,0.0
2017-01-05,104.0,104.5,103.0,104.5,8329000.0,0.0
2017-01-06,104.5,104.5,102.5,103.0,13761000.0,0.0
2017-01-09,102.5,102.5,102.0,102.0,9311000.0,0.0
2017-01-10,101.5,102.5,101.5,102.0,8622000.0,0.0
2017-01-11,102.5,102.5,101.5,101.5,8803000.0,0.0
2017-01-12,101.5,103.5,101.5,102.0,11494000.0,0.0
2017-01-13,102.5,103.0,102.0,102.0,8789000.0,0.0
2017-01-16,102.0,102.5,102.0,102.0,4208000.0,0.0
2017-01-17,102.0,103.0,102.0,102.5,3695000.0,0.0
2017-01-18,102.5,103.0,101.5,101.5,16849000.0,0.0
2017-01-19,101.5,102.0,101.0,101.0,12900000.0,0.0
2017-01-20,101.0,101.5,101.0,101.5,10583000.0,0.0
2017-01-23,102.0,102.0,101.5,101.5,6640000.0,0.0
2017-01-24,101.5,104.0,101.5,102.0,12166000.0,0.0
2017-02-02,100.0,100.5,99.5,100.0,43766000.0,0.0
2017-02-03,100.0,100.5,99.9,100.0,17681000.0,0.0
2017-02-06,100.5,101.0,100.0,100.5,7633000.0,0.0
2017-02-07,100.5,101.0,100.5,101.0,6667000.0,0.0
2017-02-08,101.0,101.0,100.5,100.5,10681000.0,0.0
2017-02-09,100.5,101.0,100.0,100.0,10109000.0,0.0
2017-02-10,100.5,101.5,100.0,101.0,14562000.0,0.0
2017-02-13,101.5,101.5,100.5,101.0,7699000.0,0.0
2017-02-14,101.0,101.5,100.5,101.0,9982000.0,0.0
2017-02-15,101.0,101.5,101.0,101.0,11958000.0,0.0
2017-02-16,101.5,102.0,101.0,101.0,10673000.0,0.0
2017-02-17,101.5,102.0,101.0,101.0,8876000.0,0.0
2017-02-20,102.0,102.0,101.0,101.5,9384000.0,0.0
2017-02-21,101.5,102.0,101.0,101.0,12931000.0,0.0
2017-02-22,101.5,101.5,101.0,101.0,14673000.0,0.0
2017-02-23,101.0,102.0,101.0,102.0,7403000.0,0.0
2017-02-24,101.5,102.5,101.5,102.0,12677000.0,0.0
2017-03-01,101.5,102.0,101.5,101.5,12098000.0,0.0
2017-03-02,101.5,102.5,101.5,102.0,12663000.0,0.0
2017-03-03,102.0,103.0,101.5,102.5,12977000.0,0.0
2017-03-06,102.5,103.0,102.0,102.5,6458000.0,0.0
2017-03-07,102.5,103.0,102.5,102.5,6780000.0,0.0
2017-03-08,103.0,103.5,103.0,103.0,5895000.0,0.0
2017-03-09,103.5,104.0,103.0,103.5,11214000.0,0.0
2017-03-10,103.5,103.5,103.0,103.0,5725000.0,0.0
2017-03-13,103.5,103.5,103.0,103.5,5581000.0,0.0
2017-03-14,103.5,104.0,103.0,103.5,6174000.0,0.0
2017-03-15,103.5,104.0,103.0,103.0,7595000.0,0.0
2017-03-16,103.5,104.0,103.5,104.0,5948000.0,0.0
2017-03-17,104.0,105.0,104.0,105.0,9317000.0,0.0
2017-03-20,105.0,106.0,104.5,106.0,10862000.0,0.0
2017-03-21,106.0,106.5,105.5,106.0,11455000.0,0.0
2017-03-22,105.5,105.5,104.5,104.5,11321000.0,0.0
2017-03-23,104.5,105.0,104.5,104.5,7230000.0,0.0
2017-03-24,104.5,105.0,103.5,104.5,9374000.0,0.0
2017-03-27,104.5,105.0,104.0,105.0,5635000.0,0.0
2017-03-28,105.5,105.5,104.5,105.0,8589000.0,0.0
2017-03-29,105.0,105.5,104.0,104.0,10372000.0,0.0
2017-03-30,104.5,104.5,104.0,104.0,10758000.0,0.0
2017-03-31,104.5,104.5,102.0,103.0,21697000.0,0.0
2017-04-05,103.0,103.5,103.0,103.5,11963000.0,0.0
2017-04-06,103.5,104.0,103.0,104.0,3944000.0,0.0
2017-04-07,103.5,104.5,103.5,104.5,5145000.0,0.0
2017-04-10,104.0,104.5,104.0,104.0,2747000.0,0.0
2017-04-11,104.0,104.5,103.5,103.5,8764000.0,0.0
2017-04-12,103.5,104.0,103.0,103.5,5820000.0,0.0
2017-04-13,103.5,104.0,103.5,103.5,5176000.0,0.0
2017-04-14,103.5,104.0,103.5,103.5,3683000.0,0.0
2017-04-17,103.5,104.5,103.5,104.5,6294000.0,0.0
2017-04-18,104.5,104.5,103.5,104.0,6487000.0,0.0
2017-04-19,103.5,104.0,102.5,103.0,13549000.0,0.0
2017-04-20,103.0,103.0,102.5,102.5,9750000.0,0.0
2017-04-21,103.0,103.0,102.5,103.0,7386000.0,0.0
2017-04-24,103.0,103.5,102.5,103.0,5584000.0,0.0
2017-04-25,103.0,103.5,102.5,103.5,5561000.0,0.0
2017-04-26,103.5,103.5,103.0,103.0,9894000.0,0.0
2017-04-27,103.0,103.5,102.5,103.0,3905000.0,0.0
2017-04-28,103.0,103.0,102.0,102.0,15455000.0,0.0
2017-05-02,102.5,103.0,102.0,103.0,9541000.0,0.0
2017-05-03,103.0,103.5,103.0,103.5,3133000.0,0.0
2017-05-04,103.5,104.0,103.0,104.0,8338000.0,0.0
2017-05-05,104.0,104.0,103.5,103.5,4079000.0,0.0
2017-05-08,104.0,105.0,103.5,104.5,13366000.0,0.0
2017-05-09,105.0,105.5,104.5,105.0,11468000.0,0.0
2017-05-10,105.0,105.5,104.5,104.5,7058000.0,0.0
2017-05-11,105.0,105.0,104.5,104.5,6191000.0,0.0
2017-05-12,104.5,105.5,104.5,105.5,7075000.0,0.0
2017-05-15,105.5,106.0,105.0,106.0,9737000.0,0.0
2017-05-16,106.0,106.5,105.5,106.0,10451000.0,0.0
2017-05-17,106.0,106.0,104.5,106.0,10745000.0,0.0
2017-05-18,105.5,106.0,105.0,106.0,9417000.0,0.0
2017-05-19,106.0,106.0,105.5,105.5,5324000.0,0.0
2017-05-22,105.5,106.0,105.5,106.0,5039000.0,0.0
2017-05-23,106.0,106.0,105.5,106.0,7913000.0,0.0
2017-05-24,106.0,106.5,105.5,106.0,7804000.0,0.0
2017-05-25,106.0,107.0,106.0,107.0,10541000.0,0.0
2017-05-26,107.0,107.5,106.5,107.0,8735000.0,0.0
2017-05-31,107.5,108.0,107.0,107.5,15752000.0,0.0
2017-06-01,108.0,108.5,107.5,108.0,10326000.0,0.0
2017-06-02,108.0,108.5,107.0,108.0,7323000.0,0.0
2017-06-05,107.5,108.0,107.5,108.0,6802000.0,0.0
2017-06-06,108.0,108.0,107.5,108.0,7962000.0,0.0
2017-06-07,108.0,108.5,107.5,107.5,8840000.0,0.0
2017-06-08,108.0,108.5,108.0,108.5,6506000.0,0.0
2017-06-09,108.5,109.0,108.0,108.0,7282000.0,0.0
2017-06-12,108.5,109.0,108.0,108.0,8610000.0,0.0
2017-06-13,108.0,108.5,107.5,108.0,5931000.0,0.0
2017-06-14,108.0,108.5,107.5,108.0,9389000.0,0.0
2017-06-15,108.0,108.5,107.5,108.5,8560000.0,0.0
2017-06-16,107.5,108.0,107.5,107.5,5616000.0,0.0
2017-06-19,107.5,108.0,107.5,108.0,5930000.0,0.0
2017-06-20,108.0,108.0,107.5,107.5,6514000.0,0.0
2017-06-21,107.5,108.5,107.0,107.5,12736000.0,0.0
2017-06-22,108.0,108.5,107.5,108.5,8722000.0,0.0
2017-06-23,108.5,108.5,108.0,108.5,5932000.0,0.0
2017-06-26,108.5,109.0,108.0,109.0,10404000.0,0.0
2017-06-27,109.0,109.0,108.0,109.0,9641000.0,0.0
2017-06-28,108.5,109.0,108.0,108.5,7430000.0,0.0
2017-06-29,108.5,109.0,107.5,108.0,6214000.0,0.0
2017-06-30,107.5,108.5,106.5,108.0,12153000.0,0.0
2017-07-03,108.0,109.0,107.5,109.0,6824000.0,0.0
2017-07-04,108.5,109.0,108.0,108.0,8087000.0,0.0
2017-07-05,108.0,109.0,108.0,109.0,8295000.0,0.0
2017-07-06,109.0,109.0,108.5,108.5,7754000.0,0.0
2017-07-07,108.5,109.0,108.0,108.5,7371000.0,0.0
2017-07-10,108.5,109.0,108.0,108.5,8210000.0,0.0
2017-07-11,108.5,109.0,108.0,109.0,18377000.0,0.0
2017-07-12,109.0,109.5,108.5,109.0,16891000.0,0.0
2017-07-13,109.0,109.5,109.0,109.5,17433000.0,0.0
2017-07-14,109.5,110.0,109.0,109.5,10939000.0,0.0
2017-07-17,109.5,110.5,109.5,110.0,20865000.0,0.0
2017-07-18,110.0,111.0,109.5,110.5,13831000.0,0.0
2017-07-19,110.5,111.0,109.5,110.0,15415000.0,0.0
2017-07-20,110.0,110.0,109.0,109.5,20628000.0,0.0
2017-07-21,104.5,105.0,103.5,103.5,16726000.0,4.9419
2017-07-24,103.5,104.0,103.0,103.5,13836000.0,0.0
2017-07-25,103.5,104.0,103.0,103.5,6314000.0,0.0
2017-07-26,103.5,104.0,103.0,103.5,7481000.0,0.0
2017-07-27,103.5,104.0,103.0,103.5,7548000.0,0.0
2017-07-28,103.5,103.5,102.5,103.0,8962000.0,0.0
2017-07-31,103.0,103.0,102.0,102.0,12807000.0,0.0
2017-08-01,102.5,102.5,102.0,102.0,11889000.0,0.0
2017-08-02,102.5,102.5,101.5,102.0,12326000.0,0.0
2017-08-03,101.5,102.0,101.5,102.0,7972000.0,0.0
2017-08-04,102.0,102.5,102.0,102.5,4476000.0,0.0
2017-08-07,102.5,102.5,102.0,102.0,5731000.0,0.0
2017-08-08,102.0,102.5,102.0,102.5,4422000.0,0.0
2017-08-09,102.5,102.5,102.0,102.0,4495000.0,0.0
2017-08-10,102.0,102.5,102.0,102.0,6505000.0,0.0
2017-08-11,102.0,102.5,101.5,102.0,5283000.0,0.0
2017-08-14,102.5,102.5,102.0,102.0,4386000.0,0.0
2017-08-15,102.0,102.5,102.0,102.5,3379000.0,0.0
2017-08-16,102.5,102.5,102.0,102.5,5785000.0,0.0
2017-08-17,102.5,102.5,102.0,102.5,2761000.0,0.0
2017-08-18,103.0,103.0,102.5,102.5,4922000.0,0.0
2017-08-21,103.0,103.0,102.5,102.5,2557463.0,0.0
2017-08-22,103.0,103.0,102.5,103.0,2948346.0,0.0
2017-08-23,103.0,103.0,102.5,103.0,6140636.0,0.0
2017-08-24,103.0,103.0,102.5,103.0,5042088.0,0.0
2017-08-25,103.0,103.5,102.5,103.5,3631409.0,0.0
2017-08-28,103.5,104.0,103.5,104.0,6190586.0,0.0
2017-08-29,104.0,104.0,103.5,104.0,5876780.0,0.0
2017-08-30,104.0,104.5,104.0,104.5,6455890.0,0.0
2017-08-31,104.5,105.0,104.0,105.0,8825402.0,0.0
2017-09-01,104.5,105.0,104.5,104.5,6094347.0,0.0
2017-09-04,104.5,105.0,104.5,105.0,4677747.0,0.0
2017-09-05,105.0,105.0,104.0,104.5,8637350.0,0.0
2017-09-06,104.5,105.0,104.0,104.0,5518144.0,0.0
2017-09-07,104.0,104.5,104.0,104.5,5067988.0,0.0
2017-09-08,104.5,105.0,104.0,105.0,8875624.0,0.0
2017-09-11,104.5,105.0,104.5,104.5,4819124.0,0.0
2017-09-12,105.0,105.0,104.5,104.5,5463326.0,0.0
2017-09-13,104.5,105.0,104.0,104.0,4413875.0,0.0
2017-09-14,104.0,104.5,104.0,104.0,3699240.0,0.0
2017-09-15,104.0,104.5,104.0,104.5,6608850.0,0.0
2017-09-18,104.0,104.5,104.0,104.0,3946682.0,0.0
2017-09-19,104.0,104.0,103.5,104.0,4847388.0,0.0
2017-09-20,103.5,104.0,103.5,104.0,6619402.0,0.0
2017-09-21,103.5,104.0,103.5,103.5,3653473.0,0.0
2017-09-22,103.5,104.0,103.0,103.5,3434160.0,0.0
2017-09-25,103.5,103.5,102.5,103.0,6036855.0,0.0
2017-09-26,103.0,103.5,102.5,103.0,4925839.0,0.0
2017-09-27,103.0,103.5,102.5,103.0,5283574.0,0.0
2017-09-28,103.5,104.0,103.0,103.0,7805724.0,0.0
2017-09-29,103.5,104.5,103.0,104.5,5410930.0,0.0
2017-10-02,104.5,104.5,103.0,103.5,7256477.0,0.0
2017-10-03,103.5,103.5,103.0,103.0,7922513.0,0.0
2017-10-05,103.0,103.5,103.0,103.0,7780807.0,0.0
2017-10-06,103.0,103.5,103.0,103.0,6934426.0,0.0
2017-10-11,103.0,103.5,102.5,103.0,14548823.0,0.0
2017-10-12,103.0,103.5,103.0,103.0,8574303.0,0.0
2017-10-13,103.0,103.5,103.0,103.5,6605198.0,0.0
2017-10-16,103.5,103.5,103.0,103.0,9368569.0,0.0
2017-10-17,103.5,103.5,103.0,103.5,9365520.0,0.0
2017-10-18,103.5,103.5,103.0,103.0,10460934.0,0.0
2017-10-19,103.0,103.5,102.5,102.5,8910637.0,0.0
2017-10-20,102.5,103.0,102.5,102.5,9295968.0,0.0
2017-10-23,103.0,103.0,102.5,103.0,4602581.0,0.0
2017-10-24,103.0,103.0,102.5,102.5,8522816.0,0.0
2017-10-25,103.0,103.0,102.5,102.5,4438788.0,0.0
2017-10-26,102.5,103.0,102.5,102.5,6674308.0,0.0
2017-10-27,102.5,103.0,102.5,103.0,6804415.0,0.0
2017-10-30,103.0,103.5,102.5,102.5,5802497.0,0.0
2017-10-31,102.5,103.0,102.5,103.0,4201968.0,0.0
2017-11-01,103.0,103.5,102.5,102.5,8149343.0,0.0
2017-11-02,102.5,103.0,102.0,102.0,10331987.0,0.0
2017-11-03,102.5,103.0,102.0,102.0,5779825.0,0.0
2017-11-06,102.5,102.5,102.0,102.0,5088077.0,0.0
2017-11-07,102.5,103.0,102.0,102.5,6444340.0,0.0
2017-11-08,102.5,103.0,102.0,103.0,4591930.0,0.0
2017-11-09,102.5,103.0,102.5,103.0,8677211.0,0.0
2017-11-10,102.5,103.5,102.0,103.5,9505271.0,0.0
2017-11-13,103.0,103.5,102.5,102.5,11160951.0,0.0
2017-11-14,102.5,103.0,102.5,103.0,7423386.0,0.0
2017-11-15,102.5,103.0,102.0,102.5,12790664.0,0.0
2017-11-16,102.5,103.0,102.5,102.5,7155897.0,0.0
2017-11-17,102.5,103.0,102.5,103.0,6850726.0,0.0
2017-11-20,103.0,103.0,102.5,102.5,6359220.0,0.0
2017-11-21,102.5,103.0,102.5,103.0,6940143.0,0.0
2017-11-22,103.0,103.5,102.5,103.5,9498167.0,0.0
2017-11-23,103.5,103.5,103.0,103.5,4572807.0,0.0
2017-11-24,103.5,104.0,103.0,104.0,6164882.0,0.0
2017-11-27,104.0,104.0,103.5,104.0,6655589.0,0.0
2017-11-28,104.0,104.5,103.5,104.5,10062605.0,0.0
2017-11-29,104.0,104.5,103.5,104.5,6245591.0,0.0
2017-11-30,104.0,104.5,103.5,103.5,16869711.0,0.0
2017-12-01,104.0,104.5,103.5,104.0,10298399.0,0.0
2017-12-04,104.0,104.0,103.5,104.0,7216086.0,0.0
2017-12-05,103.5,104.0,103.5,104.0,10646535.0,0.0
2017-12-06,103.5,104.0,103.5,104.0,12348019.0,0.0
2017-12-07,104.0,104.5,103.5,104.5,14712576.0,0.0
2017-12-08,104.5,104.5,104.0,104.5,10005179.0,0.0
2017-12-11,104.5,105.0,104.0,104.5,4944815.0,0.0
2017-12-12,104.5,105.0,104.5,104.5,6411675.0,0.0
2017-12-13,104.5,105.0,104.5,104.5,8100040.0,0.0
2017-12-14,104.5,105.0,104.5,105.0,10639323.0,0.0
2017-12-15,105.0,105.5,105.0,105.5,12933285.0,0.0
2017-12-18,105.0,105.5,105.0,105.0,7985099.0,0.0
2017-12-19,105.0,105.5,105.0,105.0,11777765.0,0.0
2017-12-20,105.0,105.5,105.0,105.5,6108758.0,0.0
2017-12-21,105.5,105.5,105.0,105.0,6658200.0,0.0
2017-12-22,105.5,105.5,105.0,105.5,4061508.0,0.0
2017-12-25,105.5,106.0,105.0,106.0,3648502.0,0.0
2017-12-26,105.5,106.0,105.5,105.5,2440405.0,0.0
2017-12-27,106.0,106.5,105.5,106.0,6270905.0,0.0
2017-12-28,106.0,106.5,105.0,105.5,10589773.0,0.0
2017-12-29,105.5,106.0,105.5,106.0,6765040.0,0.0
2018-01-02,106.0,108.0,105.5,107.5,11863896.0,0.0
2018-01-03,107.5,108.0,107.0,108.0,12032898.0,0.0
2018-01-04,108.0,108.0,107.5,108.0,11011635.0,0.0
2018-01-05,108.0,108.5,107.5,108.5,16499196.0,0.0
2018-01-08,108.5,109.0,108.0,108.5,9758897.0,0.0
2018-01-09,108.5,109.0,108.0,109.0,11523481.0,0.0
2018-01-10,109.0,109.5,108.5,108.5,17393911.0,0.0
2018-01-11,108.5,109.0,108.0,108.5,7685458.0,0.0
2018-01-12,108.5,109.0,108.0,108.5,8159899.0,0.0
2018-01-15,108.5,109.0,108.5,109.0,5295048.0,0.0
2018-01-16,109.0,109.0,108.5,109.0,9879470.0,0.0
2018-01-17,108.5,109.0,108.5,109.0,7829236.0,0.0
2018-01-18,109.0,109.0,107.5,107.5,9007098.0,0.0
2018-01-19,108.0,109.0,107.5,109.0,6157838.0,0.0
2018-01-22,108.5,109.0,108.0,108.5,6607332.0,0.0
2018-01-23,108.5,109.5,108.5,109.0,12165163.0,0.0
2018-01-24,109.5,109.5,108.5,108.5,6674093.0,0.0
2018-01-25,108.5,109.0,108.5,108.5,7078291.0,0.0
2018-01-26,108.5,109.0,108.5,108.5,7769697.0,0.0
2018-01-29,109.0,109.5,108.5,109.5,7228639.0,0.0
2018-01-30,109.0,109.5,108.0,108.0,13582016.0,0.0
2018-01-31,108.0,109.0,108.0,108.5,6960099.0,0.0
2018-02-01,109.0,110.0,109.0,109.0,10449828.0,0.0
2018-02-02,109.5,109.5,109.0,109.0,10658600.0,0.0
2018-02-05,108.0,109.0,108.0,108.0,11528365.0,0.0
2018-02-06,107.0,107.5,105.0,106.5,18681084.0,0.0
2018-02-07,107.0,108.0,107.0,107.5,10803469.0,0.0
2018-02-08,107.5,108.0,107.5,108.0,6896491.0,0.0
2018-02-09,106.0,107.5,106.0,107.5,12728774.0,0.0
2018-02-12,107.0,107.5,106.5,106.5,11006699.0,0.0
2018-02-21,108.0,109.0,107.5,109.0,10213387.0,0.0
2018-02-22,108.5,109.0,108.0,108.5,8626836.0,0.0
2018-02-23,108.5,109.5,108.5,109.5,8650511.0,0.0
2018-02-26,109.5,110.0,109.5,110.0,7916363.0,0.0
2018-02-27,110.0,110.0,109.5,109.5,10031572.0,0.0
2018-03-01,108.5,109.5,108.5,108.5,8730967.0,0.0
2018-03-02,108.0,108.5,108.0,108.0,6727034.0,0.0
2018-03-05,108.0,108.5,108.0,108.0,6713403.0,0.0
2018-03-06,109.0,109.5,108.5,109.5,7726312.0,0.0
2018-03-07,109.0,110.0,109.0,109.5,7485046.0,0.0
2018-03-08,109.5,109.5,109.0,109.5,4313846.0,0.0
2018-03-09,109.5,109.5,108.5,109.5,5798031.0,0.0
2018-03-12,109.0,109.5,108.5,109.0,8034683.0,0.0
2018-03-13,109.0,109.0,108.5,109.0,9633999.0,0.0
2018-03-14,109.0,109.5,108.5,109.0,5494781.0,0.0
2018-03-15,109.0,109.5,108.5,109.0,7393162.0,0.0
2018-03-16,109.0,110.0,108.5,110.0,16766570.0,0.0
2018-03-19,109.5,110.0,109.0,110.0,8102673.0,0.0
2018-03-20,109.5,110.0,109.0,109.5,7087366.0,0.0
2018-03-21,109.5,110.5,109.5,110.5,12570519.0,0.0
2018-03-22,110.5,111.5,110.5,111.5,12039380.0,0.0
2018-03-23,110.5,111.0,110.0,110.0,8283274.0,0.0
2018-03-26,110.0,111.0,109.5,111.0,5376812.0,0.0
2018-03-27,111.0,112.0,111.0,112.0,8885548.0,0.0
2018-03-28,112.0,112.5,111.5,112.5,9073181.0,0.0
2018-03-29,112.5,112.5,111.5,111.5,7288039.0,0.0
2018-03-30,112.5,113.0,112.0,113.0,11511978.0,0.0
2018-04-02,112.5,113.5,112.0,112.5,9427823.0,0.0
2018-04-03,112.0,112.5,111.5,112.0,9326331.0,0.0
2018-04-09,112.5,114.0,112.0,114.0,10724224.0,0.0
2018-04-10,113.5,114.5,113.5,114.5,9090722.0,0.0
2018-04-11,114.5,115.0,113.5,114.0,8727997.0,0.0
2018-04-12,114.0,115.0,113.0,114.0,8704790.0,0.0
2018-04-13,113.5,114.0,112.5,113.5,6502240.0,0.0
2018-04-16,113.0,113.5,112.5,113.0,4645198.0,0.0
2018-04-17,113.0,113.5,112.5,113.5,6203423.0,0.0
2018-04-18,113.5,114.5,113.5,114.5,4714981.0,0.0
2018-04-19,114.0,114.5,113.5,114.0,6097516.0,0.0
2018-04-20,114.0,114.5,113.5,113.5,4520810.0,0.0
2018-04-23,113.0,113.5,112.5,112.5,7554015.0,0.0
2018-04-24,112.5,112.5,111.0,111.0,10693712.0,0.0
2018-04-25,111.0,111.0,110.0,110.5,14312485.0,0.0
2018-04-26,110.5,112.0,110.5,111.5,9068999.0,0.0
2018-04-27,112.5,113.0,112.0,113.0,4527149.0,0.0
2018-04-30,113.0,113.0,112.5,113.0,5608229.0,0.0
2018-05-02,112.5,113.0,112.0,112.0,7936955.0,0.0
2018-05-03,112.0,112.0,111.5,111.5,6330420.0,0.0
2018-05-04,111.0,112.0,111.0,111.5,4109722.0,0.0
2018-05-07,112.0,112.5,111.5,112.0,4919754.0,0.0
2018-05-08,111.5,112.0,111.0,112.0,7608487.0,0.0
2018-05-09,111.5,111.5,110.0,110.0,9299608.0,0.0
2018-05-10,109.5,110.0,108.5,108.5,16739475.0,0.0
2018-05-11,109.0,109.5,108.5,109.0,8114287.0,0.0
2018-05-14,109.0,109.5,109.0,109.0,8209397.0,0.0
2018-05-15,109.0,109.5,108.5,108.5,7054609.0,0.0
2018-05-16,108.5,109.0,108.0,108.0,8890237.0,0.0
2018-05-17,108.5,109.0,108.0,108.5,6720547.0,0.0
2018-05-18,109.0,110.0,108.5,110.0,9096185.0,0.0
2018-05-21,110.0,110.5,109.5,110.0,7241243.0,0.0
2018-05-22,109.5,110.0,109.5,109.5,5652617.0,0.0
2018-05-23,109.5,110.0,109.0,109.5,4679266.0,0.0
2018-05-24,110.0,110.5,109.0,109.5,5629699.0,0.0
2018-05-25,110.0,110.5,109.5,110.0,5779504.0,0.0
2018-05-28,110.5,112.5,110.0,111.0,18359892.0,0.0
2018-05-29,111.0,111.5,109.5,109.5,6235336.0,0.0
2018-05-30,109.0,109.5,108.5,108.5,8775250.0,0.0
2018-05-31,109.0,110.0,109.0,109.0,24138768.0,0.0
2018-06-01,109.0,110.0,109.0,110.0,4738186.0,0.0
2018-06-04,110.0,110.5,109.5,110.0,5363700.0,0.0
2018-06-05,110.0,110.5,110.0,110.0,4622474.0,0.0
2018-06-06,109.5,110.5,109.5,110.5,5850754.0,0.0
2018-06-07,110.0,110.5,109.5,110.0,8250860.0,0.0
2018-06-08,109.5,110.0,109.0,110.0,6100947.0,0.0
2018-06-11,110.0,110.5,109.5,109.5,6304406.0,0.0
2018-06-12,109.5,110.5,109.5,109.5,6809011.0,0.0
2018-06-13,109.5,110.0,109.5,110.0,4687362.0,0.0
2018-06-14,109.5,110.0,109.0,109.0,6090915.0,0.0
2018-06-15,109.0,110.0,109.0,109.5,10543122.0,0.0
2018-06-19,109.0,110.0,109.0,109.0,20096242.0,0.0
2018-06-20,109.5,110.5,109.0,110.0,11181995.0,0.0
2018-06-21,109.5,110.5,109.5,109.5,5987927.0,0.0
2018-06-22,109.5,110.0,109.0,110.0,9278751.0,0.0
2018-06-25,109.5,110.0,109.5,109.5,4900271.0,0.0
2018-06-26,109.5,110.0,109.5,109.5,6439314.0,0.0
2018-06-27,109.5,110.5,109.5,109.5,7336800.0,0.0
2018-06-28,109.5,110.0,109.5,110.0,5421663.0,0.0
2018-06-29,110.0,110.0,109.5,110.0,4869558.0,0.0
2018-07-02,110.0,110.0,109.5,109.5,4601367.0,0.0
2018-07-03,110.0,112.5,109.5,111.0,17939577.0,0.0
2018-07-04,111.0,111.5,111.0,111.5,2873415.0,0.0
2018-07-05,111.5,112.0,111.5,112.0,5203155.0,0.0
2018-07-06,111.5,112.0,111.5,112.0,6347535.0,0.0
2018-07-09,112.0,112.5,111.5,112.0,3979303.0,0.0
2018-07-10,112.0,112.5,112.0,112.5,5509389.0,0.0
2018-07-11,112.0,112.5,111.5,112.0,5909458.0,0.0
2018-07-12,111.5,112.0,111.0,111.5,6085003.0,0.0
2018-07-13,111.5,111.5,111.0,111.5,5586401.0,0.0
2018-07-16,111.5,111.5,111.0,111.5,4508715.0,0.0
2018-07-17,111.5,112.0,111.0,112.0,6684032.0,0.0
2018-07-18,112.0,112.0,111.5,112.0,6866966.0,0.0
2018-07-19,112.0,112.0,111.5,111.5,8935171.0,0.0
2018-07-20,111.5,112.0,111.0,111.5,11438467.0,0.0
2018-07-23,106.0,106.5,105.5,106.5,15925245.0,4.796
2018-07-24,107.0,107.5,105.0,105.5,22985320.0,0.0
2018-07-25,105.5,106.0,104.5,105.0,11196224.0,0.0
2018-07-26,105.5,105.5,105.0,105.5,7129072.0,0.0
2018-07-27,105.5,105.5,105.0,105.5,6376868.0,0.0
2018-07-30,105.5,106.0,105.5,106.0,5622196.0,0.0
2018-07-31,106.0,107.0,105.5,106.0,14412493.0,0.0
2018-08-01,106.0,106.5,105.5,106.0,6479573.0,0.0
2018-08-02,106.0,106.5,105.5,105.5,8191116.0,0.0
2018-08-03,105.5,106.0,105.0,106.0,6937965.0,0.0
2018-08-06,106.0,106.5,106.0,106.5,5492955.0,0.0
2018-08-07,106.5,106.5,106.0,106.5,8904812.0,0.0
2018-08-08,106.5,107.0,106.5,107.0,6865877.0,0.0
2018-08-09,107.0,107.5,106.5,107.0,6616183.0,0.0
2018-08-10,107.0,107.5,106.5,107.5,4889998.0,0.0
2018-08-13,107.0,107.5,106.5,106.5,4997698.0,0.0
2018-08-14,107.0,107.0,106.5,107.0,6559485.0,0.0
2018-08-15,106.5,107.5,106.5,107.0,8301372.0,0.0
2018-08-16,106.5,107.5,106.0,106.5,9309542.0,0.0
2018-08-17,106.5,107.0,106.5,107.0,5373954.0,0.0
2018-08-20,107.0,107.5,107.0,107.0,9961077.0,0.0
2018-08-21,107.0,108.5,107.0,108.5,14856294.0,0.0
2018-08-22,107.5,108.5,107.5,108.0,7404037.0,0.0
2018-08-23,108.0,108.5,107.5,108.5,5417334.0,0.0
2018-08-24,108.0,108.0,107.5,107.5,4863780.0,0.0
2018-08-27,108.0,108.5,107.5,108.0,6618316.0,0.0
2018-08-28,108.5,108.5,108.0,108.5,3887054.0,0.0
2018-08-29,108.5,108.5,108.0,108.5,2401013.0,0.0
2018-08-30,108.0,108.5,107.5,107.5,7593142.0,0.0
2018-08-31,107.5,108.5,107.5,108.5,7486005.0,0.0
2018-09-03,108.0,108.5,108.0,108.0,4654278.0,0.0
2018-09-04,108.0,108.5,108.0,108.5,4456394.0,0.0
2018-09-05,108.0,108.5,108.0,108.0,7152841.0,0.0
2018-09-06,107.5,108.0,107.5,107.5,5196327.0,0.0
2018-09-07,107.5,108.5,107.5,108.0,11354235.0,0.0
2018-09-10,108.0,109.0,108.0,108.5,11354017.0,0.0
2018-09-11,108.5,110.0,108.5,110.0,15396852.0,0.0
2018-09-12,110.0,110.5,109.5,110.0,12095889.0,0.0
2018-09-13,109.5,110.0,109.0,109.5,7442732.0,0.0
2018-09-14,109.0,109.5,108.5,108.5,7837764.0,0.0
2018-09-17,109.0,109.5,108.5,108.5,7346777.0,0.0
2018-09-18,108.5,110.5,108.5,110.0,11891140.0,0.0
2018-09-19,110.0,110.5,109.5,110.5,7356238.0,0.0
2018-09-20,110.0,110.5,109.5,110.0,5913696.0,0.0
2018-09-21,110.0,110.5,109.5,109.5,10978388.0,0.0
2018-09-25,109.5,110.0,109.0,109.5,4508340.0,0.0
2018-09-26,110.0,110.0,109.5,109.5,4356022.0,0.0
2018-09-27,109.0,110.5,109.0,110.0,6493210.0,0.0
2018-09-28,110.0,110.5,109.5,110.0,5173386.0,0.0
2018-10-01,110.0,110.5,110.0,110.5,2970568.0,0.0
2018-10-02,110.0,110.5,109.5,109.5,6630230.0,0.0
2018-10-03,109.5,109.5,108.5,109.0,5166464.0,0.0
2018-10-04,109.0,109.0,108.0,108.0,6808862.0,0.0
2018-10-05,108.0,109.5,107.5,109.0,13360060.0,0.0
2018-10-08,109.0,109.0,108.0,108.5,6150646.0,0.0
2018-10-09,108.5,110.0,108.5,109.5,8693012.0,0.0
2018-10-11,108.0,109.5,108.0,108.5,25740666.0,0.0
2018-10-12,108.0,108.0,107.0,108.0,15456470.0,0.0
2018-10-15,107.5,107.5,106.5,106.5,12574518.0,0.0
2018-10-16,106.5,107.5,106.0,107.0,8395946.0,0.0
2018-10-17,107.5,108.0,106.5,107.0,8063642.0,0.0
2018-10-18,106.5,108.5,106.5,107.5,9062121.0,0.0
2018-10-19,107.5,107.5,106.5,106.5,6938337.0,0.0
2018-10-22,106.5,107.5,106.5,107.5,3662494.0,0.0
2018-10-23,106.5,107.5,106.5,106.5,6804496.0,0.0
2018-10-24,107.0,107.5,106.5,107.0,9982856.0,0.0
2018-10-25,106.5,108.0,106.5,108.0,15176952.0,0.0
2018-10-26,107.5,109.0,107.0,109.0,23919196.0,0.0
2018-10-29,108.5,110.0,108.0,109.5,11435905.0,0.0
2018-10-30,109.5,109.5,108.0,108.5,7836337.0,0.0
2018-10-31,108.5,109.5,108.5,109.5,9325798.0,0.0
2018-11-01,108.5,108.5,107.0,107.0,16828776.0,0.0
2018-11-02,107.0,107.0,104.5,106.0,31219728.0,0.0
2018-11-05,105.5,106.0,105.0,105.5,10296127.0,0.0
2018-11-06,105.5,106.5,105.0,106.0,6912852.0,0.0
2018-11-07,106.0,107.0,106.0,107.0,7327952.0,0.0
2018-11-08,107.0,107.5,107.0,107.0,7034932.0,0.0
2018-11-09,107.0,107.5,106.5,107.0,3419196.0,0.0
2018-11-12,107.0,107.5,106.5,106.5,6528612.0,0.0
2018-11-13,106.0,107.0,105.5,107.0,7317324.0,0.0
2018-11-14,107.0,107.0,106.5,107.0,5347291.0,0.0
2018-11-15,107.5,108.0,106.0,107.0,10448823.0,0.0
2018-11-16,107.0,107.0,106.0,106.0,8159044.0,0.0
2018-11-19,106.5,107.0,106.0,106.5,8594639.0,0.0
2018-11-20,106.5,107.0,106.0,107.0,3580586.0,0.0
2018-11-21,106.5,107.5,106.0,107.0,9917679.0,0.0
2018-11-22,107.0,107.5,106.5,107.5,3868043.0,0.0
2018-11-23,107.5,108.0,107.0,108.0,6698959.0,0.0
2018-11-26,107.5,108.0,107.0,107.5,7556459.0,0.0
2018-11-27,107.5,108.0,107.0,107.5,4942661.0,0.0
2018-11-28,107.5,108.0,106.5,107.5,9821267.0,0.0
2018-11-29,108.0,108.0,106.5,106.5,7897401.0,0.0
2018-11-30,107.0,107.5,106.5,107.0,14205384.0,0.0
2018-12-03,107.5,107.5,106.0,106.0,14640163.0,0.0
2018-12-04,106.0,107.0,106.0,106.0,8034070.0,0.0
2018-12-05,106.5,107.0,106.0,106.5,3293152.0,0.0
2018-12-06,106.5,107.0,106.0,106.5,6617787.0,0.0
2018-12-07,106.5,107.0,106.5,107.0,4122962.0,0.0
2018-12-10,106.5,107.0,106.5,107.0,4943858.0,0.0
2018-12-11,107.0,107.5,106.5,107.5,4849141.0,0.0
2018-12-12,107.5,107.5,107.0,107.5,5722985.0,0.0
2018-12-13,107.5,107.5,107.0,107.5,5804098.0,0.0
2018-12-14,107.0,107.5,106.5,107.5,7021979.0,0.0
2018-12-17,107.5,107.5,107.0,107.5,3819305.0,0.0
2018-12-18,107.5,107.5,106.5,106.5,5274321.0,0.0
2018-12-19,107.0,107.5,106.5,107.5,4877155.0,0.0
2018-12-20,107.0,107.5,107.0,107.5,4186769.0,0.0
2018-12-21,107.0,107.5,107.0,107.5,5716435.0,0.0
2018-12-24,107.5,108.0,106.5,107.0,7191182.0,0.0
2018-12-25,106.5,107.5,106.0,106.5,7194040.0,0.0
2018-12-26,106.5,107.0,106.0,106.0,11874355.0,0.0
2018-12-27,106.5,107.0,106.0,106.5,7382343.0,0.0
2018-12-28,107.0,113.0,106.5,113.0,23472272.0,0.0
2019-01-02,108.0,108.5,107.0,107.0,10664118.0,0.0
2019-01-03,107.5,107.5,107.0,107.0,5508818.0,0.0
2019-01-04,107.0,107.5,106.5,107.5,5947097.0,0.0
2019-01-07,108.0,108.0,107.5,108.0,5665348.0,0.0
2019-01-08,108.0,108.0,107.0,107.0,7607006.0,0.0
2019-01-09,107.5,107.5,107.0,107.5,8300702.0,0.0
2019-01-10,106.5,107.0,106.5,107.0,6220751.0,0.0
2019-01-11,107.0,107.0,106.5,107.0,6847797.0,0.0
2019-01-14,107.0,107.0,106.0,106.5,6641129.0,0.0
2019-01-15,106.5,107.0,106.5,107.0,5968885.0,0.0
2019-01-16,106.5,107.0,106.5,107.0,5727210.0,0.0
2019-01-17,106.5,107.0,106.5,107.0,3264517.0,0.0
2019-01-18,107.0,107.0,106.5,107.0,6127169.0,0.0
2019-01-21,107.0,107.0,106.0,106.5,7149975.0,0.0
2019-01-22,106.5,107.5,106.5,107.5,10011495.0,0.0
2019-01-23,107.0,108.0,106.5,107.0,5558447.0,0.0
2019-01-24,107.0,107.5,106.5,107.0,7790106.0,0.0
2019-01-25,107.0,107.0,106.5,107.0,7735333.0,0.0
2019-01-28,106.5,107.0,106.5,106.5,7458995.0,0.0
2019-01-29,107.0,107.0,106.5,107.0,7233532.0,0.0
2019-01-30,107.0,107.0,106.5,107.0,9310055.0,0.0
2019-02-11,107.5,108.0,106.5,106.5,15130358.0,0.0
2019-02-12,107.0,107.5,106.5,107.0,12912519.0,0.0
2019-02-13,107.0,107.0,106.0,106.0,11838394.0,0.0
2019-02-14,106.5,107.0,106.0,106.0,7964309.0,0.0
2019-02-15,106.5,107.0,106.0,106.5,8260742.0,0.0
2019-02-18,106.5,107.0,106.0,106.5,8435027.0,0.0
2019-02-19,106.5,107.0,106.0,106.0,5957214.0,0.0
2019-02-20,106.0,106.5,106.0,106.5,9254102.0,0.0
2019-02-21,106.0,106.5,106.0,106.5,7410452.0,0.0
2019-02-22,106.5,107.0,106.0,107.0,7165562.0,0.0
2019-02-25,107.0,107.0,106.5,107.0,7456253.0,0.0
2019-02-26,107.0,107.0,106.5,106.5,9340887.0,0.0
2019-02-27,106.5,107.5,106.5,107.0,8008331.0,0.0
2019-03-04,106.5,107.5,106.5,107.0,9247164.0,0.0
2019-03-05,107.0,107.5,106.5,107.0,7242651.0,0.0
2019-03-06,107.0,107.5,107.0,107.5,6699834.0,0.0
2019-03-07,107.0,107.5,107.0,107.0,5129977.0,0.0
2019-03-08,107.0,107.5,107.0,107.5,6251360.0,0.0
2019-03-11,107.5,107.5,107.0,107.0,5730356.0,0.0
2019-03-12,107.5,108.0,107.5,108.0,4257075.0,0.0
2019-03-13,108.0,108.0,107.5,108.0,5047766.0,0.0
2019-03-14,108.0,108.0,107.5,107.5,4913545.0,0.0
2019-03-15,108.0,108.5,107.5,108.0,16943571.0,0.0
2019-03-18,108.0,108.0,107.5,108.0,5290682.0,0.0
2019-03-19,107.5,108.0,107.5,108.0,7158092.0,0.0
2019-03-20,108.0,108.5,107.5,108.0,6858833.0,0.0
2019-03-21,108.0,108.5,108.0,108.0,6886811.0,0.0
2019-03-22,108.0,108.5,107.5,108.5,5782954.0,0.0
2019-03-25,108.0,108.5,107.5,107.5,5201894.0,0.0
2019-03-26,108.0,108.5,108.0,108.5,2743405.0,0.0
2019-03-27,108.5,109.0,108.0,108.5,6364055.0,0.0
2019-03-28,108.5,109.0,108.5,109.0,4995425.0,0.0
2019-03-29,109.0,109.5,108.5,109.5,5386867.0,0.0
2019-04-01,109.5,110.5,109.0,110.5,16714913.0,0.0
2019-04-02,110.0,110.5,109.5,109.5,10999665.0,0.0
2019-04-03,110.0,110.0,108.5,108.5,5600629.0,0.0
2019-04-08,108.5,109.0,108.5,108.5,8115608.0,0.0
2019-04-09,108.5,109.5,108.5,109.5,5192820.0,0.0
2019-04-10,109.0,109.5,108.5,109.5,6204390.0,0.0
2019-04-11,109.0,109.5,108.5,109.0,8660871.0,0.0
2019-04-12,108.5,109.5,108.5,109.5,7322669.0,0.0
2019-04-15,109.0,110.0,109.0,109.5,5801469.0,0.0
2019-04-16,109.0,110.0,109.0,110.0,4773086.0,0.0
2019-04-17,110.0,110.0,109.5,109.5,4724393.0,0.0
2019-04-18,109.5,110.0,109.0,110.0,6036974.0,0.0
2019-04-19,110.0,110.0,109.5,109.5,3916816.0,0.0
2019-04-22,110.0,110.5,109.5,110.0,3223439.0,0.0
2019-04-23,110.0,110.5,109.5,110.5,3791782.0,0.0
2019-04-24,110.0,110.5,110.0,110.5,7418638.0,0.0
2019-04-25,110.5,111.0,110.0,110.5,3964400.0,0.0
2019-04-26,110.5,111.0,110.0,110.5,6580800.0,0.0
2019-04-29,110.5,111.0,110.0,111.0,4857669.0,0.0
2019-04-30,111.0,111.5,110.5,111.0,10475394.0,0.0
2019-05-02,111.0,111.5,111.0,111.0,6188875.0,0.0
2019-05-03,111.0,111.5,110.5,111.0,5941965.0,0.0
2019-05-06,111.0,111.0,110.0,110.5,6726957.0,0.0
2019-05-07,110.5,111.0,110.5,110.5,3540974.0,0.0
2019-05-08,110.5,111.5,110.5,111.5,7319926.0,0.0
2019-05-09,111.0,111.0,110.0,110.0,7887213.0,0.0
2019-05-10,110.0,110.5,109.5,110.0,6963743.0,0.0
2019-05-13,110.0,110.5,110.0,110.0,6719157.0,0.0
2019-05-14,110.0,111.5,109.5,111.5,11527887.0,0.0
2019-05-15,111.0,111.5,110.5,110.5,5633496.0,0.0
2019-05-16,110.5,111.0,110.5,110.5,3549763.0,0.0
2019-05-17,110.5,111.5,110.5,111.0,4813837.0,0.0
2019-05-20,111.0,112.0,111.0,111.5,10262621.0,0.0
2019-05-21,112.0,112.5,111.5,112.5,10047289.0,0.0
2019-05-22,112.5,112.5,111.5,112.0,5313147.0,0.0
2019-05-23,112.0,112.0,111.5,112.0,4238560.0,0.0
2019-05-24,112.0,112.5,111.5,112.0,6107383.0,0.0
2019-05-27,112.0,112.5,112.0,112.0,3700946.0,0.0
2019-05-28,112.0,112.5,111.5,111.5,16337051.0,0.0
2019-05-29,111.5,112.0,111.5,112.0,4990889.0,0.0
2019-05-30,112.0,112.5,111.5,112.5,5650669.0,0.0
2019-05-31,112.0,112.5,111.5,112.5,10693361.0,0.0
2019-06-03,112.0,113.0,112.0,113.0,6954093.0,0.0
2019-06-04,113.0,113.5,112.5,113.0,6933784.0,0.0
2019-06-05,113.0,113.5,112.5,113.5,7217826.0,0.0
2019-06-06,113.0,113.5,113.0,113.5,2569079.0,0.0
2019-06-10,113.5,114.0,113.5,114.0,4822206.0,0.0
2019-06-11,114.0,114.0,113.0,113.5,4660805.0,0.0
2019-06-12,113.0,113.5,112.5,113.0,7439944.0,0.0
2019-06-13,113.0,113.0,112.5,113.0,5660261.0,0.0
2019-06-14,112.5,113.0,112.0,112.5,6654255.0,0.0
2019-06-17,112.5,112.5,112.0,112.0,8327344.0,0.0
2019-06-18,112.0,112.0,111.5,112.0,6036636.0,0.0
2019-06-19,112.5,113.5,112.0,113.5,9456197.0,0.0
2019-06-20,112.5,113.0,112.0,112.5,7749682.0,0.0
2019-06-21,112.5,113.5,112.0,113.5,9775303.0,0.0
2019-06-24,113.5,114.0,113.0,114.0,5209377.0,0.0
2019-06-25,113.5,114.0,113.0,114.0,5052751.0,0.0
2019-06-26,114.0,114.0,113.5,114.0,4936698.0,0.0
2019-06-27,114.0,114.0,113.0,113.5,8818627.0,0.0
2019-06-28,113.5,114.0,113.0,113.0,6405433.0,0.0
2019-07-01,113.5,114.0,113.0,113.0,5850552.0,0.0
2019-07-02,113.0,113.5,113.0,113.5,5475494.0,0.0
2019-07-03,113.0,113.5,113.0,113.5,2981840.0,0.0
2019-07-04,113.5,113.5,112.5,113.0,6974638.0,0.0
2019-07-05,113.0,113.5,113.0,113.5,2970660.0,0.0
2019-07-08,113.5,114.0,113.0,114.0,5626113.0,0.0
2019-07-09,114.0,114.0,113.0,113.5,4461794.0,0.0
2019-07-10,113.5,113.5,113.0,113.5,4202386.0,0.0
2019-07-11,113.5,113.5,113.0,113.5,4471721.0,0.0
2019-07-12,113.0,113.5,113.0,113.0,5737979.0,0.0
2019-07-15,113.0,113.0,112.5,112.5,3762182.0,0.0
2019-07-16,112.5,113.0,111.5,111.5,8689351.0,0.0
2019-07-17,111.5,112.0,111.0,112.0,9700483.0,0.0
2019-07-18,112.0,112.0,111.5,112.0,3826243.0,0.0
2019-07-19,112.0,112.5,112.0,112.0,4725362.0,0.0
2019-07-22,112.0,112.5,112.0,112.5,5177045.0,0.0
2019-07-23,112.5,113.0,112.0,112.0,11407880.0,0.0
2019-07-24,112.0,112.5,112.0,112.0,12687886.0,0.0
2019-07-25,107.0,107.5,107.0,107.0,23214124.0,4.479
2019-07-26,107.5,108.0,107.0,107.5,8720612.0,0.0
2019-07-29,107.5,108.0,107.5,107.5,7031843.0,0.0
2019-07-30,108.0,108.0,107.5,107.5,5728610.0,0.0
2019-07-31,108.0,108.0,107.5,108.0,6542598.0,0.0
2019-08-01,107.5,108.0,107.0,107.0,7028127.0,0.0
2019-08-02,107.0,107.5,107.0,107.0,9178197.0,0.0
2019-08-05,107.0,107.5,107.0,107.5,7058310.0,0.0
2019-08-06,107.0,107.0,106.5,106.5,9676116.0,0.0
2019-08-07,107.0,107.5,106.5,106.5,9266935.0,0.0
2019-08-08,106.5,107.5,106.5,107.5,4160707.0,0.0
2019-08-12,107.5,108.0,107.0,107.5,4357228.0,0.0
2019-08-13,107.5,107.5,107.0,107.0,4461194.0,0.0
2019-08-14,107.5,108.0,107.0,107.0,4174497.0,0.0
2019-08-15,107.0,107.0,106.5,106.5,4864937.0,0.0
2019-08-16,107.0,108.0,106.5,108.0,8278776.0,0.0
2019-08-19,107.5,108.0,107.0,107.5,5376652.0,0.0
2019-08-20,107.5,107.5,107.0,107.0,4505636.0,0.0
2019-08-21,107.5,107.5,107.0,107.5,3984328.0,0.0
2019-08-22,107.5,108.0,107.0,107.0,4961578.0,0.0
2019-08-23,107.5,107.5,107.0,107.5,5589689.0,0.0
2019-08-26,107.0,107.5,107.0,107.0,3059051.0,0.0
2019-08-27,107.5,107.5,107.0,107.5,8419782.0,0.0
2019-08-28,107.5,108.0,107.0,108.0,4480994.0,0.0
2019-08-29,108.0,108.5,107.5,108.5,6682899.0,0.0
2019-08-30,108.5,109.0,108.0,109.0,10845534.0,0.0
2019-09-02,109.0,110.0,108.5,110.0,7694376.0,0.0
2019-09-03,110.0,110.5,109.5,109.5,7597235.0,0.0
2019-09-04,109.5,110.0,109.0,110.0,5983062.0,0.0
2019-09-05,109.5,110.0,109.5,110.0,6513974.0,0.0
2019-09-06,109.5,110.0,109.0,110.0,5376829.0,0.0
2019-09-10,110.5,111.0,110.0,111.0,9780716.0,0.0
2019-09-11,111.0,111.5,110.5,111.0,8394489.0,0.0
2019-09-12,111.0,111.5,110.5,111.0,6693386.0,0.0
2019-09-16,111.0,111.5,111.0,111.5,6327127.0,0.0
2019-09-17,111.5,111.5,111.0,111.5,5254659.0,0.0
2019-09-18,111.5,112.0,111.0,111.5,7983806.0,0.0
2019-09-19,111.5,112.0,111.5,112.0,3240454.0,0.0
2019-09-20,112.0,112.5,111.0,112.5,11268115.0,0.0
2019-09-23,112.5,112.5,112.0,112.0,4073757.0,0.0
2019-09-24,112.0,112.0,111.5,111.5,6464111.0,0.0
2019-09-25,111.5,111.5,110.5,110.5,6198959.0,0.0
2019-09-26,111.0,111.0,110.0,110.0,4812477.0,0.0
2019-09-27,110.5,111.0,110.0,111.0,6040330.0,0.0
2019-10-01,112.0,112.0,111.0,112.0,7597841.0,0.0
2019-10-02,112.0,112.5,112.0,112.0,7390141.0,0.0
2019-10-03,111.0,112.0,111.0,111.5,3990286.0,0.0
2019-10-04,111.5,112.0,111.5,112.0,4565497.0,0.0
2019-10-07,112.0,112.5,112.0,112.5,3800146.0,0.0
2019-10-08,112.0,112.5,112.0,112.5,4867484.0,0.0
2019-10-09,112.0,112.5,111.5,111.5,4920025.0,0.0
2019-10-14,112.0,112.5,112.0,112.0,6737206.0,0.0
2019-10-15,112.0,112.5,111.5,112.0,5464050.0,0.0
2019-10-16,112.0,112.5,111.5,112.5,7273388.0,0.0
2019-10-17,112.0,112.5,112.0,112.5,4452532.0,0.0
2019-10-18,112.5,112.5,112.0,112.5,13323441.0,0.0
2019-10-21,112.0,113.0,112.0,112.5,7635526.0,0.0
2019-10-22,112.5,113.0,112.5,113.0,4009969.0,0.0
2019-10-23,112.5,113.0,112.0,112.5,6084151.0,0.0
2019-10-24,112.5,113.0,112.0,113.0,6668208.0,0.0
2019-10-25,112.5,113.0,112.0,112.5,4915193.0,0.0
2019-10-28,112.5,113.0,112.0,113.0,3182666.0,0.0
2019-10-29,113.0,113.0,112.5,112.5,5399485.0,0.0
2019-10-30,112.5,113.0,112.5,113.0,5061208.0,0.0
2019-10-31,113.0,113.0,112.0,112.0,8684944.0,0.0
2019-11-01,112.5,113.0,112.0,113.0,5105204.0,0.0
2019-11-04,112.5,113.0,112.5,113.0,4406142.0,0.0
2019-11-05,112.5,113.0,112.5,113.0,5906147.0,0.0
2019-11-06,113.0,114.0,112.5,113.5,16499226.0,0.0
2019-11-07,113.5,113.5,113.0,113.0,4599914.0,0.0
2019-11-08,113.5,114.0,113.0,113.5,6023755.0,0.0
2019-11-11,113.5,114.0,113.0,114.0,3747853.0,0.0
2019-11-12,114.0,114.0,113.5,113.5,4472078.0,0.0
2019-11-13,113.0,113.5,112.5,112.5,8513845.0,0.0
2019-11-14,113.0,113.5,112.5,113.0,4420666.0,0.0
2019-11-15,113.5,113.5,113.0,113.5,5054317.0,0.0
2019-11-18,113.5,114.0,113.0,113.5,5104544.0,0.0
2019-11-19,113.0,114.0,112.5,113.0,6200346.0,0.0
2019-11-20,113.0,114.0,113.0,114.0,7887154.0,0.0
2019-11-21,113.5,114.0,113.0,113.0,5692117.0,0.0
2019-11-22,113.5,114.0,113.0,114.0,6672981.0,0.0
2019-11-25,113.5,114.0,113.0,113.5,5226486.0,0.0
2019-11-26,114.0,114.0,112.5,112.5,22552577.0,0.0
2019-11-27,113.5,113.5,113.0,113.0,5160618.0,0.0
2019-11-28,113.0,113.5,112.5,112.5,6086728.0,0.0
2019-11-29,112.5,113.0,112.5,113.0,3847421.0,0.0
2019-12-02,113.0,113.0,112.5,113.0,3760787.0,0.0
2019-12-03,113.0,113.5,112.5,113.0,7069645.0,0.0
2019-12-04,113.0,113.0,112.5,113.0,3793445.0,0.0
2019-12-05,113.0,113.5,112.5,113.0,10652808.0,0.0
2019-12-06,113.0,113.0,112.5,112.5,4447826.0,0.0
2019-12-09,112.5,112.5,112.0,112.0,8666163.0,0.0
2019-12-10,112.0,112.5,111.5,111.5,7992073.0,0.0
2019-12-11,111.5,112.0,111.0,111.0,8085711.0,0.0
2019-12-12,111.5,112.0,111.0,111.5,9262829.0,0.0
2019-12-13,112.0,112.5,111.5,112.0,9705220.0,0.0
2019-12-16,111.5,112.0,110.5,110.5,48088.0,0.0
2019-12-17,111.0,111.0,110.0,110.5,14318414.0,0.0
2019-12-18,110.5,111.0,110.5,110.5,10571450.0,0.0
2019-12-19,110.5,111.0,110.0,110.0,9438590.0,0.0
2019-12-20,110.5,111.0,110.0,111.0,8780053.0,0.0
2019-12-23,111.0,111.5,110.5,111.5,2548931.0,0.0
2019-12-24,111.0,111.5,110.5,110.5,5797409.0,0.0
2019-12-25,110.5,111.5,110.5,110.5,4816640.0,0.0
2019-12-26,111.0,111.5,110.5,111.0,2423940.0,0.0
2019-12-27,111.5,111.5,110.5,111.5,3249879.0,0.0
2019-12-30,111.5,111.5,110.5,111.0,6051645.0,0.0
2019-12-31,111.0,111.5,110.0,110.0,6503200.0,0.0
2020-01-02,110.5,110.5,109.5,109.5,8125141.0,0.0
2020-01-03,110.0,110.5,109.5,110.5,7416848.0,0.0
2020-01-06,110.5,110.5,110.0,110.0,5303895.0,0.0
2020-01-07,110.0,110.0,108.5,109.5,14171476.0,0.0
2020-01-08,109.5,110.0,109.0,109.0,9437253.0,0.0
2020-01-09,109.5,110.0,109.0,109.5,7520338.0,0.0
2020-01-10,109.5,110.0,109.0,109.5,5737892.0,0.0
2020-01-13,109.5,110.0,108.5,110.0,14512141.0,0.0
2020-01-14,109.5,110.0,108.5,109.5,11104620.0,0.0
2020-01-15,109.0,109.5,108.5,109.0,12586074.0,0.0
2020-01-16,109.0,109.5,108.5,109.5,9307953.0,0.0
2020-01-17,109.5,110.0,109.0,109.5,8230953.0,0.0
2020-01-20,109.5,110.0,109.0,109.5,7200798.0,0.0
2020-01-30,108.5,109.0,108.0,108.5,17623824.0,0.0
2020-01-31,107.5,109.0,107.5,108.0,15266293.0,0.0
2020-02-03,107.5,108.0,107.0,108.0,12973281.0,0.0
2020-02-04,111.5,112.0,108.0,108.0,13601163.0,0.0
2020-02-05,108.0,108.5,108.0,108.0,7127971.0,0.0
2020-02-06,108.5,109.0,108.5,108.5,5967464.0,0.0
2020-02-07,109.0,109.0,108.5,109.0,7526636.0,0.0
2020-02-10,109.0,109.0,108.0,109.0,6295322.0,0.0
2020-02-11,109.0,109.5,108.5,108.5,3888202.0,0.0
2020-02-12,109.0,109.0,108.5,108.5,6959768.0,0.0
2020-02-13,109.0,109.5,108.5,109.5,5627386.0,0.0
2020-02-14,109.5,109.5,109.0,109.0,3179443.0,0.0
2020-02-17,109.0,110.0,109.0,110.0,4343114.0,0.0
2020-02-18,109.5,110.0,109.5,109.5,2812057.0,0.0
2020-02-19,110.0,110.5,109.5,110.0,4873771.0,0.0
2020-02-20,110.0,110.5,109.5,109.5,6727345.0,0.0
2020-02-21,109.5,110.0,109.5,109.5,4980603.0,0.0
2020-02-24,109.5,109.5,108.5,108.5,7465889.0,0.0
2020-02-25,108.5,109.0,108.0,108.5,5278040.0,0.0
2020-02-26,108.0,109.0,108.0,108.0,6856707.0,0.0
2020-02-27,108.0,108.5,108.0,108.0,8037695.0,0.0
2020-03-02,107.5,108.0,107.0,108.0,11114123.0,0.0
2020-03-03,108.0,109.0,108.0,108.0,7103100.0,0.0
2020-03-04,108.5,109.0,108.0,109.0,4346670.0,0.0
2020-03-05,109.5,110.0,109.0,110.0,6645546.0,0.0
2020-03-06,109.5,110.0,108.5,108.5,7553751.0,0.0
2020-03-09,108.0,108.0,107.5,107.5,9024036.0,0.0
2020-03-10,107.0,108.5,107.0,107.5,10880267.0,0.0
2020-03-11,108.0,108.5,107.5,108.5,9091040.0,0.0
2020-03-12,108.0,108.5,107.0,107.5,16766527.0,0.0
2020-03-13,106.5,107.0,103.0,106.0,34147652.0,0.0
2020-03-16,106.5,107.0,105.0,105.0,16463671.0,0.0
2020-03-17,104.0,107.0,103.5,107.0,22133575.0,0.0
2020-03-18,107.0,107.0,105.0,106.5,16697225.0,0.0
2020-03-19,104.0,106.0,103.5,105.5,24486593.0,0.0
2020-03-20,106.0,106.5,104.5,106.5,24679658.0,0.0
2020-03-23,105.0,106.0,104.5,105.5,14916932.0,0.0
2020-03-24,106.5,108.0,106.0,107.0,16253605.0,0.0
2020-03-25,107.0,108.5,107.0,108.0,9847227.0,0.0
2020-03-26,108.0,109.0,107.5,107.5,6411652.0,0.0
2020-03-27,108.0,108.0,107.0,107.5,7273843.0,0.0
2020-03-30,106.5,107.0,106.0,106.5,6517201.0,0.0
2020-03-31,107.0,107.5,106.5,107.5,8431751.0,0.0
2020-04-01,107.5,108.0,107.0,107.0,11659862.0,0.0
2020-04-06,108.0,108.0,107.0,108.0,7173316.0,0.0
2020-04-07,108.0,108.0,107.0,107.5,8796428.0,0.0
2020-04-08,107.5,108.0,107.0,108.0,5668113.0,0.0
2020-04-09,107.5,107.5,107.0,107.0,5748576.0,0.0
2020-04-10,107.5,108.0,107.0,108.0,9457688.0,0.0
2020-04-13,108.0,108.5,107.5,108.0,6173698.0,0.0
2020-04-14,108.5,108.5,108.0,108.5,8416559.0,0.0
2020-04-15,109.0,109.0,108.0,109.0,11627585.0,0.0
2020-04-16,108.5,109.0,108.0,108.0,8541891.0,0.0
2020-04-17,108.5,109.0,108.0,108.5,6409933.0,0.0
2020-04-20,108.5,109.5,108.5,109.0,7909536.0,0.0
2020-04-21,109.0,109.5,108.0,108.5,9206783.0,0.0
2020-04-22,108.0,109.0,107.5,109.0,6687437.0,0.0
2020-04-23,108.5,109.0,108.0,109.0,6629422.0,0.0
2020-04-24,109.0,109.0,108.0,108.5,4632768.0,0.0
2020-04-27,109.0,109.5,109.0,109.5,5408436.0,0.0
2020-04-28,109.5,109.5,109.0,109.5,5086238.0,0.0
2020-04-29,109.5,110.0,109.0,110.0,6578610.0,0.0
2020-04-30,110.0,110.0,109.5,109.5,8916427.0,0.0
2020-05-04,108.0,109.0,108.0,109.0,8679779.0,0.0
2020-05-05,109.0,109.5,109.0,109.0,4527838.0,0.0
2020-05-06,109.5,109.5,109.0,109.5,6254989.0,0.0
2020-05-07,109.5,110.0,109.0,109.0,5621611.0,0.0
2020-05-08,110.0,111.5,109.5,110.0,21851610.0,0.0
2020-05-11,110.5,111.0,110.0,110.0,5093599.0,0.0
2020-05-12,110.0,110.5,109.5,110.0,4715049.0,0.0
2020-05-13,110.0,110.5,109.5,110.0,4542908.0,0.0
2020-05-14,110.0,110.0,109.5,110.0,3616369.0,0.0
2020-05-15,110.0,110.5,109.5,109.5,5178243.0,0.0
2020-05-18,109.5,111.0,109.5,110.5,8188535.0,0.0
2020-05-19,111.5,111.5,110.5,111.0,7118181.0,0.0
2020-05-20,111.0,111.5,111.0,111.5,5522356.0,0.0
2020-05-21,111.5,111.5,110.5,111.5,5396999.0,0.0
2020-05-22,111.0,112.0,110.5,111.0,11160959.0,0.0
2020-05-25,111.5,111.5,110.5,110.5,4554250.0,0.0
2020-05-26,111.0,111.5,110.5,111.0,4452308.0,0.0
2020-05-27,111.0,111.0,110.0,110.0,7453560.0,0.0
2020-05-28,110.0,111.0,110.0,110.5,6454371.0,0.0
2020-05-29,110.5,111.5,110.0,110.5,18409288.0,0.0
2020-06-01,111.5,111.5,111.0,111.5,6093580.0,0.0
2020-06-02,111.5,112.0,111.0,112.0,3669244.0,0.0
2020-06-03,112.0,113.0,111.5,112.5,9939657.0,0.0
2020-06-04,113.0,113.5,112.5,113.0,6784815.0,0.0
2020-06-05,113.0,113.0,112.5,112.5,3318639.0,0.0
2020-06-08,112.5,113.0,112.0,113.0,8791319.0,0.0
2020-06-09,112.5,113.0,112.0,113.0,8683700.0,0.0
2020-06-10,113.0,113.0,112.5,113.0,9580081.0,0.0
2020-06-11,112.5,113.0,112.5,112.5,9380519.0,0.0
2020-06-12,112.0,113.0,111.5,113.0,7951392.0,0.0
2020-06-15,112.5,113.0,111.5,111.5,11366240.0,0.0
2020-06-16,112.0,113.0,112.0,112.5,7734585.0,0.0
2020-06-17,113.0,113.0,112.5,113.0,6040576.0,0.0
2020-06-18,113.0,113.0,112.5,112.5,7250447.0,0.0
2020-06-19,113.0,113.5,112.5,113.0,13958807.0,0.0
2020-06-22,113.0,113.5,113.0,113.5,4801305.0,0.0
2020-06-23,113.5,114.0,113.0,114.0,12015584.0,0.0
2020-06-24,114.0,114.5,114.0,114.5,12762507.0,0.0
2020-06-29,114.5,115.0,114.0,115.0,11362138.0,0.0
2020-06-30,115.0,117.0,115.0,117.0,21528572.0,0.0
2020-07-01,116.5,117.0,116.0,116.5,18156651.0,0.0
2020-07-02,111.5,114.0,110.5,114.0,28796278.0,4.226
2020-07-03,114.0,114.0,112.0,112.0,8767500.0,0.0
2020-07-06,112.0,112.5,111.5,112.0,11953494.0,0.0
2020-07-07,112.0,112.0,111.0,111.5,14418708.0,0.0
2020-07-08,111.5,112.0,111.0,112.0,15072820.0,0.0
2020-07-09,112.0,112.0,110.5,110.5,12917494.0,0.0
2020-07-10,111.0,111.5,110.5,111.0,7546315.0,0.0
2020-07-13,111.0,111.5,110.5,110.5,10185501.0,0.0
2020-07-14,111.0,111.0,110.0,110.0,11484818.0,0.0
2020-07-15,110.0,110.5,109.0,109.5,34285902.0,0.0
2020-07-16,110.5,110.5,109.0,109.5,13943215.0,0.0
2020-07-17,110.0,110.5,109.5,109.5,7189110.0,0.0
2020-07-20,110.0,110.5,109.5,110.0,5143854.0,0.0
2020-07-21,110.0,110.5,109.5,110.0,6993417.0,0.0
2020-07-22,110.0,110.0,109.5,110.0,7991257.0,0.0
2020-07-23,109.5,110.0,109.0,109.0,7332642.0,0.0
2020-07-24,109.0,109.5,109.0,109.0,5930117.0,0.0
2020-07-27,108.5,109.0,108.0,108.0,12172684.0,0.0
2020-07-28,108.0,109.0,107.5,108.5,9263451.0,0.0
2020-07-29,109.0,109.5,108.5,108.5,7047757.0,0.0
2020-07-30,108.5,109.5,108.5,108.5,4250156.0,0.0
2020-07-31,109.5,109.5,108.5,109.5,7046055.0,0.0
2020-08-03,109.0,109.5,108.0,108.0,8171919.0,0.0
2020-08-04,108.5,109.0,108.0,108.5,4972486.0,0.0
2020-08-05,109.0,109.5,108.0,108.0,4954888.0,0.0
2020-08-06,108.5,109.0,108.0,109.0,3325191.0,0.0
2020-08-07,108.5,109.0,108.0,109.0,5560968.0,0.0
2020-08-10,109.0,109.5,108.5,108.5,3510154.0,0.0
2020-08-11,109.0,109.0,108.5,108.5,5792982.0,0.0
2020-08-12,109.0,109.0,108.0,109.0,4547838.0,0.0
2020-08-13,109.5,109.5,109.0,109.5,3972010.0,0.0
2020-08-14,109.0,109.5,108.5,109.0,4148947.0,0.0
2020-08-17,109.0,109.5,108.5,108.5,4250202.0,0.0
2020-08-18,109.0,109.0,108.5,109.0,4063336.0,0.0
2020-08-19,109.5,109.5,109.0,109.0,5607802.0,0.0
2020-08-20,108.5,109.5,108.5,109.0,6434005.0,0.0
2020-08-21,109.0,109.5,108.5,109.5,5463458.0,0.0
2020-08-24,109.5,109.5,109.0,109.0,2043464.0,0.0
2020-08-25,109.0,109.5,109.0,109.0,4642834.0,0.0
2020-08-26,109.0,109.5,108.5,109.0,6699286.0,0.0
2020-08-27,109.0,109.5,109.0,109.5,3651955.0,0.0
2020-08-28,109.0,109.5,108.5,109.0,4132089.0,0.0
2020-08-31,109.0,109.0,108.5,108.5,6885457.0,0.0
2020-09-01,109.0,109.0,108.5,109.0,4226939.0,0.0
2020-09-02,109.0,109.0,108.0,108.5,6245564.0,0.0
2020-09-03,108.5,109.0,108.0,109.0,4612112.0,0.0
2020-09-04,108.0,108.5,108.0,108.5,5948698.0,0.0
2020-09-07,108.5,108.5,108.0,108.5,4414400.0,0.0
2020-09-08,108.5,109.0,108.0,109.0,4867390.0,0.0
2020-09-09,108.5,109.0,108.0,108.5,5289879.0,0.0
2020-09-10,108.5,109.0,108.0,109.0,3603750.0,0.0
2020-09-11,108.5,109.0,108.5,109.0,3675532.0,0.0
2020-09-14,108.5,109.0,108.0,109.0,4317927.0,0.0
2020-09-15,108.5,109.0,108.0,109.0,3480148.0,0.0
2020-09-16,109.0,109.0,108.5,109.0,3813649.0,0.0
2020-09-17,108.5,109.0,108.5,109.0,4295875.0,0.0
2020-09-18,108.5,109.0,108.0,109.0,7475240.0,0.0
2020-09-21,108.5,109.0,108.0,108.5,4172523.0,0.0
2020-09-22,108.5,108.5,108.0,108.0,4209865.0,0.0
2020-09-23,108.0,108.5,107.5,107.5,6487439.0,0.0
2020-09-24,107.5,108.0,107.0,107.0,10510656.0,0.0
2020-09-25,107.5,107.5,106.5,107.5,9077801.0,0.0
2020-09-28,107.5,108.0,107.0,108.0,5209260.0,0.0
2020-09-29,108.0,108.5,107.5,108.5,4797564.0,0.0
2020-09-30,108.5,108.5,106.5,107.0,9443488.0,0.0
2020-10-05,107.0,107.5,106.5,107.0,6115661.0,0.0
2020-10-06,107.5,108.0,107.0,108.0,5009845.0,0.0
2020-10-07,107.5,108.0,106.5,106.5,11161225.0,0.0
2020-10-08,107.0,107.5,106.5,107.5,7531643.0,0.0
2020-10-12,107.5,107.5,107.0,107.0,4209966.0,0.0
2020-10-13,107.0,107.5,106.5,107.5,4427353.0,0.0
2020-10-14,107.5,107.5,107.0,107.5,3224230.0,0.0
2020-10-15,107.0,107.5,106.5,106.5,9339786.0,0.0
2020-10-16,106.5,107.0,106.5,106.5,5127011.0,0.0
2020-10-19,106.5,107.0,106.5,107.0,4889755.0,0.0
2020-10-20,107.0,107.0,106.5,106.5,3209597.0,0.0
2020-10-21,107.0,107.5,106.5,107.0,5517630.0,0.0
2020-10-22,107.0,107.5,106.5,107.0,3413554.0,0.0
2020-10-23,107.0,107.5,107.0,107.5,3455241.0,0.0
2020-10-26,107.5,108.5,107.5,108.5,5404757.0,0.0
2020-10-27,108.0,109.5,108.0,109.0,6463322.0,0.0
2020-10-28,108.5,109.0,108.0,108.5,5013135.0,0.0
2020-10-29,108.0,108.0,107.5,107.5,3780731.0,0.0
2020-10-30,107.5,108.0,107.0,107.0,7281071.0,0.0
2020-11-02,108.0,109.5,107.5,109.5,8111348.0,0.0
2020-11-03,109.5,109.5,109.0,109.5,7567142.0,0.0
2020-11-04,109.0,109.5,109.0,109.5,3494010.0,0.0
2020-11-05,109.5,110.0,109.0,110.0,5867944.0,0.0
2020-11-06,109.5,110.0,109.0,109.5,5075932.0,0.0
2020-11-09,109.5,110.0,109.0,110.0,5397738.0,0.0
2020-11-10,110.0,110.0,109.0,110.0,5781596.0,0.0
2020-11-11,110.0,110.0,109.5,110.0,7178374.0,0.0
2020-11-12,110.0,110.5,109.5,110.0,2941624.0,0.0
2020-11-13,109.5,110.0,109.0,110.0,5764826.0,0.0
2020-11-16,109.5,110.0,109.0,109.5,6854718.0,0.0
2020-11-17,109.0,110.0,108.5,110.0,7831280.0,0.0
2020-11-18,110.0,110.0,109.5,110.0,5434523.0,0.0
2020-11-19,110.0,110.0,109.5,110.0,6202442.0,0.0
2020-11-20,110.0,110.0,109.0,109.5,5626523.0,0.0
2020-11-23,110.0,110.5,109.5,110.5,8644815.0,0.0
2020-11-24,110.0,110.0,109.5,109.5,4923249.0,0.0
2020-11-25,110.0,110.0,108.5,109.0,6878169.0,0.0
2020-11-26,109.0,110.0,108.5,109.5,8579302.0,0.0
2020-11-27,109.5,110.0,109.0,109.5,5167779.0,0.0
2020-11-30,109.5,110.0,108.5,108.5,18724592.0,0.0
2020-12-01,108.5,109.5,108.5,109.0,6233861.0,0.0
2020-12-02,108.5,109.5,108.5,109.0,6860344.0,0.0
2020-12-03,109.0,109.0,108.5,108.5,6783206.0,0.0
2020-12-04,109.5,109.5,109.0,109.5,6755065.0,0.0
2020-12-07,109.5,109.5,108.5,108.5,7800775.0,0.0
2020-12-08,108.5,109.5,108.5,109.5,6110913.0,0.0
2020-12-09,109.0,109.0,108.0,108.5,9400366.0,0.0
2020-12-10,108.0,109.0,108.0,108.5,5014355.0,0.0
2020-12-11,108.5,108.5,108.0,108.5,6560201.0,0.0
2020-12-14,108.5,109.0,108.0,108.5,5635554.0,0.0
2020-12-15,108.5,109.0,108.0,109.0,5921557.0,0.0
2020-12-16,108.5,109.5,108.5,109.5,8024820.0,0.0
2020-12-17,109.0,109.5,109.0,109.5,6076332.0,0.0
2020-12-18,109.5,109.5,109.0,109.5,8534565.0,0.0
2020-12-21,109.5,110.0,109.0,109.5,6749648.0,0.0
2020-12-22,109.5,109.5,109.0,109.0,5627913.0,0.0
2020-12-23,109.0,109.5,108.0,108.5,9582165.0,0.0
2020-12-24,108.5,109.0,108.0,108.0,7569211.0,0.0
2020-12-25,108.5,109.0,108.0,108.5,8697865.0,0.0
2020-12-28,108.5,109.5,108.5,109.5,7421691.0,0.0
2020-12-29,109.5,109.5,108.5,109.0,4716623.0,0.0
2020-12-30,109.0,110.0,109.0,110.0,7202979.0,0.0
2020-12-31,110.0,110.0,109.0,109.0,7125255.0,0.0
2021-01-04,109.0,109.5,109.0,109.0,8002963.0,0.0
2021-01-05,109.0,109.5,108.5,109.5,6159889.0,0.0
2021-01-06,109.0,109.5,108.5,109.5,8983622.0,0.0
2021-01-07,109.0,109.5,109.0,109.0,5427622.0,0.0
2021-01-08,109.0,110.0,109.0,110.0,11498969.0,0.0
2021-01-11,110.0,111.0,109.5,111.0,14043914.0,0.0
2021-01-12,111.0,111.5,110.5,111.0,9224108.0,0.0
2021-01-13,111.0,111.5,111.0,111.5,8711554.0,0.0
2021-01-14,111.5,112.0,111.5,112.0,6216615.0,0.0
2021-01-15,112.0,112.5,111.0,111.0,7853792.0,0.0
2021-01-18,111.0,111.5,111.0,111.0,5291001.0,0.0
2021-01-19,111.0,111.5,111.0,111.0,5309057.0,0.0
2021-01-20,110.5,111.0,109.0,109.0,16075623.0,0.0
2021-01-21,109.0,110.0,108.5,108.5,10763853.0,0.0
2021-01-22,109.0,109.0,108.5,108.5,8690906.0,0.0
2021-01-25,108.5,109.5,108.5,109.0,8288346.0,0.0
2021-01-26,109.0,109.5,108.5,108.5,7473723.0,0.0
2021-01-27,109.0,109.5,108.5,109.0,6936763.0,0.0
2021-01-28,109.0,109.5,108.0,109.0,10483359.0,0.0
2021-01-29,108.5,109.0,108.0,108.0,12435123.0,0.0
2021-02-01,108.5,109.5,108.0,109.0,10296862.0,0.0
2021-02-02,108.5,109.0,108.5,109.0,5416277.0,0.0
2021-02-03,108.5,109.0,108.0,109.0,6527803.0,0.0
2021-02-04,108.5,109.0,108.0,108.0,8608079.0,0.0
2021-02-05,108.5,109.0,108.0,108.5,6910817.0,0.0
2021-02-17,109.0,109.0,108.0,108.5,12825805.0,0.0
2021-02-18,108.5,109.0,108.0,108.5,9166928.0,0.0
2021-02-19,108.5,109.0,108.5,109.0,8819294.0,0.0
2021-02-22,109.0,109.0,108.5,108.5,9425340.0,0.0
2021-02-23,108.5,109.5,108.5,109.5,11817798.0,0.0
2021-02-24,109.5,110.0,109.5,109.5,7624334.0,0.0
2021-02-25,110.0,110.5,109.5,110.5,13508967.0,0.0
2021-02-26,110.5,111.0,109.0,109.5,17126585.0,0.0
2021-03-02,110.0,110.5,109.5,109.5,8464681.0,0.0
2021-03-03,110.0,110.5,109.5,109.5,12499764.0,0.0
2021-03-04,110.0,110.5,109.0,109.5,11358104.0,0.0
2021-03-05,109.5,110.0,109.0,110.0,7429415.0,0.0
2021-03-08,110.5,111.0,109.5,110.0,9452848.0,0.0
2021-03-09,110.5,111.0,110.0,110.5,6234001.0,0.0
2021-03-10,110.5,111.0,110.0,110.5,5143705.0,0.0
2021-03-11,110.5,111.0,110.0,111.0,7744665.0,0.0
2021-03-12,111.0,111.0,110.5,111.0,3448243.0,0.0
2021-03-15,110.5,111.0,110.0,110.5,4946197.0,0.0
2021-03-16,110.5,111.0,110.5,110.5,5459931.0,0.0
2021-03-17,110.5,111.0,110.0,110.5,10042618.0,0.0
2021-03-18,110.5,111.0,110.5,111.0,6032983.0,0.0
2021-03-19,110.5,111.0,110.0,110.0,17983910.0,0.0
2021-03-22,110.5,110.5,110.0,110.5,6087179.0,0.0
2021-03-23,110.5,111.0,110.5,111.0,5497523.0,0.0
2021-03-24,111.0,111.0,110.5,111.0,5222913.0,0.0
2021-03-25,111.0,111.5,110.5,111.5,7938929.0,0.0
2021-03-26,111.5,111.5,111.0,111.5,6381187.0,0.0
2021-03-29,111.5,112.0,111.0,112.0,6229651.0,0.0
2021-03-30,112.0,112.0,111.0,111.5,9223728.0,0.0
2021-03-31,111.5,112.0,111.0,111.5,14947218.0,0.0
2021-04-01,111.5,112.0,111.0,111.5,6716971.0,0.0
2021-04-07,112.0,112.5,112.0,112.0,10756322.0,0.0
2021-04-08,112.0,112.5,111.0,111.0,10409874.0,0.0
2021-04-09,111.5,112.0,111.0,112.0,11391956.0,0.0
2021-04-12,111.5,112.0,111.0,111.0,8724932.0,0.0
2021-04-13,111.5,112.0,111.0,112.0,6025951.0,0.0
2021-04-14,111.5,114.0,111.5,113.0,33357259.0,0.0
2021-04-15,113.0,114.0,113.0,114.0,14794079.0,0.0
2021-04-16,114.0,114.5,113.5,114.0,11111221.0,0.0
2021-04-19,114.0,114.5,113.5,114.5,8055238.0,0.0
2021-04-20,114.5,115.0,114.0,115.0,8405396.0,0.0
2021-04-21,115.0,115.0,114.0,114.5,8699794.0,0.0
2021-04-22,114.0,115.0,114.0,114.5,10085809.0,0.0
2021-04-23,114.5,114.5,113.5,114.0,5971818.0,0.0
2021-04-26,114.0,114.0,113.5,114.0,7959790.0,0.0
2021-04-27,114.0,114.0,113.0,114.0,9009219.0,0.0
2021-04-28,114.0,114.0,113.0,114.0,8203370.0,0.0
2021-04-29,113.5,114.0,113.0,114.0,4374720.0,0.0
2021-05-03,113.5,114.0,113.0,113.0,8892288.0,0.0
2021-05-04,113.5,114.0,112.0,112.5,16507181.0,0.0
2021-05-05,112.5,113.0,112.0,112.0,5906397.0,0.0
2021-05-06,112.5,113.0,112.5,113.0,6012658.0,0.0
2021-05-07,113.0,113.5,113.0,113.5,3768744.0,0.0
2021-05-10,114.0,114.0,113.0,114.0,5831468.0,0.0
2021-05-11,113.5,114.5,113.0,114.5,11099285.0,0.0
2021-05-12,114.0,114.5,108.5,112.5,28021326.0,0.0
2021-05-13,112.0,112.5,111.0,111.0,13964754.0,0.0
2021-05-14,111.5,113.5,111.0,113.5,11003408.0,0.0
2021-05-17,112.0,113.5,111.5,112.5,10088425.0,0.0
2021-05-18,112.0,113.5,112.0,113.5,12165040.0,0.0
2021-05-19,113.0,113.5,112.5,112.5,4720451.0,0.0
2021-05-20,112.5,113.5,112.0,113.5,7538905.0,0.0
2021-05-21,113.5,114.5,113.5,114.5,12683336.0,0.0
2021-05-24,113.5,113.5,112.5,113.0,5352940.0,0.0
2021-05-25,113.0,114.0,113.0,114.0,5945552.0,0.0
2021-05-26,113.5,114.0,113.0,113.0,4567661.0,0.0
2021-05-27,113.5,113.5,112.0,112.0,25228259.0,0.0
2021-05-28,113.0,113.5,112.5,113.0,6609964.0,0.0
2021-05-31,113.5,114.0,113.0,113.5,5802178.0,0.0
2021-06-01,113.5,114.0,113.0,113.5,2090457.0,0.0
2021-06-02,113.5,114.0,113.5,114.0,3801467.0,0.0
2021-06-03,114.0,114.5,113.0,114.0,3608729.0,0.0
2021-06-04,113.5,114.0,113.5,114.0,4221148.0,0.0
2021-06-07,114.0,114.0,113.0,114.0,3609793.0,0.0
2021-06-08,114.5,114.5,113.5,114.5,3861363.0,0.0
2021-06-09,114.0,114.5,114.0,114.0,3290372.0,0.0
2021-06-10,114.0,114.5,113.5,114.5,3257221.0,0.0
2021-06-11,114.5,115.0,114.0,114.5,5378611.0,0.0
2021-06-15,114.5,115.0,114.0,114.5,4533285.0,0.0
2021-06-16,114.0,115.0,114.0,115.0,6083411.0,0.0
2021-06-17,114.0,114.5,114.0,114.5,3775827.0,0.0
2021-06-18,114.0,114.5,113.5,113.5,11921085.0,0.0
2021-06-21,113.5,114.0,113.0,113.5,3933950.0,0.0
2021-06-22,114.0,114.5,113.5,114.0,5080061.0,0.0
2021-06-23,114.0,115.0,113.5,114.5,6319507.0,0.0
2021-06-24,114.5,115.0,114.0,114.0,3187328.0,0.0
2021-06-25,114.0,114.5,114.0,114.5,3187560.0,0.0
2021-06-28,114.5,115.0,114.0,114.0,3196673.0,0.0
2021-06-29,114.0,114.5,114.0,114.0,3853054.0,0.0
2021-06-30,114.0,114.5,113.5,114.0,6383215.0,0.0
2021-07-01,114.0,114.5,113.5,113.5,6048345.0,0.0
2021-07-02,113.5,114.0,113.5,114.0,5712132.0,0.0
2021-07-05,114.5,114.5,114.0,114.5,3869144.0,0.0
2021-07-06,114.0,114.5,113.5,114.0,5082487.0,0.0
2021-07-07,114.0,114.5,113.5,114.0,2968597.0,0.0
2021-07-08,114.0,114.5,113.5,114.0,3515816.0,0.0
2021-07-09,113.5,114.5,113.5,114.5,3352107.0,0.0
2021-07-12,114.5,114.5,113.5,113.5,4004345.0,0.0
2021-07-13,114.0,114.5,113.5,114.5,6626454.0,0.0
2021-07-14,114.5,114.5,114.0,114.5,4968702.0,0.0
2021-07-15,114.0,114.5,114.0,114.5,4533125.0,0.0
2021-07-16,114.0,115.0,113.5,115.0,6702440.0,0.0
2021-07-19,114.0,115.0,114.0,115.0,4176551.0,0.0
2021-07-20,114.5,115.0,114.5,115.0,3542506.0,0.0
2021-07-21,114.5,115.0,114.5,115.0,5675636.0,0.0
2021-07-22,115.0,116.0,115.0,116.0,7294800.0,0.0
2021-07-23,115.5,116.0,115.0,115.0,5427610.0,0.0
2021-07-26,115.0,115.5,114.5,115.0,3624333.0,0.0
2021-07-27,115.0,115.5,114.5,115.5,4553335.0,0.0
2021-07-28,115.5,116.0,114.5,116.0,7625623.0,0.0
2021-07-29,115.5,116.5,115.5,116.5,6783929.0,0.0
2021-07-30,116.5,116.5,115.0,115.0,6721593.0,0.0
2021-08-02,115.5,116.5,115.5,116.5,10775136.0,0.0
2021-08-03,116.5,117.0,116.5,117.0,9700382.0,0.0
2021-08-04,117.0,117.5,116.5,117.5,10782154.0,0.0
2021-08-05,117.5,118.0,117.0,118.0,14590145.0,0.0
2021-08-06,118.0,118.0,117.5,117.5,10390579.0,0.0
2021-08-09,117.5,118.0,117.0,117.5,5298980.0,0.0
2021-08-10,118.0,118.0,117.0,118.0,8351599.0,0.0
2021-08-11,118.0,118.0,117.5,118.0,9172417.0,0.0
2021-08-12,118.0,118.5,117.5,118.0,9616918.0,0.0
2021-08-13,118.0,118.0,116.5,117.5,7481446.0,0.0
2021-08-16,117.5,117.5,117.0,117.5,8910927.0,0.0
2021-08-17,117.5,117.5,117.5,117.5,0.0,0.0
2021-08-18,117.5,117.5,117.0,117.5,6742098.0,0.0
2021-08-19,117.5,117.5,116.0,116.5,9338247.0,0.0
2021-08-20,116.5,117.0,115.5,116.0,11412242.0,0.0
2021-08-23,116.0,116.5,115.5,115.5,8613625.0,0.0
2021-08-24,115.5,116.0,115.0,115.5,14981701.0,0.0
2021-08-25,110.5,111.0,109.0,110.0,34525086.0,4.306
2021-08-26,110.0,110.5,109.5,110.0,12488127.0,0.0
2021-08-27,110.0,110.5,109.5,110.0,8114018.0,0.0
2021-08-30,110.5,111.5,110.0,111.0,11263067.0,0.0
2021-08-31,111.5,112.5,111.0,112.0,21301670.0,0.0
2021-09-01,112.0,112.5,110.5,110.5,12383213.0,0.0
2021-09-02,110.5,111.5,110.5,111.0,4386589.0,0.0
2021-09-03,111.0,111.5,111.0,111.0,6307961.0,0.0
2021-09-06,111.0,111.5,110.5,111.0,7961531.0,0.0
2021-09-07,111.0,111.5,111.0,111.0,6994054.0,0.0
2021-09-08,111.5,111.5,110.5,111.0,10991946.0,0.0
2021-09-09,111.0,111.5,110.5,110.5,4112231.0,0.0
2021-09-10,110.5,111.0,110.5,110.5,4099929.0,0.0
2021-09-13,111.0,111.0,110.5,111.0,5981457.0,0.0
2021-09-14,111.0,111.5,110.5,111.0,6743241.0,0.0
2021-09-15,111.0,112.0,111.0,111.0,7340209.0,0.0
2021-09-16,111.0,111.5,111.0,111.5,6632440.0,0.0
2021-09-17,111.5,111.5,111.0,111.0,10884051.0,0.0
2021-09-22,110.5,111.5,110.0,111.0,11761689.0,0.0
2021-09-23,111.0,111.5,111.0,111.0,5793771.0,0.0
2021-09-24,111.5,111.5,111.0,111.5,3348343.0,0.0
2021-09-27,111.5,111.5,111.0,111.0,3665863.0,0.0
2021-09-28,111.0,111.5,111.0,111.0,5429373.0,0.0
2021-09-29,111.0,111.5,110.5,111.5,9465312.0,0.0
2021-09-30,111.0,111.5,110.5,110.5,9269349.0,0.0
2021-10-01,110.5,111.0,110.0,110.5,10209763.0,0.0
2021-10-04,111.0,111.0,110.5,111.0,6178971.0,0.0
2021-10-05,111.0,111.0,110.5,110.5,7067781.0,0.0
2021-10-06,110.5,111.0,110.5,111.0,9480186.0,0.0
2021-10-07,111.5,111.5,111.0,111.5,6650748.0,0.0
2021-10-08,111.0,112.0,111.0,111.5,11763549.0,0.0
2021-10-12,111.0,111.5,110.5,111.5,17596855.0,0.0
2021-10-13,111.5,111.5,110.5,111.5,8611828.0,0.0
2021-10-14,111.5,111.5,110.5,110.5,7658310.0,0.0
2021-10-15,110.5,111.0,110.5,111.0,9375452.0,0.0
2021-10-18,111.0,111.5,110.5,111.0,6114856.0,0.0
2021-10-19,111.0,111.5,111.0,111.5,5066899.0,0.0
2021-10-20,111.0,111.5,110.5,111.0,7579928.0,0.0
2021-10-21,111.0,111.5,110.5,110.5,7783552.0,0.0
2021-10-22,110.5,111.5,110.5,111.5,7091367.0,0.0
2021-10-25,111.0,111.5,110.5,111.0,11108279.0,0.0
2021-10-26,111.0,111.0,110.5,110.5,10210510.0,0.0
2021-10-27,110.5,111.0,110.5,110.5,5303695.0,0.0
2021-10-28,111.0,111.0,110.0,110.0,9332728.0,0.0
2021-10-29,110.5,111.0,110.0,110.5,7581624.0,0.0
2021-11-01,111.0,111.0,110.5,111.0,6686504.0,0.0
2021-11-02,111.0,111.0,110.0,110.5,7498311.0,0.0
2021-11-03,110.5,111.0,110.0,110.5,8453894.0,0.0
2021-11-04,110.5,111.0,110.5,111.0,5690310.0,0.0
2021-11-05,111.0,111.0,110.5,111.0,6723849.0,0.0
2021-11-08,111.0,111.5,110.5,111.5,8744341.0,0.0
2021-11-09,111.0,111.5,110.5,111.5,6224811.0,0.0
2021-11-10,111.5,112.0,111.0,112.0,8604177.0,0.0
2021-11-11,112.0,112.5,111.0,112.5,10804466.0,0.0
2021-11-12,112.0,112.5,112.0,112.5,7529483.0,0.0
2021-11-15,112.5,113.0,112.0,113.0,11214942.0,0.0
2021-11-16,113.0,114.0,112.5,114.0,10316329.0,0.0
2021-11-17,114.0,114.5,113.5,114.5,7968179.0,0.0
2021-11-18,114.5,115.0,114.0,115.0,4866918.0,0.0
2021-11-19,114.5,115.0,112.5,113.0,9796640.0,0.0
2021-11-22,113.0,113.5,112.5,112.5,5607390.0,0.0
2021-11-23,113.0,114.0,112.5,113.5,5453123.0,0.0
2021-11-24,113.5,114.0,113.0,113.5,2788952.0,0.0
2021-11-25,113.5,114.0,113.0,113.5,4379187.0,0.0
2021-11-26,113.0,114.0,112.5,113.0,8018304.0,0.0
2021-11-29,112.5,113.0,112.0,112.5,5026167.0,0.0
2021-11-30,112.5,113.0,112.0,112.0,24350084.0,0.0
2021-12-01,112.0,113.0,112.0,113.0,8343022.0,0.0
2021-12-02,113.0,114.0,112.5,114.0,6098234.0,0.0
2021-12-03,113.5,114.0,113.0,113.5,4936093.0,0.0
2021-12-06,113.5,114.0,113.0,114.0,3196024.0,0.0
2021-12-07,114.0,114.0,113.5,114.0,4371956.0,0.0
2021-12-08,114.0,114.5,113.5,114.0,5365579.0,0.0
2021-12-09,114.5,114.5,113.5,114.5,2809382.0,0.0
2021-12-10,114.0,114.5,113.5,114.0,2872123.0,0.0
2021-12-13,114.0,114.5,113.5,113.5,4171337.0,0.0
2021-12-14,114.0,114.0,113.5,114.0,4002606.0,0.0
2021-12-15,114.0,114.5,113.5,114.0,7602968.0,0.0
2021-12-16,114.5,115.0,114.0,114.5,6249300.0,0.0
2021-12-17,115.0,115.0,114.0,115.0,7257742.0,0.0
2021-12-20,114.0,115.0,114.0,115.0,5994808.0,0.0
2021-12-21,115.0,116.0,114.5,115.5,8185995.0,0.0
2021-12-22,115.5,116.0,115.0,115.5,2930994.0,0.0
2021-12-23,116.0,116.0,114.5,115.5,11363083.0,0.0
2021-12-24,115.5,116.0,115.0,115.5,7827256.0,0.0
2021-12-27,115.5,116.5,115.5,116.0,4514661.0,0.0
2021-12-28,116.0,116.5,115.5,116.0,6097315.0,0.0
2021-12-29,116.5,117.0,116.0,116.5,9032516.0,0.0
2021-12-30,116.5,116.5,116.0,116.5,4147190.0,0.0
2022-01-03,116.5,116.5,114.5,115.5,6858508.0,0.0
2022-01-04,115.5,116.0,114.5,115.5,11401188.0,0.0
2022-01-05,115.0,115.5,115.0,115.5,4278642.0,0.0
2022-01-06,116.0,116.0,115.0,115.5,4022746.0,0.0
2022-01-07,115.5,116.0,115.0,115.5,4399830.0,0.0
2022-01-10,115.5,116.5,115.0,116.5,5487036.0,0.0
2022-01-11,116.5,117.0,116.0,116.5,7514272.0,0.0
2022-01-12,116.5,117.0,116.0,117.0,6176531.0,0.0
2022-01-13,117.0,117.5,116.5,117.5,5357534.0,0.0
2022-01-14,117.5,118.0,117.0,117.5,5488945.0,0.0
2022-01-17,117.5,117.5,116.5,117.0,4242185.0,0.0
2022-01-18,117.0,117.5,116.5,117.5,3668103.0,0.0
2022-01-19,117.0,117.5,115.5,117.0,9895734.0,0.0
2022-01-20,117.0,117.5,116.0,116.5,7922647.0,0.0
2022-01-21,116.5,117.0,116.0,117.0,5771617.0,0.0
2022-01-24,116.5,117.5,116.0,117.0,6956649.0,0.0
2022-01-25,116.0,117.0,116.0,117.0,8639455.0,0.0
2022-01-26,117.0,117.5,116.5,117.5,6571481.0,0.0
2022-02-07,118.0,118.5,117.5,118.5,11043334.0,0.0
2022-02-08,118.5,119.0,118.0,118.0,4829355.0,0.0
2022-02-09,118.5,119.0,118.0,118.5,7761313.0,0.0
2022-02-10,119.0,119.5,118.5,119.5,6617431.0,0.0
2022-02-11,119.0,120.0,118.5,119.5,5275207.0,0.0
2022-02-14,119.0,120.0,118.5,120.0,5990714.0,0.0
2022-02-15,120.0,120.0,119.5,120.0,5242899.0,0.0
2022-02-16,120.0,121.0,120.0,121.0,7214055.0,0.0
2022-02-17,121.5,122.0,121.0,121.5,9932726.0,0.0
2022-02-18,121.5,123.0,121.0,122.0,10335333.0,0.0
2022-02-21,122.0,123.5,121.5,123.5,7714716.0,0.0
2022-02-22,123.0,123.5,122.5,123.5,11643755.0,0.0
2022-02-23,123.5,126.0,123.5,125.5,16213232.0,0.0
2022-02-24,125.0,125.5,124.0,124.5,17068728.0,0.0
2022-02-25,124.0,125.0,124.0,124.5,16649849.0,0.0
2022-03-01,125.0,125.5,124.0,124.5,12808150.0,0.0
2022-03-02,125.0,125.0,122.5,123.5,14669586.0,0.0
2022-03-03,123.5,124.0,122.0,122.5,11008121.0,0.0
2022-03-04,122.5,123.0,122.0,123.0,8004680.0,0.0
2022-03-07,122.0,122.5,120.5,121.0,17093689.0,0.0
2022-03-08,120.0,122.5,120.0,122.0,11811057.0,0.0
2022-03-09,122.0,122.5,121.5,122.5,4824879.0,0.0
2022-03-10,122.5,123.0,122.5,123.0,5871789.0,0.0
2022-03-11,122.5,122.5,122.0,122.5,7836756.0,0.0
2022-03-14,122.5,123.0,122.5,123.0,5967339.0,0.0
2022-03-15,123.0,125.0,122.0,125.0,14512834.0,0.0
2022-03-16,124.0,126.0,124.0,126.0,10055804.0,0.0
2022-03-17,126.0,127.5,125.0,125.5,16504007.0,0.0
2022-03-18,126.0,126.5,125.0,126.5,14175206.0,0.0
2022-03-21,125.5,127.0,125.0,126.5,9816867.0,0.0
2022-03-22,126.5,126.5,125.0,126.5,6966596.0,0.0
2022-03-23,126.0,126.5,125.0,126.5,6687478.0,0.0
2022-03-24,125.5,127.0,125.5,127.0,8325342.0,0.0
2022-03-25,126.0,128.0,126.0,128.0,9439533.0,0.0
2022-03-28,127.0,128.0,126.5,128.0,8046239.0,0.0
2022-03-29,127.5,128.0,126.5,127.0,6087801.0,0.0
2022-03-30,127.5,127.5,126.5,127.0,9601987.0,0.0
2022-03-31,127.0,127.5,126.5,127.0,5722698.0,0.0
2022-04-01,126.5,127.0,126.0,127.0,8164328.0,0.0
2022-04-06,127.0,127.0,126.0,127.0,10134158.0,0.0
2022-04-07,127.0,127.5,126.5,127.0,13560013.0,0.0
2022-04-08,127.5,128.0,126.5,128.0,10348211.0,0.0
2022-04-11,128.0,130.0,128.0,130.0,12424868.0,0.0
2022-04-12,129.0,129.5,128.0,128.5,7145495.0,0.0
2022-04-13,129.0,129.0,128.0,128.5,5611568.0,0.0
2022-04-14,128.5,130.0,128.5,130.0,7532652.0,0.0
2022-04-15,129.5,130.0,129.0,129.5,3924924.0,0.0
2022-04-18,128.5,130.0,128.5,130.0,5274462.0,0.0
2022-04-19,130.0,130.5,129.5,129.5,6376519.0,0.0
2022-04-20,129.0,131.0,129.0,131.0,7028387.0,0.0
2022-04-21,131.0,131.5,130.5,131.0,4333392.0,0.0
2022-04-22,130.5,131.5,130.5,131.5,4600703.0,0.0
2022-04-25,131.0,131.5,130.5,131.5,7268043.0,0.0
2022-04-26,131.0,132.0,131.0,132.0,5429090.0,0.0
2022-04-27,131.5,132.5,131.5,132.0,7334145.0,0.0
2022-04-28,132.0,132.5,130.0,131.5,15337714.0,0.0
2022-04-29,131.0,131.5,129.5,131.0,11876194.0,0.0
2022-05-03,130.0,130.5,127.0,127.5,18851834.0,0.0
2022-05-04,126.5,126.5,123.5,124.0,17892860.0,0.0
2022-05-05,125.0,126.0,124.5,125.0,13466207.0,0.0
2022-05-06,124.0,127.5,123.5,126.5,15904427.0,0.0
2022-05-09,126.0,126.5,124.0,125.0,10257525.0,0.0
2022-05-10,125.0,125.5,124.0,124.5,12129816.0,0.0
2022-05-11,124.5,126.0,124.0,125.0,7298857.0,0.0
2022-05-12,125.0,125.5,124.0,124.0,8361040.0,0.0
2022-05-13,124.5,125.5,123.5,124.0,7875846.0,0.0
2022-05-16,125.0,125.5,124.0,124.0,7313130.0,0.0
2022-05-17,124.5,124.5,123.5,123.5,7435171.0,0.0
2022-05-18,124.0,125.5,123.5,125.0,13516261.0,0.0
2022-05-19,125.0,125.0,123.5,124.5,9004672.0,0.0
2022-05-20,124.5,124.5,124.0,124.5,6144011.0,0.0
2022-05-23,125.0,125.0,123.5,123.5,8777120.0,0.0
2022-05-24,124.0,124.5,123.5,124.0,8913079.0,0.0
2022-05-25,124.0,125.5,124.0,125.0,11806664.0,0.0
2022-05-26,125.0,128.0,124.5,127.5,15217352.0,0.0
2022-05-27,127.5,128.0,124.5,125.5,12650983.0,0.0
2022-05-30,126.0,127.0,125.0,127.0,11907479.0,0.0
2022-05-31,126.5,127.0,125.0,127.0,23893843.0,0.0
2022-06-01,126.5,126.5,125.0,125.0,10580776.0,0.0
2022-06-02,125.5,126.5,124.5,125.0,11952627.0,0.0
2022-06-06,126.0,126.5,124.5,126.0,12462022.0,0.0
2022-06-07,126.0,126.5,125.0,125.5,10548729.0,0.0
2022-06-08,126.0,127.0,126.0,126.5,7877833.0,0.0
2022-06-09,126.5,127.0,126.0,126.0,6063211.0,0.0
2022-06-10,126.0,126.5,125.0,125.0,8882736.0,0.0
2022-06-13,125.5,125.5,124.0,125.0,8791406.0,0.0
2022-06-14,125.0,125.0,124.0,124.5,6585502.0,0.0
2022-06-15,124.5,126.0,124.0,125.0,8839562.0,0.0
2022-06-16,126.0,126.0,124.0,124.0,8313290.0,0.0
2022-06-17,124.0,125.5,124.0,125.0,13910684.0,0.0
2022-06-20,125.0,126.0,124.0,125.0,7656754.0,0.0
2022-06-21,125.5,126.5,125.0,126.5,12325197.0,0.0
2022-06-22,126.5,126.5,125.5,125.5,8581083.0,0.0
2022-06-23,126.5,127.0,126.0,127.0,16622339.0,0.0
2022-06-24,126.5,130.0,126.0,129.0,19047391.0,0.0
2022-06-27,129.5,130.0,128.5,128.5,9380420.0,0.0
2022-06-28,128.5,129.5,128.5,129.0,6955497.0,0.0
2022-06-29,129.0,130.5,128.5,130.5,20865905.0,0.0
2022-06-30,124.0,124.5,121.0,122.0,33461871.0,4.608
2022-07-01,122.0,125.0,120.0,124.0,20050206.0,0.0
2022-07-04,125.0,128.0,124.5,126.5,17338744.0,0.0
2022-07-05,127.5,128.0,125.5,127.0,15854053.0,0.0
2022-07-06,128.0,128.5,127.0,128.0,15505246.0,0.0
2022-07-07,128.0,129.5,126.5,127.5,24796395.0,0.0
2022-07-08,127.0,127.0,124.5,124.5,15535380.0,0.0
2022-07-11,125.0,125.5,123.0,124.0,9842416.0,0.0
2022-07-12,123.5,124.5,122.0,122.5,15151537.0,0.0
2022-07-13,122.5,125.0,122.5,124.0,22595392.0,0.0
2022-07-14,125.0,125.0,122.0,123.0,17769132.0,0.0
2022-07-15,122.5,123.0,122.0,123.0,8476202.0,0.0
2022-07-18,124.0,124.0,122.0,123.0,18343477.0,0.0
2022-07-19,123.0,123.5,120.5,121.5,17131648.0,0.0
2022-07-20,121.5,122.0,120.0,120.0,12111980.0,0.0
2022-07-21,119.5,120.0,119.0,119.5,6889410.0,0.0
2022-07-22,119.0,119.5,117.5,118.5,9175068.0,0.0
2022-07-25,118.5,120.5,118.5,120.0,5874009.0,0.0
2022-07-26,120.0,120.0,119.0,120.0,6563994.0,0.0
2022-07-27,119.5,122.5,119.5,121.5,9642535.0,0.0
2022-07-28,121.5,122.0,121.0,121.5,3991357.0,0.0
2022-07-29,122.0,122.5,121.0,121.5,5825672.0,0.0
2022-08-01,122.5,122.5,121.0,122.0,6676687.0,0.0
2022-08-02,122.0,123.0,121.5,122.5,12935762.0,0.0
2022-08-03,121.5,122.5,121.0,121.5,8306573.0,0.0
2022-08-04,121.5,122.0,120.0,120.5,6256084.0,0.0
2022-08-05,121.0,122.0,121.0,122.0,6348596.0,0.0
2022-08-08,122.0,122.5,121.0,122.5,5802103.0,0.0
2022-08-09,122.0,122.5,121.5,122.5,5093823.0,0.0
2022-08-10,122.5,123.0,122.0,122.5,6508828.0,0.0
2022-08-11,123.5,126.0,123.5,125.0,15458225.0,0.0
2022-08-12,125.0,125.5,124.0,125.0,6377801.0,0.0
2022-08-15,125.0,125.5,124.5,124.5,6632121.0,0.0
2022-08-16,125.0,125.0,123.0,123.5,7493451.0,0.0
2022-08-17,124.0,124.5,122.0,123.0,9284170.0,0.0
2022-08-18,123.0,123.0,122.0,122.5,6815456.0,0.0
2022-08-19,122.0,122.5,121.0,121.5,8200899.0,0.0
2022-08-22,121.0,122.0,121.0,122.0,2937000.0,0.0
2022-08-23,123.0,123.0,122.0,122.5,4441398.0,0.0
2022-08-24,122.5,122.5,122.0,122.0,6019282.0,0.0
2022-08-25,122.0,122.5,121.5,122.0,5097199.0,0.0
2022-08-26,122.0,122.5,121.5,122.0,5499080.0,0.0
2022-08-29,122.0,123.5,121.0,123.0,8019643.0,0.0
2022-08-30,122.5,123.5,122.0,122.5,6988327.0,0.0
2022-08-31,122.0,122.5,121.0,121.0,12363679.0,0.0
2022-09-01,121.0,121.5,120.5,121.0,8572045.0,0.0
2022-09-02,121.0,122.0,120.5,121.0,7553779.0,0.0
2022-09-05,121.0,122.0,121.0,122.0,6463593.0,0.0
2022-09-06,122.0,122.0,121.0,121.5,5698903.0,0.0
2022-09-07,121.0,121.5,120.0,120.5,6618473.0,0.0
2022-09-08,120.5,121.0,120.0,121.0,5446010.0,0.0
2022-09-12,122.0,122.0,120.0,121.0,8961957.0,0.0
2022-09-13,121.0,121.5,120.5,121.0,6266391.0,0.0
2022-09-14,120.0,120.5,119.5,119.5,6853643.0,0.0
2022-09-15,119.5,120.0,119.0,119.0,8434168.0,0.0
2022-09-16,118.5,119.0,117.5,118.0,16148738.0,0.0
2022-09-19,118.0,119.0,118.0,118.0,4568582.0,0.0
2022-09-20,118.5,119.0,118.0,118.0,4828675.0,0.0
2022-09-21,118.0,118.0,117.0,117.5,6218768.0,0.0
2022-09-22,116.5,117.0,116.0,116.0,7007431.0,0.0
2022-09-23,116.5,116.5,114.5,115.0,11164809.0,0.0
2022-09-26,114.5,117.0,113.5,116.5,8517050.0,0.0
2022-09-27,117.0,117.5,116.0,116.0,3717677.0,0.0
2022-09-28,117.0,117.0,114.0,116.5,11651519.0,0.0
2022-09-29,117.0,117.5,115.0,116.0,13356968.0,0.0
2022-09-30,115.0,115.5,114.0,114.0,9488047.0,0.0
2022-10-03,113.0,113.5,111.0,111.5,16583873.0,0.0
2022-10-04,112.5,113.0,111.0,112.0,11471514.0,0.0
2022-10-05,112.0,112.5,111.5,111.5,9471574.0,0.0
2022-10-06,111.5,111.5,110.5,110.5,9644505.0,0.0
2022-10-07,110.0,111.0,109.5,110.5,9044480.0,0.0
2022-10-11,109.5,110.0,109.0,109.0,11586183.0,0.0
2022-10-12,109.0,110.0,108.5,110.0,8037153.0,0.0
2022-10-13,109.5,110.0,109.0,109.0,8618846.0,0.0
2022-10-14,109.5,110.0,108.0,109.0,11049316.0,0.0
2022-10-17,108.5,109.5,108.0,109.0,6672363.0,0.0
2022-10-18,109.5,109.5,108.0,108.5,8686191.0,0.0
2022-10-19,108.5,109.0,107.0,107.5,10214085.0,0.0
2022-10-20,107.0,107.5,105.5,107.0,17834465.0,0.0
2022-10-21,107.5,108.0,107.0,108.0,4813763.0,0.0
2022-10-24,108.0,108.5,107.0,107.5,8800813.0,0.0
2022-10-25,108.0,110.5,107.0,110.5,19558795.0,0.0
2022-10-26,110.0,110.5,108.5,108.5,12188012.0,0.0
2022-10-27,109.0,110.5,108.5,109.5,11978132.0,0.0
2022-10-28,109.5,110.0,109.0,109.0,6777773.0,0.0
2022-10-31,110.0,111.5,109.5,111.0,9124637.0,0.0
2022-11-01,110.5,110.5,109.5,109.5,5229334.0,0.0
2022-11-02,109.0,109.0,108.0,108.5,8134262.0,0.0
2022-11-03,108.5,109.0,108.0,108.5,4811046.0,0.0
2022-11-04,107.5,108.5,107.0,108.5,11238971.0,0.0
2022-11-07,108.5,109.0,107.5,108.0,6220288.0,0.0
2022-11-08,108.0,108.5,108.0,108.5,4418249.0,0.0
2022-11-09,108.0,109.5,108.0,109.0,11329982.0,0.0
2022-11-10,108.5,109.5,108.0,108.5,6575017.0,0.0
2022-11-11,109.5,110.0,108.5,109.5,13456528.0,0.0
2022-11-14,109.5,110.5,108.5,109.5,20311554.0,0.0
2022-11-15,109.5,110.0,108.5,109.0,12078054.0,0.0
2022-11-16,108.5,109.0,108.0,108.5,13477516.0,0.0
2022-11-17,108.5,109.0,107.5,108.0,11226626.0,0.0
2022-11-18,108.0,109.0,108.0,109.0,6662358.0,0.0
2022-11-21,109.0,109.5,108.5,109.0,5188355.0,0.0
2022-11-22,109.0,109.0,108.0,108.5,6080606.0,0.0
2022-11-23,109.0,109.5,108.5,109.0,5465406.0,0.0
2022-11-24,109.5,110.5,109.0,110.0,6400950.0,0.0
2022-11-25,110.0,114.0,110.0,112.5,19952159.0,0.0
2022-11-28,111.5,112.0,110.5,110.5,10916869.0,0.0
2022-11-29,110.5,113.0,110.5,112.0,9158053.0,0.0
2022-11-30,112.0,113.5,111.5,113.5,14502229.0,0.0
2022-12-01,114.0,114.0,111.5,111.5,10221907.0,0.0
2022-12-02,111.5,112.0,111.0,112.0,7119756.0,0.0
2022-12-05,112.0,113.0,111.5,112.5,4405981.0,0.0
2022-12-06,112.0,112.0,111.5,112.0,6949405.0,0.0
2022-12-07,112.0,113.0,111.5,112.5,9570363.0,0.0
2022-12-08,112.0,112.5,111.0,111.0,5780423.0,0.0
2022-12-09,111.5,112.5,111.0,112.0,6221075.0,0.0
2022-12-12,111.5,112.5,111.5,112.5,6975258.0,0.0
2022-12-13,112.0,112.5,111.0,111.0,8169127.0,0.0
2022-12-14,112.0,113.0,111.5,111.5,8017622.0,0.0
2022-12-15,112.5,112.5,111.5,112.0,7178759.0,0.0
2022-12-16,111.0,112.0,110.5,110.5,16233599.0,0.0
2022-12-19,110.5,112.0,110.5,111.5,7705228.0,0.0
2022-12-20,111.0,112.0,111.0,111.5,7023691.0,0.0
2022-12-21,111.5,112.5,111.5,111.5,5977026.0,0.0
2022-12-22,112.0,113.0,111.5,113.0,6424597.0,0.0
2022-12-23,112.0,113.0,111.5,112.5,6497656.0,0.0
2022-12-26,113.0,113.5,112.5,113.0,4827234.0,0.0
2022-12-27,113.5,113.5,113.0,113.0,1854101.0,0.0
2022-12-28,112.5,114.0,112.0,114.0,8373617.0,0.0
2022-12-29,113.0,113.5,112.5,113.0,3779640.0,0.0
2022-12-30,113.5,113.5,112.5,113.0,2561417.0,0.0
2023-01-03,113.0,113.5,111.5,113.0,7404693.0,0.0
2023-01-04,113.5,114.0,113.0,113.5,5591905.0,0.0
2023-01-05,113.5,114.0,113.0,114.0,7288494.0,0.0
2023-01-06,114.0,114.0,113.5,114.0,5058604.0,0.0
2023-01-09,114.5,115.0,113.5,115.0,8213144.0,0.0
2023-01-10,115.0,115.0,114.0,115.0,9017913.0,0.0
2023-01-11,115.0,115.0,113.5,114.0,8610495.0,0.0
2023-01-12,114.0,114.5,113.0,113.5,7284877.0,0.0
2023-01-13,114.0,114.5,113.5,114.0,4888239.0,0.0
2023-01-16,114.0,115.0,113.5,115.0,8411971.0,0.0
2023-01-17,114.5,115.0,114.0,114.0,7645572.0,0.0
2023-01-30,115.5,115.5,113.0,114.5,29033941.0,0.0
2023-01-31,114.5,114.5,112.5,112.5,17285032.0,0.0
2023-02-01,112.5,113.0,111.5,112.5,16737593.0,0.0
2023-02-02,112.0,113.0,111.5,112.0,12011874.0,0.0
2023-02-03,112.0,113.5,112.0,113.0,9364770.0,0.0
2023-02-06,112.5,113.5,112.0,112.5,6493829.0,0.0
2023-02-07,113.0,113.5,112.5,112.5,9010003.0,0.0
2023-02-08,112.5,113.0,112.5,112.5,11636332.0,0.0
2023-02-09,112.5,113.0,112.0,112.5,11541270.0,0.0
2023-02-10,112.0,113.0,112.0,113.0,7520314.0,0.0
2023-02-13,113.0,113.5,112.5,113.5,6984821.0,0.0
2023-02-14,114.0,114.5,113.0,114.0,9787460.0,0.0
2023-02-15,114.0,114.0,113.0,113.5,8799123.0,0.0
2023-02-16,113.5,114.5,113.5,114.0,7282653.0,0.0
2023-02-17,114.0,114.0,113.5,113.5,7783738.0,0.0
2023-02-20,114.0,115.0,113.5,115.0,5018590.0,0.0
2023-02-21,114.5,115.0,114.0,114.5,2324765.0,0.0
2023-02-22,114.5,115.5,114.0,115.0,7315372.0,0.0
2023-02-23,115.0,116.0,114.5,115.5,7527073.0,0.0
2023-02-24,115.5,116.0,115.0,115.5,11190600.0,0.0
2023-03-01,115.5,115.5,114.5,115.0,12214071.0,0.0
2023-03-02,115.0,117.0,115.0,116.5,9330543.0,0.0
2023-03-03,117.0,118.0,116.5,117.5,5440569.0,0.0
2023-03-06,118.0,119.0,117.5,118.0,6707883.0,0.0
2023-03-07,118.0,119.0,117.5,118.5,7401403.0,0.0
2023-03-08,118.0,119.0,118.0,119.0,9841915.0,0.0
2023-03-09,119.0,119.5,118.0,118.5,7667626.0,0.0
2023-03-10,118.5,118.5,117.0,117.5,7212337.0,0.0
2023-03-13,117.0,119.5,116.5,119.0,12199171.0,0.0
2023-03-14,118.0,118.5,117.5,117.5,7776951.0,0.0
2023-03-15,118.0,119.5,118.0,119.0,7306848.0,0.0
2023-03-16,118.5,119.5,118.5,119.0,5524789.0,0.0
2023-03-17,119.0,119.5,118.0,118.0,12552863.0,0.0
2023-03-20,118.5,119.5,118.0,119.0,4135584.0,0.0
2023-03-21,119.0,119.5,118.5,118.5,3946628.0,0.0
2023-03-22,119.0,119.5,118.5,119.5,4220296.0,0.0
2023-03-23,119.5,120.5,119.5,120.0,6399137.0,0.0
2023-03-24,120.0,120.5,119.5,119.5,5436519.0,0.0
2023-03-27,120.0,120.5,119.5,120.0,5442223.0,0.0
2023-03-28,120.0,120.0,119.0,119.5,6976169.0,0.0
2023-03-29,120.0,120.0,119.0,120.0,6256395.0,0.0
2023-03-30,120.0,120.0,119.5,120.0,5231981.0,0.0
2023-03-31,120.0,120.5,119.5,119.5,4763194.0,0.0
2023-04-06,120.0,120.5,119.5,120.5,9101677.0,0.0
2023-04-07,120.5,121.0,120.0,121.0,5004463.0,0.0
2023-04-10,121.0,122.5,121.0,122.5,5819908.0,0.0
2023-04-11,122.5,123.0,121.5,123.0,9179497.0,0.0
2023-04-12,123.0,124.0,122.5,123.0,12436002.0,0.0
2023-04-13,123.0,124.0,122.5,124.0,12558793.0,0.0
2023-04-14,124.0,125.0,123.5,124.5,11122422.0,0.0
2023-04-17,124.5,125.5,123.5,125.5,8994658.0,0.0
2023-04-18,125.0,126.0,125.0,126.0,9299435.0,0.0
2023-04-19,126.0,126.0,124.5,124.5,7529206.0,0.0
2023-04-20,124.5,125.0,124.0,125.0,8889299.0,0.0
2023-04-21,124.5,126.0,124.5,126.0,11372827.0,0.0
2023-04-24,125.5,126.5,125.5,126.0,6702384.0,0.0
2023-04-25,126.0,126.5,125.5,126.0,10201284.0,0.0
2023-04-26,126.0,127.0,125.5,127.0,13959600.0,0.0
2023-04-27,126.5,127.0,126.0,126.5,9161300.0,0.0
2023-04-28,126.5,127.0,126.0,127.0,6732342.0,0.0
2023-05-02,126.5,127.0,125.0,125.5,7866694.0,0.0
2023-05-03,125.0,125.5,124.5,125.5,4079566.0,0.0
2023-05-04,125.0,126.5,125.0,126.5,5710416.0,0.0
2023-05-05,126.5,126.5,125.5,126.5,2785395.0,0.0
2023-05-08,126.5,126.5,126.0,126.5,4096405.0,0.0
2023-05-09,126.0,126.5,126.0,126.5,5146252.0,0.0
2023-05-10,126.5,127.0,125.5,126.0,4920094.0,0.0
2023-05-11,126.0,126.0,125.5,126.0,4854031.0,0.0
2023-05-12,125.5,125.5,124.5,125.0,11515431.0,0.0
2023-05-15,124.5,125.5,124.5,125.5,6093072.0,0.0
2023-05-16,125.0,126.0,125.0,126.0,6355161.0,0.0
2023-05-17,125.5,127.0,125.5,127.0,9862783.0,0.0
2023-05-18,126.5,127.5,126.5,126.5,9076752.0,0.0
2023-05-19,127.0,127.5,126.5,127.5,7452810.0,0.0
2023-05-22,127.0,127.0,125.0,125.5,11728555.0,0.0
2023-05-23,125.5,126.5,125.0,126.5,9011248.0,0.0
2023-05-24,125.5,126.5,125.0,126.5,9281820.0,0.0
2023-05-25,125.5,128.0,125.0,128.0,16137128.0,0.0
2023-05-26,126.5,127.0,125.0,127.0,19861824.0,0.0
2023-05-29,126.0,126.5,125.0,126.0,17412345.0,0.0
2023-05-30,125.5,126.0,124.5,125.5,18380988.0,0.0
2023-05-31,125.0,126.0,124.5,126.0,30755300.0,0.0
2023-06-01,125.5,126.0,124.5,125.0,9470029.0,0.0
2023-06-02,125.0,126.0,124.5,125.5,11646265.0,0.0
2023-06-05,125.5,125.5,125.0,125.0,5539383.0,0.0
2023-06-06,125.5,126.0,125.0,125.5,9385811.0,0.0
2023-06-07,126.0,126.0,125.0,125.0,6769690.0,0.0
2023-06-08,125.5,125.5,125.0,125.0,6302221.0,0.0
2023-06-09,125.5,126.0,125.0,125.5,6700966.0,0.0
2023-06-12,126.0,126.0,125.0,125.0,4169733.0,0.0
2023-06-13,125.0,126.0,125.0,125.5,7482332.0,0.0
2023-06-14,125.5,126.0,125.0,125.5,6085981.0,0.0
2023-06-15,125.5,126.0,125.0,125.5,3937342.0,0.0
2023-06-16,125.5,126.0,125.0,125.5,10413804.0,0.0
2023-06-19,125.5,126.0,125.0,125.5,6116054.0,0.0
2023-06-20,125.5,126.0,125.0,126.0,8197718.0,0.0
2023-06-21,125.5,126.0,125.0,126.0,8003105.0,0.0
2023-06-26,126.0,126.0,124.0,124.0,8697239.0,0.0
2023-06-27,124.0,124.0,122.0,122.0,10887767.0,0.0
2023-06-28,122.0,122.5,121.0,121.5,12039553.0,0.0
2023-06-29,117.0,118.0,117.0,117.5,15487262.0,4.702
2023-06-30,117.5,117.5,116.0,116.5,11194566.0,0.0
2023-07-03,116.5,117.0,115.0,115.0,11238620.0,0.0
2023-07-04,114.0,116.0,114.0,115.5,8869343.0,0.0
2023-07-05,115.5,116.5,115.0,115.0,8215292.0,0.0
2023-07-06,115.5,115.5,114.5,115.0,8362459.0,0.0
2023-07-07,115.0,115.0,114.0,114.5,7512264.0,0.0
2023-07-10,114.5,115.0,114.0,114.0,5665286.0,0.0
2023-07-11,114.5,115.5,114.5,115.0,6251249.0,0.0
2023-07-12,115.0,115.5,114.5,115.0,4869054.0,0.0
2023-07-13,115.5,115.5,115.0,115.0,6524536.0,0.0
2023-07-14,115.5,116.5,115.0,116.5,7492747.0,0.0
2023-07-17,117.0,117.0,116.0,116.5,4565265.0,0.0
2023-07-18,116.0,116.5,115.0,115.0,9568954.0,0.0
2023-07-19,116.0,116.5,115.0,115.0,9269600.0,0.0
2023-07-20,115.5,116.0,115.5,115.5,4926441.0,0.0
2023-07-21,116.0,116.5,115.5,115.5,8068597.0,0.0
2023-07-24,116.0,116.0,115.5,116.0,7040599.0,0.0
2023-07-25,116.0,116.5,115.5,116.5,5916645.0,0.0
2023-07-26,116.5,117.0,116.0,117.0,4899477.0,0.0
2023-07-27,117.0,117.0,116.5,116.5,4651599.0,0.0
2023-07-28,116.5,117.0,116.0,116.5,5171878.0,0.0
2023-07-31,117.0,117.0,116.0,116.0,7993658.0,0.0
2023-08-01,116.0,116.5,116.0,116.5,3599776.0,0.0
2023-08-02,116.0,116.5,116.0,116.0,6293443.0,0.0
2023-08-04,116.0,116.5,116.0,116.5,4893925.0,0.0
2023-08-07,116.0,116.5,116.0,116.0,5788751.0,0.0
2023-08-08,116.5,117.0,116.0,116.5,8033607.0,0.0
2023-08-09,116.5,117.0,116.5,117.0,5910356.0,0.0
2023-08-10,117.0,118.0,117.0,118.0,9831879.0,0.0
2023-08-11,118.0,118.5,118.0,118.0,4976743.0,0.0
2023-08-14,118.0,118.5,117.0,117.0,7211160.0,0.0
2023-08-15,118.0,118.0,117.0,117.0,3854818.0,0.0
2023-08-16,117.0,118.0,117.0,118.0,8335561.0,0.0
2023-08-17,117.5,117.5,116.5,116.5,8428239.0,0.0
2023-08-18,117.0,118.0,116.5,117.5,8102766.0,0.0
2023-08-21,117.5,118.0,117.0,117.0,5133631.0,0.0
2023-08-22,117.0,117.5,116.5,116.5,5298292.0,0.0
2023-08-23,117.0,117.5,116.5,116.5,3239129.0,0.0
2023-08-24,116.5,118.0,116.5,117.5,6282977.0,0.0
2023-08-25,117.5,118.0,116.5,116.5,4936546.0,0.0
2023-08-28,117.0,117.5,116.5,117.0,2315802.0,0.0
2023-08-29,117.0,118.0,117.0,117.5,3080588.0,0.0
2023-08-30,117.5,118.0,117.0,117.0,6026596.0,0.0
2023-08-31,117.5,117.5,116.0,116.0,17010330.0,0.0
2023-09-01,116.0,117.0,116.0,116.5,3802356.0,0.0
2023-09-04,116.5,117.5,116.0,117.5,3869110.0,0.0
2023-09-05,117.5,117.5,117.0,117.0,3518547.0,0.0
2023-09-06,117.5,117.5,117.0,117.0,4198339.0,0.0
2023-09-07,117.0,117.5,116.5,117.0,5767226.0,0.0
2023-09-08,117.0,117.0,116.5,116.5,3607873.0,0.0
2023-09-11,116.5,117.0,116.5,117.0,3614763.0,0.0
2023-09-12,117.0,117.5,116.5,117.0,4454854.0,0.0
2023-09-13,117.0,117.5,116.5,116.5,6076447.0,0.0
2023-09-14,117.0,117.0,116.5,117.0,5435470.0,0.0
2023-09-15,117.0,117.5,116.5,117.5,10367822.0,0.0
2023-09-18,117.0,117.5,117.0,117.0,2051659.0,0.0
2023-09-19,117.0,118.0,117.0,117.0,4556187.0,0.0
2023-09-20,117.0,117.5,116.5,117.0,5369871.0,0.0
2023-09-21,117.0,117.5,116.5,116.5,4352431.0,0.0
2023-09-22,116.5,117.0,116.5,117.0,5569613.0,0.0
2023-09-25,117.0,117.0,116.5,116.5,2525486.0,0.0
2023-09-26,116.5,117.0,116.0,116.0,6581376.0,0.0
2023-09-27,116.0,116.5,116.0,116.5,5407591.0,0.0
2023-09-28,116.5,117.0,116.0,116.0,4534503.0,0.0
2023-10-02,116.5,117.0,116.0,116.5,5153450.0,0.0
2023-10-03,116.5,116.5,116.0,116.0,4165567.0,0.0
2023-10-04,116.0,116.0,115.0,115.0,9023191.0,0.0
2023-10-05,115.0,116.0,115.0,115.0,8552430.0,0.0
2023-10-06,115.5,116.0,115.5,115.5,4833588.0,0.0
2023-10-11,116.5,116.5,115.5,116.5,10287534.0,0.0
2023-10-12,117.0,117.0,116.0,116.5,5922957.0,0.0
2023-10-13,116.0,116.5,115.5,116.0,7220713.0,0.0
2023-10-16,116.0,116.5,116.0,116.5,4891113.0,0.0
2023-10-17,116.5,117.0,116.0,116.5,6156682.0,0.0
2023-10-18,116.5,116.5,116.0,116.0,4940561.0,0.0
2023-10-19,116.0,116.5,115.5,116.0,6904498.0,0.0
2023-10-20,115.5,116.0,115.5,115.5,9628037.0,0.0
2023-10-23,115.5,116.0,115.5,115.5,4634133.0,0.0
2023-10-24,115.5,116.0,115.5,115.5,5428798.0,0.0
2023-10-25,115.5,116.0,115.5,115.5,5061638.0,0.0
2023-10-26,115.5,116.0,115.0,115.0,7264172.0,0.0
2023-10-27,115.5,116.0,115.0,115.5,8936659.0,0.0
2023-10-30,116.0,116.0,115.5,115.5,7421331.0,0.0
2023-10-31,116.0,116.0,115.5,116.0,8133572.0,0.0
2023-11-01,116.0,117.5,115.5,117.0,8197189.0,0.0
2023-11-02,117.0,118.0,116.5,118.0,10269115.0,0.0
2023-11-03,118.0,118.5,117.0,117.5,7831908.0,0.0
2023-11-06,118.0,118.5,117.5,117.5,7297053.0,0.0
2023-11-07,117.5,118.0,117.5,118.0,6007182.0,0.0
2023-11-08,118.0,118.5,118.0,118.5,6005395.0,0.0
2023-11-09,118.5,118.5,117.5,117.5,6419910.0,0.0
2023-11-10,117.5,118.0,117.0,117.0,5447812.0,0.0
2023-11-13,117.5,118.0,116.5,116.5,7875588.0,0.0
2023-11-14,117.0,117.5,116.5,116.5,6298683.0,0.0
2023-11-15,117.0,118.0,117.0,118.0,13224878.0,0.0
2023-11-16,118.0,118.5,117.0,117.0,12982942.0,0.0
2023-11-17,117.5,118.0,117.0,117.0,8133467.0,0.0
2023-11-20,117.0,118.0,117.0,118.0,7897490.0,0.0
2023-11-21,117.5,118.5,117.5,118.0,8101671.0,0.0
2023-11-22,118.0,118.5,117.5,118.0,4045569.0,0.0
2023-11-23,118.0,118.5,118.0,118.5,3927052.0,0.0
2023-11-24,118.5,119.0,118.0,119.0,6102974.0,0.0
2023-11-27,119.0,120.5,119.0,120.0,6961903.0,0.0
2023-11-28,120.0,121.0,119.5,119.5,11610707.0,0.0
2023-11-29,119.5,121.0,119.5,120.0,7631885.0,0.0
2023-11-30,120.0,120.5,119.5,119.5,15418291.0,0.0
2023-12-01,119.0,120.5,119.0,120.0,4484014.0,0.0
2023-12-04,120.0,121.0,120.0,121.0,5437893.0,0.0
2023-12-05,121.0,121.5,120.0,121.5,5771655.0,0.0
2023-12-06,122.0,122.5,121.5,122.0,6418930.0,0.0
2023-12-07,122.0,122.0,121.0,121.0,3778882.0,0.0
2023-12-08,121.0,121.5,120.5,120.5,4312152.0,0.0
2023-12-11,120.5,120.5,119.5,120.0,5985391.0,0.0
2023-12-12,120.0,120.0,119.5,120.0,3656755.0,0.0
2023-12-13,120.0,120.5,119.5,119.5,3183826.0,0.0
2023-12-14,120.0,120.5,119.0,119.5,9787445.0,0.0
2023-12-15,119.5,120.0,118.0,118.5,19487692.0,0.0
2023-12-18,118.5,119.0,118.0,118.5,6474565.0,0.0
2023-12-19,118.0,118.5,118.0,118.5,4347336.0,0.0
2023-12-20,118.5,119.0,118.0,118.5,6074672.0,0.0
2023-12-21,118.5,118.5,117.5,118.0,6972550.0,0.0
2023-12-22,118.5,118.5,117.5,117.5,4845803.0,0.0
2023-12-25,118.0,118.5,117.5,118.0,6138696.0,0.0
2023-12-26,118.0,119.0,118.0,119.0,5217099.0,0.0
2023-12-27,118.5,119.5,118.5,119.5,5593487.0,0.0
2023-12-28,119.0,120.0,119.0,120.0,5905395.0,0.0
2023-12-29,120.0,120.5,119.5,120.0,4810112.0,0.0
2024-01-02,120.0,120.5,119.5,120.5,3929586.0,0.0
2024-01-03,120.0,120.5,119.0,120.0,6619874.0,0.0
2024-01-04,119.5,120.0,119.0,119.0,5943302.0,0.0
2024-01-05,119.5,119.5,119.0,119.5,2800408.0,0.0
2024-01-08,119.5,120.5,119.0,120.5,7363007.0,0.0
2024-01-09,120.5,120.5,120.0,120.0,4199696.0,0.0
2024-01-10,120.0,120.5,120.0,120.0,3538106.0,0.0
2024-01-11,120.0,120.5,120.0,120.5,4311684.0,0.0
2024-01-12,120.5,120.5,120.0,120.0,2471714.0,0.0
2024-01-15,120.0,121.0,120.0,120.5,5616590.0,0.0
2024-01-16,120.0,120.5,119.0,119.0,9731902.0,0.0
2024-01-17,119.0,119.5,118.5,118.5,11789932.0,0.0
2024-01-18,118.5,119.0,118.5,118.5,4985092.0,0.0
2024-01-19,118.5,120.0,118.5,119.0,6775247.0,0.0
2024-01-22,119.5,120.0,119.0,119.0,4087907.0,0.0
2024-01-23,119.5,120.0,119.0,119.5,5034017.0,0.0
2024-01-24,119.5,120.0,119.5,120.0,3782044.0,0.0
2024-01-25,120.0,120.5,119.5,120.0,4231038.0,0.0
2024-01-26,120.0,120.0,119.5,119.5,3425392.0,0.0
2024-01-29,119.5,120.5,119.5,120.0,5140571.0,0.0
2024-01-30,120.0,120.0,119.5,119.5,6027867.0,0.0
2024-01-31,119.0,119.5,119.0,119.0,5874835.0,0.0
2024-02-01,119.0,120.0,119.0,120.0,8655253.0,0.0
2024-02-02,120.0,120.5,119.5,120.5,6866724.0,0.0
2024-02-05,120.0,121.5,120.0,121.5,10328244.0,0.0
2024-02-15,121.5,122.0,121.0,121.0,12471870.0,0.0
2024-02-16,121.5,122.0,121.0,122.0,5667119.0,0.0
2024-02-19,121.5,122.5,121.5,122.0,6987548.0,0.0
2024-02-20,122.0,122.5,122.0,122.5,4955371.0,0.0
2024-02-21,122.5,123.0,122.5,122.5,6240200.0,0.0
2024-02-22,122.5,123.0,122.0,122.0,7120399.0,0.0
2024-02-23,122.0,122.5,122.0,122.0,3665891.0,0.0
2024-02-26,122.0,122.5,122.0,122.0,4362841.0,0.0
2024-02-27,122.0,122.5,120.5,121.0,19652629.0,0.0
2024-02-29,120.0,121.0,120.0,120.5,19899245.0,0.0
2024-03-01,120.5,121.5,120.5,121.0,3814302.0,0.0
2024-03-04,121.0,122.0,121.0,121.5,5712966.0,0.0
2024-03-05,121.5,122.0,121.0,121.0,6388711.0,0.0
2024-03-06,121.0,122.0,121.0,121.5,7006712.0,0.0
2024-03-07,121.0,121.5,121.0,121.0,4551292.0,0.0
2024-03-08,120.5,121.0,120.5,120.5,5793342.0,0.0
2024-03-11,120.5,121.5,120.5,121.5,6698572.0,0.0
2024-03-12,122.0,122.0,121.5,121.5,6127035.0,0.0
2024-03-13,121.0,121.5,121.0,121.0,7315938.0,0.0
2024-03-14,121.0,122.0,121.0,122.0,5992283.0,0.0
2024-03-15,122.0,122.5,121.5,122.5,14360918.0,0.0
2024-03-18,122.5,123.0,122.0,123.0,6127785.0,0.0
2024-03-19,122.5,123.5,122.0,123.0,12335998.0,0.0
2024-03-20,122.5,124.0,122.5,123.0,10819357.0,0.0
2024-03-21,123.0,124.0,122.5,123.5,8660681.0,0.0
2024-03-22,123.0,124.0,123.0,124.0,7656713.0,0.0
2024-03-25,123.5,124.5,123.5,124.5,5107143.0,0.0
2024-03-26,124.5,125.5,124.0,125.5,9035044.0,0.0
2024-03-27,125.5,127.0,125.5,127.0,15646989.0,0.0
2024-03-28,126.5,127.0,125.0,125.5,15141141.0,0.0
2024-03-29,125.5,127.0,125.0,127.0,7912000.0,0.0
2024-04-01,126.0,127.0,125.5,126.5,5355213.0,0.0
2024-04-02,126.5,127.0,126.0,126.5,9019098.0,0.0
2024-04-03,126.5,126.5,125.0,125.0,11532219.0,0.0
2024-04-08,125.0,126.5,125.0,126.5,8563856.0,0.0
2024-04-09,126.0,126.5,125.5,125.5,4284176.0,0.0
2024-04-10,125.5,126.0,125.5,126.0,4843688.0,0.0
2024-04-11,125.5,126.5,125.0,126.5,8702711.0,0.0
2024-04-12,125.5,126.5,125.5,125.5,6974683.0,0.0
2024-04-15,125.5,126.5,125.5,126.0,8565892.0,0.0
2024-04-16,125.5,126.0,124.0,124.5,14929437.0,0.0
2024-04-17,125.0,125.0,123.5,123.5,14136001.0,0.0
2024-04-18,123.5,124.5,123.0,124.0,11527647.0,0.0
2024-04-19,123.5,124.0,122.5,123.0,17819913.0,0.0
2024-04-22,123.5,125.5,123.0,125.5,15679606.0,0.0
2024-04-23,125.5,126.0,125.0,125.0,11446965.0,0.0
2024-04-24,125.5,126.0,124.0,124.5,13656192.0,0.0
2024-04-25,125.0,125.0,123.5,123.5,11276320.0,0.0
2024-04-26,123.5,124.5,123.5,123.5,4368881.0,0.0
2024-04-29,124.0,125.5,124.0,124.5,6932193.0,0.0
2024-04-30,124.5,125.0,124.0,124.0,7326576.0,0.0
2024-05-02,124.0,125.0,123.5,124.0,10536430.0,0.0
2024-05-03,124.0,125.0,124.0,124.0,7118595.0,0.0
2024-05-06,124.5,125.0,124.0,124.5,5071054.0,0.0
2024-05-07,124.5,125.5,124.5,125.5,7151594.0,0.0
2024-05-08,125.5,127.0,125.0,126.5,19428794.0,0.0
2024-05-09,126.0,126.5,125.5,126.0,6874583.0,0.0
2024-05-10,125.5,126.0,125.0,125.5,5968359.0,0.0
2024-05-13,125.5,126.5,125.0,126.5,7685329.0,0.0
2024-05-14,126.5,126.5,125.0,125.5,5845899.0,0.0
2024-05-15,125.5,126.0,125.0,125.5,6490060.0,0.0
2024-05-16,126.0,126.5,125.5,125.5,9807689.0,0.0
2024-05-17,125.5,126.5,125.5,126.0,5388916.0,0.0
2024-05-20,126.0,126.5,125.5,126.5,9138618.0,0.0
2024-05-21,126.0,126.5,125.5,126.5,6385920.0,0.0
2024-05-22,126.5,127.0,126.0,127.0,13704427.0,0.0
2024-05-23,126.5,128.0,126.0,127.0,17506891.0,0.0
2024-05-24,127.0,128.0,126.0,127.0,17804557.0,0.0
2024-05-27,127.0,128.0,125.0,125.0,30524548.0,0.0
2024-05-28,126.0,127.5,125.5,126.0,22661310.0,0.0
2024-05-29,126.0,127.0,125.0,125.0,25045057.0,0.0
2024-05-30,125.0,126.5,125.0,126.0,22301631.0,0.0
2024-05-31,125.5,128.0,125.5,128.0,47976094.0,0.0
2024-06-03,127.5,128.0,125.5,127.0,26457741.0,0.0
2024-06-04,126.0,128.0,126.0,127.0,19092387.0,0.0
2024-06-05,127.5,128.0,126.5,127.0,17379246.0,0.0
2024-06-06,127.0,128.0,126.5,127.5,8878458.0,0.0
2024-06-07,127.0,127.5,126.5,126.5,8241385.0,0.0
2024-06-11,126.0,127.0,126.0,126.5,9916150.0,0.0
2024-06-12,126.5,127.0,126.0,126.5,8438253.0,0.0
2024-06-13,126.5,127.0,126.5,126.5,9978075.0,0.0
2024-06-14,127.0,128.0,126.5,128.0,8494128.0,0.0
2024-06-17,127.5,128.0,127.0,127.5,5972687.0,0.0
2024-06-18,128.0,128.0,127.0,128.0,5751895.0,0.0
2024-06-19,128.0,128.0,127.0,127.5,10248635.0,0.0
2024-06-20,127.0,127.5,126.0,126.5,10349850.0,0.0
2024-06-21,127.0,127.0,125.5,125.5,14556702.0,0.0
2024-06-24,125.5,126.5,125.5,126.5,7634506.0,0.0
2024-06-25,126.5,127.0,125.5,126.0,9404887.0,0.0
2024-06-26,126.0,126.5,125.0,125.5,11198862.0,0.0
2024-06-27,125.0,126.0,125.0,126.0,10523343.0,0.0
2024-06-28,126.0,126.5,125.5,125.5,12031834.0,0.0
2024-07-01,126.0,127.0,126.0,126.5,14707795.0,0.0
2024-07-02,126.0,126.5,125.0,125.5,17226669.0,0.0
2024-07-03,125.5,126.0,125.0,125.5,16054127.0,0.0
2024-07-04,119.0,119.5,118.0,118.5,65305885.0,4.758
2024-07-05,119.0,120.0,119.0,120.0,17021940.0,0.0
2024-07-08,120.0,120.0,118.5,119.0,21760036.0,0.0
2024-07-09,119.0,119.5,118.5,119.0,11100060.0,0.0
2024-07-10,119.0,119.0,118.0,118.5,12695309.0,0.0
2024-07-11,118.5,119.0,118.0,118.5,9135108.0,0.0
2024-07-12,118.5,119.0,118.0,118.5,9106288.0,0.0
2024-07-15,119.0,120.0,118.5,119.5,13774995.0,0.0
2024-07-16,119.5,120.5,119.5,119.5,18231645.0,0.0
2024-07-17,120.0,120.5,119.5,119.5,12321627.0,0.0
2024-07-18,120.0,121.0,119.5,120.5,22118121.0,0.0
2024-07-19,120.0,121.0,119.5,121.0,11333262.0,0.0
2024-07-22,120.0,121.0,119.5,120.5,12644601.0,0.0
2024-07-23,120.5,122.5,120.5,121.5,17062494.0,0.0
2024-07-26,121.5,123.0,121.5,122.5,15911164.0,0.0
2024-07-29,122.5,123.0,121.0,121.5,11552952.0,0.0
2024-07-30,121.5,122.5,121.0,121.0,9808348.0,0.0
2024-07-31,121.5,122.0,121.0,121.5,8919472.0,0.0
2024-08-01,122.0,122.0,121.0,121.5,9286416.0,0.0
2024-08-02,121.0,123.0,121.0,123.0,21714466.0,0.0
2024-08-05,121.5,122.5,119.5,121.5,28343444.0,0.0
2024-08-06,121.5,122.0,120.5,122.0,16331653.0,0.0
2024-08-07,121.5,123.5,120.5,121.5,20231127.0,0.0
2024-08-08,121.0,122.0,121.0,121.5,11049191.0,0.0
2024-08-09,121.0,122.5,121.0,122.0,14307083.0,0.0
2024-08-12,122.0,122.5,121.5,121.5,7108821.0,0.0
2024-08-13,122.0,122.0,121.0,122.0,7932960.0,0.0
2024-08-14,122.0,122.5,121.5,122.5,10450411.0,0.0
2024-08-15,123.0,123.0,122.5,123.0,10259196.0,0.0
2024-08-16,123.5,124.0,123.5,124.0,12404337.0,0.0
2024-08-19,124.0,124.0,123.0,123.5,5685547.0,0.0
2024-08-20,124.0,124.0,123.0,123.5,6577550.0,0.0
2024-08-21,123.5,124.0,123.0,123.5,8683818.0,0.0
2024-08-22,123.5,124.0,123.0,124.0,7853974.0,0.0
2024-08-23,124.0,125.0,123.5,124.0,8860293.0,0.0
2024-08-26,124.5,125.0,123.5,124.0,6940214.0,0.0
2024-08-27,123.5,124.5,123.0,124.5,7668987.0,0.0
2024-08-28,124.5,124.5,123.5,124.0,8456971.0,0.0
2024-08-29,124.0,124.5,123.5,123.5,6452953.0,0.0
2024-08-30,124.0,124.5,123.5,124.0,10557378.0,0.0
2024-09-02,124.0,124.5,124.0,124.0,3494668.0,0.0
2024-09-03,124.5,125.0,124.0,124.0,6234372.0,0.0
2024-09-04,123.0,123.5,122.0,122.0,13813229.0,0.0
2024-09-05,123.5,124.0,123.0,123.0,5078981.0,0.0
2024-09-06,123.5,124.0,123.0,124.0,5683638.0,0.0
2024-09-09,123.0,124.0,123.0,123.5,5800768.0,0.0
2024-09-10,123.5,124.0,123.5,124.0,5000995.0,0.0
2024-09-11,124.0,124.5,123.5,123.5,5843180.0,0.0
2024-09-12,124.5,124.5,124.0,124.5,5005266.0,0.0
2024-09-13,124.5,124.5,124.0,124.5,2083381.0,0.0
2024-09-16,125.0,125.0,124.5,125.0,5139325.0,0.0
2024-09-18,125.0,125.0,124.5,125.0,5372748.0,0.0
2024-09-19,125.0,125.5,124.5,125.0,5310056.0,0.0
2024-09-20,125.5,126.0,125.0,126.0,16412065.0,0.0
2024-09-23,126.0,126.5,125.5,126.5,7043712.0,0.0
2024-09-24,127.0,127.0,126.0,126.5,6905282.0,0.0
2024-09-25,127.0,127.0,126.5,126.5,9325906.0,0.0
2024-09-26,127.0,127.0,126.5,127.0,7287610.0,0.0
2024-09-27,127.5,127.5,126.5,126.5,5542927.0,0.0
2024-09-30,126.5,127.0,125.5,125.5,7951707.0,0.0
2024-10-01,125.5,126.0,125.0,126.0,5702964.0,0.0
2024-10-04,124.0,125.0,124.0,124.5,9763740.0,0.0
2024-10-07,124.5,125.0,123.5,124.0,9515778.0,0.0
2024-10-08,123.5,124.0,122.5,122.5,15834662.0,0.0
2024-10-09,123.0,124.0,122.5,122.5,6041783.0,0.0
2024-10-11,122.5,123.5,122.5,122.5,5612619.0,0.0
2024-10-14,123.0,123.5,122.5,122.5,6265050.0,0.0
2024-10-15,123.0,124.0,122.5,123.5,9883764.0,0.0
2024-10-16,123.0,123.5,122.5,122.5,9891777.0,0.0
2024-10-17,122.5,123.5,122.0,122.5,9806797.0,0.0
2024-10-18,123.0,124.0,122.5,124.0,8782433.0,0.0
2024-10-21,124.0,124.0,122.5,122.5,8106376.0,0.0
2024-10-22,122.5,123.0,122.0,123.0,7463419.0,0.0
2024-10-23,123.0,123.0,122.0,122.0,11361296.0,0.0
2024-10-24,122.0,122.5,121.5,122.0,6952213.0,0.0
2024-10-25,122.5,122.5,121.5,122.0,5159673.0,0.0
2024-10-28,122.0,123.0,121.5,122.5,5072956.0,0.0
2024-10-29,122.5,122.5,121.5,122.5,7546888.0,0.0
2024-10-30,122.0,122.5,121.5,122.0,6582591.0,0.0
2024-11-01,122.0,122.5,121.5,122.0,9119936.0,0.0
2024-11-04,122.0,122.5,122.0,122.5,4074417.0,0.0
2024-11-05,122.5,123.0,122.0,123.0,4793770.0,0.0
2024-11-06,123.0,123.5,122.5,122.5,5435041.0,0.0
2024-11-07,122.5,123.0,122.0,123.0,4386693.0,0.0
2024-11-08,123.0,123.5,122.5,123.0,7902597.0,0.0
2024-11-11,123.0,123.5,122.5,123.0,3637135.0,0.0
2024-11-12,123.0,123.0,122.5,122.5,9181844.0,0.0
2024-11-13,122.5,123.5,122.0,123.5,9077911.0,0.0
2024-11-14,123.0,123.5,122.5,122.5,5991122.0,0.0
2024-11-15,123.0,123.5,122.5,122.5,5194547.0,0.0
2024-11-18,123.0,123.0,122.5,122.5,4475319.0,0.0
2024-11-19,123.0,123.5,122.5,123.5,5168687.0,0.0
2024-11-20,122.5,122.5,122.5,122.5,5782061.0,0.0
2024-11-21,122.5,123.5,122.5,123.0,4877369.0,0.0
2024-11-22,123.0,123.5,123.0,123.0,3976723.0,0.0
2024-11-25,124.0,124.5,123.5,123.5,14504900.0,0.0
2024-11-26,123.5,124.5,123.5,124.0,4795713.0,0.0
2024-11-27,123.5,124.5,123.5,123.5,6511315.0,0.0
2024-11-28,124.0,124.0,123.5,123.5,4864583.0,0.0
2024-11-29,123.0,124.0,123.0,123.0,6302220.0,0.0
2024-12-02,123.5,124.0,123.0,123.0,6214298.0,0.0
2024-12-03,123.5,124.0,123.5,123.5,7444259.0,0.0
2024-12-04,124.0,124.5,123.5,124.5,4938162.0,0.0
2024-12-05,124.5,124.5,124.0,124.0,3344072.0,0.0
2024-12-06,124.5,124.5,124.0,124.5,4148965.0,0.0
2024-12-09,124.0,125.0,124.0,124.5,4432273.0,0.0
2024-12-10,124.0,125.0,124.0,124.5,4388683.0,0.0
2024-12-11,124.5,124.5,123.5,123.5,6392445.0,0.0
2024-12-12,123.5,124.0,123.5,123.5,3713009.0,0.0
2024-12-13,123.5,124.0,123.0,123.5,6382668.0,0.0
2024-12-16,123.5,124.0,123.0,123.0,5107904.0,0.0
2024-12-17,123.5,124.5,123.5,123.5,9116553.0,0.0
2024-12-18,123.5,124.5,123.5,124.0,5632106.0,0.0
2024-12-19,123.5,124.0,123.5,123.5,5954268.0,0.0
2024-12-20,123.5,124.0,123.0,123.0,9195065.0,0.0
2024-12-23,123.5,124.5,123.0,124.5,6057988.0,0.0
2024-12-24,124.5,124.5,123.5,123.5,7022572.0,0.0
2024-12-25,124.0,124.5,123.5,124.0,2168618.0,0.0
2024-12-26,124.0,124.5,124.0,124.0,2068776.0,0.0
2024-12-27,124.0,124.5,124.0,124.5,3265575.0,0.0
2024-12-30,124.0,124.5,124.0,124.0,3427117.0,0.0
2024-12-31,124.0,124.5,123.0,123.5,8604121.0,0.0
2025-01-02,123.5,124.0,122.5,123.0,10215111.0,0.0
2025-01-03,123.0,123.5,122.5,122.5,2885406.0,0.0
2025-01-06,123.0,124.0,123.0,123.5,6251521.0,0.0
2025-01-07,124.0,124.0,123.0,123.0,5075414.0,0.0
2025-01-08,123.5,124.5,123.0,123.5,7655568.0,0.0
2025-01-09,123.5,124.0,123.0,123.0,5486747.0,0.0
2025-01-10,123.0,123.5,122.5,123.0,6038152.0,0.0
2025-01-13,122.5,123.0,122.5,123.0,8459038.0,0.0
2025-01-14,123.0,123.5,123.0,123.5,4581478.0,0.0
2025-01-15,123.5,123.5,123.0,123.5,4582643.0,0.0
2025-01-16,123.5,124.0,123.0,124.0,4186793.0,0.0
2025-01-17,123.5,124.0,123.5,124.0,3846017.0,0.0
2025-01-20,124.0,124.0,123.5,123.5,2284532.0,0.0
2025-01-21,123.5,124.0,123.0,123.5,3766344.0,0.0
2025-01-22,124.0,124.5,123.5,124.5,7469338.0,0.0
2025-02-03,124.5,125.5,124.0,125.5,13444135.0,0.0
2025-02-04,125.5,126.0,125.0,125.0,9371564.0,0.0
2025-02-05,126.0,126.0,125.0,126.0,9192651.0,0.0
2025-02-06,126.0,126.0,125.0,126.0,5316952.0,0.0
2025-02-07,125.5,126.0,125.0,126.0,5848677.0,0.0
2025-02-10,125.5,126.0,125.0,125.5,5722005.0,0.0
2025-02-11,125.5,126.0,125.5,125.5,3214598.0,0.0
2025-02-12,126.0,126.5,125.5,126.0,7230774.0,0.0
2025-02-13,126.0,126.5,125.5,125.5,6342989.0,0.0
2025-02-14,126.0,126.0,125.5,125.5,3656362.0,0.0
2025-02-17,126.0,126.0,125.5,126.0,4743165.0,0.0
2025-02-18,126.0,126.5,125.5,126.5,6448667.0,0.0
2025-02-19,126.5,127.0,126.0,126.5,9457856.0,0.0
2025-02-20,126.5,126.5,126.0,126.5,3338448.0,0.0
2025-02-21,126.5,127.0,126.0,127.0,4310203.0,0.0
2025-02-24,126.5,127.0,126.0,127.0,5161357.0,0.0
2025-02-25,126.5,127.0,126.5,126.5,3764420.0,0.0
2025-02-26,126.5,127.5,126.5,127.5,7857133.0,0.0
2025-02-27,128.0,128.0,127.0,128.0,18127734.0,0.0
2025-03-03,128.0,128.5,127.5,128.5,11633978.0,0.0
2025-03-04,128.5,128.5,127.0,127.0,8816265.0,0.0
2025-03-05,127.5,128.0,127.0,127.5,6373605.0,0.0
2025-03-06,128.0,128.0,127.5,128.0,5892397.0,0.0
2025-03-07,128.0,128.5,127.5,128.0,8527878.0,0.0
2025-03-10,128.0,128.5,127.5,128.0,6523920.0,0.0
2025-03-11,127.5,128.5,127.0,127.5,13330325.0,0.0
2025-03-12,127.5,128.5,127.5,128.0,6496654.0,0.0
2025-03-13,128.5,128.5,128.0,128.5,4202852.0,0.0
2025-03-14,128.5,129.0,127.0,128.5,17263590.0,0.0
2025-03-17,128.0,128.5,127.5,128.0,6418728.0,0.0
2025-03-18,128.5,129.5,128.5,129.0,14483850.0,0.0
2025-03-19,129.0,129.0,128.5,128.5,5605444.0,0.0
2025-03-20,129.0,129.5,128.5,129.0,9468322.0,0.0
2025-03-21,129.0,130.0,128.5,130.0,15494543.0,0.0
2025-03-24,130.0,130.0,129.0,129.0,4319964.0,0.0
2025-03-25,129.5,129.5,128.5,129.0,4347135.0,0.0
2025-03-26,129.5,129.5,128.5,129.0,3213738.0,0.0
2025-03-27,129.0,130.0,128.5,130.0,6753639.0,0.0
2025-03-28,129.5,130.0,129.0,130.0,5243942.0,0.0
2025-03-31,129.0,129.5,128.0,128.5,16261687.0,0.0
2025-04-01,129.0,130.0,129.0,130.0,9237923.0,0.0
2025-04-02,129.5,130.0,129.0,130.0,8052945.0,0.0
2025-04-07,123.0,127.0,122.0,124.0,52589386.0,0.0
2025-04-08,125.5,127.5,125.0,127.0,30710900.0,0.0
2025-04-09,126.0,129.0,125.0,126.0,36620710.0,0.0
2025-04-10,129.0,129.5,126.0,127.0,40402614.0,0.0
2025-04-11,127.5,129.0,127.0,128.5,21357957.0,0.0
2025-04-14,128.0,129.0,127.0,127.5,12877572.0,0.0
2025-04-15,128.0,129.0,127.5,129.0,13176903.0,0.0
2025-04-16,128.5,129.5,128.0,128.5,13867168.0,0.0
2025-04-17,129.0,129.0,128.0,128.0,7156969.0,0.0
2025-04-18,129.0,129.0,127.5,128.0,5877223.0,0.0
2025-04-21,128.0,128.5,127.0,127.0,5840933.0,0.0
2025-04-22,128.0,129.0,127.0,128.0,14079217.0,0.0
2025-04-23,128.5,129.0,127.0,127.5,11713941.0,0.0
2025-04-24,127.5,128.0,126.5,127.0,11338928.0,0.0
2025-04-25,127.0,127.5,126.5,126.5,11341108.0,0.0
2025-04-28,127.0,128.0,126.5,128.0,13747491.0,0.0
2025-04-29,128.0,129.0,127.5,129.0,12137475.0,0.0
2025-04-30,129.0,129.5,128.5,129.5,9550171.0,0.0
2025-05-02,129.5,129.5,128.0,128.5,9150310.0,0.0
2025-05-05,129.0,129.5,128.5,129.5,12127017.0,0.0
2025-05-06,129.5,130.5,129.5,130.0,18231840.0,0.0
2025-05-07,130.5,131.0,130.0,131.0,14734965.0,0.0
2025-05-08,131.0,131.0,129.5,129.5,7074111.0,0.0
2025-05-09,129.5,131.0,129.0,131.0,10596244.0,0.0
2025-05-12,131.0,131.0,130.0,131.0,8290955.0,0.0
2025-05-13,130.0,131.0,130.0,130.0,7662937.0,0.0
2025-05-14,130.5,130.5,129.0,129.5,12323371.0,0.0
2025-05-15,129.5,131.0,129.0,131.0,10780105.0,0.0
2025-05-16,131.0,131.5,130.5,131.0,6634558.0,0.0
2025-05-19,131.0,131.5,130.5,131.0,6812263.0,0.0
2025-05-20,131.5,132.0,131.5,131.5,10266911.0,0.0
2025-05-21,132.0,132.5,131.5,132.5,9064886.0,0.0
2025-05-22,132.0,133.0,132.0,133.0,11310233.0,0.0
2025-05-23,133.0,133.0,132.0,133.0,5511574.0,0.0
2025-05-26,133.0,133.0,132.0,133.0,9726064.0,0.0
2025-05-27,133.0,133.0,131.5,131.5,12683959.0,0.0
2025-05-28,131.5,132.5,131.0,132.0,12783510.0,0.0
2025-05-29,132.5,132.5,129.5,129.5,31516979.0,0.0
2025-06-02,130.0,131.5,129.5,131.5,13456417.0,0.0
2025-06-03,131.5,132.0,130.0,130.0,24723685.0,0.0
2025-06-04,130.5,130.5,129.5,129.5,11057079.0,0.0
2025-06-05,129.5,130.5,129.5,130.0,7082178.0,0.0
2025-06-06,130.5,131.0,130.0,130.0,6587476.0,0.0
2025-06-09,130.0,132.5,130.0,132.5,11565504.0,0.0
2025-06-10,132.0,133.0,131.5,133.0,9217432.0,0.0
2025-06-11,132.5,133.0,132.5,133.0,7421455.0,0.0
2025-06-12,133.0,134.0,132.5,134.0,9763578.0,0.0
2025-06-13,133.0,135.0,133.0,135.0,12054925.0,0.0
2025-06-16,135.0,137.0,134.5,136.0,11207860.0,0.0
2025-06-17,136.0,137.0,135.5,136.5,8425384.0,0.0
2025-06-18,136.0,137.0,135.5,137.0,7730397.0,0.0
2025-06-19,136.0,137.0,135.5,136.5,8539654.0,0.0
2025-06-20,136.0,137.0,136.0,136.5,8155979.0,0.0
2025-06-23,136.0,136.5,135.5,136.5,7015451.0,0.0
2025-06-24,136.5,137.0,135.5,135.5,9089758.0,0.0
2025-06-25,136.5,137.0,136.0,137.0,7177082.0,0.0
2025-06-26,136.5,137.0,135.5,137.0,10492929.0,0.0
2025-06-27,136.5,137.5,136.0,136.5,10317799.0,0.0
2025-06-30,136.5,136.5,135.0,135.0,10871511.0,0.0
2025-07-01,135.5,137.0,134.5,135.0,16823686.0,0.0
2025-07-02,135.0,136.0,134.5,134.5,13075555.0,0.0
2025-07-03,130.0,131.0,129.5,131.0,26829361.0,5.0
2025-07-04,131.0,132.5,130.0,130.5,26049412.0,0.0
2025-07-07,130.5,131.0,128.5,130.0,18416260.0,0.0
2025-07-08,130.5,130.5,128.5,129.0,9728687.0,0.0
2025-07-09,129.0,129.0,128.0,128.0,7530551.0,0.0
2025-07-10,128.5,130.0,128.5,130.0,9363177.0,0.0
2025-07-11,130.0,131.0,129.5,130.5,12363264.0,0.0
2025-07-14,130.5,131.0,130.0,130.5,11219653.0,0.0
2025-07-15,130.0,130.5,129.0,129.5,7532096.0,0.0
2025-07-16,129.5,130.5,129.0,130.5,8707175.0,0.0
2025-07-17,130.5,131.0,129.5,130.5,6622576.0,0.0
2025-07-18,130.5,131.0,129.0,129.0,12130022.0,0.0
2025-07-21,130.0,130.5,129.0,129.0,8829607.0,0.0
2025-07-22,129.5,130.5,129.0,130.5,9635313.0,0.0
2025-07-23,130.5,131.0,129.5,130.0,12084383.0,0.0
2025-07-24,129.5,130.0,129.0,129.5,10678929.0,0.0
2025-07-25,130.0,130.5,129.0,129.0,7103352.0,0.0
2025-07-28,129.5,129.5,128.5,129.5,6433574.0,0.0
2025-07-29,129.5,129.5,128.5,129.0,7962955.0,0.0
2025-07-30,130.0,130.0,129.0,129.5,8165321.0,0.0
2025-07-31,129.0,129.5,128.5,129.0,8845297.0,0.0
2025-08-04,129.5,131.0,129.5,131.0,9729124.0,0.0
2025-08-05,131.0,132.0,130.5,132.0,11003933.0,0.0
2025-08-06,132.5,133.5,132.0,132.5,15273033.0,0.0
2025-08-07,132.5,133.5,132.0,132.5,10176566.0,0.0
2025-08-08,132.5,134.0,132.0,134.0,9667011.0,0.0
2025-08-11,133.5,135.0,133.5,134.5,9296443.0,0.0
2025-08-12,134.5,135.0,134.0,135.0,10297731.0,0.0
2025-08-13,134.5,135.0,134.0,134.5,7271681.0,0.0
2025-08-14,134.5,136.0,134.0,134.5,9791531.0,0.0
2025-08-15,135.5,136.0,134.5,135.0,7357520.0,0.0
2025-08-18,134.5,137.0,134.5,137.0,10369147.0,0.0
2025-08-19,136.5,138.0,136.0,138.0,9077884.0,0.0
2025-08-20,138.0,138.0,136.0,136.5,8967669.0,0.0
2025-08-21,137.0,138.0,136.5,137.5,7693558.0,0.0
2025-08-22,137.5,137.5,136.0,136.0,7395107.0,0.0
2025-08-25,136.0,136.5,135.0,135.5,8303168.0,0.0
2025-08-26,134.5,134.5,133.5,133.5,39647528.0,0.0
2025-08-27,133.5,134.5,133.0,134.0,6558698.0,0.0
2025-08-28,134.5,134.5,133.0,133.0,8011225.0,0.0
2025-08-29,133.5,134.0,132.5,132.5,7561097.0,0.0
2025-09-01,133.5,134.5,133.0,134.0,4110205.0,0.0
2025-09-02,134.0,135.0,134.0,135.0,3816183.0,0.0
2025-09-03,134.5,135.5,134.0,134.0,4908629.0,0.0
2025-09-04,135.0,135.0,134.0,135.0,4186122.0,0.0
2025-09-05,135.0,135.5,134.0,134.5,4300988.0,0.0
2025-09-08,134.5,135.0,134.0,134.5,3649627.0,0.0
2025-09-09,134.5,135.5,134.0,135.5,5333337.0,0.0
2025-09-10,135.0,136.0,134.5,135.5,3812097.0,0.0
2025-09-11,135.0,136.0,134.5,134.5,6006731.0,0.0
2025-09-12,135.5,136.0,134.5,135.5,3913875.0,0.0
2025-09-15,135.5,135.5,134.5,135.0,4537692.0,0.0
2025-09-16,134.5,135.0,134.0,134.0,4787494.0,0.0
2025-09-17,134.5,135.0,134.0,134.5,4076022.0,0.0
2025-09-18,134.5,135.0,133.5,134.0,4589742.0,0.0
2025-09-19,134.0,134.5,133.5,134.0,11558007.0,0.0
2025-09-22,134.5,134.5,133.5,133.5,3600026.0,0.0
2025-09-23,133.5,134.0,133.0,133.5,3337614.0,0.0
2025-09-24,134.0,134.5,133.5,134.5,3940634.0,0.0
2025-09-25,134.5,134.5,133.5,133.5,4891586.0,0.0
2025-09-26,133.5,135.0,133.0,134.5,6881559.0,0.0
2025-09-30,135.0,135.0,133.0,133.5,8866305.0,0.0
2025-10-01,134.0,134.5,133.5,134.5,3392484.0,0.0
2025-10-02,134.0,134.0,133.0,133.0,5555568.0,0.0
2025-10-03,133.5,134.0,132.5,133.0,7804004.0,0.0
2025-10-07,133.0,134.0,132.5,133.0,5758975.0,0.0
2025-10-08,134.0,134.0,133.0,133.5,4018487.0,0.0
2025-10-09,133.0,133.5,132.5,133.0,5586297.0,0.0
2025-10-13,133.0,133.0,131.5,132.5,12625187.0,0.0
2025-10-14,132.0,133.0,132.0,132.5,6566260.0,0.0
2025-10-15,132.0,132.5,131.5,131.5,10157347.0,0.0
2025-10-16,132.0,132.5,131.5,132.0,5069794.0,0.0
2025-10-17,133.0,133.0,132.5,133.0,4286496.0,0.0
2025-10-20,133.0,133.5,133.0,133.0,3683488.0,0.0
2025-10-21,133.5,133.5,133.0,133.0,2413854.0,0.0
2025-10-22,133.0,133.5,133.0,133.5,3984487.0,0.0
2025-10-23,133.0,134.0,133.0,134.0,4361321.0,0.0
2025-10-27,134.0,134.0,131.5,132.0,15418313.0,0.0
2025-10-28,132.5,133.0,131.5,132.0,11318145.0,0.0
2025-10-29,132.0,133.0,131.5,132.0,5647390.0,0.0
2025-10-30,132.5,132.5,130.5,131.5,14567482.0,0.0
2025-10-31,132.0,132.0,130.5,131.0,5528940.0,0.0
2025-11-03,132.0,133.0,131.0,131.5,7243425.0,0.0
2025-11-04,131.5,132.5,130.5,131.0,9053370.0,0.0
2025-11-05,131.5,132.0,130.0,132.0,6114439.0,0.0
2025-11-06,132.0,132.5,131.5,131.5,6333164.0,0.0
2025-11-07,131.0,133.0,130.5,132.5,7496436.0,0.0
2025-11-10,132.5,133.0,132.0,133.0,3226754.0,0.0
2025-11-11,133.0,133.0,132.0,132.0,3578315.0,0.0
2025-11-12,132.5,133.0,132.0,132.0,4547951.0,0.0
2025-11-13,132.5,133.0,131.5,131.5,4746663.0,0.0
2025-11-14,132.0,132.5,131.5,131.5,3620013.0,0.0
2025-11-17,131.5,133.0,131.5,132.0,5331177.0,0.0
2025-11-18,131.5,132.0,131.0,131.0,5974671.0,0.0
2025-11-19,131.5,132.0,130.5,130.5,4549315.0,0.0
2025-11-20,131.5,132.0,131.0,132.0,4167564.0,0.0
2025-11-21,132.0,132.5,131.0,131.5,8232207.0,0.0
2025-11-24,132.0,133.0,131.5,132.0,21160337.0,0.0
2025-11-25,131.5,132.0,130.5,131.0,7518312.0,0.0
2025-11-26,131.0,131.5,130.5,131.0,5463058.0,0.0
2025-11-27,130.5,131.0,130.5,131.0,4183487.0,0.0
2025-11-28,130.5,131.0,130.5,130.5,4439013.0,0.0
2025-12-01,131.0,131.0,130.0,130.0,8586808.0,0.0
2025-12-02,130.0,130.5,130.0,130.0,6423110.0,0.0
2025-12-03,130.5,130.5,130.0,130.0,5249364.0,0.0
2025-12-04,130.0,130.5,129.5,129.5,5679352.0,0.0
2025-12-05,130.0,131.0,129.5,130.0,5270711.0,0.0
2025-12-08,130.0,130.5,129.5,129.5,5661478.0,0.0
2025-12-09,130.0,130.0,129.5,130.0,4789547.0,0.0
2025-12-10,130.0,130.0,129.5,129.5,4040872.0,0.0
2025-12-11,130.0,130.5,129.5,130.0,4834486.0,0.0
2025-12-12,130.5,130.5,130.0,130.5,2713660.0,0.0
2025-12-15,130.0,131.0,130.0,130.5,4015805.0,0.0
2025-12-16,130.0,130.5,129.5,130.5,5874207.0,0.0
2025-12-17,130.5,130.5,129.5,129.5,4554701.0,0.0
2025-12-18,129.5,130.5,129.5,130.0,3721235.0,0.0
2025-12-19,130.0,131.0,129.5,131.0,6499277.0,0.0
2025-12-22,130.5,131.0,130.0,130.5,3532015.0,0.0
2025-12-23,130.5,131.0,130.0,130.5,4005901.0,0.0
2025-12-24,130.5,131.0,130.5,130.5,1846522.0,0.0
2025-12-26,130.5,131.5,130.5,131.5,2533170.0,0.0
2025-12-29,131.0,132.0,131.0,132.0,4275657.0,0.0
2025-12-30,132.0,132.0,131.0,131.0,7032812.0,0.0
2025-12-31,131.5,132.0,130.5,130.5,3539051.0,0.0
2026-01-02,131.5,132.0,131.0,132.0,3213296.0,0.0
2026-01-05,131.5,133.0,131.5,133.0,11962134.0,0.0
2026-01-06,133.0,133.5,132.5,132.5,8206091.0,0.0
2026-01-07,132.0,133.5,132.0,133.0,12167298.0,0.0
2026-01-08,133.0,134.0,133.0,133.5,8183945.0,0.0
2026-01-09,133.0,134.0,132.5,133.5,7484956.0,0.0
2026-01-12,133.0,134.0,132.5,133.5,4625841.0,0.0
2026-01-13,133.5,134.0,133.5,133.5,7327915.0,0.0
2026-01-14,133.5,134.0,133.0,133.0,8297104.0,0.0
2026-01-15,133.5,134.0,133.0,133.5,9901788.0,0.0
2026-01-16,133.5,134.0,133.0,133.0,11578802.0,0.0
2026-01-19,133.5,134.0,133.0,134.0,5659567.0,0.0
2026-01-20,133.5,134.0,133.0,133.0,5205901.0,0.0
2026-01-21,133.5,133.5,132.5,133.0,7190815.0,0.0
2026-01-22,133.0,133.5,133.0,133.0,5905683.0,0.0
2026-01-23,133.5,134.0,133.5,134.0,4870776.0,0.0
2026-01-26,134.0,134.0,133.5,134.0,5190923.0,0.0
2026-01-27,134.0,134.5,133.0,133.0,12793007.0,0.0
2026-01-28,133.5,134.0,133.0,133.5,9130081.0,0.0
2026-01-29,133.5,134.5,133.5,133.5,10356812.0,0.0
2026-01-30,133.5,134.5,133.0,133.5,14567824.0,0.0
2026-02-02,134.0,134.0,133.0,133.0,9455335.0,0.0
2026-02-03,133.5,134.0,133.0,133.5,8586549.0,0.0
2026-02-04,133.5,134.0,133.0,133.0,9409798.0,0.0
2026-02-05,133.0,133.5,132.5,132.5,14608515.0,0.0
2026-02-06,132.5,133.0,132.0,133.0,14200849.0,0.0
2026-02-09,133.0,133.5,132.0,132.0,13526287.0,0.0
2026-02-10,132.0,133.0,132.0,132.5,10046703.0,0.0
2026-02-11,133.5,133.5,132.5,133.0,12382926.0,0.0
2026-02-23,134.0,135.0,133.5,135.0,20538249.0,0.0
2026-02-24,134.5,135.5,134.5,135.5,13614132.0,0.0
2026-02-25,135.0,136.0,135.0,136.0,11265352.0,0.0
2026-02-26,136.0,136.0,134.0,134.0,27610937.0,0.0
2026-03-02,135.0,138.0,134.5,138.0,29586302.0,0.0
2026-03-03,137.5,138.0,137.0,138.0,16607857.0,0.0
2026-03-04,137.0,137.5,135.0,135.5,23956035.0,0.0
2026-03-05,136.5,137.0,135.0,137.0,13609086.0,0.0
2026-03-06,136.5,137.0,135.5,136.5,10693177.0,0.0
2026-03-09,134.5,136.5,134.5,136.0,16624961.0,0.0
2026-03-10,137.0,137.0,134.5,135.0,12554852.0,0.0
2026-03-11,136.0,137.0,135.0,135.5,9873960.0,0.0
2026-03-12,135.0,136.5,135.0,136.0,10705574.0,0.0
2026-03-13,136.0,136.5,135.5,136.0,7657409.0,0.0
2026-03-16,136.5,137.5,136.0,136.5,7249390.0,0.0
2026-03-17,137.0,137.5,136.0,137.0,8983971.0,0.0
2026-03-18,137.5,137.5,136.5,137.5,9122248.0,0.0
2026-03-19,137.0,137.0,135.0,135.5,11769140.0,0.0
2026-03-20,136.0,136.5,134.0,134.0,23694194.0,0.0
2026-03-23,133.0,135.0,133.0,134.0,16459732.0,0.0
2026-03-24,134.0,135.0,134.0,134.0,7488128.0,0.0
2026-03-25,135.5,136.0,134.0,135.0,6996608.0,0.0
2026-03-26,135.5,135.5,134.0,134.5,5036091.0,0.0
2026-03-27,134.5,135.0,134.0,134.0,4883631.0,0.0
2026-03-30,133.5,134.5,133.0,134.0,9380519.0,0.0
2026-03-31,133.5,134.0,133.0,133.0,12756741.0,0.0
2026-04-01,134.0,134.5,133.0,134.0,10579340.0,0.0
2026-04-02,134.5,134.5,133.5,134.0,7458421.0,0.0
2026-04-07,134.0,134.0,133.0,134.0,5817084.0,0.0
2026-04-08,134.5,135.0,133.5,134.0,7682372.0,0.0
2026-04-09,134.0,135.0,133.0,135.0,11272409.0,0.0
2026-04-10,135.0,135.5,134.5,135.5,6840505.0,0.0
2026-04-13,135.0,135.0,134.0,134.5,6564830.0,0.0
2026-04-14,135.0,135.0,134.0,135.0,9281816.0,0.0
2026-04-15,135.0,135.5,134.0,135.5,8197058.0,0.0
2026-04-16,136.0,136.5,135.0,136.5,10373494.0,0.0
2026-04-17,137.0,137.5,136.5,137.5,9301214.0,0.0
2026-04-20,137.5,138.0,137.0,137.0,12475802.0,0.0
2026-04-21,137.5,138.0,136.5,137.0,9157970.0,0.0
2026-04-22,137.5,137.5,135.5,136.5,14195786.0,0.0
2026-04-23,136.0,136.5,135.5,136.0,5368495.0,0.0
2026-04-24,136.0,136.0,135.0,135.5,8914995.0,0.0
2026-04-27,135.0,138.0,135.0,137.0,17076438.0,0.0
2026-04-28,137.5,138.0,136.5,137.0,17815508.0,0.0
2026-04-29,137.5,137.5,135.5,136.5,9750105.0,0.0
2026-04-30,136.0,137.0,135.5,136.0,9776829.0,0.0
2026-05-04,137.0,137.5,135.5,135.5,6970783.0,0.0
2026-05-05,135.5,136.0,135.0,136.0,5290308.0,0.0
2026-05-06,137.0,137.0,135.5,136.0,13230011.0,0.0
2026-05-07,135.5,136.5,135.5,135.5,14059555.0,0.0
2026-05-08,136.0,136.5,135.5,136.5,9282555.0,0.0
2026-05-11,136.5,136.5,135.5,135.5,6599853.0,0.0
2026-05-12,135.5,136.5,135.5,135.5,9696181.0,0.0
2026-05-13,136.5,137.5,135.5,137.5,14144199.0,0.0
2026-05-14,136.5,138.0,136.5,137.5,17400421.0,0.0
2026-05-15,137.5,138.0,137.0,138.0,8792646.0,0.0
2026-05-18,138.0,138.0,137.0,137.0,7653424.0,0.0
2026-05-19,137.0,144.0,137.0,142.5,52536539.0,0.0
2026-05-20,142.5,143.5,139.0,139.0,23001430.0,0.0
2026-05-21,139.0,140.0,137.5,137.5,14376464.0,0.0
2026-05-22,137.5,138.0,137.0,137.0,8279549.0,0.0
2026-05-25,137.5,137.5,136.0,136.5,11422520.0,0.0
2026-05-26,136.5,138.0,136.0,136.0,17913361.0,0.0
2026-05-27,137.0,138.0,136.0,137.0,15541553.0,0.0
2026-05-28,137.0,138.0,136.5,136.5,16928668.0,0.0
2026-05-29,137.5,138.5,136.5,137.0,27416612.0,0.0
2026-06-01,137.0,142.0,137.0,140.5,26792126.0,0.0
2026-06-02,140.0,142.5,140.0,142.0,19452116.0,0.0
2026-06-03,142.0,143.0,141.0,141.0,13866011.0,0.0
2026-06-04,141.0,143.0,140.5,141.5,13861468.0,0.0
2026-06-05,141.0,142.0,140.0,141.0,11507800.0,0.0
2026-06-08,139.5,140.5,138.0,138.5,17072400.0,0.0
2026-06-09,138.0,142.5,138.0,142.0,18382175.0,0.0
2026-06-10,141.5,144.0,141.5,144.0,14597047.0,0.0
2026-06-11,144.0,145.0,143.5,145.0,17349970.0,0.0
2026-06-12,145.0,145.5,143.5,145.0,8974047.0,0.0
2026-06-15,146.0,146.0,144.0,145.5,9259174.0,0.0
2026-06-16,146.0,147.0,145.0,146.5,12782451.0,0.0
2026-06-17,145.5,146.5,144.5,145.5,8968717.0,0.0
2026-06-18,145.0,145.5,144.0,144.0,9899868.0,0.0
2026-06-22,144.0,146.0,143.5,144.5,8251017.0,0.0
2026-06-23,145.0,145.5,144.0,144.0,11340802.0,0.0
2026-06-24,143.5,145.0,143.0,143.5,12525374.0,0.0
2026-06-25,144.0,145.5,143.5,144.0,12802437.0,0.0
2026-06-26,144.0,145.0,143.0,143.0,15678392.0,0.0
2026-06-29,144.0,144.5,142.0,142.0,23817969.0,0.0
2026-06-30,142.0,143.0,141.5,141.5,19472519.0,0.0
2026-07-01,142.0,142.5,141.0,141.5,19943344.0,0.0
2026-07-02,141.0,142.0,141.0,141.0,16391252.0,0.0
2026-07-03,141.0,142.5,141.0,141.0,17551367.0,0.0
2026-07-06,141.0,142.5,141.0,141.5,13240416.0,0.0
2026-07-07,141.5,142.0,140.5,141.0,18861407.0,0.0
2026-07-08,141.5,142.0,139.5,139.5,25141730.0,0.0
2026-07-09,134.0,135.0,133.0,133.5,59473582.0,5.2
2026-07-10,133.5,133.5,133.5,133.5,0.0,0.0
2026-07-13,134.5,135.5,133.0,133.5,19841648.0,0.0
2026-07-14,134.0,134.0,132.0,133.0,28234696.0,0.0
2026-07-15,133.0,134.0,133.0,133.0,10569842.0,0.0
2026-07-16,133.5,136.5,133.5,136.0,21223701.0,0.0
2026-07-17,136.5,140.0,136.0,138.0,37476713.0,0.0
2026-07-20,139.0,140.0,137.0,139.0,26140642.0,0.0
2026-07-21,138.0,139.5,137.0,139.0,18341340.0,0.0
2026-07-22,137.5,139.0,137.0,138.5,13386110.0,0.0
2026-07-23,139.0,139.0,137.5,138.0,10837376.0,0.0
2026-07-24,137.5,139.0,137.5,139.0,15937902.0,0.0
2026-07-27,139.5,140.5,139.0,140.5,22386686.0,0.0
2026-07-28,140.5,141.0,139.5,141.0,17777854.0,0.0
2026-07-29,141.0,142.5,139.0,140.5,36483381.0,0.0
2026-07-30,141.0,141.0,138.5,140.5,18493502.0,0.0
2026-07-31,140.5,140.5,138.5,139.5,21561058.0,0.0
2026-08-03,138.5,140.0,138.0,139.0,10422314.0,0.0
2026-08-04,138.0,138.5,136.0,136.5,15332184.0,0.0
2026-08-05,136.5,138.0,136.0,137.0,11815512.0,0.0
2026-08-06,136.5,137.5,136.5,137.0,7778250.0,0.0
2026-08-07,137.0,138.0,136.5,137.5,6835659.0,0.0
2026-08-10,137.5,137.5,136.0,136.5,9442977.0,0.0
2026-08-11,136.5,137.0,136.0,136.0,7951978.0,0.0
2026-08-12,137.0,137.0,135.5,136.0,8778593.0,0.0
2026-08-13,135.5,136.0,135.0,136.0,8782292.0,0.0
2026-08-14,136.0,136.5,135.0,135.0,11192332.0,0.0
2026-08-17,135.0,137.0,135.0,136.0,10190133.0,0.0
2026-08-18,136.5,137.5,135.5,137.0,13843104.0,0.0
2026-08-19,136.5,137.0,136.0,136.0,6986058.0,0.0
2026-08-20,136.0,137.0,136.0,136.5,5243831.0,0.0
2026-08-21,136.5,137.0,136.0,136.5,5282756.0,0.0
2026-08-24,136.5,137.0,135.5,136.5,7030515.0,0.0
2026-08-25,136.5,137.0,136.0,136.5,4401337.0,0.0
2026-08-26,136.5,136.5,135.5,136.0,7746411.0,0.0
2026-08-27,136.5,136.5,135.5,135.5,5548393.0,0.0
2026-08-28,136.0,136.5,135.0,135.5,11569437.0,0.0
2026-08-31,136.0,136.0,135.0,136.0,15374007.0,0.0
2026-09-01,136.0,136.5,135.5,136.0,6822899.0,0.0
2026-09-02,136.5,137.5,136.0,137.5,10892483.0,0.0
2026-09-03,137.5,138.5,136.5,138.0,12986075.0,0.0
2026-09-04,138.0,138.0,137.0,137.5,7343700.0,0.0
2026-09-07,138.5,138.5,136.5,138.0,8893095.0,0.0
2026-09-08,137.5,139.0,137.0,139.0,11041731.0,0.0
2026-09-09,138.0,139.5,137.5,139.5,9708214.0,0.0
2026-09-10,138.5,139.5,138.5,139.5,7079470.0,0.0
2026-09-11,140.0,140.5,139.0,140.5,14459033.0,0.0
2026-09-14,141.0,142.5,140.5,142.5,18646739.0,0.0
2026-09-15,143.5,143.5,142.5,143.5,16721344.0,0.0
2026-09-16,143.5,144.0,142.0,143.5,14715466.0,0.0
2026-09-17,143.5,145.0,143.0,145.0,14993512.0,0.0
2026-09-18,145.0,145.5,144.0,145.5,27560779.0,0.0
2026-09-21,145.0,145.0,143.0,144.5,8957457.0,0.0
2026-09-22,145.0,145.0,143.0,145.0,5412282.0,0.0
2026-09-23,145.0,145.5,144.5,145.5,8274002.0,0.0
2026-09-24,145.5,146.0,145.0,145.0,6253342.0,0.0
2026-09-29,146.0,146.0,143.0,144.0,10464657.0,0.0
2026-09-30,145.0,145.0,143.0,143.5,10540346.0,0.0
2026-10-01,144.0,146.0,143.0,145.5,8534294.0,0.0
2026-10-02,145.0,146.5,144.0,146.0,9921939.0,0.0
2026-10-05,147.0,147.0,144.0,145.5,8432877.0,0.0
2026-10-06,145.5,145.5,144.0,145.5,6998852.0,0.0
