date,open,high,low,close,volume,dividend
2015-01-05,460.0,467.0,460.0,462.0,2459000.0,0.0
2015-01-06,460.0,462.0,458.0,458.0,5915000.0,0.0
2015-01-07,468.0,487.0,466.5,486.5,13046000.0,0.0
2015-01-08,492.5,494.5,484.5,485.0,8367000.0,0.0
2015-01-09,492.0,495.0,488.0,488.0,7473000.0,0.0
2015-01-12,490.0,494.5,486.5,488.0,4567000.0,0.0
2015-01-13,485.0,488.0,481.0,483.0,4379000.0,0.0
2015-01-14,488.5,492.0,484.5,488.0,6673000.0,0.0
2015-01-15,488.0,490.0,483.5,486.0,4218000.0,0.0
2015-01-16,483.5,485.5,474.5,475.5,5495000.0,0.0
2015-01-19,482.5,489.0,479.5,487.0,5005000.0,0.0
2015-01-20,488.0,490.0,484.0,490.0,3760000.0,0.0
2015-01-21,493.0,495.0,492.5,493.5,4347000.0,0.0
2015-01-22,496.0,498.0,491.5,495.5,5372000.0,0.0
2015-01-23,498.5,500.0,491.5,494.5,5234000.0,0.0
2015-01-26,494.0,505.0,494.0,504.0,6872000.0,0.0
2015-01-27,504.0,504.0,498.5,502.0,4814000.0,0.0
2015-01-28,502.0,504.0,498.5,502.0,2744000.0,0.0
2015-01-29,497.0,499.5,493.0,497.5,3136000.0,0.0
2015-01-30,497.5,498.0,483.0,483.0,6713000.0,0.0
2015-02-02,489.0,489.0,480.0,482.5,3725000.0,0.0
2015-02-03,482.5,489.0,480.5,485.0,3138000.0,0.0
2015-02-04,492.0,493.5,484.0,485.0,4591000.0,0.0
2015-02-05,488.5,491.5,483.5,485.0,4312000.0,0.0
2015-02-06,487.0,488.5,476.0,479.0,4475000.0,0.0
2015-02-09,485.5,490.0,480.5,488.0,5017000.0,0.0
2015-02-10,454.0,454.0,454.0,454.0,8483000.0,0.0
2015-02-11,435.0,455.0,434.0,454.0,33523000.0,0.0
2015-02-12,456.0,458.5,453.5,458.0,8398000.0,0.0
2015-02-13,458.0,460.0,456.0,459.0,5977000.0,0.0
2015-02-24,468.0,473.0,462.0,470.0,10989000.0,0.0
2015-02-25,473.0,476.0,470.5,473.5,5781000.0,0.0
2015-02-26,476.0,476.0,470.5,473.0,5566000.0,0.0
2015-03-02,476.0,477.0,474.0,477.0,5087000.0,0.0
2015-03-03,479.0,480.0,473.0,478.5,3844000.0,0.0
2015-03-04,478.0,480.0,475.0,475.5,3914000.0,0.0
2015-03-05,478.0,478.0,474.5,475.5,4026000.0,0.0
2015-03-06,470.5,473.0,467.0,470.5,6985000.0,0.0
2015-03-09,465.0,467.0,459.0,460.0,7085000.0,0.0
2015-03-10,456.0,462.5,456.0,460.0,6541000.0,0.0
2015-03-11,455.0,457.5,453.5,453.5,6111000.0,0.0
2015-03-12,449.5,458.5,449.0,453.5,6142000.0,0.0
2015-03-13,458.0,458.0,448.0,448.0,6080000.0,0.0
2015-03-16,444.5,446.0,432.0,432.0,13722000.0,0.0
2015-03-17,430.0,435.0,426.0,430.0,13157000.0,0.0
2015-03-18,433.0,441.5,432.0,435.5,9237000.0,0.0
2015-03-19,438.0,440.5,434.0,434.0,6401000.0,0.0
2015-03-20,430.0,442.0,430.0,436.0,10052000.0,0.0
2015-03-23,438.5,441.0,435.5,438.5,7060000.0,0.0
2015-03-24,441.0,451.0,439.0,446.0,11538000.0,0.0
2015-03-25,450.0,453.0,439.5,443.0,8918000.0,0.0
2015-03-26,435.0,440.5,432.0,440.0,11711000.0,0.0
2015-03-27,435.0,437.0,417.5,419.0,13931000.0,0.0
2015-03-30,421.5,423.0,415.5,418.0,9159000.0,0.0
2015-03-31,425.0,426.5,420.0,423.5,7113000.0,0.0
2015-04-01,426.0,426.0,416.5,419.5,5400000.0,0.0
2015-04-02,418.5,421.0,409.0,412.0,9989000.0,0.0
2015-04-07,412.0,422.5,412.0,421.0,11800000.0,0.0
2015-04-08,426.5,426.5,418.0,421.0,5969000.0,0.0
2015-04-09,426.0,427.5,421.0,422.0,5696000.0,0.0
2015-04-10,429.0,429.0,420.0,421.5,7566000.0,0.0
2015-04-13,420.0,422.0,418.0,419.5,4201000.0,0.0
2015-04-14,420.0,420.5,414.0,415.0,8017000.0,0.0
2015-04-15,410.0,411.0,398.5,398.5,14613000.0,0.0
2015-04-16,401.0,409.5,401.0,409.0,8235000.0,0.0
2015-04-17,404.0,406.0,400.5,401.0,7490000.0,0.0
2015-04-20,397.0,401.0,390.0,390.0,9072000.0,0.0
2015-04-21,391.0,396.5,391.0,391.0,8377000.0,0.0
2015-04-22,393.0,404.0,393.0,402.0,9177000.0,0.0
2015-04-23,404.0,407.5,402.0,403.0,6949000.0,0.0
2015-04-24,406.0,426.5,406.0,419.0,15904000.0,0.0
2015-04-27,419.0,424.0,410.0,410.5,7423000.0,0.0
2015-04-28,415.0,415.0,398.5,399.0,10019000.0,0.0
2015-04-29,401.0,406.0,400.0,400.5,5123000.0,0.0
2015-04-30,395.0,399.5,393.5,395.0,9158000.0,0.0
2015-05-04,371.0,385.0,371.0,380.0,17037000.0,0.0
2015-05-05,378.0,383.0,371.0,374.5,9597000.0,0.0
2015-05-06,373.0,377.0,368.0,370.0,8291000.0,0.0
2015-05-07,369.0,371.5,366.0,368.5,8355000.0,0.0
2015-05-08,369.0,379.5,369.0,376.5,8499000.0,0.0
2015-05-11,382.0,382.0,370.0,370.0,6182000.0,0.0
2015-05-12,373.0,375.0,371.0,371.5,5812000.0,0.0
2015-05-13,379.0,397.5,376.0,397.5,15148000.0,0.0
2015-05-14,397.5,402.0,393.0,393.0,12611000.0,0.0
2015-05-15,398.0,403.0,390.0,390.0,5303000.0,0.0
2015-05-18,390.0,399.5,388.0,391.5,7013000.0,0.0
2015-05-19,392.0,395.0,388.0,392.0,6483000.0,0.0
2015-05-20,395.0,401.5,395.0,399.5,8304000.0,0.0
2015-05-21,396.5,403.5,396.0,400.0,7276000.0,0.0
2015-05-22,405.0,412.0,403.0,410.0,8970000.0,0.0
2015-05-25,405.5,409.0,396.5,397.5,6723000.0,0.0
2015-05-26,401.0,403.0,398.0,399.5,3141000.0,0.0
2015-05-27,399.5,403.0,399.5,400.0,4556000.0,0.0
2015-05-28,410.0,412.0,406.0,409.0,8893000.0,0.0
2015-05-29,410.0,414.5,410.0,414.5,10946000.0,0.0
2015-06-01,418.0,418.0,407.0,410.0,4976000.0,0.0
2015-06-02,412.5,414.5,408.0,410.0,5371000.0,0.0
2015-06-03,411.0,415.5,409.5,410.0,3678000.0,0.0
2015-06-04,410.0,410.0,403.0,403.0,5871000.0,0.0
2015-06-05,402.0,403.5,398.0,400.5,5602000.0,0.0
2015-06-08,400.0,403.0,396.0,400.5,3255000.0,0.0
2015-06-09,402.0,409.0,401.0,401.5,3626000.0,0.0
2015-06-10,405.0,409.0,403.0,403.5,4813000.0,0.0
2015-06-11,404.5,407.0,401.0,403.5,4199000.0,0.0
2015-06-12,406.5,418.0,404.5,416.0,7263000.0,0.0
2015-06-15,418.0,419.5,407.5,409.0,5733000.0,0.0
2015-06-16,411.5,416.5,411.0,412.5,4161000.0,0.0
2015-06-17,415.5,425.0,413.0,424.5,9555000.0,0.0
2015-06-18,423.0,424.5,420.0,422.5,4858000.0,0.0
2015-06-22,425.0,436.0,425.0,434.0,8099000.0,0.0
2015-06-23,437.5,439.5,426.0,426.0,6742000.0,0.0
2015-06-24,425.0,425.5,420.5,421.5,5255000.0,0.0
2015-06-25,422.0,432.5,422.0,432.5,5915000.0,0.0
2015-06-26,428.0,431.0,422.0,425.0,6247000.0,0.0
2015-06-29,420.0,427.5,420.0,426.0,5090000.0,0.0
2015-06-30,426.0,426.0,421.0,422.0,4461000.0,0.0
2015-07-01,424.0,430.0,424.0,427.5,4018000.0,0.0
2015-07-02,424.5,427.0,421.0,421.0,4602000.0,0.0
2015-07-03,420.0,426.0,418.5,426.0,4670000.0,0.0
2015-07-06,421.0,424.5,419.0,419.0,3558000.0,0.0
2015-07-07,418.0,422.0,413.5,418.0,5591000.0,0.0
2015-07-08,414.5,415.0,400.0,403.0,11526000.0,0.0
2015-07-09,390.0,402.0,387.0,400.0,13737000.0,0.0
2015-07-10,400.0,400.0,400.0,400.0,0.0,0.0
2015-07-13,391.0,400.0,391.0,398.0,8025000.0,0.0
2015-07-14,396.0,400.0,389.0,389.0,12023000.0,0.0
2015-07-15,375.5,377.5,372.0,373.0,9487000.0,21.9999
2015-07-16,374.0,375.5,366.0,369.0,6949000.0,0.0
2015-07-17,369.0,369.5,362.5,365.0,6786000.0,0.0
2015-07-20,365.5,366.5,336.0,346.5,15727000.0,0.0
2015-07-21,342.5,357.0,342.5,357.0,7202000.0,0.0
2015-07-22,351.0,354.0,348.0,350.5,5943000.0,0.0
2015-07-23,350.5,352.5,338.5,342.0,8501000.0,0.0
2015-07-24,340.0,342.0,326.0,326.0,11124000.0,0.0
2015-07-27,326.0,333.5,317.5,317.5,9601000.0,0.0
2015-07-28,320.0,328.0,320.0,321.5,7958000.0,0.0
2015-07-29,322.0,329.0,321.0,322.5,6259000.0,0.0
2015-07-30,331.0,333.0,325.0,327.0,8012000.0,0.0
2015-07-31,327.0,332.0,322.0,332.0,7007000.0,0.0
2015-08-03,299.0,299.0,299.0,299.0,5047000.0,0.0
2015-08-04,275.0,287.0,274.0,280.0,27160000.0,0.0
2015-08-05,287.5,287.5,268.0,270.0,16836000.0,0.0
2015-08-06,275.0,278.0,268.5,275.0,9617000.0,0.0
2015-08-07,273.0,282.5,267.0,278.0,9735000.0,0.0
2015-08-10,280.5,291.5,275.0,288.0,10242000.0,0.0
2015-08-11,296.0,297.5,284.0,284.0,8900000.0,0.0
2015-08-12,285.0,286.5,276.0,280.0,11023000.0,0.0
2015-08-13,280.0,283.0,277.0,279.5,8400000.0,0.0
2015-08-14,280.0,280.0,265.0,270.0,13702000.0,0.0
2015-08-17,268.0,268.0,263.0,265.0,7410000.0,0.0
2015-08-18,267.0,271.5,266.5,267.0,4985000.0,0.0
2015-08-19,265.5,267.5,261.0,261.0,6486000.0,0.0
2015-08-20,260.0,263.0,254.0,260.0,14019000.0,0.0
2015-08-21,254.5,257.0,252.0,254.0,12153000.0,0.0
2015-08-24,250.0,250.0,229.0,229.0,13145000.0,0.0
2015-08-25,228.0,240.0,227.0,235.0,18114000.0,0.0
2015-08-26,233.0,234.0,227.0,229.5,16231000.0,0.0
2015-08-27,235.5,238.0,228.0,230.0,19428000.0,0.0
2015-08-28,243.0,253.0,241.0,253.0,20465000.0,0.0
2015-08-31,255.0,256.0,246.5,251.0,13268000.0,0.0
2015-09-01,248.5,249.5,239.5,245.0,9367000.0,0.0
2015-09-02,242.5,245.0,240.5,243.0,8877000.0,0.0
2015-09-03,243.0,248.0,241.0,242.0,6643000.0,0.0
2015-09-04,242.0,254.0,242.0,242.0,13824000.0,0.0
2015-09-07,242.0,248.5,242.0,246.5,7237000.0,0.0
2015-09-08,250.0,257.5,250.0,255.0,11779000.0,0.0
2015-09-09,261.0,280.5,260.0,280.0,15555000.0,0.0
2015-09-10,274.5,277.0,270.0,273.0,10355000.0,0.0
2015-09-11,273.0,283.5,273.0,277.0,9878000.0,0.0
2015-09-14,282.5,283.0,275.0,277.0,4999000.0,0.0
2015-09-15,276.0,277.0,270.0,271.0,4268000.0,0.0
2015-09-16,275.5,276.5,272.0,276.0,6371000.0,0.0
2015-09-17,281.5,283.5,277.0,277.0,6692000.0,0.0
2015-09-18,280.0,280.5,277.0,278.5,5487000.0,0.0
2015-09-21,275.0,275.0,262.5,263.5,13017000.0,0.0
2015-09-22,260.0,262.5,256.0,260.0,12116000.0,0.0
2015-09-23,255.0,255.5,248.0,251.0,13089000.0,0.0
2015-09-24,251.0,253.0,236.0,236.0,20145000.0,0.0
2015-09-25,234.5,241.0,233.5,237.0,11612000.0,0.0
2015-09-29,237.0,237.0,237.0,237.0,0.0,0.0
2015-09-30,231.0,245.5,230.5,243.5,15034000.0,0.0
2015-10-01,248.0,253.0,246.5,250.5,10776000.0,0.0
2015-10-02,250.5,252.0,247.5,249.5,7712000.0,0.0
2015-10-05,249.5,250.0,242.0,243.0,11290000.0,0.0
2015-10-06,247.0,249.0,244.0,245.0,11247000.0,0.0
2015-10-07,247.5,258.0,246.0,258.0,15450000.0,0.0
2015-10-08,264.5,268.0,262.0,265.5,16673000.0,0.0
2015-10-12,269.0,271.5,264.0,266.5,9383000.0,0.0
2015-10-13,270.0,277.5,267.5,277.0,15168000.0,0.0
2015-10-14,277.0,277.0,271.5,272.5,7220000.0,0.0
2015-10-15,274.5,277.0,271.5,276.0,7383000.0,0.0
2015-10-16,276.5,276.5,272.0,276.0,8034000.0,0.0
2015-10-19,278.0,278.5,272.5,274.0,4797000.0,0.0
2015-10-20,276.0,276.5,272.5,275.0,5026000.0,0.0
2015-10-21,275.0,275.5,263.0,264.5,10932000.0,0.0
2015-10-22,261.0,270.0,261.0,267.0,9351000.0,0.0
2015-10-23,272.5,272.5,266.0,267.0,8189000.0,0.0
2015-10-26,269.0,272.5,268.0,271.5,5593000.0,0.0
2015-10-27,267.5,268.5,263.5,264.5,7108000.0,0.0
2015-10-28,263.0,264.5,252.0,256.0,16425000.0,0.0
2015-10-29,259.0,259.0,252.5,253.0,6685000.0,0.0
2015-10-30,252.0,258.5,249.5,254.5,7042000.0,0.0
2015-11-02,259.5,271.0,259.5,270.0,18087000.0,0.0
2015-11-03,275.0,279.0,273.5,276.0,17449000.0,0.0
2015-11-04,283.0,303.5,281.0,302.5,29579000.0,0.0
2015-11-05,307.0,307.0,295.5,297.0,10867000.0,0.0
2015-11-06,297.0,297.0,288.0,288.0,14429000.0,0.0
2015-11-09,288.0,293.0,284.0,286.0,8403000.0,0.0
2015-11-10,282.5,292.5,282.5,285.5,10261000.0,0.0
2015-11-11,285.5,288.0,274.0,275.0,10949000.0,0.0
2015-11-12,275.0,278.0,265.0,272.0,8857000.0,0.0
2015-11-13,271.5,277.5,265.0,265.5,9976000.0,0.0
2015-11-16,265.0,272.5,262.5,270.5,7832000.0,0.0
2015-11-17,274.0,274.5,265.0,265.5,9165000.0,0.0
2015-11-18,263.0,265.0,257.0,258.0,9502000.0,0.0
2015-11-19,258.0,265.0,256.0,265.0,8340000.0,0.0
2015-11-20,262.0,264.5,260.0,261.5,4671000.0,0.0
2015-11-23,264.0,275.0,260.0,275.0,13187000.0,0.0
2015-11-24,276.0,278.5,267.5,268.0,10319000.0,0.0
2015-11-25,271.0,274.0,262.5,262.5,9412000.0,0.0
2015-11-26,268.0,274.0,265.5,274.0,10174000.0,0.0
2015-11-27,273.0,273.5,266.5,267.0,5556000.0,0.0
2015-11-30,263.0,264.5,257.0,260.5,12016000.0,0.0
2015-12-01,261.0,264.0,256.0,261.0,13792000.0,0.0
2015-12-02,263.0,271.0,262.5,269.0,11601000.0,0.0
2015-12-03,267.0,275.0,266.5,274.0,9698000.0,0.0
2015-12-04,270.0,271.0,267.0,269.0,5555000.0,0.0
2015-12-07,271.5,275.0,271.0,275.0,7250000.0,0.0
2015-12-08,274.0,275.0,269.0,270.0,6731000.0,0.0
2015-12-09,270.5,271.5,264.0,264.0,5235000.0,0.0
2015-12-10,260.0,263.0,258.5,260.0,6552000.0,0.0
2015-12-11,261.0,264.0,257.5,257.5,5445000.0,0.0
2015-12-14,259.0,260.0,253.0,255.0,5006000.0,0.0
2015-12-15,255.5,262.0,255.5,259.0,6203000.0,0.0
2015-12-16,255.0,257.0,250.0,253.0,9756000.0,0.0
2015-12-17,254.5,260.5,253.5,259.0,5357000.0,0.0
2015-12-18,258.5,260.0,256.0,259.0,5487000.0,0.0
2015-12-21,254.0,256.5,253.0,254.0,6898000.0,0.0
2015-12-22,258.0,267.5,258.0,260.5,8666000.0,0.0
2015-12-23,260.5,262.5,257.0,257.0,4871000.0,0.0
2015-12-24,259.0,260.5,254.5,254.5,3300000.0,0.0
2015-12-25,254.5,257.0,254.5,256.5,1982000.0,0.0
2015-12-28,258.0,261.0,257.5,259.5,2633000.0,0.0
2015-12-29,256.0,256.0,248.0,250.0,14275000.0,0.0
2015-12-30,250.0,251.0,246.5,248.5,7914000.0,0.0
2015-12-31,250.0,251.0,249.0,250.0,3131000.0,0.0
2016-01-04,251.0,252.0,245.0,245.0,5380000.0,0.0
2016-01-05,245.0,247.0,242.0,242.5,4972000.0,0.0
2016-01-06,242.0,242.5,220.0,227.0,18427000.0,0.0
2016-01-07,225.5,226.0,205.0,206.0,21198000.0,0.0
2016-01-08,202.0,217.0,202.0,213.5,15233000.0,0.0
2016-01-11,209.0,210.5,203.5,209.0,10884000.0,0.0
2016-01-12,210.0,211.5,203.0,206.5,9085000.0,0.0
2016-01-13,210.0,210.5,204.0,206.5,10201000.0,0.0
2016-01-14,201.5,208.0,195.5,208.0,14169000.0,0.0
2016-01-15,210.0,212.0,200.5,205.0,10837000.0,0.0
2016-01-18,201.0,211.5,200.0,210.0,7459000.0,0.0
2016-01-19,210.0,221.5,209.0,216.5,10276000.0,0.0
2016-01-20,215.5,215.5,210.0,210.0,7039000.0,0.0
2016-01-21,213.0,214.0,209.5,210.0,5090000.0,0.0
2016-01-22,213.5,215.5,211.5,212.0,4294000.0,0.0
2016-01-25,216.0,217.0,214.0,214.5,3714000.0,0.0
2016-01-26,211.0,212.0,207.5,209.0,5465000.0,0.0
2016-01-27,211.0,212.5,210.0,211.0,2168000.0,0.0
2016-01-28,208.0,211.5,207.5,208.0,7225000.0,0.0
2016-01-29,206.5,215.0,201.5,214.0,13216000.0,0.0
2016-02-01,216.5,216.5,209.5,210.0,8530000.0,0.0
2016-02-02,194.0,214.0,193.5,212.0,19680000.0,0.0
2016-02-03,206.5,208.5,200.0,200.0,15159000.0,0.0
2016-02-15,203.0,208.0,202.5,205.5,9801000.0,0.0
2016-02-16,208.5,213.0,207.0,211.5,10065000.0,0.0
2016-02-17,213.5,215.0,210.0,210.0,6717000.0,0.0
2016-02-18,214.0,220.0,213.0,220.0,10812000.0,0.0
2016-02-19,222.0,223.0,218.0,220.5,5433000.0,0.0
2016-02-22,222.5,230.5,221.5,229.0,10789000.0,0.0
2016-02-23,231.5,232.0,228.0,231.0,8271000.0,0.0
2016-02-24,230.0,230.0,226.0,227.0,5317000.0,0.0
2016-02-25,230.0,235.0,229.0,234.5,7704000.0,0.0
2016-02-26,234.0,237.5,232.5,236.0,5875000.0,0.0
2016-03-01,233.5,234.5,230.5,232.5,4833000.0,0.0
2016-03-02,235.5,236.0,233.5,234.0,4584000.0,0.0
2016-03-03,236.5,243.0,236.5,240.0,8696000.0,0.0
2016-03-04,241.0,241.0,237.5,240.0,3814000.0,0.0
2016-03-07,242.0,243.0,234.0,235.0,4541000.0,0.0
2016-03-08,236.0,238.5,231.0,235.0,4585000.0,0.0
2016-03-09,233.0,238.5,230.0,238.5,5789000.0,0.0
2016-03-10,238.5,239.0,232.5,232.5,5187000.0,0.0
2016-03-11,234.5,242.0,234.0,241.0,7326000.0,0.0
2016-03-14,245.0,263.0,245.0,260.0,17164000.0,0.0
2016-03-15,263.0,265.0,247.0,248.0,13512000.0,0.0
2016-03-16,250.5,255.5,250.0,252.5,6006000.0,0.0
2016-03-17,258.0,260.0,252.0,252.5,10104000.0,0.0
2016-03-18,254.0,258.0,253.0,258.0,7834000.0,0.0
2016-03-21,256.0,257.0,253.5,257.0,4711000.0,0.0
2016-03-22,256.5,256.5,243.5,248.0,7882000.0,0.0
2016-03-23,244.5,249.5,240.0,243.5,6204000.0,0.0
2016-03-24,243.5,247.5,242.5,246.0,4197000.0,0.0
2016-03-25,247.5,247.5,243.0,243.5,1801000.0,0.0
2016-03-28,243.5,244.0,238.0,240.0,3132000.0,0.0
2016-03-29,239.5,248.0,239.5,244.0,3917000.0,0.0
2016-03-30,247.0,252.0,246.0,249.5,8398000.0,0.0
2016-03-31,251.0,251.5,243.5,247.0,5994000.0,0.0
2016-04-01,242.0,244.0,239.0,241.0,5715000.0,0.0
2016-04-06,238.0,238.5,231.0,231.0,8188000.0,0.0
2016-04-07,232.5,237.0,229.0,229.0,8538000.0,0.0
2016-04-08,228.0,231.5,228.0,229.5,5109000.0,0.0
2016-04-11,233.0,234.5,230.0,232.0,6181000.0,0.0
2016-04-12,233.0,234.0,221.5,222.0,6521000.0,0.0
2016-04-13,225.0,228.0,224.0,225.5,6713000.0,0.0
2016-04-14,232.0,234.0,229.0,231.0,6587000.0,0.0
2016-04-15,233.0,235.5,232.5,234.0,5190000.0,0.0
2016-04-18,236.0,236.0,230.5,234.5,2732000.0,0.0
2016-04-19,237.0,238.0,232.0,232.5,3016000.0,0.0
2016-04-20,235.5,237.0,231.5,232.0,4671000.0,0.0
2016-04-21,234.0,236.0,231.5,234.0,3074000.0,0.0
2016-04-22,234.5,235.0,228.0,230.0,3506000.0,0.0
2016-04-25,230.0,230.5,224.0,228.0,3629000.0,0.0
2016-04-26,230.0,237.5,230.0,236.5,12542000.0,0.0
2016-04-27,237.0,246.0,234.5,242.0,11216000.0,0.0
2016-04-28,245.0,245.0,236.0,236.0,6520000.0,0.0
2016-04-29,234.0,234.0,229.5,230.0,5620000.0,0.0
2016-05-03,208.0,214.5,208.0,211.0,19708000.0,0.0
2016-05-04,210.0,211.0,200.0,201.5,17084000.0,0.0
2016-05-05,201.0,205.5,200.0,203.0,7907000.0,0.0
2016-05-06,200.5,201.0,192.0,192.0,24238000.0,0.0
2016-05-09,196.5,201.5,196.0,196.0,15365000.0,0.0
2016-05-10,199.0,204.0,197.0,204.0,9119000.0,0.0
2016-05-11,206.0,208.0,200.0,200.0,6334000.0,0.0
2016-05-12,200.5,203.0,200.0,200.0,3710000.0,0.0
2016-05-13,200.0,200.0,200.0,200.0,0.0,0.0
2016-05-16,209.0,209.5,201.5,201.5,10076000.0,0.0
2016-05-17,203.5,203.5,200.0,202.5,5011000.0,0.0
2016-05-18,201.0,204.0,200.5,203.5,4352000.0,0.0
2016-05-19,204.0,204.5,200.0,200.0,4027000.0,0.0
2016-05-20,201.5,203.5,200.0,202.0,4002000.0,0.0
2016-05-23,204.0,212.0,203.0,210.0,8679000.0,0.0
2016-05-24,212.0,213.0,208.0,209.0,5241000.0,0.0
2016-05-25,213.0,214.0,210.5,211.0,4675000.0,0.0
2016-05-26,213.5,216.0,211.5,214.0,7984000.0,0.0
2016-05-27,216.0,216.5,211.5,212.5,4495000.0,0.0
2016-05-30,213.0,219.5,213.0,216.5,7906000.0,0.0
2016-05-31,221.5,225.0,218.0,220.0,17211000.0,0.0
2016-06-01,220.0,223.0,219.5,222.0,4852000.0,0.0
2016-06-02,225.0,225.5,214.5,215.0,11610000.0,0.0
2016-06-03,216.0,219.0,216.0,219.0,5373000.0,0.0
2016-06-06,227.0,232.0,227.0,229.5,14843000.0,0.0
2016-06-07,236.0,237.0,231.0,233.0,12230000.0,0.0
2016-06-08,235.0,235.5,228.0,230.0,12407000.0,0.0
2016-06-13,225.5,227.0,220.0,220.0,11112000.0,0.0
2016-06-14,220.0,227.0,218.5,225.0,11772000.0,0.0
2016-06-15,225.0,232.0,225.0,230.5,9223000.0,0.0
2016-06-16,231.0,231.0,226.0,226.0,6747000.0,0.0
2016-06-17,228.0,229.0,226.5,227.0,7338000.0,0.0
2016-06-20,229.5,229.5,226.5,227.5,4113000.0,0.0
2016-06-21,228.5,231.5,227.5,229.5,6910000.0,0.0
2016-06-22,232.0,232.0,228.5,229.0,4715000.0,0.0
2016-06-23,229.0,229.5,227.0,228.0,2393000.0,0.0
2016-06-24,228.5,229.0,218.0,223.5,9056000.0,0.0
2016-06-27,223.5,229.0,222.0,226.5,4496000.0,0.0
2016-06-28,223.5,229.0,221.5,229.0,6877000.0,0.0
2016-06-29,230.0,241.5,229.0,237.5,15035000.0,0.0
2016-06-30,242.5,244.5,240.0,244.0,19654000.0,0.0
2016-07-01,246.5,247.5,243.0,245.0,14239000.0,0.0
2016-07-04,245.5,257.0,245.5,255.5,16697000.0,0.0
2016-07-05,254.0,254.0,245.0,245.0,10917000.0,0.0
2016-07-06,240.0,242.0,237.0,237.0,10624000.0,0.0
2016-07-07,239.5,241.5,237.5,238.0,5129000.0,0.0
2016-07-08,238.0,238.0,238.0,238.0,0.0,0.0
2016-07-11,247.0,247.5,244.0,247.0,9885000.0,0.0
2016-07-12,249.0,250.5,247.5,248.0,8562000.0,0.0
2016-07-13,250.0,250.0,245.5,247.0,6293000.0,0.0
2016-07-14,247.5,247.5,245.0,246.0,12779000.0,0.0
2016-07-15,237.0,240.0,236.0,239.5,13661000.0,11.0
2016-07-18,240.5,241.5,238.5,240.0,5036000.0,0.0
2016-07-19,241.0,241.0,238.0,240.0,4953000.0,0.0
2016-07-20,239.0,239.0,236.0,238.0,7431000.0,0.0
2016-07-21,239.5,240.5,234.5,235.5,8344000.0,0.0
2016-07-22,237.5,238.0,235.0,236.0,5202000.0,0.0
2016-07-25,238.0,238.5,234.5,236.0,3316000.0,0.0
2016-07-26,235.5,241.0,234.0,241.0,8590000.0,0.0
2016-07-27,246.0,246.0,239.0,240.0,14289000.0,0.0
2016-07-28,240.0,244.0,238.0,244.0,6107000.0,0.0
2016-07-29,245.0,246.0,242.0,243.5,6177000.0,0.0
2016-08-01,245.5,249.5,243.5,249.0,7985000.0,0.0
2016-08-02,249.5,251.0,247.0,250.0,8737000.0,0.0
2016-08-03,246.0,249.0,245.5,249.0,5517000.0,0.0
2016-08-04,251.0,251.0,239.5,242.5,14502000.0,0.0
2016-08-05,242.5,249.0,242.5,249.0,8164000.0,0.0
2016-08-08,251.0,251.0,248.0,248.5,5768000.0,0.0
2016-08-09,249.5,250.0,248.0,250.0,3950000.0,0.0
2016-08-10,251.0,251.0,248.5,250.0,3066000.0,0.0
2016-08-11,250.5,250.5,245.0,248.5,3896000.0,0.0
2016-08-12,250.0,251.0,247.5,249.0,2999000.0,0.0
2016-08-15,250.0,250.5,247.5,249.0,2509000.0,0.0
2016-08-16,249.5,249.5,245.5,249.5,3809000.0,0.0
2016-08-17,249.5,253.5,249.0,250.5,8736000.0,0.0
2016-08-18,251.0,252.0,249.0,250.0,3773000.0,0.0
2016-08-19,250.0,250.0,245.0,245.0,5360000.0,0.0
2016-08-22,245.0,248.0,242.0,243.0,5158000.0,0.0
2016-08-23,242.5,245.5,242.5,244.0,3854000.0,0.0
2016-08-24,244.0,245.5,241.0,241.0,3420000.0,0.0
2016-08-25,242.0,244.0,241.5,243.0,4837000.0,0.0
2016-08-26,244.5,245.0,242.0,243.5,3444000.0,0.0
2016-08-29,245.0,245.5,242.0,244.5,4245000.0,0.0
2016-08-30,246.5,249.5,245.5,249.5,4230000.0,0.0
2016-08-31,249.5,251.0,247.5,250.0,6161000.0,0.0
2016-09-01,252.0,252.0,248.5,250.5,5590000.0,0.0
2016-09-02,250.0,251.0,245.0,245.0,4130000.0,0.0
2016-09-05,250.0,257.0,250.0,256.5,12917000.0,0.0
2016-09-06,256.5,256.5,252.5,253.5,6943000.0,0.0
2016-09-07,255.0,260.5,253.5,254.0,8711000.0,0.0
2016-09-08,250.5,253.5,250.5,251.0,7615000.0,0.0
2016-09-09,246.5,247.0,243.0,245.0,7954000.0,0.0
2016-09-12,239.0,240.0,237.0,238.5,5499000.0,0.0
2016-09-13,240.0,241.0,237.0,239.5,4518000.0,0.0
2016-09-14,239.0,244.0,239.0,240.0,6876000.0,0.0
2016-09-19,239.5,243.0,239.5,242.0,8097000.0,0.0
2016-09-20,245.0,248.0,243.5,245.5,9510000.0,0.0
2016-09-21,247.0,248.5,245.0,246.0,6637000.0,0.0
2016-09-22,248.0,248.5,244.5,245.5,4019000.0,0.0
2016-09-23,245.5,247.0,245.0,246.5,3347000.0,0.0
2016-09-26,244.5,245.0,243.5,244.0,4076000.0,0.0
2016-09-27,244.0,244.0,244.0,244.0,0.0,0.0
2016-09-28,244.0,244.0,244.0,244.0,0.0,0.0
2016-09-29,243.0,245.0,243.0,245.0,6015000.0,0.0
2016-09-30,238.0,241.5,238.0,240.5,6825000.0,0.0
2016-10-03,241.0,243.0,240.0,241.0,4515000.0,0.0
2016-10-04,243.0,244.5,241.0,243.0,5241000.0,0.0
2016-10-05,241.5,248.0,241.5,247.0,6979000.0,0.0
2016-10-06,243.0,244.0,241.5,243.5,11331000.0,0.0
2016-10-07,242.0,242.5,239.0,241.0,5810000.0,0.0
2016-10-11,243.0,243.0,239.0,241.0,5989000.0,0.0
2016-10-12,240.0,240.5,237.5,240.0,5399000.0,0.0
2016-10-13,239.0,239.5,237.0,237.5,6782000.0,0.0
2016-10-14,236.5,238.0,235.0,236.5,6505000.0,0.0
2016-10-17,236.5,241.5,236.5,241.0,5843000.0,0.0
2016-10-18,242.0,242.0,238.0,240.0,3835000.0,0.0
2016-10-19,240.0,241.0,238.0,238.0,3336000.0,0.0
2016-10-20,237.0,240.0,236.0,236.0,3790000.0,0.0
2016-10-21,236.0,238.5,235.5,235.5,4276000.0,0.0
2016-10-24,237.0,239.0,236.5,238.0,3235000.0,0.0
2016-10-25,245.0,245.0,241.0,243.0,5873000.0,0.0
2016-10-26,242.5,242.5,240.0,240.5,2860000.0,0.0
2016-10-27,240.5,242.0,238.5,239.0,2098000.0,0.0
2016-10-28,239.0,239.0,236.0,237.5,3400000.0,0.0
2016-10-31,237.0,241.0,237.0,240.0,4409000.0,0.0
2016-11-01,238.5,239.5,237.0,237.5,2866000.0,0.0
2016-11-02,236.5,238.0,236.0,236.5,2761000.0,0.0
2016-11-03,237.5,238.0,236.0,236.5,2720000.0,0.0
2016-11-04,235.0,236.0,224.5,226.0,10539000.0,0.0
2016-11-07,228.0,232.0,227.5,231.0,3873000.0,0.0
2016-11-08,229.0,229.0,226.0,228.0,4212000.0,0.0
2016-11-09,231.0,231.0,218.0,220.5,6929000.0,0.0
2016-11-10,225.0,227.0,221.5,222.0,5381000.0,0.0
2016-11-11,216.0,217.0,210.5,215.0,12770000.0,0.0
2016-11-14,217.0,219.5,213.0,218.5,6339000.0,0.0
2016-11-15,215.0,217.5,215.0,216.0,5243000.0,0.0
2016-11-16,218.5,219.0,213.5,216.0,5163000.0,0.0
2016-11-17,217.0,222.0,216.5,221.5,4248000.0,0.0
2016-11-18,220.0,227.0,219.5,227.0,4897000.0,0.0
2016-11-21,227.5,227.5,223.0,223.0,3170000.0,0.0
2016-11-22,225.0,229.5,224.0,228.5,6288000.0,0.0
2016-11-23,229.5,229.5,225.5,226.0,2849000.0,0.0
2016-11-24,224.5,225.0,222.0,222.0,3901000.0,0.0
2016-11-25,222.0,224.0,221.5,221.5,1956000.0,0.0
2016-11-28,222.0,225.5,221.5,223.5,3605000.0,0.0
2016-11-29,223.5,223.5,220.0,221.5,4482000.0,0.0
2016-11-30,224.0,226.0,221.5,221.5,8583000.0,0.0
2016-12-01,223.0,224.5,221.5,224.5,3836000.0,0.0
2016-12-02,224.0,226.0,222.0,225.0,4089000.0,0.0
2016-12-05,226.0,226.0,223.0,223.5,3164000.0,0.0
2016-12-06,226.0,228.0,225.0,226.0,4680000.0,0.0
2016-12-07,228.0,228.0,224.0,225.0,4604000.0,0.0
2016-12-08,226.0,230.0,225.5,230.0,7409000.0,0.0
2016-12-09,230.0,231.0,228.0,230.5,5121000.0,0.0
2016-12-12,232.0,233.0,229.0,229.5,4420000.0,0.0
2016-12-13,229.0,229.5,227.5,228.5,4146000.0,0.0
2016-12-14,229.5,230.0,223.5,225.0,7586000.0,0.0
2016-12-15,224.5,228.5,223.0,228.0,4676000.0,0.0
2016-12-16,227.0,229.0,226.0,226.0,4197000.0,0.0
2016-12-19,226.0,226.0,223.5,224.0,2637000.0,0.0
2016-12-20,222.0,222.0,215.0,219.5,8875000.0,0.0
2016-12-21,219.5,221.0,216.5,216.5,4953000.0,0.0
2016-12-22,216.5,218.5,216.0,217.0,4232000.0,0.0
2016-12-23,217.0,218.0,216.0,216.5,4036000.0,0.0
2016-12-26,214.0,216.5,214.0,216.0,3081000.0,0.0
2016-12-27,216.0,218.5,215.5,218.0,2065000.0,0.0
2016-12-28,218.0,219.5,216.5,218.5,2979000.0,0.0
2016-12-29,218.0,218.5,216.0,216.5,3600000.0,0.0
2016-12-30,218.5,219.0,216.5,216.5,3796000.0,0.0
2017-01-03,217.5,218.0,216.5,218.0,3403000.0,0.0
2017-01-04,218.0,218.5,215.5,216.0,3332000.0,0.0
2017-01-05,215.5,218.0,215.5,218.0,3647000.0,0.0
2017-01-06,218.5,222.0,218.0,220.0,4246000.0,0.0
2017-01-09,220.5,221.0,217.0,217.0,2441000.0,0.0
2017-01-10,217.0,218.0,214.0,214.5,3954000.0,0.0
2017-01-11,214.5,216.0,213.0,215.5,3967000.0,0.0
2017-01-12,216.0,217.5,215.0,217.0,2714000.0,0.0
2017-01-13,212.5,215.0,212.5,215.0,3723000.0,0.0
2017-01-16,211.5,212.5,210.0,210.5,4837000.0,0.0
2017-01-17,211.0,213.5,210.5,213.5,3230000.0,0.0
2017-01-18,213.0,213.5,211.0,211.5,4684000.0,0.0
2017-01-19,212.0,213.0,211.5,213.0,3823000.0,0.0
2017-01-20,212.5,213.0,211.0,211.5,3661000.0,0.0
2017-01-23,213.0,215.0,212.5,214.5,3686000.0,0.0
2017-01-24,212.5,215.0,212.5,213.5,5771000.0,0.0
2017-02-02,204.5,207.5,203.0,204.5,17460000.0,0.0
2017-02-03,205.0,209.0,205.0,207.0,7663000.0,0.0
2017-02-06,208.0,214.0,206.0,212.0,9082000.0,0.0
2017-02-07,212.0,218.0,210.0,218.0,8804000.0,0.0
2017-02-08,214.0,217.0,213.0,213.5,8490000.0,0.0
2017-02-09,215.0,215.5,213.5,215.0,4841000.0,0.0
2017-02-10,217.0,217.5,215.0,215.5,6355000.0,0.0
2017-02-13,217.0,218.0,215.5,217.0,5549000.0,0.0
2017-02-14,215.0,217.5,215.0,217.0,4604000.0,0.0
2017-02-15,217.0,218.0,215.5,216.5,5806000.0,0.0
2017-02-16,218.0,218.0,216.0,217.0,5237000.0,0.0
2017-02-17,217.5,227.0,217.5,225.0,15689000.0,0.0
2017-02-20,227.0,227.0,224.0,224.5,4617000.0,0.0
2017-02-21,225.5,230.0,225.0,225.5,6929000.0,0.0
2017-02-22,228.0,228.5,225.0,225.5,4512000.0,0.0
2017-02-23,226.0,226.5,223.5,224.5,5733000.0,0.0
2017-02-24,225.0,225.5,223.0,224.0,7611000.0,0.0
2017-03-01,226.0,228.0,224.0,225.0,7513000.0,0.0
2017-03-02,227.0,227.5,222.5,223.5,7700000.0,0.0
2017-03-03,223.0,223.5,218.5,219.5,7710000.0,0.0
2017-03-06,218.0,219.0,216.0,218.0,5254000.0,0.0
2017-03-07,216.0,218.0,216.0,218.0,4281000.0,0.0
2017-03-08,218.0,224.0,218.0,222.0,8795000.0,0.0
2017-03-09,222.0,222.0,218.0,218.0,4509000.0,0.0
2017-03-10,219.0,223.0,216.0,222.0,5633000.0,0.0
2017-03-13,225.0,225.0,220.5,222.5,5828000.0,0.0
2017-03-14,223.0,224.0,221.0,223.0,5670000.0,0.0
2017-03-15,223.0,223.0,220.0,221.5,4497000.0,0.0
2017-03-16,223.0,226.0,222.5,224.5,5465000.0,0.0
2017-03-17,225.0,226.0,224.0,225.5,5994000.0,0.0
2017-03-20,225.0,226.0,224.0,226.0,4087000.0,0.0
2017-03-21,227.0,231.5,226.5,230.0,11710000.0,0.0
2017-03-22,227.0,228.0,225.0,227.5,4936000.0,0.0
2017-03-23,226.5,227.5,223.5,224.0,5857000.0,0.0
2017-03-24,222.0,223.5,222.0,223.0,3290000.0,0.0
2017-03-27,222.0,225.0,221.0,224.0,3507000.0,0.0
2017-03-28,225.0,225.0,221.0,223.0,3138000.0,0.0
2017-03-29,222.0,222.5,218.0,219.0,7769000.0,0.0
2017-03-30,218.5,220.5,218.0,218.5,3256000.0,0.0
2017-03-31,217.5,218.5,214.5,215.0,7071000.0,0.0
2017-04-05,214.0,220.0,214.0,220.0,6211000.0,0.0
2017-04-06,219.0,219.5,216.0,217.0,4412000.0,0.0
2017-04-07,217.0,218.5,215.0,216.5,3697000.0,0.0
2017-04-10,216.5,219.0,216.0,217.0,3905000.0,0.0
2017-04-11,217.0,217.0,212.0,212.0,4660000.0,0.0
2017-04-12,212.0,216.0,212.0,214.0,4489000.0,0.0
2017-04-13,213.5,215.5,213.0,213.0,3610000.0,0.0
2017-04-14,214.0,214.5,212.0,212.0,2310000.0,0.0
2017-04-17,212.0,213.5,210.0,211.0,2315000.0,0.0
2017-04-18,213.5,213.5,210.5,212.5,3701000.0,0.0
2017-04-19,212.5,217.5,212.0,214.0,5889000.0,0.0
2017-04-20,214.0,216.5,213.0,215.0,3633000.0,0.0
2017-04-21,216.5,217.0,214.0,215.0,2407000.0,0.0
2017-04-24,215.5,216.0,214.0,215.0,1672000.0,0.0
2017-04-25,215.5,215.5,214.0,215.0,4827000.0,0.0
2017-04-26,215.0,215.0,212.0,213.5,5084000.0,0.0
2017-04-27,214.0,217.5,214.0,217.0,3602000.0,0.0
2017-04-28,216.5,218.0,215.5,217.0,3397000.0,0.0
2017-05-02,214.5,224.0,214.5,221.5,11417000.0,0.0
2017-05-03,220.0,221.0,217.0,218.5,4582000.0,0.0
2017-05-04,218.0,219.0,216.5,218.0,2374000.0,0.0
2017-05-05,217.0,217.5,216.0,216.0,1229000.0,0.0
2017-05-08,216.0,216.0,212.0,212.5,4760000.0,0.0
2017-05-09,211.0,212.5,208.0,208.0,5119000.0,0.0
2017-05-10,210.0,211.0,206.0,209.0,4413000.0,0.0
2017-05-11,208.5,214.5,208.5,213.5,6470000.0,0.0
2017-05-12,213.5,214.5,211.5,214.5,4692000.0,0.0
2017-05-15,214.0,215.0,213.0,214.5,3073000.0,0.0
2017-05-16,214.5,216.0,211.5,211.5,5407000.0,0.0
2017-05-17,212.0,213.5,211.5,213.0,3570000.0,0.0
2017-05-18,210.5,213.5,210.0,213.0,4654000.0,0.0
2017-05-19,213.0,213.0,212.0,212.5,1824000.0,0.0
2017-05-22,212.0,212.0,208.5,209.0,4181000.0,0.0
2017-05-23,208.0,209.0,208.0,208.0,4239000.0,0.0
2017-05-24,213.5,218.5,212.0,216.5,15510000.0,0.0
2017-05-25,224.5,230.5,221.0,228.5,23568000.0,0.0
2017-05-26,229.5,231.0,227.5,229.5,12758000.0,0.0
2017-05-31,230.0,232.0,229.0,230.0,11672000.0,0.0
2017-06-01,230.0,231.0,227.5,228.0,5294000.0,0.0
2017-06-02,230.0,236.0,229.5,234.0,11260000.0,0.0
2017-06-05,238.5,243.5,238.0,243.0,12226000.0,0.0
2017-06-06,246.0,246.0,240.0,245.0,9704000.0,0.0
2017-06-07,245.5,253.0,243.0,252.0,17411000.0,0.0
2017-06-08,249.5,258.0,247.5,254.0,16218000.0,0.0
2017-06-09,252.0,255.0,250.5,250.5,9941000.0,0.0
2017-06-12,247.5,251.5,246.0,248.5,6066000.0,0.0
2017-06-13,248.5,252.0,246.5,247.0,5346000.0,0.0
2017-06-14,248.5,251.0,245.5,250.0,6611000.0,0.0
2017-06-15,249.5,252.0,248.5,251.0,5915000.0,0.0
2017-06-16,249.0,253.0,247.0,253.0,7998000.0,0.0
2017-06-19,253.0,258.0,253.0,255.5,5502000.0,0.0
2017-06-20,256.5,257.5,255.0,257.5,5509000.0,0.0
2017-06-21,260.0,273.0,260.0,269.5,21193000.0,0.0
2017-06-22,272.0,274.0,268.0,271.0,9182000.0,0.0
2017-06-23,269.5,272.0,265.5,265.5,6092000.0,0.0
2017-06-26,264.5,270.5,264.0,269.5,7799000.0,0.0
2017-06-27,270.0,273.0,268.0,270.0,5658000.0,0.0
2017-06-28,267.0,268.0,263.0,264.0,6603000.0,0.0
2017-06-29,267.0,269.0,265.5,267.5,5434000.0,0.0
2017-06-30,263.0,263.5,259.0,260.5,10253000.0,0.0
2017-07-03,263.0,270.5,263.0,267.5,9996000.0,0.0
2017-07-04,266.5,268.5,263.5,263.5,5134000.0,0.0
2017-07-05,263.5,266.5,261.5,265.0,9453000.0,0.0
2017-07-06,258.0,258.5,253.0,253.0,9471000.0,8.0
2017-07-07,251.0,251.5,248.5,250.0,4608000.0,0.0
2017-07-10,251.5,252.5,246.0,247.0,5385000.0,0.0
2017-07-11,249.5,255.5,248.0,254.0,6013000.0,0.0
2017-07-12,254.0,256.5,252.5,254.5,5388000.0,0.0
2017-07-13,255.0,256.0,252.0,252.0,3417000.0,0.0
2017-07-14,254.0,255.0,252.5,254.5,2618000.0,0.0
2017-07-17,256.0,256.0,252.5,254.5,2962000.0,0.0
2017-07-18,254.5,254.5,248.5,251.0,4379000.0,0.0
2017-07-19,252.0,263.0,252.0,261.0,13654000.0,0.0
2017-07-20,261.0,263.0,258.0,259.0,5329000.0,0.0
2017-07-21,259.0,260.0,255.5,255.5,3599000.0,0.0
2017-07-24,253.0,254.5,249.0,253.5,5577000.0,0.0
2017-07-25,253.5,257.0,251.0,256.0,7255000.0,0.0
2017-07-26,259.0,264.0,258.0,259.0,13047000.0,0.0
2017-07-27,259.0,265.5,257.0,263.0,11908000.0,0.0
2017-07-28,263.0,270.0,261.0,266.5,13178000.0,0.0
2017-07-31,265.5,271.0,261.0,266.0,9531000.0,0.0
2017-08-01,278.0,292.5,275.0,292.5,27522000.0,0.0
2017-08-02,300.0,303.0,297.5,300.0,25444000.0,0.0
2017-08-03,296.0,297.5,291.0,291.0,8943000.0,0.0
2017-08-04,292.0,294.5,288.0,290.0,6986000.0,0.0
2017-08-07,290.0,292.0,286.5,289.0,11135000.0,0.0
2017-08-08,286.5,289.0,280.0,287.0,12713000.0,0.0
2017-08-09,282.0,286.5,282.0,284.0,5732000.0,0.0
2017-08-10,284.0,288.0,279.0,280.0,6899000.0,0.0
2017-08-11,279.5,286.5,276.0,286.0,6111000.0,0.0
2017-08-14,285.0,285.0,280.0,280.0,4581000.0,0.0
2017-08-15,281.0,284.0,271.0,271.5,11565000.0,0.0
2017-08-16,272.5,276.0,270.0,273.0,7302000.0,0.0
2017-08-17,274.5,275.0,270.5,272.0,5031000.0,0.0
2017-08-18,266.0,269.5,264.5,267.5,5741000.0,0.0
2017-08-21,266.0,273.0,264.0,272.0,5997487.0,0.0
2017-08-22,272.5,274.5,270.0,270.5,4224979.0,0.0
2017-08-23,276.0,279.0,270.5,271.0,7304257.0,0.0
2017-08-24,270.0,274.0,270.0,273.0,3828042.0,0.0
2017-08-25,272.5,273.0,269.0,269.0,5926124.0,0.0
2017-08-28,270.0,272.0,268.0,271.5,2632943.0,0.0
2017-08-29,269.5,270.0,267.0,267.0,3518006.0,0.0
2017-08-30,270.5,272.0,268.0,268.5,3422299.0,0.0
2017-08-31,271.5,275.5,270.5,270.5,9081408.0,0.0
2017-09-01,274.5,274.5,271.0,272.0,4452924.0,0.0
2017-09-04,270.5,271.5,268.5,271.0,2430050.0,0.0
2017-09-05,272.5,279.5,271.0,279.5,6238464.0,0.0
2017-09-06,278.5,278.5,271.0,271.5,7551773.0,0.0
2017-09-07,271.5,277.5,271.5,272.5,5622648.0,0.0
2017-09-08,275.5,276.0,271.0,274.5,5445804.0,0.0
2017-09-11,276.0,279.5,275.0,279.0,6872066.0,0.0
2017-09-12,282.0,283.0,275.0,275.5,6680350.0,0.0
2017-09-13,277.0,277.5,273.0,275.0,4256271.0,0.0
2017-09-14,272.5,294.5,272.5,287.0,17341006.0,0.0
2017-09-15,294.0,294.5,290.0,292.0,13364831.0,0.0
2017-09-18,299.5,302.0,292.5,292.5,7120717.0,0.0
2017-09-19,295.5,297.5,292.0,293.0,6135117.0,0.0
2017-09-20,292.0,294.0,282.5,290.0,8499483.0,0.0
2017-09-21,285.0,294.5,285.0,293.5,6051869.0,0.0
2017-09-22,293.5,294.5,286.0,286.0,4793035.0,0.0
2017-09-25,286.0,290.0,281.0,285.5,4673144.0,0.0
2017-09-26,285.5,289.0,282.0,282.0,3600978.0,0.0
2017-09-27,285.0,290.0,284.5,287.5,6917649.0,0.0
2017-09-28,289.0,294.0,288.0,291.0,8607612.0,0.0
2017-09-29,290.0,291.0,284.5,284.5,7326675.0,0.0
2017-10-02,293.0,293.5,287.5,288.0,4691717.0,0.0
2017-10-03,289.0,289.5,285.5,288.0,4003475.0,0.0
2017-10-05,290.0,290.5,284.5,285.0,5068194.0,0.0
2017-10-06,289.0,295.0,288.0,291.0,10976211.0,0.0
2017-10-11,298.0,306.5,296.0,306.0,18218715.0,0.0
2017-10-12,308.0,309.0,303.0,303.5,16332612.0,0.0
2017-10-13,309.0,322.0,308.0,322.0,25082732.0,0.0
2017-10-16,320.5,330.0,318.0,326.0,18159999.0,0.0
2017-10-17,326.0,327.0,320.5,321.0,8698007.0,0.0
2017-10-18,321.0,322.0,312.5,314.5,8309166.0,0.0
2017-10-19,317.0,323.5,316.0,316.5,7519592.0,0.0
2017-10-20,316.5,319.5,313.0,313.0,7447318.0,0.0
2017-10-23,321.0,322.5,318.5,320.5,6564806.0,0.0
2017-10-24,318.5,322.5,315.0,321.5,4263073.0,0.0
2017-10-25,328.0,334.0,326.0,328.0,11984238.0,0.0
2017-10-26,327.0,339.5,326.0,338.5,9927715.0,0.0
2017-10-27,338.5,346.0,330.0,330.0,12505057.0,0.0
2017-10-30,335.0,337.0,326.5,334.5,7630413.0,0.0
2017-10-31,336.0,350.0,333.0,342.5,14831751.0,0.0
2017-11-01,350.5,350.5,338.0,338.0,13411322.0,0.0
2017-11-02,337.5,344.0,336.0,336.0,6780834.0,0.0
2017-11-03,338.0,341.5,332.0,335.0,8807838.0,0.0
2017-11-06,331.5,332.5,323.0,328.0,13130766.0,0.0
2017-11-07,330.0,338.5,330.0,337.5,7730251.0,0.0
2017-11-08,337.0,339.0,332.0,336.5,4448375.0,0.0
2017-11-09,336.5,341.0,328.0,331.0,5387287.0,0.0
2017-11-10,323.0,326.0,307.5,326.0,15697597.0,0.0
2017-11-13,323.5,324.5,317.5,317.5,6588631.0,0.0
2017-11-14,326.0,332.5,322.0,326.0,8063450.0,0.0
2017-11-15,323.0,325.0,319.0,322.0,5776318.0,0.0
2017-11-16,322.0,325.0,319.5,320.5,4947048.0,0.0
2017-11-17,327.0,330.0,325.0,329.5,6854773.0,0.0
2017-11-20,334.0,334.0,319.0,320.0,6000173.0,0.0
2017-11-21,320.5,323.5,316.0,322.0,6266273.0,0.0
2017-11-22,324.0,332.0,322.5,327.0,7402234.0,0.0
2017-11-23,331.5,333.5,326.5,327.0,4104085.0,0.0
2017-11-24,330.0,330.0,324.0,326.0,3238485.0,0.0
2017-11-27,328.0,331.0,324.5,330.5,3919596.0,0.0
2017-11-28,337.0,337.0,328.5,331.0,7460233.0,0.0
2017-11-29,334.5,336.5,332.0,334.5,4474461.0,0.0
2017-11-30,336.0,336.5,318.5,326.0,9772780.0,0.0
2017-12-01,326.5,329.0,312.0,315.0,7919572.0,0.0
2017-12-04,315.0,320.5,315.0,320.0,4552823.0,0.0
2017-12-05,318.0,320.0,315.0,318.0,2998874.0,0.0
2017-12-06,318.0,318.0,286.5,286.5,17346883.0,0.0
2017-12-07,289.0,293.0,284.5,287.5,11079895.0,0.0
2017-12-08,291.0,297.5,287.5,296.0,7051528.0,0.0
2017-12-11,297.5,301.5,296.0,299.5,3470565.0,0.0
2017-12-12,299.5,300.0,291.0,296.0,3935176.0,0.0
2017-12-13,298.0,299.0,291.0,291.0,4712816.0,0.0
2017-12-14,291.5,295.5,289.0,289.5,4395536.0,0.0
2017-12-15,287.5,289.0,276.0,285.0,12426779.0,0.0
2017-12-18,285.0,289.0,280.0,287.5,5170946.0,0.0
2017-12-19,289.0,294.0,287.5,294.0,5989588.0,0.0
2017-12-20,294.0,294.0,288.0,292.5,2430748.0,0.0
2017-12-21,293.0,296.0,290.0,290.0,2601721.0,0.0
2017-12-22,292.5,293.5,289.0,290.5,2119223.0,0.0
2017-12-25,291.0,291.5,286.0,287.0,1436728.0,0.0
2017-12-26,287.5,288.0,277.0,280.0,5960186.0,0.0
2017-12-27,280.0,283.5,276.5,283.0,4375518.0,0.0
2017-12-28,281.0,287.5,281.0,286.0,4585851.0,0.0
2017-12-29,288.5,294.0,287.0,294.0,5105493.0,0.0
2018-01-02,293.0,293.5,289.0,291.5,2537800.0,0.0
2018-01-03,295.0,302.5,295.0,300.5,8196202.0,0.0
2018-01-04,301.0,307.0,298.0,307.0,6783498.0,0.0
2018-01-05,310.0,310.0,297.0,300.0,4965501.0,0.0
2018-01-08,304.0,306.0,296.0,298.0,4142031.0,0.0
2018-01-09,297.0,304.0,296.0,304.0,5147465.0,0.0
2018-01-10,304.5,311.0,302.0,309.5,6727283.0,0.0
2018-01-11,309.5,309.5,302.5,306.0,3775458.0,0.0
2018-01-12,309.0,311.5,307.0,309.5,4794414.0,0.0
2018-01-15,312.0,313.0,308.5,313.0,4350414.0,0.0
2018-01-16,311.0,314.0,309.0,312.0,3804847.0,0.0
2018-01-17,308.0,308.0,303.5,306.5,5779149.0,0.0
2018-01-18,308.5,321.5,307.0,319.5,8785766.0,0.0
2018-01-19,321.0,321.0,314.0,319.0,7447305.0,0.0
2018-01-22,317.0,319.0,312.0,319.0,5523851.0,0.0
2018-01-23,318.5,323.5,317.0,318.0,10049361.0,0.0
2018-01-24,315.0,316.0,307.5,307.5,7768626.0,0.0
2018-01-25,308.0,317.0,305.5,305.5,8777131.0,0.0
2018-01-26,300.5,308.5,300.5,308.0,7022277.0,0.0
2018-01-29,314.0,314.0,307.0,308.0,4417172.0,0.0
2018-01-30,305.5,305.5,298.5,299.0,6738505.0,0.0
2018-01-31,295.0,304.0,295.0,299.0,7733732.0,0.0
2018-02-01,310.0,311.0,306.5,307.0,13138201.0,0.0
2018-02-02,304.0,306.5,301.5,304.5,5242656.0,0.0
2018-02-05,295.0,301.0,295.0,299.0,5583969.0,0.0
2018-02-06,290.0,292.0,279.0,286.5,11116800.0,0.0
2018-02-07,292.5,295.0,284.5,284.5,7676256.0,0.0
2018-02-08,285.0,288.5,283.0,286.0,4649916.0,0.0
2018-02-09,272.5,286.0,270.0,283.0,8477304.0,0.0
2018-02-12,286.5,289.0,283.0,285.0,5525043.0,0.0
2018-02-21,293.5,304.5,292.0,304.5,11124413.0,0.0
2018-02-22,300.0,306.0,298.5,302.0,6376415.0,0.0
2018-02-23,300.0,302.0,299.5,300.5,6134549.0,0.0
2018-02-26,304.5,304.5,296.5,296.5,3613576.0,0.0
2018-02-27,302.0,307.0,301.0,301.0,7542774.0,0.0
2018-03-01,301.0,302.5,294.5,299.5,9324203.0,0.0
2018-03-02,296.0,307.0,296.0,302.5,11009432.0,0.0
2018-03-05,302.5,303.0,295.0,295.0,6953028.0,0.0
2018-03-06,299.0,303.0,296.5,301.0,7629162.0,0.0
2018-03-07,297.5,307.5,297.5,300.0,10376719.0,0.0
2018-03-08,304.0,309.5,302.5,309.5,11617109.0,0.0
2018-03-09,309.5,312.5,307.5,310.5,6950746.0,0.0
2018-03-12,312.0,322.5,311.5,317.0,12539320.0,0.0
2018-03-13,317.0,320.5,317.0,319.0,10215713.0,0.0
2018-03-14,319.0,319.0,313.5,313.5,6017705.0,0.0
2018-03-15,313.5,321.0,313.5,318.0,8616499.0,0.0
2018-03-16,322.0,322.5,317.0,317.0,12301493.0,0.0
2018-03-19,321.5,344.0,320.5,334.0,18084889.0,0.0
2018-03-20,335.0,344.0,335.0,342.5,16137222.0,0.0
2018-03-21,348.0,348.0,335.0,336.0,12857200.0,0.0
2018-03-22,339.0,342.0,335.0,336.0,5677495.0,0.0
2018-03-23,324.0,334.0,323.0,328.0,6414475.0,0.0
2018-03-26,328.5,347.5,328.0,347.0,11777725.0,0.0
2018-03-27,343.0,345.0,334.0,342.5,12445408.0,0.0
2018-03-28,338.0,341.5,333.0,333.0,6333805.0,0.0
2018-03-29,337.5,341.0,331.0,331.0,6376204.0,0.0
2018-03-30,339.0,346.5,338.5,340.0,10060735.0,0.0
2018-04-02,343.5,343.5,336.0,336.5,3080504.0,0.0
2018-04-03,333.5,334.0,326.5,328.0,7879106.0,0.0
2018-04-09,331.0,333.0,327.5,327.5,6830784.0,0.0
2018-04-10,330.0,331.0,326.0,327.0,4614776.0,0.0
2018-04-11,330.0,343.0,329.5,339.0,9473560.0,0.0
2018-04-12,339.5,342.0,330.5,331.5,5856142.0,0.0
2018-04-13,335.0,338.0,334.0,336.0,4800170.0,0.0
2018-04-16,340.0,346.0,338.5,342.0,7684952.0,0.0
2018-04-17,345.0,345.0,336.0,340.0,5928455.0,0.0
2018-04-18,345.0,373.0,345.0,362.0,25903106.0,0.0
2018-04-19,370.0,374.5,357.5,360.5,16688689.0,0.0
2018-04-20,357.0,362.0,351.0,354.5,9243973.0,0.0
2018-04-23,356.0,363.0,350.5,350.5,8170123.0,0.0
2018-04-24,352.0,354.0,330.0,341.5,10638684.0,0.0
2018-04-25,338.5,346.0,334.5,337.0,7676548.0,0.0
2018-04-26,341.0,344.5,321.0,323.5,12585799.0,0.0
2018-04-27,337.0,339.5,325.5,339.5,8263068.0,0.0
2018-04-30,328.0,341.0,327.0,340.0,10315708.0,0.0
2018-05-02,341.5,343.0,330.0,331.0,8872980.0,0.0
2018-05-03,328.0,329.0,312.0,320.0,12988126.0,0.0
2018-05-04,315.0,328.0,315.0,325.5,5703448.0,0.0
2018-05-07,332.0,332.5,317.0,318.5,7252344.0,0.0
2018-05-08,319.0,326.0,319.0,325.0,5086816.0,0.0
2018-05-09,325.5,330.5,322.5,328.0,4851243.0,0.0
2018-05-10,328.0,331.5,326.0,329.5,4467038.0,0.0
2018-05-11,329.5,330.5,317.0,319.5,8255872.0,0.0
2018-05-14,325.0,326.0,318.0,320.0,5333227.0,0.0
2018-05-15,324.0,324.0,318.5,319.0,3385594.0,0.0
2018-05-16,320.0,322.0,315.0,319.0,3594624.0,0.0
2018-05-17,318.5,318.5,307.0,310.0,8766504.0,0.0
2018-05-18,311.5,315.0,307.0,313.0,5357335.0,0.0
2018-05-21,315.5,317.0,313.5,314.0,3005338.0,0.0
2018-05-22,315.0,322.0,313.0,320.5,6695276.0,0.0
2018-05-23,323.0,323.0,317.5,320.0,6434676.0,0.0
2018-05-24,323.0,323.0,318.0,322.0,3680555.0,0.0
2018-05-25,322.0,326.5,319.0,324.0,4871678.0,0.0
2018-05-28,324.0,325.5,318.5,318.5,3884905.0,0.0
2018-05-29,319.0,319.5,315.0,315.0,2389488.0,0.0
2018-05-30,312.5,313.5,310.0,310.0,4860062.0,0.0
2018-05-31,313.0,313.0,308.5,311.5,9847970.0,0.0
2018-06-01,313.5,319.0,313.0,319.0,3291068.0,0.0
2018-06-04,319.5,330.5,319.5,329.5,8387494.0,0.0
2018-06-05,330.5,330.5,324.5,325.0,3675678.0,0.0
2018-06-06,329.5,334.0,327.0,331.0,5458800.0,0.0
2018-06-07,331.0,332.0,328.0,331.0,3642395.0,0.0
2018-06-08,329.0,330.0,326.5,330.0,3650689.0,0.0
2018-06-11,331.0,334.5,330.5,332.5,3276621.0,0.0
2018-06-12,329.0,330.5,323.0,324.0,3746024.0,0.0
2018-06-13,322.5,326.0,320.5,320.5,3460873.0,0.0
2018-06-14,320.0,322.5,315.0,315.0,3719428.0,0.0
2018-06-15,316.0,318.5,312.5,315.0,5146049.0,0.0
2018-06-19,311.5,318.0,311.0,312.0,4618793.0,0.0
2018-06-20,312.0,313.0,309.0,310.0,5514714.0,0.0
2018-06-21,312.0,313.5,310.5,312.0,3846807.0,0.0
2018-06-22,310.0,311.0,308.0,310.5,3055482.0,0.0
2018-06-25,307.0,311.0,307.0,310.0,2755202.0,0.0
2018-06-26,305.0,305.5,293.0,296.5,10955073.0,0.0
2018-06-27,297.0,302.0,296.0,296.5,6254777.0,0.0
2018-06-28,295.0,299.0,292.0,297.0,4398790.0,0.0
2018-06-29,298.5,302.0,298.5,300.0,4915252.0,0.0
2018-07-02,301.0,312.5,301.0,305.0,5731591.0,0.0
2018-07-03,305.0,309.0,303.0,304.5,3859712.0,0.0
2018-07-04,303.5,306.5,297.0,298.0,3724168.0,0.0
2018-07-05,295.0,295.0,280.5,281.5,9890612.0,0.0
2018-07-06,282.0,288.0,282.0,285.0,9758208.0,0.0
2018-07-09,278.0,279.5,271.0,272.5,6556647.0,10.0
2018-07-10,274.5,280.0,274.0,280.0,4572871.0,0.0
2018-07-11,277.0,278.5,273.5,276.0,3684846.0,0.0
2018-07-12,276.0,285.0,276.0,283.0,4540240.0,0.0
2018-07-13,281.5,286.0,281.0,285.0,3278038.0,0.0
2018-07-16,285.0,286.5,282.5,282.5,1847940.0,0.0
2018-07-17,283.0,287.5,283.0,285.5,3209658.0,0.0
2018-07-18,287.0,288.5,281.0,281.0,4952897.0,0.0
2018-07-19,283.5,284.5,281.5,284.0,2521955.0,0.0
2018-07-20,282.0,284.0,280.0,280.0,3062839.0,0.0
2018-07-23,278.5,278.5,271.0,271.5,10295269.0,0.0
2018-07-24,270.0,270.0,254.0,255.0,18761099.0,0.0
2018-07-25,255.0,264.0,254.0,262.5,7951621.0,0.0
2018-07-26,259.0,263.0,259.0,263.0,6681232.0,0.0
2018-07-27,263.0,271.5,263.0,267.5,7011218.0,0.0
2018-07-30,263.5,265.0,258.5,260.0,6547869.0,0.0
2018-07-31,256.0,257.0,250.0,254.0,11840789.0,0.0
2018-08-01,265.0,277.5,265.0,275.0,15825338.0,0.0
2018-08-02,276.0,277.0,269.0,269.0,9247991.0,0.0
2018-08-03,272.0,274.0,271.0,274.0,4041440.0,0.0
2018-08-06,273.5,274.0,270.0,273.0,2324777.0,0.0
2018-08-07,273.0,278.0,271.5,275.5,5155603.0,0.0
2018-08-08,277.0,278.0,275.0,277.5,4605097.0,0.0
2018-08-09,276.0,276.5,272.0,275.0,3245805.0,0.0
2018-08-10,272.5,276.5,272.5,274.5,1925377.0,0.0
2018-08-13,265.0,268.5,258.0,263.5,5137482.0,0.0
2018-08-14,263.5,267.0,263.5,265.0,2505500.0,0.0
2018-08-15,263.5,264.0,260.0,260.0,2342251.0,0.0
2018-08-16,250.0,253.0,246.0,247.5,12296116.0,0.0
2018-08-17,250.5,252.5,246.0,247.0,7505316.0,0.0
2018-08-20,249.5,249.5,244.0,247.0,5106423.0,0.0
2018-08-21,246.0,247.0,245.0,245.5,3879372.0,0.0
2018-08-22,247.0,249.5,244.0,247.5,6912322.0,0.0
2018-08-23,248.0,253.0,248.0,253.0,5146562.0,0.0
2018-08-24,253.0,253.0,247.0,250.0,2873118.0,0.0
2018-08-27,248.5,249.0,245.5,247.5,3028194.0,0.0
2018-08-28,247.5,256.0,247.5,252.0,10553025.0,0.0
2018-08-29,254.5,256.5,253.0,256.0,5288321.0,0.0
2018-08-30,257.0,258.5,255.0,256.0,4274480.0,0.0
2018-08-31,255.0,255.0,248.5,251.5,5802520.0,0.0
2018-09-03,252.5,253.0,249.0,249.5,2545530.0,0.0
2018-09-04,250.0,255.0,250.0,253.5,4155461.0,0.0
2018-09-05,253.5,256.0,252.0,254.0,3409310.0,0.0
2018-09-06,252.5,257.0,250.0,255.0,3895939.0,0.0
2018-09-07,253.0,254.5,245.5,248.0,6183361.0,0.0
2018-09-10,249.0,251.0,238.0,242.5,6448148.0,0.0
2018-09-11,246.0,247.0,241.0,244.0,4864726.0,0.0
2018-09-12,246.5,246.5,242.0,244.0,3333026.0,0.0
2018-09-13,245.5,245.5,242.0,242.0,3132346.0,0.0
2018-09-14,244.5,246.5,243.0,245.5,3522752.0,0.0
2018-09-17,244.0,245.0,242.0,243.5,1585951.0,0.0
2018-09-18,243.0,246.5,243.0,244.5,3103033.0,0.0
2018-09-19,246.5,248.5,243.0,245.0,3740889.0,0.0
2018-09-20,243.5,245.0,237.5,238.0,5312721.0,0.0
2018-09-21,241.5,244.0,240.5,243.0,4163227.0,0.0
2018-09-25,241.0,244.0,241.0,243.5,2246605.0,0.0
2018-09-26,244.5,245.0,241.0,241.5,3087089.0,0.0
2018-09-27,241.0,242.0,239.0,241.5,2935735.0,0.0
2018-09-28,244.5,246.5,243.0,246.5,5847255.0,0.0
2018-10-01,248.5,252.0,248.5,250.0,4200741.0,0.0
2018-10-02,250.0,251.0,243.0,245.0,5612236.0,0.0
2018-10-03,245.5,246.5,241.0,246.0,2859111.0,0.0
2018-10-04,248.0,248.0,242.0,242.0,4069030.0,0.0
2018-10-05,240.0,241.0,232.5,234.5,9232507.0,0.0
2018-10-08,234.5,235.5,232.5,233.5,5331698.0,0.0
2018-10-09,234.0,234.5,228.5,228.5,4308219.0,0.0
2018-10-11,207.5,210.5,207.0,210.5,15727317.0,0.0
2018-10-12,210.0,221.0,210.0,220.0,7413236.0,0.0
2018-10-15,218.5,226.5,216.0,221.0,7201028.0,0.0
2018-10-16,222.5,227.0,222.0,222.0,3697987.0,0.0
2018-10-17,225.5,226.5,224.0,224.5,3131048.0,0.0
2018-10-18,225.0,227.0,224.0,225.0,2586243.0,0.0
2018-10-19,221.5,222.5,218.5,222.5,3881788.0,0.0
2018-10-22,220.5,224.0,220.0,221.5,2304109.0,0.0
2018-10-23,220.0,222.0,214.0,214.0,3750442.0,0.0
2018-10-24,212.0,216.0,206.0,214.0,5893975.0,0.0
2018-10-25,207.5,212.0,206.0,210.0,6389358.0,0.0
2018-10-26,212.0,213.5,200.5,202.0,8450095.0,0.0
2018-10-29,206.0,208.0,199.5,208.0,7011609.0,0.0
2018-10-30,209.0,212.0,206.0,207.0,3914023.0,0.0
2018-10-31,212.0,227.5,211.0,227.5,10063937.0,0.0
2018-11-01,227.0,229.0,218.5,223.5,9439080.0,0.0
2018-11-02,226.5,230.5,224.5,227.5,7303536.0,0.0
2018-11-05,225.5,230.0,224.0,230.0,4228811.0,0.0
2018-11-06,233.5,238.0,226.5,230.0,5864560.0,0.0
2018-11-07,230.0,236.0,230.0,235.0,3622354.0,0.0
2018-11-08,239.0,240.0,233.0,235.0,3624731.0,0.0
2018-11-09,234.5,234.5,226.5,228.5,4578760.0,0.0
2018-11-12,228.0,235.5,227.0,234.5,4708588.0,0.0
2018-11-13,227.5,234.0,226.5,231.0,4335995.0,0.0
2018-11-14,231.0,233.0,229.0,230.0,2604260.0,0.0
2018-11-15,231.5,235.0,229.5,231.5,2904993.0,0.0
2018-11-16,225.0,228.0,220.0,220.0,8579017.0,0.0
2018-11-19,222.0,225.0,220.0,223.5,3132386.0,0.0
2018-11-20,222.5,225.5,220.5,225.0,3009250.0,0.0
2018-11-21,223.0,224.5,220.0,223.0,3603281.0,0.0
2018-11-22,223.5,225.0,222.0,222.5,2248076.0,0.0
2018-11-23,224.0,224.0,222.0,222.0,1497480.0,0.0
2018-11-26,224.0,230.5,223.0,228.0,3783404.0,0.0
2018-11-27,228.0,232.0,225.0,232.0,3213824.0,0.0
2018-11-28,232.0,236.5,231.0,236.5,3988176.0,0.0
2018-11-29,240.0,241.5,231.5,231.5,4820111.0,0.0
2018-11-30,233.0,238.0,231.0,237.5,6659593.0,0.0
2018-12-03,243.0,247.0,242.5,245.5,7403178.0,0.0
2018-12-04,248.0,252.5,245.0,252.0,9478331.0,0.0
2018-12-05,246.5,247.0,244.0,244.5,4806496.0,0.0
2018-12-06,239.0,239.5,229.0,229.5,8273167.0,0.0
2018-12-07,233.5,236.5,232.5,233.5,4605911.0,0.0
2018-12-10,229.5,234.0,228.0,229.0,3089071.0,0.0
2018-12-11,227.0,229.5,226.0,228.0,2707930.0,0.0
2018-12-12,231.5,235.0,230.0,233.0,2520059.0,0.0
2018-12-13,233.5,238.0,233.5,237.5,2655290.0,0.0
2018-12-14,239.0,240.0,233.0,236.0,3424139.0,0.0
2018-12-17,239.0,239.0,234.0,235.0,2126768.0,0.0
2018-12-18,234.0,236.5,233.5,234.5,2176231.0,0.0
2018-12-19,232.5,236.0,232.5,236.0,2708347.0,0.0
2018-12-20,229.5,231.0,223.5,225.0,9002120.0,0.0
2018-12-21,224.0,226.0,221.5,223.5,4508734.0,0.0
2018-12-24,223.5,225.5,222.5,225.0,1674367.0,0.0
2018-12-25,221.0,222.0,219.0,221.0,1528188.0,0.0
2018-12-26,222.0,223.5,220.0,220.0,897303.0,0.0
2018-12-27,224.5,227.0,223.0,225.0,2969386.0,0.0
2018-12-28,223.5,229.5,223.5,229.5,3415320.0,0.0
2019-01-02,229.5,229.5,220.5,220.5,4284014.0,0.0
2019-01-03,224.0,226.0,221.0,223.5,3718829.0,0.0
2019-01-04,218.5,218.5,213.5,217.0,5603944.0,0.0
2019-01-07,221.0,221.5,217.5,219.0,7008819.0,0.0
2019-01-08,221.0,222.5,218.5,222.0,4626012.0,0.0
2019-01-09,225.5,231.5,224.0,226.0,8817353.0,0.0
2019-01-10,226.0,228.0,223.0,226.0,2881535.0,0.0
2019-01-11,227.0,229.0,226.0,227.5,2023139.0,0.0
2019-01-14,231.5,234.0,230.0,231.5,4203075.0,0.0
2019-01-15,233.5,233.5,231.5,233.0,4528299.0,0.0
2019-01-16,233.0,238.0,232.0,237.0,4396761.0,0.0
2019-01-17,237.5,239.0,234.5,237.0,2919704.0,0.0
2019-01-18,239.5,244.5,239.0,244.0,6656676.0,0.0
2019-01-21,247.0,249.0,243.5,244.5,4437388.0,0.0
2019-01-22,246.5,248.0,241.0,242.0,4435260.0,0.0
2019-01-23,240.5,241.0,237.0,241.0,3064991.0,0.0
2019-01-24,242.5,248.0,242.0,244.5,6357578.0,0.0
2019-01-25,246.5,249.5,245.0,248.0,6383195.0,0.0
2019-01-28,247.5,249.0,246.5,248.5,3686061.0,0.0
2019-01-29,245.0,248.0,244.0,245.5,4277832.0,0.0
2019-01-30,245.5,245.5,241.5,243.0,5074048.0,0.0
2019-02-11,252.5,259.5,249.5,259.5,19458668.0,0.0
2019-02-12,257.0,259.5,256.0,257.5,5978205.0,0.0
2019-02-13,259.5,261.5,256.5,259.0,5523900.0,0.0
2019-02-14,257.0,259.0,255.5,255.5,3051493.0,0.0
2019-02-15,254.5,258.0,250.5,252.0,4364578.0,0.0
2019-02-18,254.5,254.5,251.0,253.5,3331721.0,0.0
2019-02-19,252.0,252.5,249.0,250.0,3357988.0,0.0
2019-02-20,251.5,258.0,251.5,255.5,7741067.0,0.0
2019-02-21,254.0,259.5,253.5,259.0,6115313.0,0.0
2019-02-22,260.0,271.0,259.5,264.0,16461969.0,0.0
2019-02-25,271.0,282.5,270.5,282.5,20111509.0,0.0
2019-02-26,283.5,293.0,276.5,276.5,15256458.0,0.0
2019-02-27,280.0,282.0,274.0,280.0,9345510.0,0.0
2019-03-04,280.0,283.5,277.0,277.0,7891170.0,0.0
2019-03-05,275.5,279.0,272.0,273.0,5726149.0,0.0
2019-03-06,274.0,281.5,274.0,280.0,9119054.0,0.0
2019-03-07,277.5,279.0,272.5,274.0,4456436.0,0.0
2019-03-08,270.0,271.5,266.0,267.5,7604720.0,0.0
2019-03-11,267.5,272.5,267.5,270.0,3485628.0,0.0
2019-03-12,274.5,276.0,270.0,270.5,4929135.0,0.0
2019-03-13,270.0,273.5,269.0,273.0,2627183.0,0.0
2019-03-14,272.0,278.0,271.5,272.5,4932937.0,0.0
2019-03-15,274.0,277.0,273.5,276.0,4467807.0,0.0
2019-03-18,280.0,281.5,276.0,278.0,4328819.0,0.0
2019-03-19,276.5,277.0,272.0,275.5,5706614.0,0.0
2019-03-20,275.5,275.5,273.0,274.5,3167594.0,0.0
2019-03-21,274.5,279.5,274.5,277.5,4524736.0,0.0
2019-03-22,280.0,286.0,279.0,284.0,13172848.0,0.0
2019-03-25,276.5,279.0,276.0,276.5,5459643.0,0.0
2019-03-26,279.0,281.5,278.5,281.0,3638168.0,0.0
2019-03-27,280.0,280.5,278.0,279.5,2680720.0,0.0
2019-03-28,278.5,283.5,276.5,276.5,4616705.0,0.0
2019-03-29,279.0,282.5,277.0,282.5,5403033.0,0.0
2019-04-01,284.5,287.0,284.0,285.5,6930601.0,0.0
2019-04-02,290.0,291.5,288.0,290.5,9730324.0,0.0
2019-04-03,289.5,291.5,287.0,290.5,6655692.0,0.0
2019-04-08,289.0,294.5,289.0,294.5,8345644.0,0.0
2019-04-09,294.0,300.0,291.0,299.5,9914612.0,0.0
2019-04-10,300.0,304.5,298.0,300.0,12409630.0,0.0
2019-04-11,298.0,303.0,291.0,291.5,12174619.0,0.0
2019-04-12,294.0,297.0,292.0,293.5,6379713.0,0.0
2019-04-15,298.0,299.0,295.5,296.5,7192887.0,0.0
2019-04-16,299.0,301.5,297.5,300.0,8003479.0,0.0
2019-04-17,294.5,299.0,287.5,288.5,19673897.0,0.0
2019-04-18,289.5,293.5,289.0,291.0,10977862.0,0.0
2019-04-19,293.5,294.0,288.5,290.0,3333798.0,0.0
2019-04-22,292.0,293.5,288.5,289.0,3197270.0,0.0
2019-04-23,290.5,290.5,285.0,290.0,4918551.0,0.0
2019-04-24,292.0,292.0,287.0,289.5,3863399.0,0.0
2019-04-25,289.5,291.0,286.0,288.0,3703193.0,0.0
2019-04-26,286.0,290.0,283.5,290.0,3850978.0,0.0
2019-04-29,289.5,291.5,286.5,287.5,4219363.0,0.0
2019-04-30,290.0,295.5,287.0,295.5,8621796.0,0.0
2019-05-02,307.5,307.5,298.0,298.0,21971303.0,0.0
2019-05-03,304.0,310.0,301.0,309.0,18605013.0,0.0
2019-05-06,304.0,306.0,301.0,306.0,12178296.0,0.0
2019-05-07,309.0,313.0,307.0,311.0,12299811.0,0.0
2019-05-08,308.0,311.0,304.5,310.0,9096385.0,0.0
2019-05-09,311.0,314.0,300.0,300.0,9556606.0,0.0
2019-05-10,303.0,305.5,293.0,298.5,7160414.0,0.0
2019-05-13,300.0,300.0,285.5,286.5,8021402.0,0.0
2019-05-14,279.0,289.0,276.5,289.0,8106651.0,0.0
2019-05-15,290.0,293.5,287.5,290.0,5782386.0,0.0
2019-05-16,290.0,292.0,286.0,288.0,4927890.0,0.0
2019-05-17,291.5,296.5,289.0,291.0,8935427.0,0.0
2019-05-20,291.5,293.0,286.5,290.0,5080134.0,0.0
2019-05-21,287.0,292.5,286.5,290.5,5504726.0,0.0
2019-05-22,290.0,290.5,286.5,287.5,3821414.0,0.0
2019-05-23,291.0,295.0,289.0,292.0,9875909.0,0.0
2019-05-24,294.5,294.5,286.0,287.0,5171759.0,0.0
2019-05-27,287.0,288.5,276.5,281.0,7623986.0,0.0
2019-05-28,283.0,283.5,279.5,280.5,7631484.0,0.0
2019-05-29,277.5,280.5,275.0,280.5,5039512.0,0.0
2019-05-30,284.5,298.5,284.5,296.5,10940177.0,0.0
2019-05-31,298.5,313.0,297.0,311.0,15580408.0,0.0
2019-06-03,308.5,316.5,304.0,314.0,13144705.0,0.0
2019-06-04,316.0,318.0,311.0,311.0,8772745.0,0.0
2019-06-05,317.0,319.5,312.5,313.0,9334896.0,0.0
2019-06-06,312.0,312.0,305.5,307.0,6168786.0,0.0
2019-06-10,313.0,316.5,310.0,316.0,8082018.0,0.0
2019-06-11,310.0,314.0,308.0,308.0,8924969.0,0.0
2019-06-12,308.5,312.5,306.5,309.5,4458590.0,0.0
2019-06-13,309.5,316.5,308.5,309.5,6906886.0,0.0
2019-06-14,311.0,312.5,306.0,307.0,4800518.0,0.0
2019-06-17,305.0,307.0,300.0,300.5,6753100.0,0.0
2019-06-18,304.0,309.0,304.0,308.5,6585570.0,0.0
2019-06-19,314.5,315.0,307.5,308.5,8115800.0,0.0
2019-06-20,311.0,313.0,308.0,310.0,4674213.0,0.0
2019-06-21,312.0,316.0,310.0,313.5,9233348.0,0.0
2019-06-24,311.5,315.5,310.0,315.5,4462509.0,0.0
2019-06-25,313.5,315.0,309.0,311.5,3262743.0,0.0
2019-06-26,312.5,313.0,309.5,310.5,3335968.0,0.0
2019-06-27,314.0,315.5,312.5,313.0,5353416.0,0.0
2019-06-28,314.0,315.5,311.0,314.0,4236184.0,0.0
2019-07-01,315.0,317.0,312.5,314.0,8268252.0,0.0
2019-07-02,314.0,319.0,313.5,319.0,7758935.0,0.0
2019-07-03,322.0,326.5,316.0,317.5,8818515.0,0.0
2019-07-04,320.0,320.5,317.5,319.0,4090644.0,0.0
2019-07-05,319.5,322.0,318.5,321.0,6690938.0,0.0
2019-07-08,312.0,315.5,312.0,314.0,5706740.0,9.0
2019-07-09,314.5,316.0,313.0,313.5,3738897.0,0.0
2019-07-10,317.0,319.0,315.5,318.0,4383939.0,0.0
2019-07-11,320.0,324.0,319.0,322.5,6720950.0,0.0
2019-07-12,321.5,322.0,318.0,318.0,3205923.0,0.0
2019-07-15,318.5,319.0,313.5,314.5,5194708.0,0.0
2019-07-16,315.5,317.5,313.0,314.0,5075568.0,0.0
2019-07-17,313.0,314.0,308.5,310.0,6807470.0,0.0
2019-07-18,311.0,311.0,301.0,302.0,9600433.0,0.0
2019-07-19,307.5,308.0,302.5,304.5,7333715.0,0.0
2019-07-22,306.0,309.5,305.5,308.5,7018764.0,0.0
2019-07-23,310.0,315.0,310.0,314.5,7586407.0,0.0
2019-07-24,315.0,315.5,307.5,308.0,8478357.0,0.0
2019-07-25,310.0,313.0,308.0,313.0,5465905.0,0.0
2019-07-26,309.5,315.0,308.0,313.5,4494969.0,0.0
2019-07-29,311.0,319.5,310.0,319.0,9083924.0,0.0
2019-07-30,322.0,328.0,320.5,325.5,17119494.0,0.0
2019-07-31,322.0,322.0,309.0,314.5,17759819.0,0.0
2019-08-01,318.0,327.5,314.0,314.0,24478906.0,0.0
2019-08-02,310.5,316.5,309.5,316.0,13587337.0,0.0
2019-08-05,313.0,315.5,309.0,312.0,9440893.0,0.0
2019-08-06,305.0,313.0,304.0,309.0,10117433.0,0.0
2019-08-07,313.0,319.5,312.5,318.0,13326307.0,0.0
2019-08-08,316.5,320.5,314.5,316.5,7096959.0,0.0
2019-08-12,318.5,323.0,318.0,323.0,8148041.0,0.0
2019-08-13,321.5,322.0,317.0,318.0,3973869.0,0.0
2019-08-14,322.0,323.0,318.5,319.5,3991080.0,0.0
2019-08-15,314.5,317.0,313.5,316.5,5250867.0,0.0
2019-08-16,317.0,324.5,317.0,322.0,7821353.0,0.0
2019-08-19,328.0,353.0,326.5,353.0,30578217.0,0.0
2019-08-20,351.5,354.0,347.0,351.0,13464762.0,0.0
2019-08-21,351.0,356.5,347.0,347.0,10778561.0,0.0
2019-08-22,349.0,352.0,342.5,345.0,8555639.0,0.0
2019-08-23,347.5,352.0,342.5,342.5,6822420.0,0.0
2019-08-26,337.5,344.5,336.0,343.0,5118378.0,0.0
2019-08-27,347.0,348.0,343.0,345.5,8036958.0,0.0
2019-08-28,355.5,367.5,355.0,366.0,20997331.0,0.0
2019-08-29,364.5,366.0,361.5,365.5,8415969.0,0.0
2019-08-30,370.5,373.5,365.0,367.5,10421568.0,0.0
2019-09-02,367.5,371.5,364.0,370.5,5317803.0,0.0
2019-09-03,370.5,370.5,363.0,364.0,4462940.0,0.0
2019-09-04,365.0,369.0,362.0,365.0,6296489.0,0.0
2019-09-05,368.5,369.5,364.5,367.5,4485683.0,0.0
2019-09-06,371.0,378.0,368.0,374.5,13658238.0,0.0
2019-09-10,380.0,382.0,375.5,378.0,9046222.0,0.0
2019-09-11,376.0,379.5,372.5,374.5,7368588.0,0.0
2019-09-12,381.0,383.0,373.0,375.0,9749513.0,0.0
2019-09-16,375.5,384.5,375.5,382.0,10976486.0,0.0
2019-09-17,385.0,388.0,382.5,383.0,8723754.0,0.0
2019-09-18,383.0,384.0,379.0,382.0,7371028.0,0.0
2019-09-19,387.0,388.0,380.5,380.5,7618232.0,0.0
2019-09-20,381.5,388.0,381.5,386.5,9000253.0,0.0
2019-09-23,385.5,391.0,384.5,388.0,4616257.0,0.0
2019-09-24,388.0,389.0,384.5,387.0,4040265.0,0.0
2019-09-25,382.5,385.0,379.0,380.0,8943671.0,0.0
2019-09-26,382.0,384.0,374.0,376.0,8219250.0,0.0
2019-09-27,376.0,378.0,368.5,369.0,9126978.0,0.0
2019-10-01,369.5,376.5,369.0,376.5,7399613.0,0.0
2019-10-02,374.0,375.5,372.0,372.0,3950924.0,0.0
2019-10-03,372.0,381.0,367.5,379.5,8891382.0,0.0
2019-10-04,382.5,387.0,382.0,385.5,7691915.0,0.0
2019-10-07,386.5,388.0,381.5,384.0,5092932.0,0.0
2019-10-08,384.0,385.5,383.0,384.5,5088917.0,0.0
2019-10-09,382.0,382.5,372.0,372.0,8426727.0,0.0
2019-10-14,371.0,375.0,368.0,370.5,14688516.0,0.0
2019-10-15,370.0,371.5,366.0,367.0,9994456.0,0.0
2019-10-16,370.0,372.0,359.0,360.0,12208364.0,0.0
2019-10-17,364.0,372.0,362.0,371.0,8885926.0,0.0
2019-10-18,373.5,374.0,369.0,370.0,5956854.0,0.0
2019-10-21,373.0,374.5,368.5,369.0,4570574.0,0.0
2019-10-22,369.5,372.0,367.5,371.5,4971040.0,0.0
2019-10-23,370.5,372.0,368.0,372.0,4064705.0,0.0
2019-10-24,376.5,381.5,376.0,381.5,12750908.0,0.0
2019-10-25,385.0,386.0,379.0,379.0,8223640.0,0.0
2019-10-28,382.5,387.0,381.0,387.0,7243786.0,0.0
2019-10-29,393.0,395.5,385.5,393.0,13551380.0,0.0
2019-10-30,393.0,399.0,389.5,396.5,11199167.0,0.0
2019-10-31,396.5,412.0,395.5,408.0,24038661.0,0.0
2019-11-01,410.0,413.5,403.5,405.0,10009206.0,0.0
2019-11-04,405.0,412.0,404.5,412.0,8229135.0,0.0
2019-11-05,411.5,426.0,411.5,425.0,11961184.0,0.0
2019-11-06,425.5,434.0,423.0,434.0,13339309.0,0.0
2019-11-07,428.0,431.0,421.0,425.0,11874714.0,0.0
2019-11-08,425.0,428.0,411.0,414.0,13226485.0,0.0
2019-11-11,412.0,412.0,403.0,403.5,8447587.0,0.0
2019-11-12,405.0,412.5,405.0,410.0,5316072.0,0.0
2019-11-13,404.0,414.5,404.0,408.0,4982554.0,0.0
2019-11-14,409.5,413.0,405.0,410.5,4877989.0,0.0
2019-11-15,414.0,426.0,413.5,422.0,9736952.0,0.0
2019-11-18,418.5,421.0,416.5,419.5,3777538.0,0.0
2019-11-19,420.0,423.0,417.0,421.0,3798032.0,0.0
2019-11-20,421.0,421.0,413.0,414.5,6027873.0,0.0
2019-11-21,410.0,412.5,398.0,407.0,11718815.0,0.0
2019-11-22,404.0,412.0,404.0,411.0,7319917.0,0.0
2019-11-25,420.0,422.5,416.0,418.5,9091715.0,0.0
2019-11-26,425.0,427.5,418.5,420.0,11090564.0,0.0
2019-11-27,424.0,426.0,420.0,422.5,5952772.0,0.0
2019-11-28,425.0,432.5,423.0,431.5,9884036.0,0.0
2019-11-29,434.0,437.0,420.0,421.5,11552430.0,0.0
2019-12-02,418.5,425.0,412.0,416.5,6767586.0,0.0
2019-12-03,416.5,425.0,416.5,418.0,7340205.0,0.0
2019-12-04,418.0,424.5,416.5,424.5,6065565.0,0.0
2019-12-05,425.0,426.0,420.0,420.0,5727907.0,0.0
2019-12-06,420.5,422.0,415.0,415.0,5191845.0,0.0
2019-12-09,419.0,427.5,418.0,426.5,7316273.0,0.0
2019-12-10,427.0,427.0,423.5,425.0,3291268.0,0.0
2019-12-11,423.0,429.0,423.0,429.0,3798435.0,0.0
2019-12-12,430.5,432.5,426.5,427.5,6398487.0,0.0
2019-12-13,430.5,434.0,428.0,432.5,8981136.0,0.0
2019-12-16,435.5,443.5,433.0,442.0,46360.0,0.0
2019-12-17,444.0,464.0,443.0,460.5,16791241.0,0.0
2019-12-18,460.0,460.0,453.0,456.5,11668129.0,0.0
2019-12-19,455.5,456.0,451.5,454.5,9032898.0,0.0
2019-12-20,454.5,454.5,442.0,446.0,14087688.0,0.0
2019-12-23,445.5,450.0,442.0,449.0,3462155.0,0.0
2019-12-24,448.0,448.0,444.5,445.0,3108958.0,0.0
2019-12-25,444.0,453.0,444.0,452.0,2911788.0,0.0
2019-12-26,459.5,460.5,449.0,449.0,5855027.0,0.0
2019-12-27,451.5,452.5,446.0,446.5,4173840.0,0.0
2019-12-30,446.5,447.5,445.0,446.5,2869387.0,0.0
2019-12-31,443.5,446.5,441.0,443.5,5710571.0,0.0
2020-01-02,445.0,446.0,440.5,441.5,6237434.0,0.0
2020-01-03,445.0,445.5,423.0,434.5,12375266.0,0.0
2020-01-06,428.0,431.5,424.0,424.0,8448516.0,0.0
2020-01-07,428.0,431.0,418.0,426.0,11707155.0,0.0
2020-01-08,426.0,436.5,424.0,430.5,9695448.0,0.0
2020-01-09,435.0,439.0,432.5,437.0,6951194.0,0.0
2020-01-10,439.5,441.0,426.0,432.0,7683248.0,0.0
2020-01-13,432.0,435.0,422.0,422.0,10239998.0,0.0
2020-01-14,422.5,424.5,412.5,416.0,19437055.0,0.0
2020-01-15,409.0,419.0,406.5,416.0,25888092.0,0.0
2020-01-16,419.0,423.5,415.0,421.0,13075722.0,0.0
2020-01-17,428.0,428.0,418.5,420.5,8525316.0,0.0
2020-01-20,421.0,422.0,417.0,419.0,5654773.0,0.0
2020-01-30,400.0,400.5,382.5,383.5,22330256.0,0.0
2020-01-31,385.0,393.0,382.0,388.0,10276123.0,0.0
2020-02-03,376.5,387.0,373.0,382.0,10441301.0,0.0
2020-02-04,435.5,437.5,390.5,390.5,9425276.0,0.0
2020-02-05,390.5,390.5,378.5,381.0,16153382.0,0.0
2020-02-06,381.0,390.5,380.0,382.0,10150866.0,0.0
2020-02-07,380.5,385.5,379.0,381.0,10226510.0,0.0
2020-02-10,377.5,386.5,375.0,380.0,10628172.0,0.0
2020-02-11,382.0,391.5,382.0,390.0,11236133.0,0.0
2020-02-12,398.0,403.5,395.0,401.5,13580808.0,0.0
2020-02-13,408.5,412.0,406.5,408.5,15438270.0,0.0
2020-02-14,407.0,408.0,403.5,405.5,9177582.0,0.0
2020-02-17,397.5,399.5,394.0,398.0,9199824.0,0.0
2020-02-18,394.0,396.5,392.0,392.0,7500223.0,0.0
2020-02-19,395.0,396.0,387.5,388.5,9008260.0,0.0
2020-02-20,391.5,394.0,387.5,394.0,8177571.0,0.0
2020-02-21,394.0,394.0,388.0,388.0,7800080.0,0.0
2020-02-24,382.5,384.5,376.0,377.0,13066425.0,0.0
2020-02-25,374.5,383.0,371.0,378.5,10230047.0,0.0
2020-02-26,375.0,380.0,373.0,375.0,10856144.0,0.0
2020-02-27,376.0,378.0,360.0,360.0,14733370.0,0.0
2020-03-02,356.0,368.0,353.5,363.0,11499602.0,0.0
2020-03-03,373.0,378.5,371.0,372.0,10014005.0,0.0
2020-03-04,371.5,372.5,364.0,370.5,10894688.0,0.0
2020-03-05,377.5,385.0,376.0,385.0,10735601.0,0.0
2020-03-06,380.0,382.5,376.5,378.5,7373406.0,0.0
2020-03-09,368.5,371.0,361.0,366.5,11472891.0,0.0
2020-03-10,363.5,373.5,362.0,373.5,11832469.0,0.0
2020-03-11,373.5,377.0,362.0,363.0,9371669.0,0.0
2020-03-12,356.0,358.5,336.0,336.0,19239208.0,0.0
2020-03-13,307.5,348.0,305.0,341.0,23633277.0,0.0
2020-03-16,333.0,342.5,320.0,320.0,12157253.0,0.0
2020-03-17,308.0,328.5,308.0,315.5,14275860.0,0.0
2020-03-18,315.5,321.5,301.5,301.5,14031612.0,0.0
2020-03-19,291.0,298.5,273.0,274.0,25712419.0,0.0
2020-03-20,296.0,301.0,287.0,301.0,17041676.0,0.0
2020-03-23,307.0,314.0,296.0,308.0,20264004.0,0.0
2020-03-24,336.0,338.5,326.0,330.0,13337078.0,0.0
2020-03-25,348.0,353.0,330.0,334.5,20283591.0,0.0
2020-03-26,339.0,345.0,328.0,343.5,11554093.0,0.0
2020-03-27,359.5,359.5,336.5,340.0,13224545.0,0.0
2020-03-30,329.5,336.5,323.0,336.5,10694349.0,0.0
2020-03-31,339.0,343.5,326.0,327.5,10806002.0,0.0
2020-04-01,333.0,334.0,325.5,334.0,6557209.0,0.0
2020-04-06,346.0,346.0,336.5,341.0,8234391.0,0.0
2020-04-07,348.0,350.0,346.0,347.0,8655322.0,0.0
2020-04-08,346.0,352.0,345.0,349.5,6885590.0,0.0
2020-04-09,356.0,356.0,347.5,351.5,8237776.0,0.0
2020-04-10,352.5,352.5,348.0,350.0,6619621.0,0.0
2020-04-13,349.0,354.5,348.5,351.5,7148004.0,0.0
2020-04-14,354.0,368.5,353.5,365.5,13428196.0,0.0
2020-04-15,370.0,370.5,363.5,365.5,8618815.0,0.0
2020-04-16,361.0,365.5,360.5,361.5,6466648.0,0.0
2020-04-17,379.0,379.0,363.0,368.0,13317197.0,0.0
2020-04-20,371.0,373.5,366.5,370.0,5552576.0,0.0
2020-04-21,367.0,367.0,352.0,353.5,11227460.0,0.0
2020-04-22,350.0,352.0,342.0,346.0,12064371.0,0.0
2020-04-23,347.5,351.0,344.0,351.0,8791011.0,0.0
2020-04-24,351.0,353.0,348.0,348.5,6025467.0,0.0
2020-04-27,357.0,374.0,355.5,372.0,13194986.0,0.0
2020-04-28,374.5,375.0,363.5,375.0,10595852.0,0.0
2020-04-29,400.0,400.0,386.5,398.0,31507975.0,0.0
2020-04-30,412.0,415.5,405.0,415.0,21757679.0,0.0
2020-05-04,404.0,405.0,398.0,399.5,11748303.0,0.0
2020-05-05,403.5,405.5,396.0,401.5,7287899.0,0.0
2020-05-06,405.0,409.5,401.5,408.0,8553772.0,0.0
2020-05-07,412.0,415.0,411.0,411.0,8084230.0,0.0
2020-05-08,415.0,418.0,411.5,411.5,6577964.0,0.0
2020-05-11,415.5,415.5,407.0,410.0,6480940.0,0.0
2020-05-12,408.0,409.5,404.0,407.0,5093041.0,0.0
2020-05-13,408.5,420.0,407.0,420.0,10514740.0,0.0
2020-05-14,417.0,419.0,406.5,411.0,8304088.0,0.0
2020-05-15,414.0,415.5,404.5,411.0,5763797.0,0.0
2020-05-18,452.0,452.0,436.5,440.5,25249990.0,0.0
2020-05-19,462.5,464.0,458.0,462.0,21999164.0,0.0
2020-05-20,467.0,479.0,464.0,470.0,18417567.0,0.0
2020-05-21,470.0,472.0,460.5,464.5,9007736.0,0.0
2020-05-22,446.5,455.0,440.0,442.0,15401024.0,0.0
2020-05-25,451.5,460.0,449.0,460.0,11317742.0,0.0
2020-05-26,460.0,468.0,458.0,460.0,6684259.0,0.0
2020-05-27,465.0,466.0,459.5,464.5,8149230.0,0.0
2020-05-28,468.0,469.0,453.5,460.0,10968535.0,0.0
2020-05-29,460.0,467.0,453.5,463.0,9537183.0,0.0
2020-06-01,468.0,470.0,460.0,461.5,8722266.0,0.0
2020-06-02,488.0,490.5,479.5,485.0,17040745.0,0.0
2020-06-03,492.0,493.5,487.0,490.0,9435845.0,0.0
2020-06-04,485.0,493.0,482.0,490.0,8177190.0,0.0
2020-06-05,493.0,497.5,491.0,494.0,8352917.0,0.0
2020-06-08,495.5,505.0,493.0,494.5,9669114.0,0.0
2020-06-09,491.0,499.5,487.5,497.5,7942284.0,0.0
2020-06-10,495.5,503.0,495.0,500.0,6677972.0,0.0
2020-06-11,500.0,509.0,496.0,496.5,10694186.0,0.0
2020-06-12,473.0,495.5,473.0,492.5,11862920.0,0.0
2020-06-15,498.0,505.0,492.5,492.5,7204482.0,0.0
2020-06-16,492.0,510.0,491.5,510.0,11665647.0,0.0
2020-06-17,511.0,516.0,505.0,510.0,6203179.0,0.0
2020-06-18,515.0,515.0,508.0,513.0,5395592.0,0.0
2020-06-19,520.0,560.0,518.0,546.0,21698522.0,0.0
2020-06-22,553.0,576.0,546.0,576.0,17770887.0,0.0
2020-06-23,580.0,594.0,558.0,574.0,15468824.0,0.0
2020-06-24,572.0,584.0,568.0,580.0,9137582.0,0.0
2020-06-29,566.0,576.0,563.0,565.0,11967207.0,0.0
2020-06-30,569.0,579.0,568.0,579.0,9477547.0,0.0
2020-07-01,590.0,594.0,575.0,577.0,7577668.0,0.0
2020-07-02,577.0,582.0,573.0,574.0,6018098.0,0.0
2020-07-03,575.0,587.0,575.0,585.0,8709502.0,0.0
2020-07-06,587.0,589.0,580.0,589.0,7257983.0,10.5009
2020-07-07,598.0,632.0,595.0,618.0,19356242.0,0.0
2020-07-08,629.0,674.0,625.0,661.0,21759399.0,0.0
2020-07-09,661.0,663.0,640.0,651.0,17160954.0,0.0
2020-07-10,641.0,647.0,616.0,616.0,16945547.0,0.0
2020-07-13,626.0,639.0,618.0,629.0,10446840.0,0.0
2020-07-14,627.0,628.0,610.0,611.0,9142920.0,0.0
2020-07-15,612.0,618.0,598.0,609.0,14629162.0,0.0
2020-07-16,601.0,612.0,599.0,599.0,7417218.0,0.0
2020-07-17,598.0,608.0,596.0,607.0,8994459.0,0.0
2020-07-20,609.0,611.0,590.0,601.0,9008151.0,0.0
2020-07-21,612.0,643.0,612.0,637.0,15777808.0,0.0
2020-07-22,659.0,670.0,651.0,664.0,17852109.0,0.0
2020-07-23,658.0,687.0,653.0,677.0,17281987.0,0.0
2020-07-24,677.0,703.0,670.0,675.0,24419901.0,0.0
2020-07-27,695.0,737.0,691.0,728.0,21292219.0,0.0
2020-07-28,741.0,763.0,680.0,680.0,36040539.0,0.0
2020-07-29,683.0,694.0,667.0,682.0,14464939.0,0.0
2020-07-30,686.0,694.0,670.0,683.0,13693896.0,0.0
2020-07-31,678.0,707.0,670.0,701.0,14518563.0,0.0
2020-08-03,743.0,743.0,695.0,696.0,25733096.0,0.0
2020-08-04,703.0,732.0,700.0,732.0,19226303.0,0.0
2020-08-05,735.0,739.0,722.0,730.0,13000226.0,0.0
2020-08-06,736.0,753.0,730.0,732.0,12890678.0,0.0
2020-08-07,730.0,736.0,704.0,705.0,14627882.0,0.0
2020-08-10,696.0,714.0,696.0,706.0,11142754.0,0.0
2020-08-11,698.0,708.0,691.0,693.0,9919208.0,0.0
2020-08-12,684.0,690.0,674.0,680.0,11113131.0,0.0
2020-08-13,700.0,702.0,671.0,684.0,11410405.0,0.0
2020-08-14,670.0,683.0,670.0,680.0,9672925.0,0.0
2020-08-17,684.0,689.0,677.0,685.0,6056362.0,0.0
2020-08-18,617.0,642.0,617.0,617.0,42330663.0,0.0
2020-08-19,618.0,626.0,605.0,609.0,23597107.0,0.0
2020-08-20,603.0,611.0,551.0,565.0,34165307.0,0.0
2020-08-21,583.0,606.0,581.0,604.0,21528784.0,0.0
2020-08-24,599.0,600.0,583.0,585.0,14910954.0,0.0
2020-08-25,592.0,594.0,584.0,589.0,9904789.0,0.0
2020-08-26,585.0,586.0,573.0,578.0,10781130.0,0.0
2020-08-27,583.0,586.0,555.0,558.0,14917596.0,0.0
2020-08-28,558.0,575.0,553.0,574.0,13150295.0,0.0
2020-08-31,580.0,583.0,552.0,556.0,17151699.0,0.0
2020-09-01,559.0,577.0,553.0,576.0,10727355.0,0.0
2020-09-02,605.0,609.0,590.0,596.0,18844801.0,0.0
2020-09-03,614.0,615.0,598.0,603.0,13478883.0,0.0
2020-09-04,589.0,610.0,582.0,603.0,13800424.0,0.0
2020-09-07,608.0,613.0,593.0,598.0,7040189.0,0.0
2020-09-08,602.0,614.0,598.0,604.0,6683057.0,0.0
2020-09-09,594.0,599.0,586.0,595.0,10096718.0,0.0
2020-09-10,601.0,607.0,598.0,599.0,7278603.0,0.0
2020-09-11,598.0,603.0,586.0,595.0,7587495.0,0.0
2020-09-14,596.0,610.0,589.0,609.0,8675428.0,0.0
2020-09-15,609.0,614.0,603.0,611.0,7364558.0,0.0
2020-09-16,618.0,628.0,616.0,617.0,10590991.0,0.0
2020-09-17,610.0,611.0,593.0,599.0,12572944.0,0.0
2020-09-18,599.0,611.0,591.0,611.0,11400876.0,0.0
2020-09-21,614.0,624.0,610.0,616.0,8107351.0,0.0
2020-09-22,614.0,615.0,602.0,603.0,7610728.0,0.0
2020-09-23,609.0,619.0,609.0,617.0,6545842.0,0.0
2020-09-24,606.0,616.0,600.0,600.0,8632965.0,0.0
2020-09-25,605.0,608.0,581.0,585.0,7846337.0,0.0
2020-09-28,583.0,607.0,581.0,603.0,7734975.0,0.0
2020-09-29,606.0,614.0,606.0,610.0,5464334.0,0.0
2020-09-30,615.0,618.0,607.0,607.0,5974893.0,0.0
2020-10-05,614.0,617.0,610.0,611.0,5000804.0,0.0
2020-10-06,618.0,619.0,612.0,615.0,3949603.0,0.0
2020-10-07,617.0,658.0,613.0,647.0,17770203.0,0.0
2020-10-08,660.0,677.0,650.0,670.0,15485367.0,0.0
2020-10-12,710.0,722.0,699.0,714.0,21415450.0,0.0
2020-10-13,712.0,712.0,693.0,699.0,7920165.0,0.0
2020-10-14,692.0,698.0,687.0,689.0,5713855.0,0.0
2020-10-15,693.0,707.0,689.0,689.0,6967919.0,0.0
2020-10-16,689.0,695.0,680.0,680.0,5020630.0,0.0
2020-10-19,683.0,695.0,683.0,692.0,3933553.0,0.0
2020-10-20,688.0,697.0,683.0,697.0,4936501.0,0.0
2020-10-21,704.0,710.0,687.0,691.0,5171741.0,0.0
2020-10-22,688.0,696.0,685.0,688.0,5090155.0,0.0
2020-10-23,689.0,694.0,678.0,678.0,4854113.0,0.0
2020-10-26,680.0,686.0,672.0,674.0,4322931.0,0.0
2020-10-27,674.0,688.0,672.0,685.0,6036221.0,0.0
2020-10-28,685.0,689.0,675.0,681.0,6105449.0,0.0
2020-10-29,670.0,687.0,666.0,684.0,4525881.0,0.0
2020-10-30,678.0,682.0,670.0,678.0,6372434.0,0.0
2020-11-02,690.0,690.0,650.0,653.0,13777031.0,0.0
2020-11-03,661.0,676.0,660.0,665.0,8253830.0,0.0
2020-11-04,671.0,685.0,661.0,677.0,9284414.0,0.0
2020-11-05,685.0,696.0,679.0,696.0,11678906.0,0.0
2020-11-06,701.0,704.0,692.0,700.0,7345707.0,0.0
2020-11-09,710.0,714.0,693.0,702.0,6544760.0,0.0
2020-11-10,702.0,702.0,681.0,686.0,6006693.0,0.0
2020-11-11,662.0,682.0,662.0,676.0,7981123.0,0.0
2020-11-12,677.0,683.0,671.0,673.0,4170904.0,0.0
2020-11-13,671.0,677.0,667.0,675.0,4677318.0,0.0
2020-11-16,685.0,695.0,681.0,694.0,6299216.0,0.0
2020-11-17,701.0,703.0,691.0,696.0,6367119.0,0.0
2020-11-18,702.0,728.0,701.0,728.0,21063886.0,0.0
2020-11-19,732.0,738.0,727.0,733.0,8842836.0,0.0
2020-11-20,732.0,754.0,723.0,747.0,11419475.0,0.0
2020-11-23,754.0,758.0,738.0,743.0,7022977.0,0.0
2020-11-24,752.0,752.0,734.0,742.0,5754058.0,0.0
2020-11-25,746.0,748.0,724.0,724.0,7106689.0,0.0
2020-11-26,733.0,737.0,725.0,730.0,3654252.0,0.0
2020-11-27,725.0,731.0,721.0,725.0,3418735.0,0.0
2020-11-30,711.0,718.0,703.0,704.0,13232551.0,0.0
2020-12-01,700.0,708.0,693.0,697.0,8450506.0,0.0
2020-12-02,706.0,717.0,695.0,712.0,8354076.0,0.0
2020-12-03,715.0,715.0,698.0,700.0,6972483.0,0.0
2020-12-04,700.0,707.0,696.0,705.0,5398397.0,0.0
2020-12-07,705.0,708.0,695.0,704.0,5457769.0,0.0
2020-12-08,703.0,731.0,702.0,730.0,10014080.0,0.0
2020-12-09,735.0,746.0,730.0,734.0,7869170.0,0.0
2020-12-10,730.0,730.0,706.0,709.0,7733557.0,0.0
2020-12-11,720.0,722.0,701.0,707.0,7453209.0,0.0
2020-12-14,706.0,710.0,699.0,702.0,3884022.0,0.0
2020-12-15,702.0,706.0,696.0,701.0,5077673.0,0.0
2020-12-16,711.0,714.0,701.0,701.0,6247245.0,0.0
2020-12-17,703.0,711.0,699.0,704.0,5996672.0,0.0
2020-12-18,704.0,708.0,699.0,699.0,4853449.0,0.0
2020-12-21,698.0,708.0,689.0,708.0,5371824.0,0.0
2020-12-22,708.0,722.0,703.0,703.0,6412332.0,0.0
2020-12-23,708.0,722.0,705.0,720.0,5329119.0,0.0
2020-12-24,724.0,725.0,714.0,714.0,3320736.0,0.0
2020-12-25,720.0,722.0,712.0,715.0,2209747.0,0.0
2020-12-28,724.0,741.0,723.0,740.0,10540685.0,0.0
2020-12-29,741.0,746.0,734.0,734.0,4566021.0,0.0
2020-12-30,740.0,746.0,735.0,746.0,5614368.0,0.0
2020-12-31,747.0,753.0,742.0,747.0,4626983.0,0.0
2021-01-04,755.0,798.0,752.0,792.0,13995441.0,0.0
2021-01-05,796.0,804.0,775.0,797.0,9187166.0,0.0
2021-01-06,802.0,814.0,785.0,792.0,9257326.0,0.0
2021-01-07,794.0,808.0,785.0,799.0,7450197.0,0.0
2021-01-08,810.0,844.0,802.0,838.0,13239667.0,0.0
2021-01-11,843.0,856.0,835.0,851.0,7932068.0,0.0
2021-01-12,857.0,868.0,842.0,846.0,10297170.0,0.0
2021-01-13,855.0,899.0,850.0,884.0,15302374.0,0.0
2021-01-14,872.0,881.0,854.0,861.0,11167095.0,0.0
2021-01-15,878.0,882.0,842.0,850.0,9779613.0,0.0
2021-01-18,850.0,851.0,817.0,844.0,8819889.0,0.0
2021-01-19,861.0,880.0,854.0,879.0,7901499.0,0.0
2021-01-20,885.0,898.0,870.0,872.0,11007193.0,0.0
2021-01-21,890.0,935.0,888.0,934.0,17528460.0,0.0
2021-01-22,914.0,946.0,908.0,917.0,16199876.0,0.0
2021-01-25,917.0,925.0,891.0,910.0,8944898.0,0.0
2021-01-26,914.0,922.0,871.0,871.0,9931150.0,0.0
2021-01-27,881.0,905.0,871.0,897.0,10941305.0,0.0
2021-01-28,866.0,880.0,863.0,869.0,17650820.0,0.0
2021-01-29,889.0,903.0,875.0,875.0,17441562.0,0.0
2021-02-01,886.0,909.0,875.0,905.0,13528273.0,0.0
2021-02-02,925.0,952.0,920.0,931.0,14420674.0,0.0
2021-02-03,947.0,959.0,942.0,950.0,10829429.0,0.0
2021-02-04,933.0,953.0,915.0,946.0,13169744.0,0.0
2021-02-05,955.0,987.0,950.0,950.0,15290557.0,0.0
2021-02-17,1000.0,1010.0,971.0,980.0,11840037.0,0.0
2021-02-18,980.0,987.0,968.0,978.0,6292915.0,0.0
2021-02-19,971.0,975.0,953.0,964.0,7255611.0,0.0
2021-02-22,972.0,980.0,951.0,951.0,7422176.0,0.0
2021-02-23,945.0,968.0,932.0,965.0,7807365.0,0.0
2021-02-24,948.0,967.0,940.0,940.0,7540161.0,0.0
2021-02-25,950.0,955.0,930.0,944.0,7139928.0,0.0
2021-02-26,923.0,931.0,896.0,896.0,15220271.0,0.0
2021-03-02,920.0,939.0,900.0,900.0,13479811.0,0.0
2021-03-03,915.0,930.0,895.0,930.0,8671779.0,0.0
2021-03-04,919.0,919.0,895.0,897.0,12248552.0,0.0
2021-03-05,877.0,892.0,870.0,883.0,10351724.0,0.0
2021-03-08,901.0,909.0,866.0,867.0,9488584.0,0.0
2021-03-09,860.0,885.0,854.0,879.0,9399408.0,0.0
2021-03-10,890.0,892.0,860.0,864.0,9346906.0,0.0
2021-03-11,869.0,895.0,865.0,888.0,9451838.0,0.0
2021-03-12,900.0,915.0,892.0,899.0,7841829.0,0.0
2021-03-15,900.0,914.0,900.0,907.0,6825630.0,0.0
2021-03-16,917.0,919.0,906.0,919.0,6741317.0,0.0
2021-03-17,924.0,925.0,902.0,908.0,5862315.0,0.0
2021-03-18,914.0,920.0,903.0,903.0,4563993.0,0.0
2021-03-19,895.0,896.0,880.0,885.0,7668776.0,0.0
2021-03-22,880.0,891.0,872.0,881.0,7131194.0,0.0
2021-03-23,890.0,892.0,870.0,870.0,8388784.0,0.0
2021-03-24,872.0,895.0,866.0,894.0,6887986.0,0.0
2021-03-25,904.0,950.0,896.0,949.0,16360212.0,0.0
2021-03-26,951.0,955.0,930.0,943.0,11651662.0,0.0
2021-03-29,953.0,970.0,941.0,941.0,9564671.0,0.0
2021-03-30,958.0,977.0,941.0,971.0,12406387.0,0.0
2021-03-31,972.0,984.0,960.0,969.0,9109221.0,0.0
2021-04-01,978.0,985.0,961.0,961.0,5681893.0,0.0
2021-04-07,1005.0,1010.0,988.0,998.0,5493804.0,0.0
2021-04-08,988.0,1030.0,985.0,1020.0,8021763.0,0.0
2021-04-09,1025.0,1030.0,999.0,999.0,6402048.0,0.0
2021-04-12,997.0,1005.0,956.0,960.0,10334862.0,0.0
2021-04-13,973.0,984.0,952.0,961.0,9547951.0,0.0
2021-04-14,965.0,969.0,935.0,965.0,8708863.0,0.0
2021-04-15,971.0,985.0,957.0,985.0,5936707.0,0.0
2021-04-16,990.0,990.0,967.0,975.0,6313141.0,0.0
2021-04-19,985.0,985.0,962.0,963.0,4552119.0,0.0
2021-04-20,966.0,1010.0,963.0,998.0,9725033.0,0.0
2021-04-21,1010.0,1010.0,983.0,988.0,6691346.0,0.0
2021-04-22,999.0,1010.0,984.0,984.0,5787315.0,0.0
2021-04-23,980.0,1035.0,980.0,1035.0,10968902.0,0.0
2021-04-26,1070.0,1090.0,1030.0,1070.0,11328469.0,0.0
2021-04-27,1075.0,1100.0,1055.0,1065.0,8213859.0,0.0
2021-04-28,1075.0,1090.0,1055.0,1080.0,8985602.0,0.0
2021-04-29,1185.0,1185.0,1185.0,1185.0,6156406.0,0.0
2021-05-03,1175.0,1175.0,1080.0,1105.0,24923162.0,0.0
2021-05-04,1100.0,1105.0,1025.0,1085.0,18013299.0,0.0
2021-05-05,1090.0,1100.0,999.0,1005.0,13757415.0,0.0
2021-05-06,1030.0,1065.0,1000.0,1055.0,14573730.0,0.0
2021-05-07,1055.0,1065.0,1020.0,1060.0,9285007.0,0.0
2021-05-10,1015.0,1025.0,979.0,979.0,18810805.0,0.0
2021-05-11,901.0,937.0,898.0,911.0,24921478.0,0.0
2021-05-12,900.0,919.0,821.0,888.0,31011290.0,0.0
2021-05-13,886.0,905.0,861.0,873.0,16643374.0,0.0
2021-05-14,894.0,920.0,888.0,895.0,11830221.0,0.0
2021-05-17,880.0,937.0,869.0,914.0,16218012.0,0.0
2021-05-18,940.0,994.0,920.0,994.0,16219814.0,0.0
2021-05-19,983.0,992.0,943.0,943.0,12478300.0,0.0
2021-05-20,938.0,949.0,926.0,930.0,10698579.0,0.0
2021-05-21,961.0,973.0,936.0,955.0,13762585.0,0.0
2021-05-24,950.0,959.0,938.0,943.0,6032351.0,0.0
2021-05-25,955.0,969.0,947.0,952.0,8682040.0,0.0
2021-05-26,960.0,968.0,947.0,951.0,5834656.0,0.0
2021-05-27,945.0,952.0,931.0,935.0,9218405.0,0.0
2021-05-28,950.0,968.0,938.0,961.0,7578285.0,0.0
2021-05-31,971.0,1010.0,959.0,995.0,9520375.0,0.0
2021-06-01,1005.0,1015.0,976.0,977.0,7203678.0,0.0
2021-06-02,981.0,988.0,957.0,959.0,6983814.0,0.0
2021-06-03,968.0,984.0,965.0,981.0,4708980.0,0.0
2021-06-04,971.0,977.0,966.0,977.0,4043131.0,0.0
2021-06-07,971.0,976.0,948.0,973.0,5332777.0,0.0
2021-06-08,975.0,977.0,966.0,966.0,3549078.0,0.0
2021-06-09,963.0,984.0,963.0,967.0,3936851.0,0.0
2021-06-10,980.0,1005.0,977.0,998.0,9017839.0,0.0
2021-06-11,1005.0,1010.0,980.0,980.0,5961361.0,0.0
2021-06-15,992.0,1005.0,985.0,989.0,5175020.0,0.0
2021-06-16,995.0,995.0,981.0,985.0,4946749.0,0.0
2021-06-17,978.0,979.0,968.0,978.0,6201886.0,0.0
2021-06-18,980.0,990.0,965.0,965.0,5918101.0,0.0
2021-06-21,960.0,961.0,918.0,918.0,11173057.0,0.0
2021-06-22,902.0,916.0,890.0,903.0,13992257.0,0.0
2021-06-23,903.0,941.0,898.0,941.0,8867351.0,0.0
2021-06-24,945.0,947.0,927.0,929.0,3484444.0,0.0
2021-06-25,940.0,952.0,927.0,927.0,4975532.0,0.0
2021-06-28,929.0,935.0,922.0,935.0,3842050.0,0.0
2021-06-29,942.0,949.0,935.0,935.0,5371399.0,0.0
2021-06-30,945.0,978.0,943.0,962.0,10422047.0,0.0
2021-07-01,971.0,976.0,948.0,955.0,5520582.0,0.0
2021-07-02,963.0,964.0,953.0,957.0,4595609.0,0.0
2021-07-05,960.0,975.0,957.0,957.0,7408825.0,0.0
2021-07-06,937.0,940.0,920.0,922.0,6914325.0,37.0
2021-07-07,926.0,928.0,917.0,917.0,5159765.0,0.0
2021-07-08,920.0,929.0,914.0,920.0,5934229.0,0.0
2021-07-09,915.0,929.0,911.0,919.0,5129084.0,0.0
2021-07-12,940.0,941.0,930.0,935.0,5646291.0,0.0
2021-07-13,940.0,944.0,926.0,926.0,6948022.0,0.0
2021-07-14,929.0,938.0,925.0,930.0,3359604.0,0.0
2021-07-15,935.0,952.0,930.0,951.0,7385920.0,0.0
2021-07-16,948.0,960.0,941.0,957.0,5866395.0,0.0
2021-07-19,941.0,945.0,915.0,919.0,6987035.0,0.0
2021-07-20,917.0,928.0,915.0,920.0,3114282.0,0.0
2021-07-21,926.0,931.0,906.0,912.0,4941452.0,0.0
2021-07-22,915.0,931.0,915.0,919.0,4204358.0,0.0
2021-07-23,932.0,934.0,924.0,933.0,4496889.0,0.0
2021-07-26,940.0,940.0,920.0,923.0,4293853.0,0.0
2021-07-27,928.0,948.0,924.0,938.0,7973169.0,0.0
2021-07-28,931.0,932.0,887.0,890.0,16290546.0,0.0
2021-07-29,915.0,935.0,903.0,933.0,9074984.0,0.0
2021-07-30,935.0,937.0,907.0,910.0,5727104.0,0.0
2021-08-02,924.0,934.0,920.0,934.0,3940140.0,0.0
2021-08-03,948.0,948.0,930.0,938.0,2919205.0,0.0
2021-08-04,948.0,953.0,941.0,950.0,6059477.0,0.0
2021-08-05,960.0,964.0,952.0,961.0,6733053.0,0.0
2021-08-06,956.0,957.0,935.0,936.0,3774421.0,0.0
2021-08-09,928.0,928.0,911.0,921.0,4368676.0,0.0
2021-08-10,930.0,930.0,916.0,922.0,2445401.0,0.0
2021-08-11,913.0,916.0,906.0,910.0,4502303.0,0.0
2021-08-12,923.0,923.0,901.0,904.0,4215356.0,0.0
2021-08-13,909.0,916.0,901.0,910.0,4646391.0,0.0
2021-08-16,910.0,918.0,900.0,901.0,3692905.0,0.0
2021-08-17,901.0,901.0,901.0,901.0,0.0,0.0
2021-08-18,870.0,912.0,865.0,912.0,6008564.0,0.0
2021-08-19,908.0,914.0,882.0,888.0,5483659.0,0.0
2021-08-20,899.0,904.0,870.0,873.0,5459224.0,0.0
2021-08-23,882.0,915.0,882.0,911.0,5262045.0,0.0
2021-08-24,920.0,920.0,903.0,909.0,2822689.0,0.0
2021-08-25,915.0,915.0,900.0,911.0,3927236.0,0.0
2021-08-26,906.0,907.0,870.0,888.0,9234116.0,0.0
2021-08-27,873.0,896.0,873.0,896.0,5490911.0,0.0
2021-08-30,902.0,912.0,898.0,912.0,4109689.0,0.0
2021-08-31,917.0,917.0,885.0,901.0,7520536.0,0.0
2021-09-01,917.0,930.0,906.0,927.0,9142513.0,0.0
2021-09-02,930.0,945.0,927.0,933.0,5703535.0,0.0
2021-09-03,938.0,938.0,917.0,919.0,5908319.0,0.0
2021-09-06,907.0,917.0,895.0,896.0,8142260.0,0.0
2021-09-07,901.0,907.0,897.0,903.0,3726008.0,0.0
2021-09-08,899.0,914.0,895.0,912.0,4347700.0,0.0
2021-09-09,903.0,908.0,898.0,901.0,6296716.0,0.0
2021-09-10,903.0,925.0,902.0,925.0,4767470.0,0.0
2021-09-13,918.0,932.0,918.0,927.0,2943072.0,0.0
2021-09-14,932.0,949.0,932.0,947.0,8030381.0,0.0
2021-09-15,943.0,945.0,928.0,935.0,5098265.0,0.0
2021-09-16,930.0,936.0,926.0,936.0,2831392.0,0.0
2021-09-17,940.0,952.0,936.0,940.0,7222343.0,0.0
2021-09-22,918.0,925.0,900.0,911.0,8331836.0,0.0
2021-09-23,919.0,921.0,905.0,915.0,5235288.0,0.0
2021-09-24,918.0,923.0,912.0,920.0,4824937.0,0.0
2021-09-27,921.0,959.0,921.0,959.0,10615379.0,0.0
2021-09-28,959.0,969.0,945.0,957.0,7201265.0,0.0
2021-09-29,940.0,943.0,913.0,913.0,8299794.0,0.0
2021-09-30,913.0,915.0,896.0,905.0,7633321.0,0.0
2021-10-01,905.0,905.0,882.0,885.0,6270815.0,0.0
2021-10-04,892.0,899.0,878.0,892.0,4562934.0,0.0
2021-10-05,872.0,878.0,855.0,867.0,8653551.0,0.0
2021-10-06,875.0,890.0,871.0,871.0,5342508.0,0.0
2021-10-07,885.0,914.0,883.0,911.0,6379657.0,0.0
2021-10-08,919.0,925.0,906.0,910.0,4246459.0,0.0
2021-10-12,907.0,908.0,885.0,887.0,6289120.0,0.0
2021-10-13,891.0,893.0,862.0,862.0,5526679.0,0.0
2021-10-14,870.0,873.0,839.0,840.0,8578196.0,0.0
2021-10-15,853.0,859.0,847.0,857.0,6129997.0,0.0
2021-10-18,862.0,878.0,860.0,867.0,5973592.0,0.0
2021-10-19,877.0,900.0,872.0,898.0,5917354.0,0.0
2021-10-20,910.0,918.0,901.0,901.0,4486883.0,0.0
2021-10-21,912.0,924.0,903.0,913.0,5875235.0,0.0
2021-10-22,913.0,926.0,906.0,926.0,4483378.0,0.0
2021-10-25,928.0,944.0,916.0,938.0,5129397.0,0.0
2021-10-26,951.0,952.0,940.0,946.0,6282515.0,0.0
2021-10-27,949.0,958.0,932.0,942.0,7944259.0,0.0
2021-10-28,942.0,947.0,927.0,936.0,3776228.0,0.0
2021-10-29,938.0,939.0,913.0,913.0,5373611.0,0.0
2021-11-01,925.0,930.0,917.0,922.0,2927412.0,0.0
2021-11-02,929.0,934.0,919.0,928.0,2920555.0,0.0
2021-11-03,934.0,939.0,929.0,932.0,3049201.0,0.0
2021-11-04,945.0,945.0,926.0,928.0,2340539.0,0.0
2021-11-05,939.0,940.0,927.0,940.0,3449046.0,0.0
2021-11-08,947.0,983.0,944.0,980.0,10466167.0,0.0
2021-11-09,1000.0,1000.0,976.0,978.0,6868045.0,0.0
2021-11-10,972.0,978.0,958.0,958.0,3495810.0,0.0
2021-11-11,936.0,960.0,936.0,954.0,3783645.0,0.0
2021-11-12,964.0,988.0,956.0,983.0,4282008.0,0.0
2021-11-15,1010.0,1035.0,1000.0,1025.0,11093470.0,0.0
2021-11-16,1025.0,1045.0,1010.0,1035.0,5633120.0,0.0
2021-11-17,1060.0,1075.0,1020.0,1030.0,6797429.0,0.0
2021-11-18,1060.0,1100.0,1050.0,1085.0,12481999.0,0.0
2021-11-19,1115.0,1120.0,1060.0,1090.0,9960213.0,0.0
2021-11-22,1100.0,1110.0,1080.0,1080.0,4887612.0,0.0
2021-11-23,1070.0,1090.0,1050.0,1055.0,6036742.0,0.0
2021-11-24,1045.0,1060.0,1025.0,1040.0,4207454.0,0.0
2021-11-25,1045.0,1055.0,1020.0,1035.0,2988005.0,0.0
2021-11-26,1020.0,1025.0,996.0,1005.0,4249254.0,0.0
2021-11-29,998.0,1030.0,991.0,1030.0,3787113.0,0.0
2021-11-30,1050.0,1060.0,1010.0,1010.0,8133035.0,0.0
2021-12-01,1020.0,1070.0,1010.0,1065.0,6353875.0,0.0
2021-12-02,1045.0,1085.0,1040.0,1080.0,7112276.0,0.0
2021-12-03,1080.0,1090.0,1055.0,1060.0,4662507.0,0.0
2021-12-06,1060.0,1085.0,1040.0,1085.0,4605648.0,0.0
2021-12-07,1060.0,1080.0,1050.0,1065.0,6117755.0,0.0
2021-12-08,1085.0,1110.0,1080.0,1095.0,7323171.0,0.0
2021-12-09,1095.0,1100.0,1075.0,1085.0,2463930.0,0.0
2021-12-10,1075.0,1085.0,1065.0,1075.0,2943248.0,0.0
2021-12-13,1070.0,1095.0,1070.0,1075.0,3276917.0,0.0
2021-12-14,1070.0,1075.0,1050.0,1070.0,4130770.0,0.0
2021-12-15,1065.0,1075.0,1045.0,1060.0,2981924.0,0.0
2021-12-16,1085.0,1090.0,1075.0,1090.0,3810497.0,0.0
2021-12-17,1075.0,1095.0,1070.0,1075.0,4197118.0,0.0
2021-12-20,1070.0,1075.0,1055.0,1055.0,3226773.0,0.0
2021-12-21,1110.0,1110.0,1070.0,1090.0,4406508.0,0.0
2021-12-22,1095.0,1095.0,1080.0,1085.0,1329910.0,0.0
2021-12-23,1090.0,1105.0,1085.0,1095.0,2693726.0,0.0
2021-12-24,1100.0,1130.0,1095.0,1120.0,4983433.0,0.0
2021-12-27,1125.0,1185.0,1120.0,1145.0,8440835.0,0.0
2021-12-28,1160.0,1180.0,1155.0,1175.0,4928695.0,0.0
2021-12-29,1180.0,1200.0,1170.0,1185.0,5074409.0,0.0
2021-12-30,1200.0,1200.0,1175.0,1190.0,3809725.0,0.0
2022-01-03,1205.0,1215.0,1145.0,1150.0,7374387.0,0.0
2022-01-04,1165.0,1175.0,1145.0,1165.0,6688764.0,0.0
2022-01-05,1170.0,1190.0,1150.0,1175.0,7020406.0,0.0
2022-01-06,1150.0,1155.0,1110.0,1135.0,8129690.0,0.0
2022-01-07,1130.0,1145.0,1090.0,1100.0,8258414.0,0.0
2022-01-10,1080.0,1095.0,1070.0,1095.0,7069419.0,0.0
2022-01-11,1090.0,1095.0,1065.0,1080.0,4406422.0,0.0
2022-01-12,1095.0,1095.0,1070.0,1085.0,3016339.0,0.0
2022-01-13,1090.0,1110.0,1085.0,1100.0,5047874.0,0.0
2022-01-14,1090.0,1090.0,1055.0,1065.0,5581491.0,0.0
2022-01-17,1075.0,1120.0,1070.0,1115.0,5457933.0,0.0
2022-01-18,1110.0,1145.0,1105.0,1105.0,4858889.0,0.0
2022-01-19,1095.0,1120.0,1090.0,1100.0,4742173.0,0.0
2022-01-20,1105.0,1110.0,1070.0,1090.0,5235983.0,0.0
2022-01-21,1060.0,1080.0,1055.0,1070.0,5844178.0,0.0
2022-01-24,1060.0,1090.0,1050.0,1090.0,5048568.0,0.0
2022-01-25,1080.0,1090.0,1070.0,1085.0,4466066.0,0.0
2022-01-26,1070.0,1095.0,1070.0,1075.0,5129604.0,0.0
2022-02-07,1130.0,1130.0,1075.0,1100.0,18787872.0,0.0
2022-02-08,1125.0,1125.0,1090.0,1095.0,8746495.0,0.0
2022-02-09,1125.0,1135.0,1095.0,1130.0,7950712.0,0.0
2022-02-10,1140.0,1165.0,1125.0,1160.0,8574392.0,0.0
2022-02-11,1150.0,1170.0,1145.0,1150.0,4989740.0,0.0
2022-02-14,1120.0,1125.0,1100.0,1105.0,5433143.0,0.0
2022-02-15,1110.0,1120.0,1090.0,1100.0,3248639.0,0.0
2022-02-16,1130.0,1130.0,1115.0,1130.0,2903544.0,0.0
2022-02-17,1130.0,1135.0,1120.0,1130.0,3007009.0,0.0
2022-02-18,1115.0,1125.0,1105.0,1120.0,2500405.0,0.0
2022-02-21,1115.0,1135.0,1110.0,1130.0,3088278.0,0.0
2022-02-22,1115.0,1120.0,1090.0,1110.0,4745273.0,0.0
2022-02-23,1110.0,1120.0,1100.0,1120.0,3540429.0,0.0
2022-02-24,1095.0,1105.0,1055.0,1060.0,7867454.0,0.0
2022-02-25,1075.0,1095.0,1060.0,1085.0,7091202.0,0.0
2022-03-01,1105.0,1120.0,1095.0,1100.0,5420606.0,0.0
2022-03-02,1105.0,1105.0,1070.0,1080.0,3632197.0,0.0
2022-03-03,1085.0,1100.0,1065.0,1080.0,3799148.0,0.0
2022-03-04,1060.0,1060.0,1025.0,1025.0,6254448.0,0.0
2022-03-07,985.0,995.0,970.0,972.0,10685986.0,0.0
2022-03-08,945.0,986.0,943.0,963.0,7230258.0,0.0
2022-03-09,971.0,976.0,956.0,966.0,5981552.0,0.0
2022-03-10,990.0,1005.0,982.0,995.0,5820879.0,0.0
2022-03-11,1000.0,1000.0,961.0,963.0,5586320.0,0.0
2022-03-14,973.0,975.0,934.0,944.0,8517631.0,0.0
2022-03-15,933.0,935.0,901.0,904.0,9349160.0,0.0
2022-03-16,930.0,931.0,900.0,907.0,7483037.0,0.0
2022-03-17,951.0,978.0,949.0,968.0,9344377.0,0.0
2022-03-18,971.0,974.0,955.0,969.0,6554769.0,0.0
2022-03-21,985.0,985.0,977.0,978.0,3910421.0,0.0
2022-03-22,971.0,980.0,967.0,975.0,3925166.0,0.0
2022-03-23,988.0,995.0,976.0,977.0,4105013.0,0.0
2022-03-24,978.0,978.0,967.0,972.0,4654086.0,0.0
2022-03-25,975.0,976.0,965.0,971.0,3500490.0,0.0
2022-03-28,950.0,964.0,946.0,964.0,2654466.0,0.0
2022-03-29,931.0,951.0,903.0,912.0,12940484.0,0.0
2022-03-30,912.0,923.0,903.0,915.0,11058276.0,0.0
2022-03-31,900.0,919.0,900.0,905.0,8375072.0,0.0
2022-04-01,900.0,904.0,893.0,900.0,9228783.0,0.0
2022-04-06,858.0,883.0,855.0,882.0,13328503.0,0.0
2022-04-07,858.0,872.0,850.0,850.0,12287176.0,0.0
2022-04-08,851.0,859.0,834.0,840.0,12711666.0,0.0
2022-04-11,839.0,847.0,832.0,836.0,6163957.0,0.0
2022-04-12,840.0,848.0,830.0,842.0,7748278.0,0.0
2022-04-13,849.0,882.0,847.0,880.0,10111374.0,0.0
2022-04-14,874.0,874.0,861.0,861.0,6220281.0,0.0
2022-04-15,851.0,852.0,831.0,832.0,7092675.0,0.0
2022-04-18,827.0,844.0,827.0,833.0,3933699.0,0.0
2022-04-19,855.0,862.0,838.0,838.0,6253901.0,0.0
2022-04-20,847.0,856.0,841.0,856.0,5489289.0,0.0
2022-04-21,854.0,872.0,850.0,868.0,4505663.0,0.0
2022-04-22,848.0,857.0,846.0,854.0,5736473.0,0.0
2022-04-25,833.0,838.0,831.0,837.0,5934807.0,0.0
2022-04-26,833.0,837.0,825.0,833.0,6976630.0,0.0
2022-04-27,806.0,816.0,797.0,808.0,8488189.0,0.0
2022-04-28,835.0,853.0,821.0,828.0,12449177.0,0.0
2022-04-29,850.0,850.0,830.0,830.0,6664286.0,0.0
2022-05-03,830.0,833.0,808.0,820.0,8296427.0,0.0
2022-05-04,829.0,835.0,825.0,829.0,3551729.0,0.0
2022-05-05,843.0,848.0,837.0,841.0,5091069.0,0.0
2022-05-06,809.0,834.0,808.0,834.0,5655744.0,0.0
2022-05-09,821.0,827.0,813.0,813.0,3073344.0,0.0
2022-05-10,801.0,824.0,801.0,820.0,5843583.0,0.0
2022-05-11,814.0,831.0,813.0,829.0,3755757.0,0.0
2022-05-12,828.0,835.0,820.0,820.0,4101437.0,0.0
2022-05-13,831.0,845.0,828.0,843.0,4569731.0,0.0
2022-05-16,849.0,858.0,825.0,825.0,4950541.0,0.0
2022-05-17,838.0,847.0,830.0,841.0,4006249.0,0.0
2022-05-18,854.0,855.0,845.0,855.0,5390518.0,0.0
2022-05-19,839.0,847.0,835.0,845.0,4799600.0,0.0
2022-05-20,841.0,850.0,836.0,846.0,3499866.0,0.0
2022-05-23,854.0,857.0,843.0,843.0,3192724.0,0.0
2022-05-24,848.0,848.0,830.0,830.0,2917189.0,0.0
2022-05-25,833.0,848.0,826.0,843.0,3229937.0,0.0
2022-05-26,849.0,849.0,832.0,833.0,3458958.0,0.0
2022-05-27,842.0,852.0,838.0,851.0,3283990.0,0.0
2022-05-30,865.0,878.0,864.0,878.0,5134164.0,0.0
2022-05-31,876.0,905.0,867.0,905.0,10189792.0,0.0
2022-06-01,903.0,912.0,896.0,905.0,5234259.0,0.0
2022-06-02,899.0,906.0,897.0,898.0,3858451.0,0.0
2022-06-06,896.0,912.0,890.0,905.0,5605415.0,0.0
2022-06-07,900.0,901.0,890.0,890.0,5521169.0,0.0
2022-06-08,903.0,933.0,900.0,930.0,10296010.0,0.0
2022-06-09,927.0,935.0,920.0,924.0,5894187.0,0.0
2022-06-10,915.0,934.0,914.0,930.0,4826273.0,0.0
2022-06-13,902.0,907.0,885.0,887.0,8704050.0,0.0
2022-06-14,870.0,882.0,866.0,880.0,6417629.0,0.0
2022-06-15,880.0,893.0,878.0,884.0,5010720.0,0.0
2022-06-16,906.0,908.0,869.0,873.0,4915525.0,0.0
2022-06-17,847.0,856.0,831.0,831.0,12964828.0,0.0
2022-06-20,838.0,852.0,832.0,840.0,6893103.0,0.0
2022-06-21,861.0,868.0,847.0,868.0,7304422.0,0.0
2022-06-22,848.0,852.0,805.0,807.0,14514935.0,0.0
2022-06-23,731.0,740.0,679.0,689.0,30393472.0,73.0011
2022-06-24,682.0,696.0,669.0,670.0,14518315.0,0.0
2022-06-27,685.0,695.0,678.0,678.0,10153354.0,0.0
2022-06-28,670.0,678.0,646.0,651.0,16181238.0,0.0
2022-06-29,644.0,668.0,640.0,661.0,13465426.0,0.0
2022-06-30,655.0,662.0,647.0,651.0,9682997.0,0.0
2022-07-01,652.0,655.0,610.0,612.0,10051624.0,0.0
2022-07-04,609.0,623.0,606.0,611.0,8976016.0,0.0
2022-07-05,624.0,630.0,597.0,615.0,8934695.0,0.0
2022-07-06,617.0,619.0,603.0,605.0,7663311.0,0.0
2022-07-07,612.0,638.0,606.0,636.0,8633974.0,0.0
2022-07-08,650.0,657.0,642.0,651.0,9061449.0,0.0
2022-07-11,655.0,656.0,635.0,637.0,5102748.0,0.0
2022-07-12,628.0,629.0,608.0,614.0,7334318.0,0.0
2022-07-13,650.0,652.0,631.0,634.0,6616953.0,0.0
2022-07-14,629.0,652.0,625.0,646.0,5473704.0,0.0
2022-07-15,646.0,652.0,638.0,648.0,7738288.0,0.0
2022-07-18,652.0,673.0,650.0,661.0,7836261.0,0.0
2022-07-19,658.0,667.0,655.0,662.0,4680873.0,0.0
2022-07-20,680.0,687.0,667.0,671.0,8066906.0,0.0
2022-07-21,681.0,716.0,678.0,716.0,11439799.0,0.0
2022-07-22,718.0,721.0,701.0,705.0,8280121.0,0.0
2022-07-25,695.0,698.0,687.0,688.0,5931222.0,0.0
2022-07-26,679.0,696.0,675.0,681.0,5330274.0,0.0
2022-07-27,661.0,677.0,660.0,677.0,6598262.0,0.0
2022-07-28,693.0,693.0,678.0,682.0,4665061.0,0.0
2022-07-29,690.0,702.0,676.0,683.0,6916095.0,0.0
2022-08-01,684.0,696.0,674.0,694.0,6377879.0,0.0
2022-08-02,679.0,690.0,672.0,683.0,6108080.0,0.0
2022-08-03,685.0,689.0,678.0,686.0,3556948.0,0.0
2022-08-04,689.0,692.0,680.0,684.0,3455237.0,0.0
2022-08-05,700.0,717.0,698.0,717.0,6982355.0,0.0
2022-08-08,713.0,720.0,706.0,709.0,5059785.0,0.0
2022-08-09,702.0,706.0,690.0,694.0,5278814.0,0.0
2022-08-10,677.0,680.0,668.0,668.0,6321671.0,0.0
2022-08-11,670.0,676.0,663.0,670.0,9025318.0,0.0
2022-08-12,674.0,684.0,670.0,684.0,4446417.0,0.0
2022-08-15,688.0,709.0,686.0,706.0,4793921.0,0.0
2022-08-16,709.0,717.0,705.0,706.0,5340783.0,0.0
2022-08-17,707.0,711.0,699.0,703.0,4656601.0,0.0
2022-08-18,702.0,705.0,691.0,702.0,4104406.0,0.0
2022-08-19,701.0,701.0,693.0,693.0,4021243.0,0.0
2022-08-22,682.0,683.0,676.0,677.0,3039000.0,0.0
2022-08-23,668.0,679.0,665.0,676.0,3485299.0,0.0
2022-08-24,680.0,683.0,667.0,667.0,3956917.0,0.0
2022-08-25,670.0,677.0,666.0,670.0,2981905.0,0.0
2022-08-26,679.0,687.0,675.0,678.0,2900649.0,0.0
2022-08-29,657.0,659.0,651.0,653.0,4654505.0,0.0
2022-08-30,653.0,660.0,648.0,657.0,4506040.0,0.0
2022-08-31,655.0,671.0,652.0,667.0,4221631.0,0.0
2022-09-01,655.0,661.0,643.0,648.0,7093281.0,0.0
2022-09-02,640.0,645.0,620.0,620.0,9474700.0,0.0
2022-09-05,616.0,637.0,616.0,631.0,5842744.0,0.0
2022-09-06,633.0,636.0,627.0,629.0,3988122.0,0.0
2022-09-07,620.0,625.0,609.0,619.0,5069764.0,0.0
2022-09-08,622.0,626.0,617.0,623.0,3336148.0,0.0
2022-09-12,634.0,642.0,626.0,627.0,5000340.0,0.0
2022-09-13,631.0,636.0,625.0,626.0,4327108.0,0.0
2022-09-14,603.0,617.0,602.0,615.0,6129131.0,0.0
2022-09-15,611.0,620.0,611.0,616.0,3490200.0,0.0
2022-09-16,607.0,611.0,600.0,600.0,7961748.0,0.0
2022-09-19,606.0,611.0,601.0,604.0,4262713.0,0.0
2022-09-20,607.0,611.0,603.0,605.0,3209089.0,0.0
2022-09-21,610.0,610.0,601.0,605.0,4305556.0,0.0
2022-09-22,598.0,600.0,587.0,591.0,5520105.0,0.0
2022-09-23,591.0,594.0,580.0,580.0,4137245.0,0.0
2022-09-26,573.0,576.0,564.0,569.0,5078590.0,0.0
2022-09-27,571.0,574.0,563.0,568.0,4395712.0,0.0
2022-09-28,572.0,576.0,545.0,545.0,7153489.0,0.0
2022-09-29,558.0,563.0,540.0,543.0,7957861.0,0.0
2022-09-30,536.0,554.0,533.0,551.0,5765497.0,0.0
2022-10-03,543.0,556.0,541.0,548.0,3207800.0,0.0
2022-10-04,564.0,573.0,564.0,573.0,4417460.0,0.0
2022-10-05,596.0,608.0,592.0,599.0,9523847.0,0.0
2022-10-06,603.0,604.0,585.0,587.0,6813772.0,0.0
2022-10-07,581.0,582.0,564.0,566.0,5990213.0,0.0
2022-10-11,546.0,565.0,541.0,553.0,8035781.0,0.0
2022-10-12,557.0,557.0,541.0,549.0,6779101.0,0.0
2022-10-13,550.0,554.0,538.0,544.0,6734775.0,0.0
2022-10-14,562.0,588.0,559.0,585.0,9168365.0,0.0
2022-10-17,568.0,580.0,565.0,578.0,6538416.0,0.0
2022-10-18,593.0,595.0,576.0,588.0,6492274.0,0.0
2022-10-19,585.0,591.0,577.0,577.0,5843559.0,0.0
2022-10-20,566.0,570.0,558.0,570.0,8517491.0,0.0
2022-10-21,567.0,579.0,565.0,567.0,4956286.0,0.0
2022-10-24,587.0,596.0,585.0,588.0,5684321.0,0.0
2022-10-25,591.0,592.0,563.0,563.0,6381937.0,0.0
2022-10-26,569.0,582.0,565.0,579.0,6518295.0,0.0
2022-10-27,589.0,592.0,583.0,589.0,6051076.0,0.0
2022-10-28,582.0,585.0,564.0,565.0,6036461.0,0.0
2022-10-31,585.0,604.0,576.0,590.0,16334090.0,0.0
2022-11-01,592.0,604.0,590.0,599.0,7663380.0,0.0
2022-11-02,595.0,607.0,593.0,599.0,6657914.0,0.0
2022-11-03,587.0,602.0,587.0,600.0,6358739.0,0.0
2022-11-04,600.0,600.0,586.0,597.0,4370544.0,0.0
2022-11-07,608.0,623.0,601.0,620.0,8093011.0,0.0
2022-11-08,632.0,632.0,616.0,620.0,7837433.0,0.0
2022-11-09,628.0,656.0,626.0,650.0,12019117.0,0.0
2022-11-10,648.0,660.0,641.0,660.0,7154267.0,0.0
2022-11-11,698.0,700.0,680.0,700.0,15760682.0,0.0
2022-11-14,705.0,710.0,694.0,697.0,9563892.0,0.0
2022-11-15,704.0,735.0,700.0,722.0,13610403.0,0.0
2022-11-16,732.0,738.0,719.0,729.0,9978727.0,0.0
2022-11-17,740.0,740.0,716.0,725.0,6790953.0,0.0
2022-11-18,732.0,742.0,716.0,722.0,5407566.0,0.0
2022-11-21,716.0,722.0,709.0,720.0,4344910.0,0.0
2022-11-22,707.0,715.0,703.0,713.0,6221790.0,0.0
2022-11-23,722.0,722.0,705.0,705.0,3108090.0,0.0
2022-11-24,715.0,736.0,711.0,728.0,7357285.0,0.0
2022-11-25,729.0,736.0,723.0,727.0,5668842.0,0.0
2022-11-28,703.0,719.0,703.0,703.0,5409513.0,0.0
2022-11-29,695.0,718.0,695.0,713.0,5090965.0,0.0
2022-11-30,714.0,738.0,711.0,733.0,9170864.0,0.0
2022-12-01,750.0,756.0,738.0,741.0,6799631.0,0.0
2022-12-02,730.0,748.0,730.0,739.0,4024014.0,0.0
2022-12-05,739.0,755.0,739.0,739.0,4458434.0,0.0
2022-12-06,739.0,744.0,720.0,725.0,4949511.0,0.0
2022-12-07,717.0,728.0,713.0,716.0,5243678.0,0.0
2022-12-08,724.0,725.0,705.0,705.0,4093975.0,0.0
2022-12-09,714.0,729.0,711.0,729.0,4352527.0,0.0
2022-12-12,715.0,716.0,705.0,712.0,4940725.0,0.0
2022-12-13,717.0,722.0,708.0,709.0,5634859.0,0.0
2022-12-14,717.0,724.0,714.0,718.0,4944047.0,0.0
2022-12-15,703.0,706.0,681.0,681.0,13507515.0,0.0
2022-12-16,653.0,665.0,651.0,660.0,12668262.0,0.0
2022-12-19,650.0,662.0,650.0,656.0,6529791.0,0.0
2022-12-20,650.0,660.0,646.0,646.0,5800713.0,0.0
2022-12-21,649.0,661.0,646.0,654.0,4667715.0,0.0
2022-12-22,665.0,668.0,661.0,661.0,4043075.0,0.0
2022-12-23,651.0,661.0,648.0,660.0,2381097.0,0.0
2022-12-26,661.0,661.0,651.0,651.0,1464464.0,0.0
2022-12-27,654.0,664.0,653.0,656.0,1927473.0,0.0
2022-12-28,649.0,649.0,621.0,638.0,8725713.0,0.0
2022-12-29,630.0,631.0,623.0,629.0,3623909.0,0.0
2022-12-30,635.0,640.0,625.0,625.0,2332797.0,0.0
2023-01-03,623.0,645.0,621.0,644.0,4451795.0,0.0
2023-01-04,639.0,644.0,635.0,636.0,2734185.0,0.0
2023-01-05,638.0,641.0,625.0,631.0,5231120.0,0.0
2023-01-06,634.0,660.0,634.0,660.0,6890898.0,0.0
2023-01-09,671.0,675.0,665.0,675.0,6953372.0,0.0
2023-01-10,684.0,696.0,681.0,694.0,8579851.0,0.0
2023-01-11,700.0,707.0,694.0,707.0,6807896.0,0.0
2023-01-12,710.0,720.0,708.0,715.0,6154916.0,0.0
2023-01-13,722.0,726.0,691.0,694.0,6607197.0,0.0
2023-01-16,707.0,712.0,701.0,704.0,4831796.0,0.0
2023-01-17,706.0,709.0,693.0,693.0,4423459.0,0.0
2023-01-30,734.0,739.0,709.0,739.0,14092868.0,0.0
2023-01-31,734.0,752.0,716.0,718.0,10849696.0,0.0
2023-02-01,724.0,728.0,718.0,724.0,5742796.0,0.0
2023-02-02,747.0,753.0,737.0,747.0,11004915.0,0.0
2023-02-03,742.0,753.0,741.0,751.0,6331833.0,0.0
2023-02-06,745.0,749.0,730.0,731.0,7504061.0,0.0
2023-02-07,739.0,739.0,716.0,717.0,7083578.0,0.0
2023-02-08,726.0,747.0,725.0,744.0,7726469.0,0.0
2023-02-09,740.0,749.0,736.0,749.0,3943535.0,0.0
2023-02-10,749.0,749.0,739.0,740.0,3178891.0,0.0
2023-02-13,735.0,737.0,726.0,731.0,4083761.0,0.0
2023-02-14,737.0,742.0,731.0,732.0,3253855.0,0.0
2023-02-15,730.0,730.0,708.0,710.0,6560069.0,0.0
2023-02-16,716.0,718.0,706.0,711.0,5055383.0,0.0
2023-02-17,708.0,723.0,707.0,723.0,3496855.0,0.0
2023-02-20,725.0,732.0,719.0,726.0,2557688.0,0.0
2023-02-21,728.0,734.0,724.0,725.0,2680312.0,0.0
2023-02-22,718.0,722.0,713.0,713.0,4226425.0,0.0
2023-02-23,724.0,745.0,722.0,745.0,7415265.0,0.0
2023-02-24,751.0,752.0,723.0,723.0,8014012.0,0.0
2023-03-01,737.0,795.0,731.0,791.0,15610514.0,0.0
2023-03-02,790.0,790.0,773.0,775.0,9407400.0,0.0
2023-03-03,778.0,789.0,771.0,775.0,6400777.0,0.0
2023-03-06,785.0,795.0,777.0,784.0,7426468.0,0.0
2023-03-07,789.0,790.0,783.0,788.0,5137242.0,0.0
2023-03-08,782.0,784.0,765.0,768.0,8327224.0,0.0
2023-03-09,769.0,775.0,767.0,767.0,5235081.0,0.0
2023-03-10,759.0,761.0,753.0,756.0,5780275.0,0.0
2023-03-13,756.0,764.0,743.0,764.0,4934528.0,0.0
2023-03-14,749.0,768.0,749.0,761.0,4970598.0,0.0
2023-03-15,766.0,773.0,757.0,758.0,5204405.0,0.0
2023-03-16,751.0,765.0,748.0,756.0,5857200.0,0.0
2023-03-17,770.0,777.0,766.0,773.0,6673769.0,0.0
2023-03-20,773.0,780.0,768.0,770.0,5239975.0,0.0
2023-03-21,776.0,779.0,763.0,771.0,5224780.0,0.0
2023-03-22,777.0,785.0,776.0,781.0,5008621.0,0.0
2023-03-23,780.0,794.0,778.0,793.0,4688952.0,0.0
2023-03-24,790.0,794.0,785.0,790.0,4299481.0,0.0
2023-03-27,789.0,790.0,779.0,780.0,3000386.0,0.0
2023-03-28,775.0,780.0,766.0,766.0,3940649.0,0.0
2023-03-29,774.0,775.0,765.0,773.0,2913723.0,0.0
2023-03-30,780.0,783.0,775.0,778.0,2970689.0,0.0
2023-03-31,778.0,789.0,778.0,787.0,4356288.0,0.0
2023-04-06,774.0,777.0,751.0,753.0,8692104.0,0.0
2023-04-07,749.0,752.0,743.0,749.0,4322843.0,0.0
2023-04-10,748.0,750.0,739.0,742.0,5720960.0,0.0
2023-04-11,743.0,759.0,743.0,756.0,4506545.0,0.0
2023-04-12,756.0,760.0,752.0,758.0,3537841.0,0.0
2023-04-13,759.0,760.0,749.0,750.0,5072055.0,0.0
2023-04-14,754.0,758.0,746.0,748.0,4358117.0,0.0
2023-04-17,705.0,710.0,694.0,709.0,14011693.0,0.0
2023-04-18,702.0,703.0,685.0,688.0,13970100.0,0.0
2023-04-19,682.0,685.0,675.0,675.0,10748670.0,0.0
2023-04-20,661.0,684.0,661.0,673.0,9881462.0,0.0
2023-04-21,676.0,679.0,665.0,665.0,5084036.0,0.0
2023-04-24,663.0,681.0,663.0,676.0,4674121.0,0.0
2023-04-25,678.0,678.0,650.0,650.0,8340199.0,0.0
2023-04-26,641.0,652.0,638.0,649.0,7111965.0,0.0
2023-04-27,654.0,667.0,653.0,662.0,4627385.0,0.0
2023-04-28,668.0,674.0,663.0,665.0,6381645.0,0.0
2023-05-02,654.0,673.0,654.0,671.0,6341076.0,0.0
2023-05-03,674.0,680.0,668.0,680.0,6487920.0,0.0
2023-05-04,674.0,674.0,666.0,668.0,5568985.0,0.0
2023-05-05,675.0,678.0,672.0,675.0,3164748.0,0.0
2023-05-08,681.0,684.0,674.0,675.0,2957572.0,0.0
2023-05-09,681.0,681.0,674.0,677.0,2163899.0,0.0
2023-05-10,677.0,677.0,666.0,668.0,3766277.0,0.0
2023-05-11,666.0,674.0,664.0,668.0,3130043.0,0.0
2023-05-12,673.0,676.0,661.0,673.0,5100737.0,0.0
2023-05-15,676.0,682.0,673.0,680.0,3589435.0,0.0
2023-05-16,688.0,688.0,680.0,680.0,3763602.0,0.0
2023-05-17,680.0,689.0,677.0,685.0,7787494.0,0.0
2023-05-18,690.0,694.0,685.0,689.0,4371571.0,0.0
2023-05-19,691.0,698.0,690.0,698.0,4968629.0,0.0
2023-05-22,702.0,709.0,701.0,705.0,4440987.0,0.0
2023-05-23,710.0,722.0,708.0,716.0,5240558.0,0.0
2023-05-24,713.0,713.0,701.0,711.0,5640355.0,0.0
2023-05-25,708.0,718.0,706.0,708.0,4666860.0,0.0
2023-05-26,708.0,737.0,708.0,730.0,10749900.0,0.0
2023-05-29,755.0,758.0,738.0,738.0,10036727.0,0.0
2023-05-30,759.0,773.0,757.0,763.0,16298604.0,0.0
2023-05-31,757.0,767.0,748.0,759.0,12027736.0,0.0
2023-06-01,755.0,761.0,748.0,748.0,6202943.0,0.0
2023-06-02,754.0,762.0,750.0,751.0,6399171.0,0.0
2023-06-05,757.0,767.0,757.0,759.0,5242068.0,0.0
2023-06-06,760.0,764.0,752.0,757.0,4171308.0,0.0
2023-06-07,759.0,769.0,756.0,768.0,5292636.0,0.0
2023-06-08,770.0,775.0,763.0,768.0,7246478.0,0.0
2023-06-09,768.0,770.0,761.0,764.0,4570550.0,0.0
2023-06-12,769.0,769.0,763.0,767.0,3852674.0,0.0
2023-06-13,770.0,782.0,768.0,779.0,7182494.0,0.0
2023-06-14,781.0,782.0,776.0,780.0,5287535.0,0.0
2023-06-15,777.0,779.0,765.0,766.0,7917545.0,0.0
2023-06-16,760.0,765.0,751.0,751.0,10097247.0,0.0
2023-06-19,769.0,793.0,764.0,785.0,19694676.0,0.0
2023-06-20,708.0,725.0,691.0,691.0,24572675.0,76.0066
2023-06-21,689.0,696.0,683.0,693.0,11451567.0,0.0
2023-06-26,688.0,690.0,685.0,685.0,4552895.0,0.0
2023-06-27,680.0,688.0,680.0,681.0,4553912.0,0.0
2023-06-28,692.0,697.0,685.0,695.0,4150494.0,0.0
2023-06-29,704.0,705.0,695.0,696.0,4275815.0,0.0
2023-06-30,692.0,692.0,686.0,688.0,4338115.0,0.0
2023-07-03,692.0,698.0,690.0,691.0,2906690.0,0.0
2023-07-04,696.0,702.0,691.0,700.0,3753123.0,0.0
2023-07-05,703.0,703.0,696.0,697.0,3610090.0,0.0
2023-07-06,692.0,699.0,688.0,690.0,4200756.0,0.0
2023-07-07,686.0,686.0,680.0,682.0,4297744.0,0.0
2023-07-10,680.0,686.0,673.0,673.0,5647752.0,0.0
2023-07-11,682.0,687.0,676.0,686.0,3372502.0,0.0
2023-07-12,689.0,689.0,680.0,685.0,3890508.0,0.0
2023-07-13,692.0,693.0,680.0,680.0,5058111.0,0.0
2023-07-14,686.0,698.0,685.0,692.0,6044895.0,0.0
2023-07-17,692.0,692.0,681.0,683.0,4271120.0,0.0
2023-07-18,680.0,686.0,678.0,683.0,4684651.0,0.0
2023-07-19,690.0,699.0,689.0,696.0,6185652.0,0.0
2023-07-20,697.0,697.0,689.0,692.0,2484977.0,0.0
2023-07-21,677.0,683.0,652.0,682.0,11417157.0,0.0
2023-07-24,679.0,690.0,673.0,675.0,7400747.0,0.0
2023-07-25,675.0,679.0,665.0,665.0,6931420.0,0.0
2023-07-26,665.0,670.0,654.0,655.0,6972659.0,0.0
2023-07-27,658.0,661.0,654.0,658.0,4674341.0,0.0
2023-07-28,660.0,666.0,655.0,658.0,4178929.0,0.0
2023-07-31,691.0,698.0,684.0,690.0,16722852.0,0.0
2023-08-01,700.0,715.0,695.0,713.0,13914572.0,0.0
2023-08-02,712.0,720.0,704.0,709.0,8947248.0,0.0
2023-08-04,710.0,711.0,699.0,706.0,6732210.0,0.0
2023-08-07,709.0,712.0,703.0,706.0,3488590.0,0.0
2023-08-08,705.0,705.0,690.0,690.0,5604493.0,0.0
2023-08-09,689.0,702.0,686.0,701.0,3176525.0,0.0
2023-08-10,702.0,703.0,688.0,693.0,4319324.0,0.0
2023-08-11,688.0,689.0,675.0,679.0,4857156.0,0.0
2023-08-14,672.0,673.0,666.0,672.0,3498430.0,0.0
2023-08-15,682.0,684.0,676.0,678.0,2734494.0,0.0
2023-08-16,698.0,698.0,683.0,689.0,5944886.0,0.0
2023-08-17,680.0,681.0,673.0,674.0,4594977.0,0.0
2023-08-18,670.0,679.0,669.0,674.0,3179069.0,0.0
2023-08-21,678.0,679.0,667.0,669.0,2683227.0,0.0
2023-08-22,675.0,682.0,668.0,672.0,3686021.0,0.0
2023-08-23,672.0,676.0,670.0,671.0,2048921.0,0.0
2023-08-24,682.0,692.0,680.0,691.0,5599510.0,0.0
2023-08-25,692.0,695.0,687.0,694.0,5624927.0,0.0
2023-08-28,700.0,709.0,698.0,701.0,5872295.0,0.0
2023-08-29,714.0,716.0,702.0,710.0,5186169.0,0.0
2023-08-30,714.0,715.0,702.0,709.0,4253988.0,0.0
2023-08-31,705.0,714.0,704.0,705.0,5761753.0,0.0
2023-09-01,707.0,712.0,701.0,710.0,2955148.0,0.0
2023-09-04,713.0,713.0,705.0,711.0,2380158.0,0.0
2023-09-05,712.0,718.0,711.0,718.0,4791289.0,0.0
2023-09-06,721.0,722.0,712.0,712.0,3074614.0,0.0
2023-09-07,709.0,718.0,708.0,717.0,3205892.0,0.0
2023-09-08,705.0,710.0,701.0,709.0,4421983.0,0.0
2023-09-11,715.0,715.0,708.0,714.0,2101421.0,0.0
2023-09-12,710.0,729.0,709.0,728.0,6513877.0,0.0
2023-09-13,739.0,744.0,729.0,732.0,9197173.0,0.0
2023-09-14,735.0,735.0,725.0,733.0,5527046.0,0.0
2023-09-15,741.0,763.0,737.0,763.0,16255632.0,0.0
2023-09-18,751.0,792.0,750.0,782.0,11994826.0,0.0
2023-09-19,782.0,782.0,764.0,773.0,6244891.0,0.0
2023-09-20,765.0,766.0,751.0,759.0,5042205.0,0.0
2023-09-21,752.0,762.0,744.0,746.0,5034920.0,0.0
2023-09-22,735.0,748.0,728.0,746.0,7559485.0,0.0
2023-09-25,741.0,762.0,741.0,755.0,4563725.0,0.0
2023-09-26,748.0,755.0,736.0,737.0,3845914.0,0.0
2023-09-27,728.0,737.0,728.0,737.0,3824756.0,0.0
2023-09-28,739.0,741.0,730.0,735.0,3769234.0,0.0
2023-10-02,747.0,748.0,740.0,745.0,3898779.0,0.0
2023-10-03,767.0,784.0,766.0,772.0,10288796.0,0.0
2023-10-04,771.0,783.0,764.0,780.0,7599174.0,0.0
2023-10-05,783.0,786.0,776.0,786.0,5604602.0,0.0
2023-10-06,790.0,790.0,781.0,786.0,2927223.0,0.0
2023-10-11,790.0,816.0,790.0,814.0,12439451.0,0.0
2023-10-12,817.0,819.0,805.0,815.0,6769337.0,0.0
2023-10-13,820.0,842.0,818.0,842.0,9828945.0,0.0
2023-10-16,838.0,849.0,832.0,840.0,5765614.0,0.0
2023-10-17,845.0,854.0,820.0,825.0,8242227.0,0.0
2023-10-18,800.0,822.0,800.0,813.0,7594780.0,0.0
2023-10-19,811.0,838.0,811.0,830.0,7509749.0,0.0
2023-10-20,831.0,837.0,812.0,828.0,8501964.0,0.0
2023-10-23,825.0,829.0,816.0,821.0,5304563.0,0.0
2023-10-24,821.0,823.0,804.0,816.0,5036466.0,0.0
2023-10-25,818.0,832.0,816.0,822.0,6474280.0,0.0
2023-10-26,815.0,817.0,811.0,817.0,5446904.0,0.0
2023-10-27,824.0,824.0,800.0,801.0,6956960.0,0.0
2023-10-30,819.0,864.0,818.0,857.0,16172619.0,0.0
2023-10-31,860.0,861.0,834.0,842.0,10786996.0,0.0
2023-11-01,854.0,856.0,832.0,846.0,6856015.0,0.0
2023-11-02,863.0,877.0,855.0,868.0,9692237.0,0.0
2023-11-03,872.0,876.0,864.0,870.0,5567970.0,0.0
2023-11-06,879.0,890.0,873.0,882.0,7264020.0,0.0
2023-11-07,890.0,899.0,879.0,888.0,7077114.0,0.0
2023-11-08,898.0,916.0,895.0,914.0,9312449.0,0.0
2023-11-09,913.0,913.0,899.0,905.0,6788362.0,0.0
2023-11-10,900.0,904.0,884.0,884.0,7551994.0,0.0
2023-11-13,909.0,925.0,905.0,906.0,9498188.0,0.0
2023-11-14,916.0,917.0,902.0,905.0,4757053.0,0.0
2023-11-15,925.0,925.0,900.0,908.0,8426367.0,0.0
2023-11-16,914.0,914.0,891.0,893.0,7645459.0,0.0
2023-11-17,896.0,905.0,893.0,904.0,4816081.0,0.0
2023-11-20,920.0,924.0,904.0,912.0,6970538.0,0.0
2023-11-21,922.0,934.0,915.0,926.0,9543750.0,0.0
2023-11-22,928.0,942.0,925.0,942.0,6417661.0,0.0
2023-11-23,951.0,951.0,929.0,930.0,5187583.0,0.0
2023-11-24,935.0,950.0,932.0,945.0,4498302.0,0.0
2023-11-27,946.0,951.0,931.0,931.0,5615291.0,0.0
2023-11-28,929.0,942.0,925.0,942.0,5645888.0,0.0
2023-11-29,941.0,949.0,936.0,948.0,5118355.0,0.0
2023-11-30,949.0,953.0,939.0,945.0,7275320.0,0.0
2023-12-01,942.0,947.0,938.0,947.0,3387061.0,0.0
2023-12-04,945.0,946.0,930.0,933.0,5071102.0,0.0
2023-12-05,925.0,933.0,921.0,929.0,5175120.0,0.0
2023-12-06,925.0,933.0,925.0,927.0,3093275.0,0.0
2023-12-07,933.0,943.0,927.0,931.0,3018069.0,0.0
2023-12-08,941.0,946.0,937.0,943.0,4934438.0,0.0
2023-12-11,942.0,944.0,932.0,941.0,5648215.0,0.0
2023-12-12,950.0,950.0,935.0,939.0,4510280.0,0.0
2023-12-13,944.0,955.0,939.0,955.0,5889291.0,0.0
2023-12-14,961.0,969.0,953.0,966.0,6610988.0,0.0
2023-12-15,975.0,998.0,971.0,996.0,11839614.0,0.0
2023-12-18,995.0,997.0,981.0,989.0,4783607.0,0.0
2023-12-19,977.0,994.0,977.0,992.0,5008169.0,0.0
2023-12-20,993.0,995.0,983.0,983.0,6393160.0,0.0
2023-12-21,972.0,983.0,972.0,976.0,4418453.0,0.0
2023-12-22,980.0,990.0,979.0,990.0,3285155.0,0.0
2023-12-25,991.0,998.0,987.0,995.0,3304233.0,0.0
2023-12-26,999.0,1005.0,995.0,1000.0,3241620.0,0.0
2023-12-27,1010.0,1050.0,1010.0,1040.0,8561649.0,0.0
2023-12-28,1045.0,1055.0,1025.0,1025.0,5447955.0,0.0
2023-12-29,1025.0,1030.0,1010.0,1015.0,5039654.0,0.0
2024-01-02,1010.0,1015.0,980.0,981.0,10009034.0,0.0
2024-01-03,976.0,977.0,953.0,953.0,12547023.0,0.0
2024-01-04,940.0,947.0,922.0,928.0,8449251.0,24.6
2024-01-05,929.0,935.0,921.0,921.0,5524580.0,0.0
2024-01-08,930.0,936.0,918.0,920.0,5553064.0,0.0
2024-01-09,938.0,940.0,926.0,928.0,5782533.0,0.0
2024-01-10,935.0,935.0,922.0,924.0,4252336.0,0.0
2024-01-11,932.0,937.0,920.0,920.0,6787619.0,0.0
2024-01-12,920.0,929.0,916.0,926.0,4733940.0,0.0
2024-01-15,935.0,935.0,919.0,922.0,4242507.0,0.0
2024-01-16,915.0,917.0,895.0,895.0,10182511.0,0.0
2024-01-17,890.0,903.0,879.0,879.0,11463245.0,0.0
2024-01-18,884.0,897.0,884.0,897.0,6754372.0,0.0
2024-01-19,920.0,920.0,907.0,920.0,9037844.0,0.0
2024-01-22,928.0,943.0,920.0,922.0,9381596.0,0.0
2024-01-23,918.0,922.0,909.0,911.0,6015511.0,0.0
2024-01-24,916.0,936.0,915.0,936.0,7798880.0,0.0
2024-01-25,939.0,950.0,933.0,943.0,8962616.0,0.0
2024-01-26,936.0,939.0,928.0,936.0,5273128.0,0.0
2024-01-29,945.0,945.0,926.0,938.0,7026602.0,0.0
2024-01-30,938.0,973.0,938.0,963.0,9478077.0,0.0
2024-01-31,976.0,977.0,958.0,966.0,9080284.0,0.0
2024-02-01,951.0,951.0,922.0,930.0,16712977.0,0.0
2024-02-02,931.0,936.0,926.0,936.0,7360212.0,0.0
2024-02-05,929.0,940.0,928.0,937.0,5742677.0,0.0
2024-02-15,983.0,983.0,951.0,972.0,11678406.0,0.0
2024-02-16,976.0,977.0,963.0,970.0,4417821.0,0.0
2024-02-19,973.0,973.0,951.0,963.0,4193442.0,0.0
2024-02-20,960.0,985.0,960.0,982.0,7570527.0,0.0
2024-02-21,972.0,986.0,972.0,981.0,5334177.0,0.0
2024-02-22,988.0,1020.0,988.0,1015.0,10182733.0,0.0
2024-02-23,1035.0,1100.0,1010.0,1100.0,23431414.0,0.0
2024-02-26,1090.0,1120.0,1060.0,1115.0,12036894.0,0.0
2024-02-27,1125.0,1160.0,1105.0,1115.0,17137848.0,0.0
2024-02-29,1115.0,1145.0,1110.0,1140.0,9126357.0,0.0
2024-03-01,1165.0,1165.0,1095.0,1105.0,12066326.0,0.0
2024-03-04,1115.0,1155.0,1105.0,1150.0,12304302.0,0.0
2024-03-05,1150.0,1160.0,1130.0,1155.0,8416339.0,0.0
2024-03-06,1145.0,1200.0,1140.0,1190.0,9634661.0,0.0
2024-03-07,1220.0,1260.0,1215.0,1230.0,15008514.0,0.0
2024-03-08,1260.0,1275.0,1195.0,1230.0,16121484.0,0.0
2024-03-11,1235.0,1245.0,1205.0,1225.0,5703039.0,0.0
2024-03-12,1200.0,1225.0,1190.0,1215.0,5088394.0,0.0
2024-03-13,1245.0,1260.0,1210.0,1215.0,6917876.0,0.0
2024-03-14,1220.0,1230.0,1140.0,1150.0,12529434.0,0.0
2024-03-15,1135.0,1150.0,1120.0,1135.0,8516381.0,0.0
2024-03-18,1135.0,1180.0,1135.0,1170.0,5901035.0,0.0
2024-03-19,1150.0,1165.0,1135.0,1150.0,8740357.0,0.0
2024-03-20,1145.0,1175.0,1120.0,1130.0,6032629.0,0.0
2024-03-21,1160.0,1160.0,1125.0,1140.0,6391070.0,0.0
2024-03-22,1140.0,1145.0,1110.0,1125.0,5827756.0,0.0
2024-03-25,1120.0,1140.0,1115.0,1120.0,3241531.0,0.0
2024-03-26,1140.0,1170.0,1120.0,1130.0,6534083.0,0.0
2024-03-27,1135.0,1175.0,1125.0,1165.0,5980133.0,0.0
2024-03-28,1160.0,1180.0,1135.0,1160.0,6926740.0,0.0
2024-03-29,1160.0,1185.0,1160.0,1185.0,4051000.0,0.0
2024-04-01,1190.0,1200.0,1155.0,1160.0,5359025.0,0.0
2024-04-02,1170.0,1185.0,1160.0,1165.0,4164058.0,0.0
2024-04-03,1150.0,1175.0,1140.0,1160.0,4100953.0,0.0
2024-04-08,1175.0,1180.0,1145.0,1150.0,4066781.0,0.0
2024-04-09,1160.0,1175.0,1150.0,1160.0,3322521.0,0.0
2024-04-10,1170.0,1215.0,1165.0,1195.0,6393274.0,0.0
2024-04-11,1205.0,1230.0,1185.0,1200.0,6271331.0,0.0
2024-04-12,1190.0,1200.0,1165.0,1180.0,5214036.0,0.0
2024-04-15,1160.0,1160.0,1110.0,1110.0,9187015.0,0.0
2024-04-16,1065.0,1090.0,1055.0,1055.0,12016661.0,0.0
2024-04-17,1065.0,1075.0,1045.0,1050.0,7727084.0,0.0
2024-04-18,1045.0,1060.0,1020.0,1050.0,7168984.0,0.0
2024-04-19,1020.0,1030.0,970.0,993.0,15661098.0,0.0
2024-04-22,984.0,989.0,966.0,966.0,9091869.0,0.0
2024-04-23,989.0,989.0,970.0,972.0,5846136.0,0.0
2024-04-24,995.0,1020.0,994.0,1010.0,6229216.0,0.0
2024-04-25,996.0,1005.0,976.0,981.0,6053259.0,0.0
2024-04-26,991.0,1005.0,987.0,1005.0,5747819.0,0.0
2024-04-29,1055.0,1055.0,1005.0,1015.0,7963720.0,0.0
2024-04-30,1015.0,1030.0,992.0,992.0,5868406.0,0.0
2024-05-02,990.0,1020.0,982.0,1000.0,5401225.0,0.0
2024-05-03,1040.0,1050.0,1030.0,1040.0,6598170.0,0.0
2024-05-06,1060.0,1060.0,1035.0,1035.0,4516638.0,0.0
2024-05-07,1050.0,1055.0,1035.0,1045.0,3178782.0,0.0
2024-05-08,1080.0,1100.0,1060.0,1095.0,9985063.0,0.0
2024-05-09,1100.0,1125.0,1090.0,1095.0,7792270.0,0.0
2024-05-10,1105.0,1105.0,1080.0,1095.0,4456276.0,0.0
2024-05-13,1115.0,1120.0,1100.0,1115.0,4025166.0,0.0
2024-05-14,1115.0,1160.0,1110.0,1155.0,7534580.0,0.0
2024-05-15,1170.0,1175.0,1145.0,1155.0,5522444.0,0.0
2024-05-16,1180.0,1210.0,1175.0,1190.0,10020318.0,0.0
2024-05-17,1180.0,1185.0,1165.0,1165.0,6360397.0,0.0
2024-05-20,1165.0,1195.0,1165.0,1190.0,6031212.0,0.0
2024-05-21,1180.0,1190.0,1165.0,1175.0,3369008.0,0.0
2024-05-22,1190.0,1190.0,1160.0,1185.0,4429872.0,0.0
2024-05-23,1195.0,1210.0,1185.0,1205.0,6200782.0,0.0
2024-05-24,1190.0,1205.0,1190.0,1195.0,3253977.0,0.0
2024-05-27,1250.0,1310.0,1235.0,1285.0,14370057.0,0.0
2024-05-28,1300.0,1320.0,1285.0,1310.0,10026387.0,0.0
2024-05-29,1310.0,1315.0,1275.0,1290.0,7857214.0,0.0
2024-05-30,1255.0,1300.0,1250.0,1290.0,8407440.0,0.0
2024-05-31,1315.0,1315.0,1225.0,1235.0,14212589.0,0.0
2024-06-03,1265.0,1270.0,1240.0,1270.0,6293578.0,0.0
2024-06-04,1260.0,1270.0,1220.0,1240.0,6985162.0,0.0
2024-06-05,1240.0,1245.0,1220.0,1230.0,5828522.0,0.0
2024-06-06,1255.0,1300.0,1235.0,1290.0,9895619.0,0.0
2024-06-07,1290.0,1290.0,1270.0,1275.0,4931241.0,0.0
2024-06-11,1270.0,1280.0,1250.0,1270.0,5557895.0,0.0
2024-06-12,1270.0,1310.0,1265.0,1300.0,7741796.0,0.0
2024-06-13,1340.0,1400.0,1325.0,1385.0,13075007.0,0.0
2024-06-14,1395.0,1395.0,1365.0,1395.0,5947681.0,0.0
2024-06-17,1375.0,1390.0,1365.0,1380.0,4297102.0,0.0
2024-06-18,1375.0,1405.0,1375.0,1405.0,7677930.0,0.0
2024-06-19,1425.0,1485.0,1420.0,1485.0,11552021.0,0.0
2024-06-20,1485.0,1500.0,1460.0,1500.0,6213796.0,0.0
2024-06-21,1470.0,1495.0,1445.0,1490.0,10724486.0,0.0
2024-06-24,1455.0,1465.0,1405.0,1410.0,9093868.0,0.0
2024-06-25,1370.0,1400.0,1365.0,1385.0,9382535.0,0.0
2024-06-26,1395.0,1430.0,1395.0,1405.0,4993229.0,0.0
2024-06-27,1380.0,1410.0,1380.0,1395.0,4724876.0,0.0
2024-06-28,1400.0,1405.0,1375.0,1400.0,6843642.0,0.0
2024-07-01,1405.0,1440.0,1405.0,1415.0,5023006.0,0.0
2024-07-02,1410.0,1415.0,1390.0,1410.0,5090265.0,0.0
2024-07-03,1430.0,1430.0,1390.0,1405.0,6361645.0,0.0
2024-07-04,1380.0,1400.0,1375.0,1375.0,7642964.0,30.4053
2024-07-05,1380.0,1385.0,1335.0,1350.0,6406820.0,0.0
2024-07-08,1340.0,1420.0,1335.0,1420.0,7726110.0,0.0
2024-07-09,1450.0,1460.0,1415.0,1460.0,9654123.0,0.0
2024-07-10,1455.0,1460.0,1410.0,1435.0,5443505.0,0.0
2024-07-11,1435.0,1460.0,1415.0,1420.0,5250273.0,0.0
2024-07-12,1365.0,1385.0,1350.0,1360.0,6871306.0,0.0
2024-07-15,1370.0,1380.0,1350.0,1355.0,3536752.0,0.0
2024-07-16,1355.0,1365.0,1325.0,1345.0,5001135.0,0.0
2024-07-17,1335.0,1345.0,1305.0,1325.0,5978911.0,0.0
2024-07-18,1270.0,1290.0,1250.0,1280.0,9831726.0,0.0
2024-07-19,1260.0,1285.0,1260.0,1260.0,5871057.0,0.0
2024-07-22,1255.0,1260.0,1195.0,1225.0,7245311.0,0.0
2024-07-23,1255.0,1275.0,1240.0,1275.0,6430338.0,0.0
2024-07-26,1190.0,1255.0,1185.0,1245.0,10242503.0,0.0
2024-07-29,1265.0,1280.0,1230.0,1240.0,5100068.0,0.0
2024-07-30,1230.0,1255.0,1210.0,1255.0,4423237.0,0.0
2024-07-31,1230.0,1235.0,1200.0,1220.0,7379704.0,0.0
2024-08-01,1215.0,1235.0,1180.0,1180.0,12041919.0,0.0
2024-08-02,1130.0,1140.0,1090.0,1090.0,13774887.0,0.0
2024-08-05,995.0,1020.0,981.0,991.0,22181134.0,0.0
2024-08-06,1090.0,1090.0,1035.0,1075.0,16439278.0,0.0
2024-08-07,1090.0,1150.0,1080.0,1150.0,10529284.0,0.0
2024-08-08,1120.0,1140.0,1100.0,1115.0,8053732.0,0.0
2024-08-09,1150.0,1155.0,1120.0,1125.0,6961644.0,0.0
2024-08-12,1145.0,1175.0,1140.0,1175.0,4578908.0,0.0
2024-08-13,1180.0,1185.0,1150.0,1160.0,3784683.0,0.0
2024-08-14,1175.0,1190.0,1170.0,1185.0,4435983.0,0.0
2024-08-15,1170.0,1180.0,1155.0,1155.0,3064248.0,0.0
2024-08-16,1185.0,1240.0,1185.0,1230.0,6964050.0,0.0
2024-08-19,1240.0,1265.0,1230.0,1255.0,5847224.0,0.0
2024-08-20,1270.0,1270.0,1240.0,1250.0,4293705.0,0.0
2024-08-21,1220.0,1240.0,1210.0,1220.0,4500318.0,0.0
2024-08-22,1230.0,1240.0,1215.0,1230.0,3022975.0,0.0
2024-08-23,1205.0,1225.0,1190.0,1225.0,4222716.0,0.0
2024-08-26,1245.0,1245.0,1210.0,1215.0,3699292.0,0.0
2024-08-27,1200.0,1215.0,1190.0,1210.0,3877314.0,0.0
2024-08-28,1205.0,1220.0,1185.0,1200.0,4610835.0,0.0
2024-08-29,1175.0,1255.0,1175.0,1250.0,5404585.0,0.0
2024-08-30,1260.0,1260.0,1225.0,1240.0,5810148.0,0.0
2024-09-02,1240.0,1250.0,1215.0,1225.0,3182122.0,0.0
2024-09-03,1225.0,1225.0,1200.0,1220.0,3422128.0,0.0
2024-09-04,1135.0,1170.0,1130.0,1135.0,9683111.0,0.0
2024-09-05,1120.0,1130.0,1105.0,1110.0,9051905.0,0.0
2024-09-06,1110.0,1150.0,1105.0,1145.0,5102862.0,0.0
2024-09-09,1100.0,1115.0,1090.0,1105.0,7139369.0,0.0
2024-09-10,1115.0,1130.0,1100.0,1130.0,5579319.0,0.0
2024-09-11,1125.0,1135.0,1110.0,1110.0,4019795.0,0.0
2024-09-12,1150.0,1155.0,1135.0,1155.0,4341122.0,0.0
2024-09-13,1160.0,1165.0,1125.0,1125.0,3453407.0,0.0
2024-09-16,1120.0,1130.0,1100.0,1130.0,3682733.0,0.0
2024-09-18,1115.0,1120.0,1095.0,1105.0,7064375.0,0.0
2024-09-19,1105.0,1130.0,1080.0,1120.0,7749361.0,0.0
2024-09-20,1145.0,1155.0,1125.0,1125.0,8871960.0,0.0
2024-09-23,1125.0,1150.0,1120.0,1145.0,4490555.0,0.0
2024-09-24,1135.0,1195.0,1135.0,1195.0,6847737.0,0.0
2024-09-25,1220.0,1230.0,1205.0,1225.0,10887978.0,0.0
2024-09-26,1235.0,1280.0,1230.0,1270.0,9413246.0,0.0
2024-09-27,1280.0,1305.0,1250.0,1260.0,8955853.0,0.0
2024-09-30,1235.0,1235.0,1175.0,1175.0,8477410.0,0.0
2024-10-01,1195.0,1230.0,1190.0,1210.0,6000269.0,0.0
2024-10-04,1200.0,1240.0,1200.0,1230.0,6956378.0,0.0
2024-10-07,1250.0,1295.0,1230.0,1250.0,8959497.0,0.0
2024-10-08,1240.0,1250.0,1225.0,1225.0,4347108.0,0.0
2024-10-09,1260.0,1275.0,1240.0,1245.0,5544071.0,0.0
2024-10-11,1265.0,1310.0,1265.0,1300.0,9881759.0,0.0
2024-10-14,1310.0,1310.0,1285.0,1290.0,3998990.0,0.0
2024-10-15,1310.0,1310.0,1290.0,1300.0,5915032.0,0.0
2024-10-16,1260.0,1295.0,1260.0,1275.0,6461649.0,0.0
2024-10-17,1295.0,1295.0,1265.0,1275.0,4139436.0,0.0
2024-10-18,1300.0,1330.0,1295.0,1305.0,8327410.0,0.0
2024-10-21,1310.0,1345.0,1310.0,1330.0,6320618.0,0.0
2024-10-22,1310.0,1315.0,1295.0,1310.0,5200879.0,0.0
2024-10-23,1280.0,1325.0,1275.0,1300.0,5399321.0,0.0
2024-10-24,1300.0,1305.0,1270.0,1270.0,4473596.0,0.0
2024-10-25,1270.0,1325.0,1270.0,1315.0,6810511.0,0.0
2024-10-28,1330.0,1340.0,1315.0,1335.0,5375094.0,0.0
2024-10-29,1315.0,1315.0,1285.0,1300.0,5336390.0,0.0
2024-10-30,1290.0,1315.0,1285.0,1290.0,5429739.0,0.0
2024-11-01,1220.0,1300.0,1220.0,1290.0,7755216.0,0.0
2024-11-04,1285.0,1305.0,1280.0,1295.0,3429980.0,0.0
2024-11-05,1285.0,1300.0,1280.0,1290.0,3613551.0,0.0
2024-11-06,1290.0,1320.0,1290.0,1305.0,3781856.0,0.0
2024-11-07,1330.0,1330.0,1300.0,1305.0,4276840.0,0.0
2024-11-08,1310.0,1320.0,1280.0,1280.0,4130119.0,0.0
2024-11-11,1300.0,1310.0,1280.0,1295.0,2805531.0,0.0
2024-11-12,1280.0,1295.0,1265.0,1265.0,4165815.0,0.0
2024-11-13,1265.0,1275.0,1255.0,1255.0,4020882.0,0.0
2024-11-14,1260.0,1265.0,1230.0,1235.0,4261333.0,0.0
2024-11-15,1240.0,1275.0,1230.0,1270.0,4250152.0,0.0
2024-11-18,1260.0,1265.0,1230.0,1240.0,3884093.0,0.0
2024-11-19,1255.0,1290.0,1245.0,1285.0,4308916.0,0.0
2024-11-20,1275.0,1275.0,1275.0,1275.0,4926471.0,0.0
2024-11-21,1265.0,1270.0,1255.0,1265.0,2583520.0,0.0
2024-11-22,1280.0,1310.0,1270.0,1310.0,6124283.0,0.0
2024-11-25,1325.0,1330.0,1280.0,1280.0,7448148.0,0.0
2024-11-26,1280.0,1290.0,1270.0,1280.0,3208553.0,0.0
2024-11-27,1270.0,1285.0,1250.0,1250.0,2932917.0,0.0
2024-11-28,1260.0,1265.0,1240.0,1255.0,4205695.0,0.0
2024-11-29,1235.0,1270.0,1225.0,1255.0,4141261.0,0.0
2024-12-02,1275.0,1315.0,1270.0,1310.0,4380160.0,0.0
2024-12-03,1325.0,1330.0,1295.0,1315.0,5954597.0,0.0
2024-12-04,1315.0,1325.0,1305.0,1320.0,4729113.0,0.0
2024-12-05,1325.0,1335.0,1310.0,1325.0,5251677.0,0.0
2024-12-06,1325.0,1340.0,1300.0,1305.0,4223587.0,0.0
2024-12-09,1320.0,1325.0,1300.0,1325.0,4075270.0,0.0
2024-12-10,1315.0,1360.0,1310.0,1350.0,5824301.0,0.0
2024-12-11,1320.0,1355.0,1305.0,1350.0,6205868.0,0.0
2024-12-12,1370.0,1400.0,1370.0,1380.0,7666196.0,0.0
2024-12-13,1385.0,1410.0,1365.0,1410.0,6323798.0,0.0
2024-12-16,1435.0,1440.0,1385.0,1385.0,7194809.0,0.0
2024-12-17,1390.0,1445.0,1390.0,1425.0,8783456.0,0.0
2024-12-18,1430.0,1430.0,1405.0,1420.0,5995195.0,0.0
2024-12-19,1400.0,1430.0,1395.0,1420.0,6353336.0,0.0
2024-12-20,1420.0,1425.0,1390.0,1390.0,5544646.0,0.0
2024-12-23,1405.0,1425.0,1400.0,1410.0,4295456.0,0.0
2024-12-24,1430.0,1430.0,1405.0,1405.0,3196077.0,0.0
2024-12-25,1420.0,1430.0,1410.0,1410.0,2381315.0,0.0
2024-12-26,1420.0,1430.0,1415.0,1420.0,2351336.0,0.0
2024-12-27,1420.0,1440.0,1420.0,1430.0,2283253.0,0.0
2024-12-30,1430.0,1435.0,1420.0,1420.0,2765852.0,0.0
2024-12-31,1410.0,1425.0,1400.0,1415.0,3224086.0,0.0
2025-01-02,1395.0,1400.0,1335.0,1350.0,6820305.0,29.0
2025-01-03,1365.0,1370.0,1335.0,1365.0,5752498.0,0.0
2025-01-06,1390.0,1425.0,1390.0,1425.0,6907233.0,0.0
2025-01-07,1445.0,1500.0,1415.0,1490.0,12307998.0,0.0
2025-01-08,1500.0,1500.0,1460.0,1470.0,10805038.0,0.0
2025-01-09,1470.0,1480.0,1440.0,1440.0,7021298.0,0.0
2025-01-10,1460.0,1495.0,1445.0,1465.0,7157266.0,0.0
2025-01-13,1435.0,1460.0,1385.0,1390.0,9742772.0,0.0
2025-01-14,1385.0,1415.0,1380.0,1400.0,5279672.0,0.0
2025-01-15,1390.0,1445.0,1390.0,1420.0,6417175.0,0.0
2025-01-16,1450.0,1470.0,1430.0,1460.0,7314623.0,0.0
2025-01-17,1450.0,1455.0,1420.0,1430.0,5488719.0,0.0
2025-01-20,1425.0,1455.0,1425.0,1445.0,3956489.0,0.0
2025-01-21,1440.0,1475.0,1435.0,1465.0,4428280.0,0.0
2025-01-22,1480.0,1495.0,1465.0,1465.0,6502859.0,0.0
2025-02-03,1420.0,1525.0,1415.0,1500.0,18533177.0,0.0
2025-02-04,1510.0,1530.0,1480.0,1490.0,8166768.0,0.0
2025-02-05,1505.0,1530.0,1490.0,1525.0,9064753.0,0.0
2025-02-06,1530.0,1570.0,1520.0,1525.0,9371366.0,0.0
2025-02-07,1525.0,1530.0,1505.0,1525.0,6741142.0,0.0
2025-02-10,1505.0,1510.0,1475.0,1480.0,8922872.0,0.0
2025-02-11,1490.0,1530.0,1490.0,1510.0,8486272.0,0.0
2025-02-12,1530.0,1540.0,1480.0,1485.0,7865557.0,0.0
2025-02-13,1495.0,1520.0,1485.0,1520.0,4576098.0,0.0
2025-02-14,1515.0,1535.0,1505.0,1505.0,4726126.0,0.0
2025-02-17,1515.0,1545.0,1510.0,1545.0,7603778.0,0.0
2025-02-18,1550.0,1550.0,1520.0,1535.0,5362376.0,0.0
2025-02-19,1535.0,1545.0,1525.0,1540.0,4447177.0,0.0
2025-02-20,1545.0,1545.0,1500.0,1500.0,6855773.0,0.0
2025-02-21,1500.0,1525.0,1490.0,1510.0,5655119.0,0.0
2025-02-24,1500.0,1545.0,1495.0,1545.0,6371982.0,0.0
2025-02-25,1525.0,1560.0,1510.0,1550.0,7905273.0,0.0
2025-02-26,1555.0,1575.0,1525.0,1560.0,7032006.0,0.0
2025-02-27,1555.0,1575.0,1515.0,1515.0,10335277.0,0.0
2025-03-03,1490.0,1495.0,1465.0,1470.0,10588492.0,0.0
2025-03-04,1435.0,1510.0,1435.0,1505.0,7871467.0,0.0
2025-03-05,1505.0,1530.0,1490.0,1505.0,6356979.0,0.0
2025-03-06,1505.0,1510.0,1485.0,1495.0,3089136.0,0.0
2025-03-07,1475.0,1485.0,1450.0,1465.0,5464123.0,0.0
2025-03-10,1450.0,1460.0,1395.0,1395.0,9828231.0,0.0
2025-03-11,1320.0,1390.0,1320.0,1385.0,10078176.0,0.0
2025-03-12,1375.0,1425.0,1375.0,1410.0,7914116.0,0.0
2025-03-13,1430.0,1440.0,1390.0,1390.0,6948447.0,0.0
2025-03-14,1400.0,1430.0,1390.0,1400.0,7153832.0,0.0
2025-03-17,1415.0,1440.0,1415.0,1425.0,4878893.0,0.0
2025-03-18,1450.0,1500.0,1445.0,1475.0,10224305.0,0.0
2025-03-19,1500.0,1515.0,1460.0,1465.0,7855359.0,0.0
2025-03-20,1495.0,1500.0,1465.0,1485.0,6419295.0,0.0
2025-03-21,1495.0,1500.0,1475.0,1480.0,4597519.0,0.0
2025-03-24,1500.0,1505.0,1480.0,1480.0,3925730.0,0.0
2025-03-25,1505.0,1540.0,1505.0,1525.0,7987673.0,0.0
2025-03-26,1535.0,1540.0,1515.0,1515.0,3637846.0,0.0
2025-03-27,1500.0,1510.0,1480.0,1485.0,4779867.0,0.0
2025-03-28,1470.0,1495.0,1455.0,1465.0,4529681.0,0.0
2025-03-31,1420.0,1440.0,1390.0,1390.0,7884707.0,0.0
2025-04-01,1410.0,1460.0,1410.0,1460.0,6469737.0,0.0
2025-04-02,1460.0,1460.0,1435.0,1435.0,4501455.0,0.0
2025-04-07,1295.0,1295.0,1295.0,1295.0,1801849.0,0.0
2025-04-08,1255.0,1300.0,1225.0,1260.0,18444110.0,0.0
2025-04-09,1250.0,1255.0,1140.0,1185.0,19089246.0,0.0
2025-04-10,1300.0,1300.0,1300.0,1300.0,1930024.0,0.0
2025-04-11,1280.0,1395.0,1250.0,1385.0,16846917.0,0.0
2025-04-14,1410.0,1425.0,1385.0,1400.0,12574667.0,0.0
2025-04-15,1405.0,1415.0,1375.0,1385.0,6567345.0,0.0
2025-04-16,1370.0,1385.0,1365.0,1365.0,5403460.0,0.0
2025-04-17,1340.0,1350.0,1315.0,1340.0,6686132.0,0.0
2025-04-18,1350.0,1380.0,1345.0,1365.0,3455357.0,0.0
2025-04-21,1355.0,1355.0,1325.0,1345.0,3022376.0,0.0
2025-04-22,1330.0,1355.0,1300.0,1300.0,4954354.0,0.0
2025-04-23,1340.0,1375.0,1340.0,1370.0,6070924.0,0.0
2025-04-24,1375.0,1375.0,1325.0,1330.0,6035060.0,0.0
2025-04-25,1375.0,1390.0,1370.0,1380.0,6909233.0,0.0
2025-04-28,1385.0,1390.0,1350.0,1350.0,5231320.0,0.0
2025-04-29,1350.0,1370.0,1335.0,1370.0,5633730.0,0.0
2025-04-30,1370.0,1370.0,1350.0,1350.0,5374395.0,0.0
2025-05-02,1370.0,1370.0,1290.0,1300.0,16309878.0,0.0
2025-05-05,1310.0,1335.0,1290.0,1295.0,7202362.0,0.0
2025-05-06,1295.0,1300.0,1275.0,1280.0,6945409.0,0.0
2025-05-07,1285.0,1300.0,1265.0,1275.0,5876206.0,0.0
2025-05-08,1285.0,1305.0,1275.0,1290.0,5977244.0,0.0
2025-05-09,1295.0,1325.0,1280.0,1325.0,6464226.0,0.0
2025-05-12,1320.0,1325.0,1305.0,1315.0,5139679.0,0.0
2025-05-13,1350.0,1365.0,1345.0,1355.0,9166229.0,0.0
2025-05-14,1370.0,1375.0,1345.0,1360.0,6039143.0,0.0
2025-05-15,1365.0,1380.0,1350.0,1370.0,5523760.0,0.0
2025-05-16,1365.0,1375.0,1360.0,1365.0,3498707.0,0.0
2025-05-19,1345.0,1350.0,1310.0,1310.0,7045364.0,0.0
2025-05-20,1330.0,1350.0,1315.0,1315.0,5662042.0,0.0
2025-05-21,1325.0,1345.0,1320.0,1340.0,4399231.0,0.0
2025-05-22,1325.0,1340.0,1320.0,1325.0,3287944.0,0.0
2025-05-23,1335.0,1340.0,1310.0,1315.0,4277084.0,0.0
2025-05-26,1305.0,1305.0,1275.0,1280.0,7140240.0,0.0
2025-05-27,1280.0,1290.0,1270.0,1280.0,6424061.0,0.0
2025-05-28,1300.0,1305.0,1270.0,1280.0,7908648.0,0.0
2025-05-29,1285.0,1305.0,1260.0,1260.0,19212826.0,0.0
2025-06-02,1250.0,1270.0,1230.0,1260.0,10666133.0,0.0
2025-06-03,1270.0,1290.0,1265.0,1275.0,5610470.0,0.0
2025-06-04,1280.0,1290.0,1260.0,1275.0,10297345.0,0.0
2025-06-05,1260.0,1265.0,1235.0,1245.0,15362134.0,0.0
2025-06-06,1250.0,1280.0,1245.0,1280.0,10710374.0,0.0
2025-06-09,1290.0,1300.0,1275.0,1285.0,7952617.0,0.0
2025-06-10,1300.0,1335.0,1300.0,1335.0,11338136.0,0.0
2025-06-11,1340.0,1345.0,1305.0,1315.0,11700995.0,0.0
2025-06-12,1300.0,1305.0,1280.0,1285.0,10502334.0,0.0
2025-06-13,1255.0,1265.0,1250.0,1250.0,8841922.0,0.0
2025-06-16,1260.0,1270.0,1250.0,1255.0,4129774.0,0.0
2025-06-17,1260.0,1280.0,1260.0,1275.0,5360829.0,0.0
2025-06-18,1265.0,1290.0,1260.0,1285.0,5525157.0,0.0
2025-06-19,1280.0,1285.0,1265.0,1265.0,4766573.0,0.0
2025-06-20,1265.0,1275.0,1245.0,1250.0,5271667.0,0.0
2025-06-23,1230.0,1260.0,1225.0,1255.0,4404035.0,0.0
2025-06-24,1275.0,1285.0,1260.0,1270.0,4477491.0,0.0
2025-06-25,1280.0,1300.0,1280.0,1295.0,5945025.0,0.0
2025-06-26,1295.0,1300.0,1285.0,1290.0,5174101.0,0.0
2025-06-27,1285.0,1300.0,1280.0,1285.0,5856843.0,0.0
2025-06-30,1290.0,1300.0,1250.0,1250.0,7763199.0,0.0
2025-07-01,1265.0,1305.0,1265.0,1275.0,8523024.0,0.0
2025-07-02,1295.0,1300.0,1275.0,1295.0,6784867.0,0.0
2025-07-03,1300.0,1300.0,1270.0,1270.0,11618186.0,25.0002
2025-07-04,1290.0,1305.0,1285.0,1290.0,7096708.0,0.0
2025-07-07,1300.0,1300.0,1280.0,1280.0,4446172.0,0.0
2025-07-08,1280.0,1280.0,1265.0,1270.0,3529215.0,0.0
2025-07-09,1280.0,1360.0,1280.0,1355.0,13138793.0,0.0
2025-07-10,1375.0,1400.0,1360.0,1400.0,11433007.0,0.0
2025-07-11,1405.0,1420.0,1390.0,1420.0,9744661.0,0.0
2025-07-14,1410.0,1410.0,1385.0,1385.0,5631886.0,0.0
2025-07-15,1385.0,1405.0,1380.0,1395.0,4329964.0,0.0
2025-07-16,1395.0,1415.0,1395.0,1410.0,5897943.0,0.0
2025-07-17,1405.0,1420.0,1385.0,1390.0,5213698.0,0.0
2025-07-18,1405.0,1410.0,1400.0,1410.0,4870093.0,0.0
2025-07-21,1415.0,1445.0,1410.0,1425.0,5766633.0,0.0
2025-07-22,1440.0,1455.0,1425.0,1430.0,7721986.0,0.0
2025-07-23,1455.0,1455.0,1425.0,1430.0,4835003.0,0.0
2025-07-24,1445.0,1450.0,1420.0,1430.0,4937526.0,0.0
2025-07-25,1430.0,1445.0,1415.0,1430.0,5748883.0,0.0
2025-07-28,1435.0,1440.0,1385.0,1400.0,6885421.0,0.0
2025-07-29,1390.0,1395.0,1350.0,1360.0,9487581.0,0.0
2025-07-30,1365.0,1385.0,1360.0,1380.0,5594339.0,0.0
2025-07-31,1360.0,1385.0,1340.0,1370.0,8942761.0,0.0
2025-08-04,1340.0,1350.0,1330.0,1330.0,4830756.0,0.0
2025-08-05,1350.0,1355.0,1340.0,1340.0,3718187.0,0.0
2025-08-06,1340.0,1350.0,1320.0,1320.0,5412343.0,0.0
2025-08-07,1345.0,1365.0,1345.0,1355.0,5024691.0,0.0
2025-08-08,1355.0,1360.0,1335.0,1350.0,5016534.0,0.0
2025-08-11,1350.0,1370.0,1340.0,1355.0,3478971.0,0.0
2025-08-12,1360.0,1370.0,1350.0,1360.0,3238403.0,0.0
2025-08-13,1370.0,1385.0,1360.0,1370.0,7678115.0,0.0
2025-08-14,1370.0,1395.0,1365.0,1390.0,4387884.0,0.0
2025-08-15,1395.0,1400.0,1370.0,1370.0,4043678.0,0.0
2025-08-18,1375.0,1410.0,1375.0,1410.0,5827468.0,0.0
2025-08-19,1415.0,1430.0,1390.0,1390.0,6127596.0,0.0
2025-08-20,1380.0,1390.0,1350.0,1355.0,6525541.0,0.0
2025-08-21,1350.0,1375.0,1345.0,1365.0,4264972.0,0.0
2025-08-22,1365.0,1375.0,1355.0,1365.0,2686120.0,0.0
2025-08-25,1385.0,1410.0,1380.0,1410.0,4859204.0,0.0
2025-08-26,1405.0,1410.0,1380.0,1400.0,5024316.0,0.0
2025-08-27,1405.0,1410.0,1395.0,1400.0,3355567.0,0.0
2025-08-28,1395.0,1405.0,1385.0,1385.0,3766722.0,0.0
2025-08-29,1390.0,1405.0,1370.0,1370.0,3723539.0,0.0
2025-09-01,1370.0,1380.0,1350.0,1360.0,3659694.0,0.0
2025-09-02,1360.0,1380.0,1360.0,1360.0,3283160.0,0.0
2025-09-03,1380.0,1400.0,1370.0,1395.0,4604408.0,0.0
2025-09-04,1405.0,1405.0,1380.0,1385.0,3400107.0,0.0
2025-09-05,1400.0,1435.0,1395.0,1435.0,8668643.0,0.0
2025-09-08,1450.0,1460.0,1425.0,1430.0,6384542.0,0.0
2025-09-09,1445.0,1515.0,1435.0,1510.0,10954327.0,0.0
2025-09-10,1520.0,1520.0,1485.0,1490.0,6557814.0,0.0
2025-09-11,1505.0,1510.0,1480.0,1480.0,4509127.0,0.0
2025-09-12,1495.0,1500.0,1470.0,1485.0,4172705.0,0.0
2025-09-15,1490.0,1495.0,1480.0,1485.0,2733745.0,0.0
2025-09-16,1500.0,1545.0,1495.0,1535.0,8152357.0,0.0
2025-09-17,1545.0,1545.0,1510.0,1510.0,4695051.0,0.0
2025-09-18,1525.0,1530.0,1495.0,1510.0,3539535.0,0.0
2025-09-19,1500.0,1505.0,1440.0,1440.0,13241946.0,0.0
2025-09-22,1425.0,1430.0,1400.0,1405.0,8578839.0,0.0
2025-09-23,1390.0,1405.0,1375.0,1375.0,10776401.0,0.0
2025-09-24,1345.0,1355.0,1330.0,1330.0,11129639.0,0.0
2025-09-25,1330.0,1365.0,1330.0,1345.0,7547381.0,0.0
2025-09-26,1345.0,1350.0,1310.0,1310.0,6728741.0,0.0
2025-09-30,1310.0,1325.0,1290.0,1315.0,7200191.0,0.0
2025-10-01,1305.0,1305.0,1285.0,1285.0,6432244.0,0.0
2025-10-02,1290.0,1300.0,1280.0,1280.0,8209274.0,0.0
2025-10-03,1285.0,1325.0,1285.0,1320.0,6383512.0,0.0
2025-10-07,1325.0,1335.0,1305.0,1325.0,7016903.0,0.0
2025-10-08,1330.0,1350.0,1325.0,1335.0,5034301.0,0.0
2025-10-09,1350.0,1370.0,1335.0,1345.0,4738227.0,0.0
2025-10-13,1330.0,1330.0,1300.0,1315.0,7286313.0,0.0
2025-10-14,1330.0,1340.0,1300.0,1305.0,5520842.0,0.0
2025-10-15,1325.0,1330.0,1300.0,1315.0,4146372.0,0.0
2025-10-16,1320.0,1340.0,1320.0,1330.0,3748755.0,0.0
2025-10-17,1340.0,1360.0,1325.0,1330.0,6827509.0,0.0
2025-10-20,1335.0,1345.0,1325.0,1340.0,3287582.0,0.0
2025-10-21,1350.0,1355.0,1335.0,1340.0,3905400.0,0.0
2025-10-22,1335.0,1345.0,1325.0,1330.0,3704329.0,0.0
2025-10-23,1325.0,1330.0,1290.0,1295.0,7752802.0,0.0
2025-10-27,1320.0,1340.0,1310.0,1335.0,5678203.0,0.0
2025-10-28,1330.0,1335.0,1310.0,1315.0,4800134.0,0.0
2025-10-29,1305.0,1330.0,1300.0,1300.0,7886343.0,0.0
2025-10-30,1305.0,1325.0,1300.0,1310.0,5190139.0,0.0
2025-10-31,1300.0,1325.0,1290.0,1310.0,7057671.0,0.0
2025-11-03,1310.0,1325.0,1280.0,1300.0,10235098.0,0.0
2025-11-04,1290.0,1315.0,1285.0,1315.0,6324011.0,0.0
2025-11-05,1295.0,1330.0,1285.0,1330.0,6722398.0,0.0
2025-11-06,1320.0,1330.0,1290.0,1290.0,7307681.0,0.0
2025-11-07,1285.0,1295.0,1260.0,1260.0,7288497.0,0.0
2025-11-10,1250.0,1260.0,1250.0,1250.0,5195821.0,0.0
2025-11-11,1250.0,1270.0,1240.0,1240.0,5414867.0,0.0
2025-11-12,1240.0,1260.0,1240.0,1245.0,4199743.0,0.0
2025-11-13,1240.0,1255.0,1235.0,1245.0,2865882.0,0.0
2025-11-14,1230.0,1255.0,1225.0,1230.0,4154705.0,0.0
2025-11-17,1230.0,1250.0,1225.0,1230.0,4804227.0,0.0
2025-11-18,1220.0,1220.0,1170.0,1170.0,9021735.0,0.0
2025-11-19,1150.0,1195.0,1150.0,1160.0,6293318.0,0.0
2025-11-20,1180.0,1205.0,1170.0,1185.0,7131739.0,0.0
2025-11-21,1130.0,1155.0,1130.0,1145.0,7293277.0,0.0
2025-11-24,1155.0,1170.0,1145.0,1150.0,9436199.0,0.0
2025-11-25,1175.0,1205.0,1175.0,1185.0,6872636.0,0.0
2025-11-26,1220.0,1300.0,1215.0,1300.0,11771497.0,0.0
2025-11-27,1360.0,1370.0,1325.0,1340.0,19171766.0,0.0
2025-11-28,1375.0,1410.0,1365.0,1395.0,17773470.0,0.0
2025-12-01,1420.0,1450.0,1400.0,1445.0,19274425.0,0.0
2025-12-02,1445.0,1460.0,1410.0,1415.0,11326485.0,0.0
2025-12-03,1405.0,1435.0,1400.0,1400.0,9738032.0,0.0
2025-12-04,1405.0,1415.0,1385.0,1405.0,6241494.0,0.0
2025-12-05,1420.0,1445.0,1405.0,1425.0,7682537.0,0.0
2025-12-08,1430.0,1440.0,1405.0,1440.0,5746578.0,0.0
2025-12-09,1435.0,1440.0,1415.0,1420.0,4993367.0,0.0
2025-12-10,1435.0,1460.0,1425.0,1460.0,8224726.0,0.0
2025-12-11,1445.0,1450.0,1395.0,1395.0,8965596.0,0.0
2025-12-12,1390.0,1415.0,1380.0,1405.0,5029971.0,0.0
2025-12-15,1385.0,1450.0,1385.0,1420.0,9540796.0,0.0
2025-12-16,1420.0,1450.0,1415.0,1420.0,8922061.0,0.0
2025-12-17,1435.0,1455.0,1425.0,1425.0,8490679.0,0.0
2025-12-18,1425.0,1445.0,1415.0,1420.0,5247800.0,0.0
2025-12-19,1440.0,1445.0,1410.0,1410.0,8034656.0,0.0
2025-12-22,1430.0,1435.0,1390.0,1400.0,5675053.0,0.0
2025-12-23,1405.0,1405.0,1380.0,1390.0,5114619.0,0.0
2025-12-24,1395.0,1400.0,1380.0,1380.0,3022674.0,0.0
2025-12-26,1390.0,1395.0,1380.0,1385.0,3000352.0,0.0
2025-12-29,1390.0,1425.0,1380.0,1420.0,6343754.0,0.0
2025-12-30,1405.0,1430.0,1400.0,1420.0,4276067.0,0.0
2025-12-31,1420.0,1450.0,1415.0,1430.0,6354048.0,0.0
2026-01-02,1450.0,1495.0,1440.0,1470.0,11449412.0,0.0
2026-01-05,1510.0,1530.0,1495.0,1525.0,13343442.0,0.0
2026-01-06,1505.0,1505.0,1480.0,1485.0,7914854.0,29.0
2026-01-07,1490.0,1505.0,1475.0,1490.0,7065696.0,0.0
2026-01-08,1495.0,1500.0,1435.0,1445.0,8133244.0,0.0
2026-01-09,1455.0,1460.0,1415.0,1420.0,7989973.0,0.0
2026-01-12,1445.0,1450.0,1425.0,1445.0,4084929.0,0.0
2026-01-13,1455.0,1485.0,1450.0,1485.0,9900355.0,0.0
2026-01-14,1485.0,1500.0,1480.0,1500.0,6058106.0,0.0
2026-01-15,1500.0,1500.0,1465.0,1490.0,7795923.0,0.0
2026-01-16,1500.0,1525.0,1490.0,1505.0,10170235.0,0.0
2026-01-19,1510.0,1510.0,1465.0,1485.0,5649790.0,0.0
2026-01-20,1480.0,1500.0,1470.0,1485.0,5623268.0,0.0
2026-01-21,1470.0,1495.0,1450.0,1465.0,8433519.0,0.0
2026-01-22,1495.0,1525.0,1465.0,1485.0,7732602.0,0.0
2026-01-23,1525.0,1630.0,1525.0,1630.0,21949189.0,0.0
2026-01-26,1740.0,1790.0,1720.0,1770.0,23813770.0,0.0
2026-01-27,1755.0,1820.0,1750.0,1775.0,11706065.0,0.0
2026-01-28,1755.0,1800.0,1740.0,1780.0,9806198.0,0.0
2026-01-29,1780.0,1815.0,1770.0,1780.0,9803415.0,0.0
2026-01-30,1770.0,1775.0,1735.0,1760.0,10669850.0,0.0
2026-02-02,1715.0,1740.0,1685.0,1705.0,8793337.0,0.0
2026-02-03,1740.0,1805.0,1720.0,1795.0,11037015.0,0.0
2026-02-04,1760.0,1810.0,1740.0,1800.0,11261034.0,0.0
2026-02-05,1750.0,1800.0,1740.0,1770.0,15699947.0,0.0
2026-02-06,1745.0,1755.0,1690.0,1710.0,10786108.0,0.0
2026-02-09,1760.0,1870.0,1760.0,1830.0,11613075.0,0.0
2026-02-10,1860.0,1865.0,1820.0,1845.0,10813438.0,0.0
2026-02-11,1795.0,1865.0,1795.0,1855.0,8232637.0,0.0
2026-02-23,1880.0,1880.0,1790.0,1795.0,15948909.0,0.0
2026-02-24,1810.0,1825.0,1795.0,1825.0,6740003.0,0.0
2026-02-25,1840.0,1870.0,1830.0,1870.0,7857623.0,0.0
2026-02-26,1895.0,1975.0,1850.0,1945.0,13692370.0,0.0
2026-03-02,1945.0,1945.0,1880.0,1900.0,8811661.0,0.0
2026-03-03,1900.0,1910.0,1815.0,1815.0,9621376.0,0.0
2026-03-04,1760.0,1780.0,1715.0,1720.0,11024269.0,0.0
2026-03-05,1760.0,1800.0,1750.0,1775.0,7826693.0,0.0
2026-03-06,1745.0,1790.0,1735.0,1765.0,4418206.0,0.0
2026-03-09,1620.0,1665.0,1610.0,1665.0,11475137.0,0.0
2026-03-10,1730.0,1730.0,1685.0,1705.0,5273491.0,0.0
2026-03-11,1760.0,1780.0,1720.0,1765.0,5783121.0,0.0
2026-03-12,1745.0,1815.0,1735.0,1785.0,6354849.0,0.0
2026-03-13,1730.0,1745.0,1720.0,1720.0,6467628.0,0.0
2026-03-16,1720.0,1740.0,1710.0,1710.0,4423319.0,0.0
2026-03-17,1730.0,1740.0,1715.0,1730.0,4260491.0,0.0
2026-03-18,1730.0,1745.0,1725.0,1730.0,6009078.0,0.0
2026-03-19,1700.0,1705.0,1665.0,1680.0,6764438.0,0.0
2026-03-20,1685.0,1715.0,1655.0,1700.0,7874444.0,0.0
2026-03-23,1630.0,1645.0,1600.0,1625.0,6372639.0,0.0
2026-03-24,1655.0,1665.0,1600.0,1620.0,5324085.0,0.0
2026-03-25,1665.0,1665.0,1620.0,1620.0,5839950.0,0.0
2026-03-26,1610.0,1640.0,1590.0,1590.0,7031916.0,0.0
2026-03-27,1560.0,1585.0,1545.0,1585.0,6833766.0,0.0
2026-03-30,1540.0,1555.0,1505.0,1510.0,7235491.0,0.0
2026-03-31,1525.0,1540.0,1490.0,1490.0,10218910.0,0.0
2026-04-01,1550.0,1550.0,1460.0,1465.0,10756280.0,0.0
2026-04-02,1500.0,1510.0,1445.0,1465.0,8691522.0,0.0
2026-04-07,1480.0,1480.0,1430.0,1470.0,6910617.0,0.0
2026-04-08,1520.0,1585.0,1505.0,1580.0,12976420.0,0.0
2026-04-09,1600.0,1600.0,1550.0,1575.0,8061675.0,0.0
2026-04-10,1600.0,1605.0,1570.0,1575.0,5381936.0,0.0
2026-04-13,1645.0,1665.0,1620.0,1620.0,8802674.0,0.0
2026-04-14,1645.0,1745.0,1640.0,1720.0,11909857.0,0.0
2026-04-15,1805.0,1845.0,1770.0,1790.0,20848384.0,0.0
2026-04-16,1850.0,1930.0,1810.0,1895.0,16504496.0,0.0
2026-04-17,1930.0,1955.0,1885.0,1925.0,15450213.0,0.0
2026-04-20,1960.0,1965.0,1895.0,1900.0,11027820.0,0.0
2026-04-21,1930.0,2090.0,1925.0,2090.0,17347421.0,0.0
2026-04-22,2120.0,2295.0,2110.0,2295.0,23044579.0,0.0
2026-04-23,2325.0,2335.0,2170.0,2215.0,28172336.0,0.0
2026-04-24,2340.0,2435.0,2330.0,2435.0,21684950.0,0.0
2026-04-27,2470.0,2575.0,2410.0,2435.0,23842383.0,0.0
2026-04-28,2490.0,2675.0,2485.0,2615.0,22923298.0,0.0
2026-04-29,2550.0,2595.0,2500.0,2575.0,11761568.0,0.0
2026-04-30,2665.0,2685.0,2565.0,2610.0,16785387.0,0.0
2026-05-04,2870.0,2870.0,2870.0,2870.0,3450749.0,0.0
2026-05-05,3155.0,3155.0,3155.0,3155.0,8515330.0,0.0
2026-05-06,3470.0,3470.0,3155.0,3430.0,36338977.0,0.0
2026-05-07,3430.0,3430.0,3295.0,3420.0,7619708.0,0.0
2026-05-08,3320.0,3670.0,3320.0,3630.0,8599780.0,0.0
2026-05-11,3575.0,3985.0,3565.0,3880.0,7943859.0,0.0
2026-05-12,3835.0,3910.0,3700.0,3700.0,9538278.0,0.0
2026-05-13,3625.0,3680.0,3400.0,3495.0,8651831.0,0.0
2026-05-14,3585.0,3590.0,3385.0,3405.0,6305692.0,0.0
2026-05-15,3425.0,3555.0,3200.0,3260.0,6680609.0,0.0
2026-05-18,3240.0,3550.0,3150.0,3400.0,6249186.0,0.0
2026-05-19,3475.0,3495.0,3100.0,3155.0,8398806.0,0.0
2026-05-20,3195.0,3350.0,3155.0,3230.0,8111772.0,0.0
2026-05-21,3415.0,3550.0,3405.0,3550.0,5636155.0,0.0
2026-05-22,3765.0,3880.0,3675.0,3860.0,19537258.0,0.0
2026-05-25,4245.0,4245.0,4245.0,4245.0,4181502.0,0.0
2026-05-26,4375.0,4440.0,4180.0,4265.0,18199859.0,0.0
2026-05-27,4475.0,4690.0,4450.0,4640.0,16927911.0,0.0
2026-05-28,4620.0,4685.0,4270.0,4410.0,14431497.0,0.0
2026-05-29,4460.0,4485.0,4235.0,4310.0,20620831.0,0.0
2026-06-01,4440.0,4710.0,4440.0,4555.0,17045894.0,0.0
2026-06-02,4970.0,4970.0,4380.0,4525.0,14145620.0,0.0
2026-06-03,4540.0,4650.0,4420.0,4545.0,9478437.0,0.0
2026-06-04,4600.0,4685.0,4430.0,4430.0,8958387.0,0.0
2026-06-05,4360.0,4430.0,4130.0,4300.0,10685775.0,0.0
2026-06-08,3935.0,4090.0,3935.0,4070.0,14355996.0,0.0
2026-06-09,4180.0,4475.0,4130.0,4475.0,14307617.0,0.0
2026-06-10,4315.0,4520.0,4120.0,4155.0,14357119.0,0.0
2026-06-11,4085.0,4150.0,3880.0,4085.0,15367556.0,0.0
2026-06-12,4410.0,4415.0,4165.0,4180.0,7806177.0,0.0
2026-06-15,4355.0,4545.0,4350.0,4470.0,10400900.0,0.0
2026-06-16,4550.0,4565.0,4415.0,4560.0,9691060.0,0.0
2026-06-17,4495.0,4535.0,4380.0,4460.0,8409268.0,0.0
2026-06-18,4535.0,4590.0,4375.0,4390.0,12120210.0,0.0
2026-06-22,4385.0,4565.0,4380.0,4465.0,10836913.0,0.0
2026-06-23,4720.0,4785.0,4515.0,4535.0,17083744.0,0.0
2026-06-24,4480.0,4515.0,4225.0,4285.0,14381860.0,0.0
2026-06-25,4400.0,4445.0,4215.0,4310.0,9704419.0,0.0
2026-06-26,4150.0,4185.0,3880.0,3880.0,20184014.0,0.0
2026-06-29,3870.0,4000.0,3825.0,3910.0,9868422.0,0.0
2026-06-30,4145.0,4300.0,4060.0,4245.0,13992183.0,0.0
2026-07-01,4315.0,4380.0,4225.0,4335.0,8491537.0,0.0
2026-07-02,4200.0,4380.0,4150.0,4345.0,6530007.0,0.0
2026-07-03,4160.0,4230.0,4120.0,4195.0,11145005.0,0.0
2026-07-06,4250.0,4325.0,4110.0,4125.0,6323968.0,0.0
2026-07-07,4200.0,4250.0,3955.0,4030.0,7887821.0,24.5002
2026-07-08,4000.0,4040.0,3955.0,3995.0,6014430.0,0.0
2026-07-09,3970.0,4050.0,3925.0,3925.0,5695649.0,0.0
2026-07-10,3925.0,3925.0,3925.0,3925.0,0.0,0.0
2026-07-13,4095.0,4095.0,3825.0,3825.0,6086965.0,0.0
2026-07-14,3830.0,3860.0,3515.0,3660.0,10809030.0,0.0
2026-07-15,3790.0,3790.0,3665.0,3740.0,6780265.0,0.0
2026-07-16,3735.0,3755.0,3620.0,3700.0,5480451.0,0.0
2026-07-17,3470.0,3570.0,3370.0,3370.0,9354981.0,0.0
2026-07-20,3355.0,3435.0,3240.0,3340.0,8603375.0,0.0
2026-07-21,3435.0,3670.0,3410.0,3670.0,7291531.0,0.0
2026-07-22,4000.0,4000.0,3830.0,3850.0,13032635.0,0.0
2026-07-23,3950.0,4050.0,3850.0,3875.0,7792039.0,0.0
2026-07-24,3805.0,4010.0,3750.0,3750.0,8402604.0,0.0
2026-07-27,3655.0,3710.0,3525.0,3680.0,8434819.0,0.0
2026-07-28,3425.0,3460.0,3315.0,3315.0,10269157.0,0.0
2026-07-29,3315.0,3335.0,2990.0,3150.0,14988381.0,0.0
2026-07-30,3145.0,3410.0,3060.0,3235.0,13498456.0,0.0
2026-07-31,3555.0,3555.0,3555.0,3555.0,2827677.0,0.0
2026-08-03,3910.0,3910.0,3780.0,3910.0,6559473.0,0.0
2026-08-04,4095.0,4095.0,3800.0,3865.0,15985914.0,0.0
2026-08-05,4095.0,4125.0,3980.0,4000.0,11200917.0,0.0
2026-08-06,4100.0,4100.0,3905.0,3920.0,6750437.0,0.0
2026-08-07,3990.0,4010.0,3825.0,3900.0,6122456.0,0.0
2026-08-10,3920.0,3995.0,3915.0,3960.0,5520852.0,0.0
2026-08-11,3900.0,4050.0,3810.0,4020.0,7059155.0,0.0
2026-08-12,3950.0,4030.0,3950.0,4015.0,5518694.0,0.0
2026-08-13,4130.0,4295.0,4115.0,4225.0,10528897.0,0.0
2026-08-14,4400.0,4400.0,4205.0,4210.0,9711256.0,0.0
2026-08-17,4205.0,4225.0,4025.0,4050.0,9834763.0,0.0
2026-08-18,4020.0,4050.0,3885.0,3885.0,8388357.0,0.0
2026-08-19,3750.0,3910.0,3750.0,3845.0,6190962.0,0.0
2026-08-20,3820.0,3870.0,3675.0,3700.0,11172306.0,0.0
2026-08-21,3725.0,3810.0,3695.0,3790.0,5657747.0,0.0
2026-08-24,3820.0,3825.0,3745.0,3765.0,3012343.0,0.0
2026-08-25,3725.0,3735.0,3655.0,3735.0,4627253.0,0.0
2026-08-26,3730.0,3965.0,3710.0,3945.0,7501023.0,0.0
2026-08-27,4005.0,4005.0,3865.0,3865.0,5075512.0,0.0
2026-08-28,3935.0,4000.0,3925.0,3985.0,4191553.0,0.0
2026-08-31,3885.0,3945.0,3820.0,3925.0,6705834.0,0.0
2026-09-01,4315.0,4315.0,4315.0,4315.0,2565821.0,0.0
2026-09-02,4450.0,4565.0,4230.0,4275.0,21619969.0,0.0
2026-09-03,4400.0,4420.0,4290.0,4340.0,8318790.0,0.0
2026-09-04,4435.0,4490.0,4340.0,4415.0,8321196.0,0.0
2026-09-07,4500.0,4855.0,4485.0,4760.0,14602382.0,0.0
2026-09-08,4800.0,4830.0,4685.0,4710.0,5860895.0,0.0
2026-09-09,4780.0,4780.0,4625.0,4625.0,4731174.0,0.0
2026-09-10,4560.0,4730.0,4520.0,4720.0,6090137.0,0.0
2026-09-11,4635.0,4655.0,4535.0,4585.0,6841032.0,0.0
2026-09-14,4475.0,4650.0,4435.0,4560.0,5643359.0,0.0
2026-09-15,4505.0,4575.0,4430.0,4430.0,5699080.0,0.0
2026-09-16,4435.0,4625.0,4435.0,4530.0,5895568.0,0.0
2026-09-17,4565.0,4700.0,4500.0,4500.0,5950806.0,0.0
2026-09-18,4600.0,4735.0,4545.0,4710.0,9019674.0,0.0
2026-09-21,4800.0,5035.0,4780.0,5010.0,9541537.0,0.0
2026-09-22,5280.0,5480.0,5150.0,5180.0,10551036.0,0.0
2026-09-23,5220.0,5265.0,5140.0,5185.0,5917267.0,0.0
2026-09-24,5105.0,5360.0,5105.0,5285.0,7157018.0,0.0
2026-09-29,5150.0,5195.0,4890.0,4910.0,11051455.0,0.0
2026-09-30,5010.0,5100.0,4920.0,4920.0,7582617.0,0.0
2026-10-01,4875.0,4980.0,4875.0,4980.0,3873437.0,0.0
2026-10-02,4950.0,4970.0,4880.0,4950.0,3845306.0,0.0
2026-10-05,4980.0,5165.0,4980.0,5165.0,6769561.0,0.0
2026-10-06,5080.0,5085.0,4915.0,4920.0,8284182.0,0.0
2026-10-07,4920.0,4940.0,4835.0,4835.0,5659059.0,0.0
