date,open,high,low,close,volume,dividend
2015-01-05,45.819,45.819,45.2799,45.4759,15806791.0,0.0
2015-01-06,45.0349,45.0349,43.9078,44.0548,40153656.0,0.0
2015-01-07,44.0548,44.3979,43.9568,44.1038,16506730.0,0.0
2015-01-08,44.7899,44.9859,44.4469,44.6429,16206756.0,0.0
2015-01-09,45.1819,45.1819,44.7899,44.8389,10218500.0,0.0
2015-01-12,44.7899,44.7899,44.3489,44.3489,11303100.0,0.0
2015-01-13,44.1528,44.9369,44.1528,44.8879,21897078.0,0.0
2015-01-14,44.8879,44.8879,44.3489,44.3489,14106938.0,0.0
2015-01-15,44.3489,44.5939,44.1038,44.1038,12265261.0,0.0
2015-01-16,44.0548,44.3979,43.3198,43.4668,28819947.0,0.0
2015-01-19,43.9078,44.0548,43.3198,43.6138,19755427.0,0.0
2015-01-20,43.8098,44.1038,43.6138,44.1038,13989601.0,0.0
2015-01-21,44.2998,44.4959,44.1038,44.4959,13345780.0,0.0
2015-01-22,44.6919,45.2799,44.5939,45.1329,33806248.0,0.0
2015-01-23,45.721,45.868,45.2309,45.4759,30899358.0,0.0
2015-01-26,45.574,45.574,45.0839,45.2799,12654003.0,0.0
2015-01-27,45.574,45.623,45.1329,45.525,12102010.0,0.0
2015-01-28,45.1329,45.1819,44.8389,44.8879,18533084.0,0.0
2015-01-29,44.6919,44.8389,44.5939,44.5939,15954737.0,0.0
2015-01-30,44.9859,45.0839,44.5939,44.5939,11073528.0,0.0
2015-02-02,44.5939,45.0349,44.5939,44.8879,7024900.0,0.0
2015-02-03,45.0839,45.1819,44.8879,44.9859,11728573.0,0.0
2015-02-04,45.1819,45.77,45.0839,45.4759,30137179.0,0.0
2015-02-05,45.4759,45.623,45.3779,45.574,13309048.0,0.0
2015-02-06,45.672,45.721,45.3289,45.3289,9665487.0,0.0
2015-02-09,45.4759,45.525,44.8879,45.3289,12789705.0,0.0
2015-02-10,45.623,46.505,45.525,46.064,44805293.0,0.0
2015-02-11,46.358,46.505,46.113,46.407,25002931.0,0.0
2015-02-12,46.554,46.7011,46.358,46.6521,19183028.0,0.0
2015-02-13,46.7011,46.7501,46.407,46.456,16305727.0,0.0
2015-02-24,46.9461,47.1911,46.7011,47.0441,32699202.0,0.0
2015-02-25,47.1421,47.2401,46.8971,47.2401,20826763.0,0.0
2015-02-26,47.2401,47.2401,46.456,46.8481,25694708.0,0.0
2015-03-02,47.0441,47.1421,46.26,46.554,16906695.0,0.0
2015-03-03,46.554,46.6521,46.113,46.6521,20417615.0,0.0
2015-03-04,46.554,46.7011,46.309,46.505,10215439.0,0.0
2015-03-05,46.554,46.6521,46.162,46.211,10154220.0,0.0
2015-03-06,46.26,46.6521,46.211,46.554,9718544.0,0.0
2015-03-09,46.309,46.7501,46.162,46.554,12631556.0,0.0
2015-03-10,46.7501,47.0441,46.456,46.8481,19525855.0,0.0
2015-03-11,46.456,47.7301,46.407,47.5341,37953847.0,0.0
2015-03-12,47.6321,48.0242,47.2401,47.7791,27094586.0,0.0
2015-03-13,47.9262,47.9752,47.0441,47.0441,17560720.0,0.0
2015-03-16,47.0441,47.3381,47.0441,47.1421,10317471.0,0.0
2015-03-17,47.5831,47.6811,47.0931,47.0931,12566256.0,0.0
2015-03-18,47.1421,47.6321,47.1421,47.2401,17195445.0,0.0
2015-03-19,47.3871,48.7102,47.3871,48.5632,42033085.0,0.0
2015-03-20,48.5632,49.0043,48.1222,48.5142,37053926.0,0.0
2015-03-23,48.8572,49.5923,48.4162,49.2003,33106309.0,0.0
2015-03-24,49.2003,49.3963,48.3672,48.5142,22116447.0,0.0
2015-03-25,48.5142,48.5632,47.8282,48.0732,17361758.0,0.0
2015-03-26,47.5341,49.0043,47.4851,49.0043,21086944.0,0.0
2015-03-27,49.0043,49.0043,48.2692,48.2692,16959752.0,0.0
2015-03-30,48.7102,48.8082,48.5142,48.5142,10705193.0,0.0
2015-03-31,48.9552,49.0043,48.6122,49.0043,19859500.0,0.0
2015-04-01,48.8082,48.8082,48.2692,48.2692,12239753.0,0.0
2015-04-02,48.5632,49.2003,48.5632,48.6122,14824223.0,0.0
2015-04-07,49.0043,49.0043,48.6122,48.6122,11639805.0,0.0
2015-04-08,48.6122,48.9552,48.5632,48.9552,8981873.0,0.0
2015-04-09,48.9552,49.8863,48.8082,49.2003,23675495.0,0.0
2015-04-10,49.8863,49.9843,49.3963,49.5923,17349514.0,0.0
2015-04-13,49.7883,49.7883,49.3963,49.4943,13793700.0,0.0
2015-04-14,49.4943,49.9843,49.3963,49.5923,18027006.0,0.0
2015-04-15,49.6903,49.7883,48.9552,49.3963,22747004.0,0.0
2015-04-16,49.3963,49.7883,49.1023,49.7883,12818274.0,0.0
2015-04-17,49.7883,49.8863,49.3963,49.5923,11296978.0,0.0
2015-04-20,49.2003,49.5923,49.1023,49.2983,9069620.0,0.0
2015-04-21,49.3963,49.7883,49.3963,49.7883,15327240.0,0.0
2015-04-22,49.7883,50.3764,49.4943,50.3764,22014415.0,0.0
2015-04-23,50.6704,53.4146,50.5724,52.7286,111920895.0,0.0
2015-04-24,53.1206,53.4146,51.8465,52.6306,72374329.0,0.0
2015-04-27,53.1206,54.8848,53.1206,53.9047,89849342.0,0.0
2015-04-28,53.9047,55.3748,53.7087,54.3947,76063804.0,0.0
2015-04-29,54.8848,55.3748,53.5126,53.5126,61081431.0,0.0
2015-04-30,53.4146,53.9047,52.6306,52.6306,49217155.0,0.0
2015-05-04,53.1206,54.8848,52.9246,54.6887,52270972.0,0.0
2015-05-05,54.6887,55.3748,53.8067,54.5907,45440953.0,0.0
2015-05-06,54.0027,54.4927,53.2186,54.3947,33264459.0,0.0
2015-05-07,54.2967,54.2967,52.9246,53.2186,32012526.0,0.0
2015-05-08,53.9047,54.3947,53.4146,53.4146,32064563.0,0.0
2015-05-11,54.1987,54.5907,53.2186,53.4146,26126303.0,0.0
2015-05-12,52.9246,54.2967,52.9246,54.0027,20914510.0,0.0
2015-05-13,54.3947,54.3947,53.4146,54.1987,16612843.0,0.0
2015-05-14,54.1007,54.1007,52.3365,52.5326,35970346.0,0.0
2015-05-15,52.9246,53.4146,51.8465,53.3166,22525595.0,0.0
2015-05-18,53.4146,53.4146,52.4346,52.8266,12318318.0,0.0
2015-05-19,53.6107,54.3947,53.2186,54.1987,29215830.0,0.0
2015-05-20,54.4927,54.7868,53.8067,54.1987,20829824.0,0.0
2015-05-21,53.5126,53.5126,52.4346,52.4346,29748437.0,0.0
2015-05-22,52.4346,52.9246,52.4346,52.7286,11163316.0,0.0
2015-05-25,52.8266,53.3166,52.4346,53.3166,12486671.0,0.0
2015-05-26,53.9047,54.1987,53.6107,54.1987,18632055.0,0.0
2015-05-27,54.3947,54.6887,54.1007,54.3947,27162947.0,0.0
2015-05-28,54.7868,55.0808,54.3947,54.3947,33740948.0,0.0
2015-05-29,54.3947,54.7868,53.8067,53.8067,22870463.0,0.0
2015-06-01,53.8067,54.2967,53.1206,53.8067,11613277.0,0.0
2015-06-02,53.6107,53.8067,53.2186,53.3166,14697703.0,0.0
2015-06-03,53.9047,53.9047,52.9246,53.0226,11705106.0,0.0
2015-06-04,52.7286,53.2186,50.7684,51.2584,28799540.0,0.0
2015-06-05,50.9644,52.1405,50.8664,51.3565,19499327.0,0.0
2015-06-08,50.9644,51.8465,50.2784,51.4545,20162535.0,0.0
2015-06-09,50.9644,51.2584,50.5724,50.7684,13309048.0,0.0
2015-06-10,51.5525,52.1405,51.3565,51.6505,16286341.0,0.0
2015-06-11,51.7485,52.0425,51.4545,51.7485,18583080.0,0.0
2015-06-12,51.7485,52.4346,51.1604,52.2385,13852879.0,0.0
2015-06-15,52.2385,52.8266,51.9445,52.1405,14653829.0,0.0
2015-06-16,52.4346,52.4346,51.6505,52.0425,13427405.0,0.0
2015-06-17,52.1405,52.1405,51.4545,51.4545,23129624.0,0.0
2015-06-18,51.2584,51.6505,50.9644,51.0624,18678990.0,0.0
2015-06-22,51.0624,52.5326,51.0624,51.9445,17842328.0,0.0
2015-06-23,52.5326,53.6107,52.5326,53.3166,30987105.0,0.0
2015-06-24,53.3166,53.6107,52.9246,53.2186,16385312.0,0.0
2015-06-25,53.6107,53.9047,53.0226,53.3166,22041963.0,0.0
2015-06-26,53.8067,53.9047,53.4146,53.8067,26837466.0,0.0
2015-06-29,53.0226,53.2186,52.0425,52.1405,25927340.0,0.0
2015-06-30,51.7485,52.8266,51.7485,52.8266,40168961.0,0.0
2015-07-01,51.4545,51.8465,51.1604,51.4545,22046045.0,1.9602
2015-07-02,51.6505,51.7485,51.1604,51.1604,17757642.0,0.0
2015-07-03,51.1604,51.4545,50.6704,51.3565,17496440.0,0.0
2015-07-06,50.7684,51.2584,50.2784,50.4744,20733914.0,0.0
2015-07-07,50.9644,51.2584,50.7684,50.9644,8076849.0,0.0
2015-07-08,50.7684,50.9644,48.9552,49.0043,39700635.0,0.0
2015-07-09,48.9062,49.4943,47.2401,48.9552,29349492.0,0.0
2015-07-10,48.9552,48.9552,48.9552,48.9552,0.0,0.0
2015-07-13,50.3764,51.1604,49.9843,50.9644,29162774.0,0.0
2015-07-14,51.4545,52.0425,50.9644,50.9644,26411992.0,0.0
2015-07-15,51.8465,51.8465,51.1604,51.6505,18242293.0,0.0
2015-07-16,51.9445,52.1405,51.6505,51.9445,16396535.0,0.0
2015-07-17,52.3365,52.3365,51.3565,51.7485,15942493.0,0.0
2015-07-20,52.1405,52.2385,51.3565,51.5525,11774488.0,0.0
2015-07-21,51.7485,52.0425,51.3565,52.0425,10887830.0,0.0
2015-07-22,51.6505,51.9445,51.4545,51.5525,12192819.0,0.0
2015-07-23,51.4545,51.5525,50.4744,50.6704,23093913.0,0.0
2015-07-24,50.9644,51.1604,50.6704,50.9644,11887743.0,0.0
2015-07-27,50.8664,50.8664,49.2003,49.3963,23023511.0,0.0
2015-07-28,49.9843,50.0823,48.6122,48.6122,26182420.0,0.0
2015-07-29,48.8572,49.1023,48.2692,48.7102,20215591.0,0.0
2015-07-30,49.0043,50.3764,48.9552,49.4943,15127258.0,0.0
2015-07-31,49.1023,49.9843,49.0043,49.9843,16445511.0,0.0
2015-08-03,49.8863,49.8863,48.6122,49.2983,9995050.0,0.0
2015-08-04,49.3963,49.9843,49.2003,49.7883,13855939.0,0.0
2015-08-05,49.7883,50.1804,49.5923,49.5923,12783584.0,0.0
2015-08-06,50.0823,50.1804,48.7592,49.1023,12480549.0,0.0
2015-08-07,48.8572,49.6903,48.8572,49.0043,15388459.0,0.0
2015-08-10,48.9062,49.4943,48.8082,49.3963,10381751.0,0.0
2015-08-11,49.9843,50.0823,48.9552,49.1023,19924800.0,0.0
2015-08-12,48.0242,48.2202,44.5939,45.623,66064672.0,0.0
2015-08-13,45.623,46.6521,45.574,45.574,31300343.0,0.0
2015-08-14,45.77,46.505,45.77,46.064,14580366.0,0.0
2015-08-17,46.064,46.211,45.3289,45.672,20589028.0,0.0
2015-08-18,45.3779,45.672,43.8098,43.9078,33235890.0,0.0
2015-08-19,43.9078,43.9078,42.0947,42.7807,38979269.0,0.0
2015-08-20,42.7807,44.0548,42.4377,43.1237,34093978.0,0.0
2015-08-21,42.2417,42.5357,41.6536,41.6536,33980723.0,0.0
2015-08-24,40.8695,41.9476,37.8313,40.1835,68816474.0,0.0
2015-08-25,40.3795,42.8297,40.1835,42.3397,52257708.0,0.0
2015-08-26,42.1437,44.2998,41.3596,43.7118,59023447.0,0.0
2015-08-27,43.8098,43.9078,42.9767,43.7118,36934548.0,0.0
2015-08-28,44.2998,45.525,44.0058,45.0839,42567733.0,0.0
2015-08-31,44.6919,45.966,44.2998,45.966,34063369.0,0.0
2015-09-01,45.574,45.819,44.2998,44.2998,21435894.0,0.0
2015-09-02,43.6138,45.1329,43.1727,44.3489,26017129.0,0.0
2015-09-03,44.9369,44.9369,43.6138,44.3489,22744964.0,0.0
2015-09-04,44.0548,44.4959,43.8098,44.0548,17800495.0,0.0
2015-09-07,43.9078,44.5939,43.3688,43.8098,20685959.0,0.0
2015-09-08,43.8098,43.8588,42.9767,43.4178,19372807.0,0.0
2015-09-09,44.0548,44.7409,44.0058,44.3489,35528548.0,0.0
2015-09-10,44.1038,44.4469,43.8588,43.9568,21197139.0,0.0
2015-09-11,44.0058,44.2508,43.8588,44.2018,16483262.0,0.0
2015-09-14,44.4959,44.5939,43.6628,43.9078,17684179.0,0.0
2015-09-15,44.3489,44.6429,44.0548,44.1038,26695641.0,0.0
2015-09-16,44.5939,45.966,44.3489,45.525,40112844.0,0.0
2015-09-17,46.064,47.0441,46.064,47.0441,38137505.0,0.0
2015-09-18,46.6521,47.0931,46.064,46.6521,26322204.0,0.0
2015-09-21,45.868,45.917,45.1819,45.4269,24294829.0,0.0
2015-09-22,45.819,46.358,45.3779,46.113,12495853.0,0.0
2015-09-23,45.574,45.77,45.1329,45.525,20982872.0,0.0
2015-09-24,45.525,45.819,45.1819,45.1819,18182095.0,0.0
2015-09-25,44.8879,44.8879,43.8098,43.9568,29410712.0,0.0
2015-09-29,43.9568,43.9568,43.9568,43.9568,0.0,0.0
2015-09-30,43.1237,44.0548,42.5357,44.0548,50183398.0,0.0
2015-10-01,43.7608,44.8879,43.1727,44.3489,30248394.0,0.0
2015-10-02,44.3489,44.3979,43.7608,43.8098,20504342.0,0.0
2015-10-05,44.4959,44.7409,43.9078,44.7409,16465917.0,0.0
2015-10-06,45.0839,45.721,44.9859,44.9859,19566668.0,0.0
2015-10-07,44.9859,45.819,44.7409,45.819,18191277.0,0.0
2015-10-08,46.015,46.015,45.0839,45.2309,16651615.0,0.0
2015-10-12,45.574,45.819,45.0839,45.2799,20230896.0,0.0
2015-10-13,45.2799,45.525,44.9369,45.2799,25144755.0,0.0
2015-10-14,45.2799,45.2799,44.9859,44.9859,11106178.0,0.0
2015-10-15,45.2799,45.4269,44.9859,44.9859,16080236.0,0.0
2015-10-16,45.3779,45.672,44.9859,45.1819,24442775.0,0.0
2015-10-19,45.574,45.623,45.2799,45.574,19601359.0,0.0
2015-10-20,45.721,45.819,45.525,45.77,15574158.0,0.0
2015-10-21,45.77,45.819,45.574,45.574,14419156.0,0.0
2015-10-22,45.525,45.574,45.2309,45.3289,6156608.0,0.0
2015-10-23,45.917,46.26,45.721,46.064,17922933.0,0.0
2015-10-26,46.358,46.554,45.77,45.966,20580866.0,0.0
2015-10-27,46.309,46.309,45.623,45.819,15542528.0,0.0
2015-10-28,45.868,46.26,45.721,46.015,10016477.0,0.0
2015-10-29,46.015,46.015,45.1819,45.1819,12986627.0,0.0
2015-10-30,45.2309,45.917,44.8879,45.4759,21569556.0,0.0
2015-11-02,45.1819,45.77,45.0839,45.77,13371288.0,0.0
2015-11-03,45.819,46.554,45.77,46.505,26428317.0,0.0
2015-11-04,46.7501,47.1421,46.162,47.0931,36081561.0,0.0
2015-11-05,47.3871,48.5142,47.0441,48.5142,36450917.0,0.0
2015-11-06,48.4162,48.4162,47.0441,47.0931,24292789.0,0.0
2015-11-09,47.9262,47.9752,46.9951,47.1421,18267801.0,0.0
2015-11-10,46.554,46.554,45.721,45.819,19010594.0,0.0
2015-11-11,45.819,46.211,45.2799,45.4759,13624327.0,0.0
2015-11-12,45.525,45.672,44.5939,44.8879,18213724.0,0.0
2015-11-13,44.8879,45.868,44.8879,45.2799,18485129.0,0.0
2015-11-16,44.7409,46.064,44.4469,45.868,26309960.0,0.0
2015-11-17,46.064,46.456,45.77,45.868,16235325.0,0.0
2015-11-18,45.3779,45.917,44.8879,44.8879,14957885.0,0.0
2015-11-19,45.3779,46.064,44.8879,46.064,18904481.0,0.0
2015-11-20,45.917,45.917,45.2799,45.3779,9036970.0,0.0
2015-11-23,45.77,45.77,45.2309,45.3779,7096322.0,0.0
2015-11-24,45.3779,45.966,45.3289,45.574,8658431.0,0.0
2015-11-25,46.211,46.211,45.3289,45.574,8860455.0,0.0
2015-11-26,46.015,46.309,45.672,45.672,10597039.0,0.0
2015-11-27,45.672,46.064,45.525,45.574,7448332.0,0.0
2015-11-30,44.6919,45.0839,44.1038,44.7409,50685395.0,0.0
2015-12-01,44.9369,45.3779,44.6429,45.3779,22609261.0,0.0
2015-12-02,45.2799,45.77,45.2799,45.3289,10804164.0,0.0
2015-12-03,44.6919,45.4269,44.6429,44.8389,10442970.0,0.0
2015-12-04,44.4469,44.5449,44.1038,44.2018,19604420.0,0.0
2015-12-07,44.6919,45.1819,44.3979,44.3979,9990969.0,0.0
2015-12-08,44.2018,44.3489,43.1237,43.1237,24846822.0,0.0
2015-12-09,42.9277,42.9277,41.9966,41.9966,29621918.0,0.0
2015-12-10,41.3596,42.4867,40.7715,42.4377,34246006.0,0.0
2015-12-11,42.1437,42.2417,41.2126,41.4086,23527549.0,0.0
2015-12-14,40.9186,41.4086,40.2815,40.9186,12229550.0,0.0
2015-12-15,41.1636,41.5556,40.8695,41.1636,12823376.0,0.0
2015-12-16,41.9476,41.9476,41.1636,41.1636,13360064.0,0.0
2015-12-17,41.6046,42.6827,41.6046,42.6827,17643366.0,0.0
2015-12-18,41.9476,42.0947,41.5556,41.8986,18237192.0,0.0
2015-12-21,41.1636,42.2417,41.1636,42.2417,11879580.0,0.0
2015-12-22,42.3887,42.5357,42.1437,42.4867,7102444.0,0.0
2015-12-23,42.6337,43.1237,42.3887,42.5847,9132880.0,0.0
2015-12-24,43.0257,43.3198,42.7807,42.8297,5254645.0,0.0
2015-12-25,43.1237,43.1237,42.6337,42.9277,3323180.0,0.0
2015-12-28,43.0747,43.1727,42.8787,43.1237,6492293.0,0.0
2015-12-29,43.1237,43.1237,42.6827,42.7807,2852813.0,0.0
2015-12-30,43.0747,43.0747,41.8496,42.4377,11388807.0,0.0
2015-12-31,42.1437,45.3779,41.8006,45.3779,15795567.0,0.0
2016-01-04,43.3198,43.5648,41.1636,41.1636,31782955.0,0.0
2016-01-05,41.1636,41.5556,40.2325,40.2815,26941538.0,0.0
2016-01-06,40.6245,40.6735,39.4974,39.5464,26378322.0,0.0
2016-01-07,39.3504,39.7915,38.0273,38.8604,47814216.0,0.0
2016-01-08,38.8114,40.0855,38.6154,39.1544,28391412.0,0.0
2016-01-11,38.7134,38.7134,38.0763,38.2233,27088464.0,0.0
2016-01-12,38.7134,38.9094,37.7823,38.1253,28952588.0,0.0
2016-01-13,38.5663,38.6644,37.2922,37.6353,37889567.0,0.0
2016-01-14,37.1942,37.1942,36.0671,36.2631,43408476.0,0.0
2016-01-15,36.3122,36.6552,34.303,34.793,68550171.0,0.0
2016-01-18,33.6169,34.695,33.4209,34.303,83244813.0,0.0
2016-01-19,34.156,34.744,33.9599,34.597,33881752.0,0.0
2016-01-20,34.205,34.352,33.1759,33.2249,40479138.0,0.0
2016-01-21,33.6169,33.8129,32.9309,32.9309,36050951.0,0.0
2016-01-22,33.5189,33.6169,33.1269,33.4209,23329607.0,0.0
2016-01-25,33.8129,34.744,33.7149,34.548,33605245.0,0.0
2016-01-26,34.009,34.205,33.4209,33.4209,27180293.0,0.0
2016-01-27,33.6659,33.9109,33.1759,33.4209,22645993.0,0.0
2016-01-28,33.4699,33.8129,33.4209,33.4699,24548889.0,0.0
2016-01-29,33.6659,35.7241,33.6169,35.3811,59743792.0,0.0
2016-02-01,36.7532,36.7532,35.8221,36.2631,45591960.0,0.0
2016-02-02,36.0181,36.7042,35.8711,36.2631,33779720.0,0.0
2016-02-03,35.7731,35.7731,34.94,35.087,46400053.0,0.0
2016-02-15,33.3719,34.695,33.3229,34.303,37800799.0,0.0
2016-02-16,34.695,36.2141,34.646,35.9201,38370138.0,0.0
2016-02-17,36.2631,36.3122,35.2831,35.2831,22867402.0,0.0
2016-02-18,36.0671,36.3122,35.9201,36.1651,26646666.0,0.0
2016-02-19,35.7731,36.2631,35.6751,36.2631,15910863.0,0.0
2016-02-22,36.4592,36.7532,35.9201,36.1651,20590049.0,0.0
2016-02-23,36.4592,36.5572,36.1651,36.3612,13042745.0,0.0
2016-02-24,36.2141,36.4592,35.8711,35.8711,13718196.0,0.0
2016-02-25,36.0181,36.5572,35.9691,36.1651,18911623.0,0.0
2016-02-26,36.4102,36.7532,36.2141,36.5572,16986280.0,0.0
2016-03-01,35.6751,36.6552,35.6751,36.3122,19610542.0,0.0
2016-03-02,36.8512,37.4883,36.6552,37.4392,40598516.0,0.0
2016-03-03,37.4883,38.7134,37.4392,38.6644,44140045.0,0.0
2016-03-04,38.7134,39.0074,38.2233,38.5663,32369638.0,0.0
2016-03-07,39.0564,39.4974,38.6154,38.8114,28831170.0,0.0
2016-03-08,39.2034,39.2034,38.2723,38.8604,24466243.0,0.0
2016-03-09,38.5173,38.8114,38.1743,38.7134,17598472.0,0.0
2016-03-10,38.4683,39.1054,38.2723,38.4683,17984153.0,0.0
2016-03-11,38.5173,38.6154,37.9783,38.6154,22598038.0,0.0
2016-03-14,39.2034,39.3014,38.6644,38.7624,25531456.0,0.0
2016-03-15,38.9584,38.9584,37.8313,37.8313,23687739.0,0.0
2016-03-16,38.1743,38.4193,37.9783,38.2233,13630449.0,0.0
2016-03-17,38.5663,39.2034,38.2233,38.3703,32024770.0,0.0
2016-03-18,38.5663,38.7624,38.4683,38.6154,22014415.0,0.0
2016-03-21,38.7624,38.8604,38.0273,38.3213,24391760.0,0.0
2016-03-22,38.1253,38.1253,37.7333,37.9783,17250543.0,0.0
2016-03-23,38.1253,38.6154,37.7823,37.8803,22554164.0,0.0
2016-03-24,37.5373,37.5863,36.9002,37.1452,36265219.0,0.0
2016-03-25,37.3902,37.4392,36.9492,37.1452,12381578.0,0.0
2016-03-28,36.9982,37.2922,36.9492,37.1452,9109413.0,0.0
2016-03-29,37.1452,37.2922,36.5082,36.5572,18075981.0,0.0
2016-03-30,36.5572,37.2432,36.5572,37.1942,15625174.0,0.0
2016-03-31,37.3412,38.1253,37.2922,37.7823,38858871.0,0.0
2016-04-01,37.3412,37.5373,36.8512,36.9982,20024792.0,0.0
2016-04-06,36.3612,36.4592,35.9201,36.0671,34563325.0,0.0
2016-04-07,36.0181,36.0671,35.6751,35.6751,27274162.0,0.0
2016-04-08,35.3811,35.8221,35.3321,35.5771,17630102.0,0.0
2016-04-11,35.3321,35.3811,35.087,35.1851,22537839.0,0.0
2016-04-12,35.1361,35.5771,34.989,35.087,25624306.0,0.0
2016-04-13,35.2341,35.6261,35.1361,35.6261,27510876.0,0.0
2016-04-14,35.8711,36.3612,35.5771,35.5771,25707972.0,0.0
2016-04-15,35.8221,35.9201,35.4301,35.8711,22166442.0,0.0
2016-04-18,35.8221,35.9201,35.5771,35.9201,10301146.0,0.0
2016-04-19,35.9691,36.0671,35.3321,35.3321,25290661.0,0.0
2016-04-20,35.5771,35.7241,35.087,35.1361,25124349.0,0.0
2016-04-21,35.3811,35.4791,35.1361,35.4791,14809938.0,0.0
2016-04-22,35.4301,35.6751,35.1851,35.4301,14241620.0,0.0
2016-04-25,35.4301,35.6751,35.3811,35.5771,7232025.0,0.0
2016-04-26,35.6751,36.0181,35.5771,35.9201,12956018.0,0.0
2016-04-27,35.9201,36.0181,35.5771,35.8711,12514219.0,0.0
2016-04-28,35.9691,36.0181,35.1851,35.5281,20936957.0,0.0
2016-04-29,35.5281,35.7731,35.3811,35.5281,23451025.0,0.0
2016-05-03,35.7731,35.7731,35.2831,35.5281,12269343.0,0.0
2016-05-04,35.5771,35.7731,35.1361,35.1851,25548802.0,0.0
2016-05-05,35.1361,35.6261,35.087,35.1851,23003105.0,0.0
2016-05-06,35.1851,35.2831,34.695,34.989,28117967.0,0.0
2016-05-09,34.842,35.087,34.646,34.793,11932637.0,0.0
2016-05-10,34.548,34.891,34.401,34.597,18995289.0,0.0
2016-05-11,34.842,34.891,34.352,34.45,19710533.0,0.0
2016-05-12,34.45,34.695,34.303,34.303,11601033.0,0.0
2016-05-13,34.205,34.254,33.8619,33.9109,26961945.0,0.0
2016-05-16,33.8129,34.254,33.7149,33.9109,10495007.0,0.0
2016-05-17,33.9109,34.45,33.8129,34.156,19632989.0,0.0
2016-05-18,34.009,34.205,33.8619,34.107,18497373.0,0.0
2016-05-19,34.45,34.499,34.058,34.45,22319490.0,0.0
2016-05-20,34.401,34.646,34.156,34.401,12861128.0,0.0
2016-05-23,34.401,36.0181,34.303,35.9691,28223060.0,0.0
2016-05-24,35.9201,36.2631,35.6751,35.6751,19379950.0,0.0
2016-05-25,36.1161,36.6062,35.9691,36.4592,25500847.0,0.0
2016-05-26,36.5572,36.5572,36.1651,36.2631,15757815.0,0.0
2016-05-27,36.4102,36.8512,36.3612,36.8512,21254277.0,0.0
2016-05-30,37.0472,37.3902,36.9492,37.2922,23996896.0,0.0
2016-05-31,37.3902,37.3902,36.8022,36.9492,39546566.0,0.0
2016-06-01,36.9492,37.3902,36.7532,37.2432,16976077.0,0.0
2016-06-02,37.2432,37.6353,37.0962,37.2432,18695315.0,0.0
2016-06-03,37.2432,37.5373,37.0472,37.1942,14641586.0,0.0
2016-06-06,37.0472,37.3902,36.6552,36.8512,11781630.0,0.0
2016-06-07,37.0962,37.3412,36.9002,37.1942,19807464.0,0.0
2016-06-08,37.1942,37.4392,36.8022,36.9492,28293462.0,0.0
2016-06-13,36.8512,37.2432,36.5572,36.8512,21778721.0,0.0
2016-06-14,36.8512,37.2432,36.7532,37.0962,15207863.0,0.0
2016-06-15,37.1452,37.2922,36.8512,37.2432,15985346.0,0.0
2016-06-16,37.0472,37.1452,35.8711,36.0671,31833971.0,0.0
2016-06-17,36.4102,36.7532,36.1651,36.5572,22497026.0,0.0
2016-06-20,36.7532,36.9002,36.6062,36.8512,16605701.0,0.0
2016-06-21,36.9002,37.1942,36.8512,37.1452,21699136.0,0.0
2016-06-22,37.1452,37.1452,36.8022,37.1452,16274097.0,0.0
2016-06-23,37.1452,37.1452,36.8512,36.9002,17565821.0,0.0
2016-06-24,37.0962,37.0962,35.2831,35.6751,55976773.0,0.0
2016-06-27,33.2249,34.156,33.2249,33.8619,40220998.0,1.9602
2016-06-28,33.5679,33.6659,33.3719,33.6169,29913729.0,0.0
2016-06-29,33.6169,34.058,33.6169,33.7149,28077154.0,0.0
2016-06-30,34.058,34.352,33.8129,34.303,27786363.0,0.0
2016-07-01,34.45,34.793,34.205,34.352,21287947.0,0.0
2016-07-04,34.352,34.793,34.303,34.45,8955344.0,0.0
2016-07-05,34.401,34.45,34.156,34.303,10115448.0,0.0
2016-07-06,34.009,34.058,33.4209,33.4209,33756253.0,0.0
2016-07-07,33.6659,33.8129,33.4209,33.4209,17150551.0,0.0
2016-07-08,33.4209,33.4209,33.4209,33.4209,0.0,0.0
2016-07-11,33.6659,33.9109,33.4699,33.4699,30993227.0,0.0
2016-07-12,33.6169,33.8129,33.5189,33.7149,24092806.0,0.0
2016-07-13,33.9109,34.548,33.8619,34.401,36563152.0,0.0
2016-07-14,34.548,34.94,34.303,34.94,29911688.0,0.0
2016-07-15,35.087,35.7731,35.087,35.7731,40285278.0,0.0
2016-07-18,35.8711,36.3612,35.8221,36.2141,28823007.0,0.0
2016-07-19,36.2141,36.6552,35.7731,36.5572,30198398.0,0.0
2016-07-20,36.1651,36.5082,35.8221,36.1161,30300430.0,0.0
2016-07-21,36.2631,36.5082,36.1651,36.2631,26521166.0,0.0
2016-07-22,36.1651,36.2141,35.8221,35.9691,15450699.0,0.0
2016-07-25,36.2631,36.4592,35.1851,35.6751,27296609.0,0.0
2016-07-26,35.5771,35.6751,35.3321,35.6261,18763677.0,0.0
2016-07-27,35.7731,35.7731,35.2341,35.4301,19687066.0,0.0
2016-07-28,35.3811,35.7731,35.2831,35.6261,26468110.0,0.0
2016-07-29,35.5771,35.6261,35.1361,35.1361,16931183.0,0.0
2016-08-01,35.2831,35.4791,35.1361,35.3811,15618031.0,0.0
2016-08-02,35.4301,35.4791,35.1851,35.1851,11249023.0,0.0
2016-08-03,34.989,35.2831,34.891,35.087,9690995.0,0.0
2016-08-04,35.2341,35.4301,34.989,35.3811,9551211.0,0.0
2016-08-05,35.3811,35.7731,35.2341,35.7731,22036862.0,0.0
2016-08-08,36.1161,36.5082,36.0671,36.5082,36883532.0,0.0
2016-08-09,37.0472,37.5373,36.9002,37.0472,43734978.0,0.0
2016-08-10,37.2432,37.2922,37.0472,37.2432,26937457.0,0.0
2016-08-11,37.1452,37.1942,36.4592,36.8512,20806356.0,0.0
2016-08-12,36.9002,37.2432,36.8022,37.1942,23925473.0,0.0
2016-08-15,37.1942,37.1942,36.9002,37.0962,9390001.0,0.0
2016-08-16,37.2432,37.2432,36.7532,37.0472,13071314.0,0.0
2016-08-17,36.9982,37.4883,36.9492,37.3902,22357242.0,0.0
2016-08-18,37.2922,37.3902,37.1452,37.2922,20834925.0,0.0
2016-08-19,37.2432,37.3902,36.7532,36.7532,20243140.0,0.0
2016-08-22,36.4592,36.5572,36.0671,36.1651,15246635.0,0.0
2016-08-23,36.2631,37.1452,36.2141,37.0472,16706712.0,0.0
2016-08-24,37.3412,37.5863,37.0472,37.0962,22109305.0,0.0
2016-08-25,37.2922,38.0763,37.2922,37.9783,48538643.0,0.0
2016-08-26,38.0763,38.7624,38.0273,38.5663,56762419.0,0.0
2016-08-29,38.8114,39.0074,38.2233,38.8604,28045524.0,0.0
2016-08-30,38.9094,39.9875,38.8114,39.7915,47995833.0,0.0
2016-08-31,39.9385,40.5755,39.1544,39.3994,39556769.0,0.0
2016-09-01,39.1054,39.1544,38.5173,38.7134,23407151.0,0.0
2016-09-02,38.5663,38.7624,38.2233,38.7134,16774053.0,0.0
2016-09-05,39.0564,39.3994,39.0074,39.1054,15106851.0,0.0
2016-09-06,39.2034,39.6444,39.1054,39.5464,19917658.0,0.0
2016-09-07,40.0365,40.0855,39.7425,40.0365,24187696.0,0.0
2016-09-08,39.7915,40.4775,39.7425,40.3795,27646579.0,0.0
2016-09-09,40.3305,40.3305,39.4974,39.6444,20948181.0,0.0
2016-09-12,38.7134,39.1054,38.4683,39.0074,17281152.0,0.0
2016-09-13,39.1054,39.1054,38.0273,38.4193,25579411.0,0.0
2016-09-14,38.0273,38.7134,38.0273,38.5663,23604073.0,0.0
2016-09-19,38.6154,39.3994,38.6154,39.3994,13438629.0,0.0
2016-09-20,39.1054,39.3994,39.1054,39.2524,13236605.0,0.0
2016-09-21,39.0074,39.6934,39.0074,39.4974,16377149.0,0.0
2016-09-22,39.9875,40.0365,39.3994,39.6934,16597538.0,0.0
2016-09-23,39.7915,39.9875,39.4484,39.7915,16363885.0,0.0
2016-09-26,39.6934,39.7915,39.4484,39.5464,14821162.0,0.0
2016-09-27,39.5464,39.5464,39.5464,39.5464,0.0,0.0
2016-09-28,39.5464,39.5464,39.5464,39.5464,0.0,0.0
2016-09-29,40.0365,40.0855,39.3994,39.9875,22108284.0,0.0
2016-09-30,39.6444,39.6444,38.9094,39.3504,20653309.0,0.0
2016-10-03,39.4974,39.5954,39.2034,39.2524,9499175.0,0.0
2016-10-04,39.3014,39.6444,39.1054,39.6444,12648901.0,0.0
2016-10-05,39.3994,39.6444,39.3014,39.3014,9647121.0,0.0
2016-10-06,39.3994,39.4974,39.3014,39.4484,7171826.0,0.0
2016-10-07,39.4484,39.4484,39.1054,39.3504,11362278.0,0.0
2016-10-11,39.4974,39.5954,38.9094,39.2034,13637591.0,0.0
2016-10-12,39.0564,39.8405,38.9584,39.8405,17514805.0,0.0
2016-10-13,39.8405,39.8405,39.1544,39.1544,18078022.0,0.0
2016-10-14,39.1544,39.3994,38.8604,38.9094,11920393.0,0.0
2016-10-17,38.9094,39.1544,38.3703,39.1544,14487517.0,0.0
2016-10-18,39.1054,39.6934,38.9584,39.6934,20285993.0,0.0
2016-10-19,39.6934,39.8405,39.5464,39.7915,14378343.0,0.0
2016-10-20,39.7915,39.7915,39.3504,39.6444,6932051.0,0.0
2016-10-21,39.4974,39.6444,39.2524,39.4974,6172933.0,0.0
2016-10-24,39.4974,39.5954,39.3994,39.4484,6019885.0,0.0
2016-10-25,39.3504,39.6934,39.3504,39.5954,5960707.0,0.0
2016-10-26,39.5954,39.6934,39.3994,39.6934,7523836.0,0.0
2016-10-27,39.6934,39.9875,39.5954,39.8405,17317884.0,0.0
2016-10-28,39.8405,39.9875,39.6934,39.9875,14176320.0,0.0
2016-10-31,39.6934,40.1345,39.3504,40.1345,15022165.0,0.0
2016-11-01,39.9875,39.9875,39.6934,39.9875,10314410.0,0.0
2016-11-02,39.6444,39.7425,39.4484,39.4484,10575612.0,0.0
2016-11-03,39.3014,39.4484,39.0074,39.0074,12959079.0,0.0
2016-11-04,39.0564,39.5954,38.8604,39.5954,12806031.0,0.0
2016-11-07,39.6444,39.8895,39.3994,39.8895,11085772.0,0.0
2016-11-08,39.9875,39.9875,39.6934,39.9385,7558527.0,0.0
2016-11-09,40.1835,40.4285,38.3213,38.3213,28137353.0,0.0
2016-11-10,39.6934,40.6245,39.6444,40.6245,49041660.0,0.0
2016-11-11,43.1237,43.1237,40.9676,42.8787,118634598.0,0.0
2016-11-14,42.9277,45.3779,42.2907,45.0349,86591462.0,0.0
2016-11-15,45.1329,45.574,43.8588,44.0058,57082799.0,0.0
2016-11-16,44.2018,44.9369,44.1038,44.5449,43429903.0,0.0
2016-11-17,44.5449,44.5939,43.9568,43.9568,21306313.0,0.0
2016-11-18,44.1528,44.4469,43.2708,44.1038,25681443.0,0.0
2016-11-21,44.4959,45.0839,44.2018,44.7409,28741382.0,0.0
2016-11-22,44.8879,44.8879,44.3489,44.5449,17535212.0,0.0
2016-11-23,44.9369,45.819,44.5939,45.1329,39892455.0,0.0
2016-11-24,45.4759,45.868,45.3289,45.623,35306118.0,0.0
2016-11-25,45.819,47.7301,45.672,47.4851,61168159.0,0.0
2016-11-28,47.9262,48.5632,47.3381,47.4851,52362801.0,0.0
2016-11-29,46.9461,46.9951,46.358,46.358,54373851.0,0.0
2016-11-30,46.309,46.8481,45.3779,45.966,61842590.0,0.0
2016-12-01,46.309,47.3381,46.26,47.3381,41738213.0,0.0
2016-12-02,47.3381,47.3871,46.7011,47.0441,35212249.0,0.0
2016-12-05,47.7791,47.9262,46.8971,47.3381,32936936.0,0.0
2016-12-06,48.0242,48.4162,47.7791,48.0242,41209687.0,0.0
2016-12-07,48.5142,48.7592,47.7301,47.9262,31252388.0,0.0
2016-12-08,48.3182,48.4652,47.9752,48.0732,26965005.0,0.0
2016-12-09,48.2202,48.4162,48.1222,48.4162,24053013.0,0.0
2016-12-12,48.7102,48.7102,48.0732,48.4162,21020624.0,0.0
2016-12-13,48.3672,48.7592,48.3182,48.6612,21447117.0,0.0
2016-12-14,48.7592,48.9062,47.5831,47.6811,28877084.0,0.0
2016-12-15,47.5831,48.8082,47.4851,48.8082,38754798.0,0.0
2016-12-16,49.2003,49.4943,48.8082,49.0043,38408910.0,0.0
2016-12-19,48.9552,48.9552,47.8772,48.0242,21079802.0,0.0
2016-12-20,47.8282,48.2202,47.6321,48.0242,20068665.0,0.0
2016-12-21,48.2202,48.2202,47.5341,47.5831,22068492.0,0.0
2016-12-22,47.4361,47.5341,45.819,45.868,39357807.0,0.0
2016-12-23,45.819,46.505,45.3779,46.064,18682051.0,0.0
2016-12-26,46.26,47.0931,46.162,47.0931,7821769.0,0.0
2016-12-27,47.0931,47.0931,46.554,46.6521,7711575.0,0.0
2016-12-28,46.9461,47.8282,46.7011,47.6811,14134487.0,0.0
2016-12-29,47.4851,47.8282,46.7011,46.9461,19243227.0,0.0
2016-12-30,47.1911,47.5831,47.0931,47.2401,9629776.0,0.0
2017-01-03,47.1421,47.2401,46.7501,47.0441,6225990.0,0.0
2017-01-04,47.3871,47.3871,46.7991,46.9461,9780783.0,0.0
2017-01-05,46.9461,47.4361,46.9461,47.4361,14984413.0,0.0
2017-01-06,47.8282,47.8282,47.1911,47.7791,16490405.0,0.0
2017-01-09,47.7791,48.2202,47.7791,48.0242,15368053.0,0.0
2017-01-10,47.9752,48.2202,47.2891,48.2202,14673215.0,0.0
2017-01-11,48.4162,48.4162,47.8282,48.0242,16841395.0,0.0
2017-01-12,48.1222,48.3182,47.6811,47.7301,18810611.0,0.0
2017-01-13,47.7301,47.7301,47.1421,47.4361,16555705.0,0.0
2017-01-16,47.0441,47.0931,46.26,46.358,22287861.0,0.0
2017-01-17,45.868,46.7011,45.868,46.554,18092306.0,0.0
2017-01-18,46.113,46.505,45.819,46.015,21877692.0,0.0
2017-01-19,45.966,46.015,45.672,45.917,18072920.0,0.0
2017-01-20,46.064,46.358,45.77,46.211,17309721.0,0.0
2017-01-23,46.456,46.603,46.015,46.456,21988907.0,0.0
2017-01-24,46.456,46.554,46.015,46.554,18877952.0,0.0
2017-02-02,46.554,46.603,45.966,45.966,28965852.0,0.0
2017-02-03,45.966,46.211,45.623,45.721,18720823.0,0.0
2017-02-06,45.77,47.4361,45.721,47.2401,38482373.0,0.0
2017-02-07,47.2401,47.2891,46.7991,47.0441,18998350.0,0.0
2017-02-08,47.2401,47.3381,46.7501,46.8971,20981851.0,0.0
2017-02-09,46.8971,47.0441,46.7501,46.7501,13487604.0,0.0
2017-02-10,47.2401,48.4162,47.0931,47.3381,44029851.0,0.0
2017-02-13,48.1222,48.1222,47.1911,47.2891,13480462.0,0.0
2017-02-14,47.2891,48.0242,47.2891,47.6321,24917224.0,0.0
2017-02-15,47.9262,48.0242,47.6811,47.9262,20440062.0,0.0
2017-02-16,48.4652,48.6122,48.0242,48.0732,31004451.0,0.0
2017-02-17,48.2202,48.4162,47.7791,48.2692,17891303.0,0.0
2017-02-20,48.0242,48.2692,47.9752,48.0242,9338985.0,0.0
2017-02-21,48.0242,48.2202,47.9752,48.2202,11968348.0,0.0
2017-02-22,48.4162,48.5142,47.6811,47.8282,16122069.0,0.0
2017-02-23,47.8282,47.9262,47.5341,47.6321,13797781.0,0.0
2017-02-24,47.5341,47.5831,47.2891,47.2891,15865969.0,0.0
2017-03-01,47.2401,47.3381,46.8971,46.8971,14278352.0,0.0
2017-03-02,47.8772,48.5142,47.1421,47.7791,39424128.0,0.0
2017-03-03,47.5341,47.9262,47.4361,47.4361,19657477.0,0.0
2017-03-06,47.3871,48.0242,47.3871,48.0242,14537513.0,0.0
2017-03-07,48.0242,48.2202,47.8282,48.0242,13409039.0,0.0
2017-03-08,48.0242,48.9552,48.0242,48.8572,30779980.0,0.0
2017-03-09,49.0043,49.1023,48.5632,48.7592,19922760.0,0.0
2017-03-10,48.9552,49.3963,48.3672,49.0043,30140240.0,0.0
2017-03-13,49.3963,49.9843,49.2003,49.7883,31757447.0,0.0
2017-03-14,49.9843,50.1804,49.4943,49.9843,27860846.0,0.0
2017-03-15,50.0823,50.1804,49.5923,50.1804,18680010.0,0.0
2017-03-16,49.7883,50.0823,49.4943,49.9843,21214484.0,0.0
2017-03-17,49.8863,50.0823,49.5923,49.9843,23706105.0,0.0
2017-03-20,49.5923,50.0823,49.3963,50.0823,10383792.0,0.0
2017-03-21,49.7883,49.8863,49.3963,49.5923,20411493.0,0.0
2017-03-22,48.5142,49.1023,48.3672,49.1023,27314975.0,0.0
2017-03-23,49.2983,49.5923,49.1023,49.5923,11452067.0,0.0
2017-03-24,49.3963,49.7883,49.1023,49.2003,11686740.0,0.0
2017-03-27,48.8572,49.1023,48.6122,49.0043,11405132.0,0.0
2017-03-28,49.0043,49.1023,48.4652,48.7102,15626194.0,0.0
2017-03-29,48.7592,49.1023,48.3672,48.6122,15643539.0,0.0
2017-03-30,48.5142,48.6122,48.0242,48.0242,21461402.0,0.0
2017-03-31,48.1222,48.3182,47.7301,47.7301,20773706.0,0.0
2017-04-05,48.1222,48.2202,47.6811,48.0242,18758575.0,0.0
2017-04-06,48.0242,48.4162,47.9752,48.0732,17585208.0,0.0
2017-04-07,47.8282,48.0242,47.1421,47.2401,21535885.0,0.0
2017-04-10,47.8282,48.0242,47.4851,47.7791,13142736.0,0.0
2017-04-11,47.5341,47.5831,47.0441,47.0441,17656630.0,0.0
2017-04-12,47.0441,47.1911,46.8481,46.9951,13048867.0,0.0
2017-04-13,46.9951,47.0441,46.8971,46.9951,12322399.0,0.0
2017-04-14,46.8481,46.9461,46.358,46.554,7857481.0,0.0
2017-04-17,46.505,46.7501,46.064,46.309,10320532.0,0.0
2017-04-18,46.456,46.603,45.574,45.966,22178686.0,0.0
2017-04-19,45.672,46.113,45.1329,45.2799,26286493.0,0.0
2017-04-20,45.1819,45.868,45.1329,45.819,17949462.0,0.0
2017-04-21,46.358,46.456,46.211,46.26,9144104.0,0.0
2017-04-24,46.6521,46.7011,46.26,46.358,5657672.0,0.0
2017-04-25,46.7991,47.5341,46.603,47.5341,21342024.0,0.0
2017-04-26,47.6811,47.6811,47.2891,47.6321,14746678.0,0.0
2017-04-27,47.2401,47.6811,47.2401,47.5831,7328955.0,0.0
2017-04-28,47.5341,47.5831,47.1421,47.4361,11843869.0,0.0
2017-05-02,47.6321,48.3182,47.6321,48.0242,20103356.0,0.0
2017-05-03,48.0242,48.3182,47.8772,48.2692,11153113.0,0.0
2017-05-04,48.2692,48.4652,48.0242,48.3182,12969282.0,0.0
2017-05-05,48.1712,48.2692,47.7791,47.7791,8345193.0,0.0
2017-05-08,48.1222,48.1222,47.6811,48.0242,8191125.0,0.0
2017-05-09,47.6811,48.5632,47.6811,47.9752,12848884.0,0.0
2017-05-10,48.1222,48.3182,47.9262,47.9752,9316538.0,0.0
2017-05-11,48.0242,48.2202,47.9262,48.2202,9725686.0,0.0
2017-05-12,48.0242,48.1712,47.9262,48.1712,6084165.0,0.0
2017-05-15,48.3182,48.8082,48.1712,48.8082,13427405.0,0.0
2017-05-16,49.1023,49.6903,49.0043,49.2003,25490644.0,0.0
2017-05-17,49.5923,49.6903,49.0043,49.2983,19035082.0,0.0
2017-05-18,48.7102,48.7592,48.4162,48.5142,17902527.0,0.0
2017-05-19,48.5142,48.5142,48.0242,48.1222,10331756.0,0.0
2017-05-22,48.1222,48.1712,47.7791,47.8282,14096735.0,0.0
2017-05-23,47.7301,47.7301,47.4361,47.5341,19340157.0,0.0
2017-05-24,47.5341,47.7791,47.4361,47.4361,12373415.0,0.0
2017-05-25,47.2401,47.9752,47.1911,47.6321,18373915.0,0.0
2017-05-26,47.8282,47.8282,46.9951,47.0441,19594217.0,0.0
2017-05-31,46.7501,46.7991,46.015,46.162,30425930.0,0.0
2017-06-01,46.064,46.505,46.064,46.358,13225382.0,0.0
2017-06-02,46.603,46.7501,46.358,46.603,13237626.0,0.0
2017-06-05,46.554,46.7501,46.309,46.7501,16040444.0,0.0
2017-06-06,46.309,46.456,46.162,46.211,17375022.0,0.0
2017-06-07,46.162,46.358,46.162,46.309,12852965.0,0.0
2017-06-08,46.26,46.505,45.966,46.113,20791052.0,0.0
2017-06-09,46.113,46.26,45.868,45.868,14990535.0,0.0
2017-06-12,46.505,47.0441,46.456,46.7501,20781869.0,0.0
2017-06-13,46.9461,47.1421,46.8971,47.0441,16137374.0,0.0
2017-06-14,47.0441,47.0441,46.358,46.456,14589549.0,0.0
2017-06-15,46.456,46.7991,46.162,46.7991,16472039.0,0.0
2017-06-16,46.7991,46.8481,46.505,46.7501,11727553.0,0.0
2017-06-19,47.0441,47.5341,46.8481,47.4361,17175039.0,0.0
2017-06-20,47.6321,48.0242,47.6321,48.0242,18341264.0,0.0
2017-06-21,47.8772,48.3182,47.6321,47.9752,23050039.0,0.0
2017-06-22,47.9752,48.3182,47.8282,48.3182,13540661.0,0.0
2017-06-23,48.0732,48.1712,47.8282,48.0242,12646861.0,0.0
2017-06-26,48.2202,49.4943,48.1222,49.3963,40527093.0,0.0
2017-06-27,49.4943,49.6903,48.9552,49.3963,21679750.0,0.0
2017-06-28,49.1023,49.3963,49.0043,49.2003,19764610.0,0.0
2017-06-29,49.6903,50.1804,49.3963,49.5923,23504081.0,0.0
2017-06-30,49.4943,49.5923,49.0043,49.1023,30051472.0,0.0
2017-07-03,47.6321,47.6811,47.3871,47.6321,20756361.0,1.9602
2017-07-04,47.6321,48.6122,47.6321,48.3182,26820120.0,0.0
2017-07-05,48.4162,48.5142,47.7301,48.0242,15248676.0,0.0
2017-07-06,47.8282,47.8772,47.5831,47.7791,18255558.0,0.0
2017-07-07,47.7791,47.8282,47.4361,47.5831,9679771.0,0.0
2017-07-10,47.6811,47.9262,47.6321,47.9262,8779850.0,0.0
2017-07-11,48.1222,48.7102,48.1222,48.7102,18713681.0,0.0
2017-07-12,48.7102,49.2003,48.7102,49.0043,22994942.0,0.0
2017-07-13,49.2003,49.2983,48.8572,49.0043,12139762.0,0.0
2017-07-14,49.0043,49.0043,48.7592,48.8572,7064692.0,0.0
2017-07-17,48.7592,48.9062,48.4162,48.4652,11574505.0,0.0
2017-07-18,48.3182,48.4652,48.0732,48.1222,13537600.0,0.0
2017-07-19,48.2692,48.6122,48.2202,48.4652,13018257.0,0.0
2017-07-20,48.5632,48.5632,48.2692,48.3182,6461683.0,0.0
2017-07-21,48.2692,48.3182,48.0732,48.2202,5903569.0,0.0
2017-07-24,48.0242,48.2202,47.8772,48.2202,9225729.0,0.0
2017-07-25,48.2202,48.3672,48.0732,48.1222,6222929.0,0.0
2017-07-26,48.1222,48.2202,47.9752,48.0732,6317818.0,0.0
2017-07-27,48.2692,48.8082,48.0732,48.8082,12948875.0,0.0
2017-07-28,48.7102,48.7102,48.3182,48.3672,8717610.0,0.0
2017-07-31,48.3672,48.3672,48.0242,48.2202,10304207.0,0.0
2017-08-01,48.1222,48.2202,47.9262,48.0242,9222668.0,0.0
2017-08-02,48.1222,48.2202,47.9752,48.1712,8968609.0,0.0
2017-08-03,47.9262,48.0242,47.7301,47.9262,11774488.0,0.0
2017-08-04,47.9262,47.9752,47.7791,47.9262,8215613.0,0.0
2017-08-07,48.1712,48.4162,48.1222,48.1712,11908149.0,0.0
2017-08-08,48.2202,48.5632,48.1222,48.5632,13571270.0,0.0
2017-08-09,48.1222,48.3182,47.8282,47.9752,14994616.0,0.0
2017-08-10,47.8772,47.8772,47.1911,47.1911,16008814.0,0.0
2017-08-11,46.6521,47.4851,46.6521,47.1911,7264675.0,0.0
2017-08-14,47.3381,47.4361,46.9951,47.0931,7668722.0,0.0
2017-08-15,47.3381,47.4361,47.0931,47.2401,7038164.0,0.0
2017-08-16,47.0441,47.4851,46.9461,47.3381,12254038.0,0.0
2017-08-17,47.5341,47.8772,47.3871,47.8282,7189171.0,0.0
2017-08-18,47.3381,47.3381,47.0931,47.0931,9402244.0,0.0
2017-08-21,47.0441,47.1911,46.8971,47.0931,5440149.0,0.0
2017-08-22,46.9461,47.2401,46.9461,47.0931,6725994.0,0.0
2017-08-23,47.3381,47.4851,46.9461,47.1911,6432371.0,0.0
2017-08-24,47.0441,47.4361,46.9461,47.1421,8015632.0,0.0
2017-08-25,47.1421,47.3381,47.1421,47.2401,5502046.0,0.0
2017-08-28,47.2891,47.8772,47.2891,47.7301,13118082.0,0.0
2017-08-29,47.6321,47.6321,47.4851,47.5341,5462656.0,0.0
2017-08-30,47.9262,48.5632,47.9262,48.4652,22662527.0,0.0
2017-08-31,48.7102,48.7592,48.1222,48.2692,13824172.0,0.0
2017-09-01,48.4162,48.4162,47.9752,47.9752,7715826.0,0.0
2017-09-04,47.9262,47.9262,47.6321,47.6811,7151593.0,0.0
2017-09-05,47.8282,47.9262,47.5831,47.8772,7138078.0,0.0
2017-09-06,47.5831,47.6321,47.1421,47.3381,17459299.0,0.0
2017-09-07,47.4361,47.6321,46.8481,47.1911,16253867.0,0.0
2017-09-08,46.8971,47.7301,46.8481,47.6811,18866604.0,0.0
2017-09-11,47.6811,47.6811,47.0441,47.0931,15791139.0,0.0
2017-09-12,47.3871,47.4851,47.0441,47.4851,6328054.0,0.0
2017-09-13,47.4851,47.6321,47.1911,47.4851,15671589.0,0.0
2017-09-14,47.2401,47.4361,47.1911,47.2401,9797163.0,0.0
2017-09-15,47.4851,47.4851,47.0441,47.1911,25670080.0,0.0
2017-09-18,47.4851,47.7301,47.3871,47.7301,11285889.0,0.0
2017-09-19,47.7301,47.7791,47.1421,47.1421,8361345.0,0.0
2017-09-20,47.2401,47.4361,47.1421,47.2891,8113763.0,0.0
2017-09-21,47.2891,48.2202,47.1421,48.2202,23427704.0,0.0
2017-09-22,48.0242,48.0242,47.2401,47.3381,14225558.0,0.0
2017-09-25,47.6321,47.6321,47.0931,47.2891,9071504.0,0.0
2017-09-26,47.1911,47.4851,47.1911,47.2891,10056622.0,0.0
2017-09-27,47.3381,47.8282,47.2891,47.5831,8082534.0,0.0
2017-09-28,47.4361,47.8282,46.8481,46.8481,17627808.0,0.0
2017-09-29,47.1421,47.4851,47.0441,47.2401,9172709.0,0.0
2017-10-02,47.2401,47.5341,47.2401,47.3381,6329714.0,0.0
2017-10-03,47.2891,47.6321,47.0931,47.3871,12853877.0,0.0
2017-10-05,47.3381,47.6321,47.2401,47.5831,6176894.0,0.0
2017-10-06,47.5831,47.8282,47.5341,47.7301,7891826.0,0.0
2017-10-11,48.1712,48.3182,48.1222,48.2202,20789851.0,0.0
2017-10-12,48.2202,48.2692,47.9262,48.0242,9890185.0,0.0
2017-10-13,48.0242,48.1712,48.0242,48.1712,7771336.0,0.0
2017-10-16,48.2202,48.4162,47.9262,48.4162,14622400.0,0.0
2017-10-17,48.4162,48.7592,48.3672,48.7102,16093698.0,0.0
2017-10-18,48.6612,48.7102,47.9752,48.1712,21645815.0,0.0
2017-10-19,48.2692,48.4652,48.1222,48.3672,7267821.0,0.0
2017-10-20,48.2692,48.2692,47.8282,47.9262,10646374.0,0.0
2017-10-23,48.1222,48.5142,48.1222,48.5142,8290931.0,0.0
2017-10-24,48.5142,48.5142,47.9262,48.1712,9550827.0,0.0
2017-10-25,48.4162,48.7102,48.3182,48.6122,11853778.0,0.0
2017-10-26,48.6122,48.6122,48.2202,48.2202,5914607.0,0.0
2017-10-27,48.5142,49.2003,48.4162,48.8082,36333129.0,0.0
2017-10-30,49.1023,49.4943,49.0043,49.0043,21658247.0,0.0
2017-10-31,48.8082,49.2003,48.7102,48.8082,16079959.0,0.0
2017-11-01,49.0043,49.3963,49.0043,49.2003,12250325.0,0.0
2017-11-02,49.1023,49.2983,48.9552,49.1023,10067635.0,0.0
2017-11-03,49.1023,49.2003,49.0043,49.2003,7446204.0,0.0
2017-11-06,48.9552,49.2003,48.8082,49.0043,8675107.0,0.0
2017-11-07,49.0043,49.1023,48.6612,48.8082,8628834.0,0.0
2017-11-08,48.6612,48.8082,48.5142,48.5142,6974164.0,0.0
2017-11-09,48.4652,48.6612,47.9262,48.2202,13599005.0,0.0
2017-11-10,48.2692,48.4162,48.1712,48.3182,5475489.0,0.0
2017-11-13,48.3672,49.1023,48.3182,48.8082,13947776.0,0.0
2017-11-14,49.2003,49.2983,48.5142,48.5632,19176930.0,0.0
2017-11-15,49.3963,49.3963,48.8082,48.8082,22665148.0,0.0
2017-11-16,48.8572,49.0043,48.7102,48.7102,10154268.0,0.0
2017-11-17,49.0043,49.0043,48.6122,48.7102,14229545.0,0.0
2017-11-20,48.9552,49.6903,48.9062,49.4943,29402054.0,0.0
2017-11-21,49.5923,53.0226,49.5923,52.7286,95729827.0,0.0
2017-11-22,53.6107,54.8848,52.7286,52.9246,68632300.0,0.0
2017-11-23,53.5126,53.9047,52.6306,53.2186,31472812.0,0.0
2017-11-24,52.9246,52.9246,52.2385,52.5326,17925556.0,0.0
2017-11-27,52.5326,52.5326,51.1604,51.3565,18395458.0,0.0
2017-11-28,51.2584,51.8465,50.5724,51.1604,22615460.0,0.0
2017-11-29,51.9445,52.2385,51.3565,51.5525,19260261.0,0.0
2017-11-30,51.8465,51.9445,50.6704,50.6704,32474615.0,0.0
2017-12-01,50.9644,53.7087,50.8664,53.2186,63932146.0,0.0
2017-12-04,53.6107,54.1007,51.9445,53.9047,39548722.0,0.0
2017-12-05,53.5126,55.0808,53.3166,53.4146,59405201.0,0.0
2017-12-06,53.2186,53.3166,52.4346,52.6306,29803655.0,0.0
2017-12-07,52.3365,52.5326,51.5525,51.7485,20467307.0,0.0
2017-12-08,52.1405,52.8266,51.8465,52.4346,15808433.0,0.0
2017-12-11,52.7286,53.3166,52.4346,52.4346,14044889.0,0.0
2017-12-12,52.0425,52.3365,51.6505,51.9445,18475144.0,0.0
2017-12-13,52.0425,53.0226,52.0425,52.2385,16052072.0,0.0
2017-12-14,52.8266,53.3166,52.5326,53.2186,23802245.0,0.0
2017-12-15,52.7286,53.0226,52.3365,52.6306,22194968.0,0.0
2017-12-18,52.8266,52.8266,52.2385,52.3365,7991140.0,0.0
2017-12-19,52.3365,53.3166,52.2385,53.3166,24751005.0,0.0
2017-12-20,53.3166,53.8067,52.7286,52.9246,17254155.0,0.0
2017-12-21,53.3166,53.4146,52.7286,52.7286,8528756.0,0.0
2017-12-22,53.3166,53.4146,52.4346,52.8266,12165221.0,0.0
2017-12-25,52.9246,53.0226,52.2385,52.4346,8562673.0,0.0
2017-12-26,52.4346,52.8266,51.7485,51.8465,9584670.0,0.0
2017-12-27,51.8465,52.8266,51.8465,52.7286,8513393.0,0.0
2017-12-28,52.7286,53.1206,52.4346,52.7286,11588629.0,0.0
2017-12-29,52.7286,53.3166,51.9445,52.4346,16224285.0,0.0
2018-01-02,52.3365,53.3166,52.2385,53.1206,16136697.0,0.0
2018-01-03,53.7087,54.2967,53.2186,54.1007,32480569.0,0.0
2018-01-04,54.1987,54.2967,53.4146,54.2967,17673731.0,0.0
2018-01-05,54.1987,54.6887,53.9047,54.5907,22673453.0,0.0
2018-01-08,54.6887,54.6887,53.9047,54.5907,22706178.0,0.0
2018-01-09,54.5907,54.6887,54.1007,54.6887,13001871.0,0.0
2018-01-10,55.3748,55.5708,54.4927,54.4927,33023326.0,0.0
2018-01-11,54.6887,54.7868,53.9047,54.2967,16568233.0,0.0
2018-01-12,54.3947,54.7868,54.1987,54.4927,11931091.0,0.0
2018-01-15,54.8848,55.4728,54.7868,55.3748,25405320.0,0.0
2018-01-16,55.3748,55.6688,55.0808,55.4728,16932080.0,0.0
2018-01-17,55.1788,55.2768,54.6887,55.1788,17388436.0,0.0
2018-01-18,55.3748,55.3748,54.6887,54.7868,14878380.0,0.0
2018-01-19,54.5907,55.0808,54.4927,54.8848,10390156.0,0.0
2018-01-22,54.6887,54.9828,54.1007,54.4927,19135840.0,0.0
2018-01-23,54.6887,55.3748,54.1987,54.8848,15416760.0,0.0
2018-01-24,54.6887,54.7868,53.9047,54.5907,18740608.0,0.0
2018-01-25,54.5907,54.9828,54.1007,54.4927,17648903.0,0.0
2018-01-26,54.1987,54.1987,53.4146,53.6107,22772263.0,0.0
2018-01-29,53.9047,54.1007,53.5126,54.1007,16029258.0,0.0
2018-01-30,53.9047,54.0027,53.3166,53.3166,13314451.0,0.0
2018-01-31,52.9246,53.9047,52.7286,53.5126,17291086.0,0.0
2018-02-01,53.6107,54.1007,53.5126,53.7087,10883088.0,0.0
2018-02-02,53.4146,53.9047,53.3166,53.6107,9572170.0,0.0
2018-02-05,52.4346,53.0226,52.4346,53.0226,14969160.0,0.0
2018-02-06,51.0624,51.4545,49.4943,49.7883,39233835.0,0.0
2018-02-07,51.3565,52.4346,50.9644,51.6505,27762662.0,0.0
2018-02-08,52.2385,52.4346,51.7485,52.2385,14648024.0,0.0
2018-02-09,51.0624,52.2385,50.9644,51.7485,22521173.0,0.0
2018-02-12,52.7286,52.7286,51.9445,51.9445,17935845.0,0.0
2018-02-21,53.1206,53.2186,52.5326,52.9246,23209845.0,0.0
2018-02-22,52.4346,53.3166,52.1405,53.1206,16500381.0,0.0
2018-02-23,53.3166,53.7087,53.1206,53.6107,13000112.0,0.0
2018-02-26,53.7087,53.8067,53.2186,53.2186,10093752.0,0.0
2018-02-27,53.5126,53.7087,53.3166,53.4146,16802773.0,0.0
2018-03-01,52.4346,53.2186,52.4346,52.8266,16440313.0,0.0
2018-03-02,52.2385,52.6306,51.9445,52.2385,17063222.0,0.0
2018-03-05,52.3365,52.4346,51.4545,51.5525,14673010.0,0.0
2018-03-06,52.2385,52.2385,51.5525,51.7485,9675495.0,0.0
2018-03-07,51.4545,51.9445,51.4545,51.4545,8501574.0,0.0
2018-03-08,51.7485,51.8465,51.3565,51.3565,10794618.0,0.0
2018-03-09,51.4545,51.6505,50.9644,50.9644,14131324.0,0.0
2018-03-12,51.7485,53.6107,51.5525,53.4146,27375368.0,0.0
2018-03-13,53.2186,53.4146,52.7286,52.8266,19721753.0,0.0
2018-03-14,52.5326,52.9246,52.4346,52.8266,12397048.0,0.0
2018-03-15,52.5326,52.9246,52.3365,52.3365,8894592.0,0.0
2018-03-16,52.0425,52.9246,52.0425,52.3365,22937782.0,0.0
2018-03-19,52.3365,52.6306,52.1405,52.5326,8556713.0,0.0
2018-03-20,52.2385,52.5326,52.1405,52.1405,12278620.0,0.0
2018-03-21,52.4346,52.6306,52.2385,52.3365,9185737.0,0.0
2018-03-22,52.4346,53.1206,52.0425,52.3365,17521342.0,0.0
2018-03-23,51.5525,51.9445,51.0624,51.1604,23242954.0,0.0
2018-03-26,51.1604,51.7485,51.0624,51.7485,8677194.0,0.0
2018-03-27,52.0425,52.2385,52.0425,52.2385,7295228.0,0.0
2018-03-28,51.9445,51.9445,51.2584,51.4545,6765830.0,0.0
2018-03-29,51.3565,51.4545,50.7684,50.7684,13444549.0,0.0
2018-03-30,51.2584,51.3565,50.8664,50.8664,10591453.0,0.0
2018-04-02,51.6505,51.6505,51.1604,51.4545,5717262.0,0.0
2018-04-03,51.0624,51.1604,50.7684,50.9644,9808805.0,0.0
2018-04-09,51.5525,51.9445,51.0624,51.9445,11273645.0,0.0
2018-04-10,51.9445,52.8266,51.5525,51.9445,25701155.0,0.0
2018-04-11,52.5326,52.7286,52.0425,52.2385,12628365.0,0.0
2018-04-12,52.5326,52.6306,51.9445,52.2385,10396679.0,0.0
2018-04-13,52.4346,52.4346,51.6505,51.7485,9927767.0,0.0
2018-04-16,51.7485,51.9445,51.4545,51.4545,8488705.0,0.0
2018-04-17,51.4545,51.6505,50.5724,50.5724,17017268.0,0.0
2018-04-18,50.9644,51.3565,50.4744,50.9644,15185288.0,0.0
2018-04-19,50.9644,51.8465,50.9644,51.8465,19055826.0,0.0
2018-04-20,51.7485,51.7485,51.1604,51.4545,10441624.0,0.0
2018-04-23,51.1604,51.7485,51.1604,51.4545,10617460.0,0.0
2018-04-24,51.7485,51.8465,51.3565,51.4545,10580810.0,0.0
2018-04-25,51.2584,51.4545,50.6704,51.1604,24353688.0,0.0
2018-04-26,51.5525,51.7485,50.9644,51.7485,21468469.0,0.0
2018-04-27,52.1405,52.6306,52.0425,52.4346,19987972.0,0.0
2018-04-30,52.7286,52.9246,52.3365,52.4346,10305662.0,0.0
2018-05-02,52.1405,52.7286,52.0425,52.4346,13072239.0,0.0
2018-05-03,52.2385,52.7286,51.7485,51.8465,11765836.0,0.0
2018-05-04,51.6505,51.9445,51.6505,51.7485,7222049.0,0.0
2018-05-07,52.3365,52.3365,51.7485,51.9445,14436565.0,0.0
2018-05-08,51.9445,52.4346,51.8465,52.4346,14174960.0,0.0
2018-05-09,52.4346,52.7286,52.4346,52.5326,13704702.0,0.0
2018-05-10,52.5326,52.7286,52.0425,52.2385,16951505.0,0.0
2018-05-11,52.5326,53.6107,52.5326,53.5126,27467088.0,0.0
2018-05-14,53.7087,53.9047,53.5126,53.9047,14981510.0,0.0
2018-05-15,53.9047,54.0027,52.9246,52.9246,18608938.0,0.0
2018-05-16,53.5126,53.9047,53.3166,53.8067,19147307.0,0.0
2018-05-17,53.9047,54.2967,53.4146,53.8067,14641668.0,0.0
2018-05-18,53.8067,53.8067,53.3166,53.3166,15599270.0,0.0
2018-05-21,53.5126,53.9047,53.4146,53.9047,11616843.0,0.0
2018-05-22,53.8067,53.9047,53.6107,53.6107,9211553.0,0.0
2018-05-23,53.9047,54.0027,52.8266,52.9246,12530137.0,0.0
2018-05-24,53.3166,53.4146,52.9246,53.1206,10276291.0,0.0
2018-05-25,53.2186,53.3166,52.8266,52.8266,10032739.0,0.0
2018-05-28,52.8266,53.1206,52.7286,53.0226,10681378.0,0.0
2018-05-29,53.0226,53.3166,52.7286,53.0226,9165044.0,0.0
2018-05-30,52.4346,52.4346,51.6505,51.8465,26961890.0,0.0
2018-05-31,52.4346,52.7286,52.2385,52.5326,34790882.0,0.0
2018-06-01,52.5326,52.6306,52.0425,52.4346,11203243.0,0.0
2018-06-04,52.6306,52.9246,52.4346,52.9246,10241375.0,0.0
2018-06-05,53.0226,53.4146,52.7286,53.2186,11468413.0,0.0
2018-06-06,53.4146,53.8067,53.3166,53.8067,15060797.0,0.0
2018-06-07,54.1007,54.1007,53.6107,53.9047,17204133.0,0.0
2018-06-08,54.1007,54.1987,53.4146,53.9047,14193587.0,0.0
2018-06-11,54.0027,54.3947,53.6107,54.2967,12002848.0,0.0
2018-06-12,54.1987,54.6887,53.9047,54.0027,18027426.0,0.0
2018-06-13,54.0027,54.8848,53.9047,54.3947,17898208.0,0.0
2018-06-14,54.2967,54.5907,53.4146,53.4146,20917791.0,0.0
2018-06-15,53.3166,54.1987,53.2186,54.1987,30380992.0,0.0
2018-06-19,53.2186,54.3947,53.1206,53.9047,33517877.0,0.0
2018-06-20,53.9047,54.7868,53.4146,54.3947,25702562.0,0.0
2018-06-21,54.8848,55.1788,54.4927,54.7868,24627648.0,0.0
2018-06-22,54.6887,55.0808,54.4927,54.8848,22090022.0,0.0
2018-06-25,54.8848,54.9828,54.4927,54.4927,25243338.0,0.0
2018-06-26,52.1405,52.5326,51.9445,51.9445,20062673.0,2.4502
2018-06-27,52.1405,52.2385,51.5525,51.7485,20653266.0,0.0
2018-06-28,51.4545,52.1405,51.4545,51.9445,13694959.0,0.0
2018-06-29,51.9445,52.9246,51.9445,52.7286,17191529.0,0.0
2018-07-02,52.3365,52.7286,52.0425,52.1405,10021496.0,0.0
2018-07-03,52.1405,52.2385,50.7684,51.0624,23303585.0,0.0
2018-07-04,50.9644,51.0624,50.3764,50.8664,15027459.0,0.0
2018-07-05,50.6704,50.7684,49.8863,50.3764,19012290.0,0.0
2018-07-06,50.0823,50.1804,49.5923,49.9843,16949417.0,0.0
2018-07-09,50.4744,50.6704,49.9843,50.6704,14187305.0,0.0
2018-07-10,50.9644,51.0624,50.1804,50.7684,10992131.0,0.0
2018-07-11,50.3764,50.4744,49.7883,50.1804,16974394.0,0.0
2018-07-12,50.2784,51.0624,49.9843,51.0624,16319257.0,0.0
2018-07-13,51.2584,51.2584,50.7684,51.1604,11986698.0,0.0
2018-07-16,51.2584,51.2584,50.7684,50.9644,7547430.0,0.0
2018-07-17,51.1604,51.3565,50.9644,51.1604,6812721.0,0.0
2018-07-18,51.4545,51.7485,51.2584,51.6505,9428042.0,0.0
2018-07-19,51.6505,51.6505,51.0624,51.3565,7737981.0,0.0
2018-07-20,51.6505,51.7485,51.1604,51.2584,8498222.0,0.0
2018-07-23,51.4545,51.5525,51.2584,51.2584,8276392.0,0.0
2018-07-24,51.2584,51.3565,50.6704,51.0624,11079393.0,0.0
2018-07-25,50.8664,51.3565,50.7684,51.0624,11071972.0,0.0
2018-07-26,51.1604,51.1604,50.5724,51.0624,13493023.0,0.0
2018-07-27,50.8664,51.3565,50.7684,51.3565,7295417.0,0.0
2018-07-30,51.3565,51.4545,50.9644,51.1604,8569169.0,0.0
2018-07-31,50.8664,51.6505,50.8664,51.6505,13696975.0,0.0
2018-08-01,51.5525,51.7485,51.2584,51.4545,8274566.0,0.0
2018-08-02,51.1604,51.4545,50.9644,50.9644,7990711.0,0.0
2018-08-03,51.3565,51.7485,51.1604,51.7485,10972690.0,0.0
2018-08-06,51.7485,51.9445,51.4545,51.9445,5622995.0,0.0
2018-08-07,51.7485,51.9445,51.4545,51.4545,5108405.0,0.0
2018-08-08,51.8465,52.1405,51.7485,51.9445,7228769.0,0.0
2018-08-09,52.0425,52.1405,51.4545,51.6505,8650255.0,0.0
2018-08-10,51.5525,52.1405,51.5525,51.9445,7593122.0,0.0
2018-08-13,51.7485,51.7485,50.8664,50.9644,11661227.0,0.0
2018-08-14,50.9644,51.2584,50.8664,51.1604,10668086.0,0.0
2018-08-15,51.1604,51.2584,50.7684,50.8664,5086084.0,0.0
2018-08-16,50.6704,50.6704,50.1804,50.4744,12634121.0,0.0
2018-08-17,50.7684,50.9644,50.5724,50.7684,8263640.0,0.0
2018-08-20,50.5724,50.8664,50.2784,50.2784,15350162.0,0.0
2018-08-21,50.6704,50.8664,50.3764,50.8664,12563331.0,0.0
2018-08-22,50.7684,51.0624,50.4744,51.0624,9214891.0,0.0
2018-08-23,51.0624,51.4545,50.7684,51.4545,7828148.0,0.0
2018-08-24,51.3565,51.7485,51.2584,51.7485,10840295.0,0.0
2018-08-27,51.9445,51.9445,51.6505,51.7485,7956280.0,0.0
2018-08-28,51.9445,51.9445,51.5525,51.6505,6282889.0,0.0
2018-08-29,51.4545,51.5525,51.1604,51.5525,8848973.0,0.0
2018-08-30,51.5525,51.6505,51.1604,51.1604,8706783.0,0.0
2018-08-31,50.9644,51.5525,50.8664,51.5525,13134083.0,0.0
2018-09-03,51.1604,51.2584,50.8664,50.9644,6920881.0,0.0
2018-09-04,50.9644,51.4545,50.9644,51.1604,7832129.0,0.0
2018-09-05,50.9644,51.0624,50.6704,50.7684,9592638.0,0.0
2018-09-06,50.4744,50.8664,50.2784,50.4744,11860881.0,0.0
2018-09-07,50.1804,50.3764,49.9843,50.1804,10717704.0,0.0
2018-09-10,50.2784,50.3764,49.5923,49.8863,12152399.0,0.0
2018-09-11,49.8863,49.8863,49.2983,49.4943,21488553.0,0.0
2018-09-12,49.4943,49.6903,49.3963,49.4943,12260336.0,0.0
2018-09-13,49.6903,49.8863,49.4943,49.4943,11450909.0,0.0
2018-09-14,49.9843,50.2784,49.6903,50.1804,10745213.0,0.0
2018-09-17,49.8863,50.1804,49.7883,50.1804,7357642.0,0.0
2018-09-18,49.7883,50.1804,49.6903,49.8863,10283383.0,0.0
2018-09-19,50.0823,50.5724,50.0823,50.3764,9772634.0,0.0
2018-09-20,50.5724,51.3565,50.4744,51.1604,17541332.0,0.0
2018-09-21,51.2584,51.9445,50.8664,51.8465,21584527.0,0.0
2018-09-25,52.1405,52.1405,51.6505,51.7485,11180741.0,0.0
2018-09-26,51.5525,51.9445,51.2584,51.9445,8350067.0,0.0
2018-09-27,51.6505,52.0425,51.2584,51.7485,12665509.0,0.0
2018-09-28,51.6505,52.1405,51.3565,51.4545,13806454.0,0.0
2018-10-01,51.8465,51.9445,51.6505,51.8465,6899947.0,0.0
2018-10-02,51.5525,51.7485,51.1604,51.2584,10561807.0,0.0
2018-10-03,51.1604,51.4545,51.0624,51.1604,12364157.0,0.0
2018-10-04,51.0624,51.2584,50.5724,50.6704,17770964.0,0.0
2018-10-05,50.4744,50.5724,49.8863,50.1804,22716358.0,0.0
2018-10-08,50.1804,50.9644,50.0823,50.8664,10972374.0,0.0
2018-10-09,50.6704,51.7485,50.5724,51.3565,16935409.0,0.0
2018-10-11,49.4943,50.2784,49.1023,49.1023,40014094.0,0.0
2018-10-12,48.8082,49.7883,48.3672,49.5923,20255198.0,0.0
2018-10-15,49.0043,49.3963,48.7592,49.0043,21324153.0,0.0
2018-10-16,49.0043,49.3963,48.8572,49.3963,13688204.0,0.0
2018-10-17,49.4943,49.7883,48.9552,49.0043,13097130.0,0.0
2018-10-18,49.0043,49.1023,48.7592,49.0043,12922328.0,0.0
2018-10-19,48.6612,49.3963,48.3182,49.2983,18817627.0,0.0
2018-10-22,49.0043,49.2983,48.7102,49.2983,5785517.0,0.0
2018-10-23,48.8082,49.0043,48.3182,48.3182,15840839.0,0.0
2018-10-24,48.3672,48.7592,48.0242,48.7592,12629291.0,0.0
2018-10-25,47.6321,47.9752,47.5341,47.7301,18281523.0,0.0
2018-10-26,47.7301,47.7301,46.064,46.456,31831116.0,0.0
2018-10-29,46.554,47.0441,46.064,46.554,17010755.0,0.0
2018-10-30,47.0931,47.4361,46.8481,47.3871,12237924.0,0.0
2018-10-31,47.4851,48.0242,47.3871,48.0242,15921106.0,0.0
2018-11-01,47.5341,47.8282,47.4361,47.7791,11696430.0,0.0
2018-11-02,47.9262,48.5142,47.4851,48.5142,11045307.0,0.0
2018-11-05,47.9262,48.6122,47.8282,48.6122,7005720.0,0.0
2018-11-06,48.7102,48.7102,48.2692,48.4162,9948915.0,0.0
2018-11-07,48.7102,49.3963,48.6122,49.1023,13446850.0,0.0
2018-11-08,49.3963,49.9843,49.1023,49.8863,19697247.0,0.0
2018-11-09,49.5923,50.0823,49.1023,49.9843,15452013.0,0.0
2018-11-12,49.7883,50.0823,49.4943,49.7883,5782420.0,0.0
2018-11-13,48.4162,49.4943,48.3672,49.2003,9518905.0,0.0
2018-11-14,49.3963,49.4943,49.2003,49.3963,5498731.0,0.0
2018-11-15,49.6903,49.8863,49.2983,49.7883,10480891.0,0.0
2018-11-16,49.7883,49.7883,49.4943,49.6903,8803564.0,0.0
2018-11-19,49.7883,49.9843,49.3963,49.9843,8806910.0,0.0
2018-11-20,49.6903,49.7883,49.2003,49.2003,7704850.0,0.0
2018-11-21,49.1023,49.4943,48.7592,49.2003,12027519.0,0.0
2018-11-22,49.3963,49.4943,49.0043,49.3963,5759477.0,0.0
2018-11-23,49.0043,49.2983,48.9062,48.9552,9293929.0,0.0
2018-11-26,48.7592,49.4943,48.4162,48.5632,24550120.0,0.0
2018-11-27,48.4162,48.5142,48.0242,48.0732,15129950.0,0.0
2018-11-28,48.0732,48.3182,47.6321,47.8282,25721630.0,0.0
2018-11-29,48.3672,48.3672,47.5831,47.5831,20156428.0,0.0
2018-11-30,47.5831,47.9752,47.5341,47.5831,25495584.0,0.0
2018-12-03,48.0242,48.2202,48.0242,48.1222,12197703.0,0.0
2018-12-04,47.1421,47.9752,47.1421,47.9752,17737219.0,0.0
2018-12-05,47.4851,47.8282,47.1911,47.4361,14115787.0,0.0
2018-12-06,47.4361,47.4851,46.9951,47.2891,16447539.0,0.0
2018-12-07,47.4851,47.4851,47.0441,47.1911,9008536.0,0.0
2018-12-10,46.6521,46.8481,46.554,46.6521,11122073.0,0.0
2018-12-11,46.603,46.7991,46.505,46.6521,10382766.0,0.0
2018-12-12,46.9951,47.0441,46.26,46.554,29189612.0,0.0
2018-12-13,46.7011,47.2891,46.6521,47.2891,14262740.0,0.0
2018-12-14,46.9461,46.9461,46.603,46.603,19203843.0,0.0
2018-12-17,46.8971,46.9951,46.603,46.7501,7840674.0,0.0
2018-12-18,46.554,46.6521,46.162,46.26,15279479.0,0.0
2018-12-19,46.505,46.505,45.868,46.309,14124206.0,0.0
2018-12-20,46.309,46.7501,45.966,46.064,14884197.0,0.0
2018-12-21,45.966,46.064,45.868,46.015,15551988.0,0.0
2018-12-24,45.77,45.868,45.2799,45.574,12050203.0,0.0
2018-12-25,45.0839,45.1819,44.9859,45.0839,9127148.0,0.0
2018-12-26,45.1329,45.4759,45.0839,45.0839,4630967.0,0.0
2018-12-27,45.574,45.77,45.3779,45.77,7896731.0,0.0
2018-12-28,45.819,46.064,45.4759,46.064,7787818.0,0.0
2019-01-02,46.26,46.309,44.9859,44.9859,12640428.0,0.0
2019-01-03,44.8879,44.9369,44.2508,44.2508,17865538.0,0.0
2019-01-04,43.8098,44.0548,43.4178,43.6628,16437225.0,0.0
2019-01-07,44.2018,44.6429,44.0548,44.2998,17653792.0,0.0
2019-01-08,44.6429,44.6919,44.2018,44.2508,7750874.0,0.0
2019-01-09,44.6919,45.1819,44.4469,45.0349,24881724.0,0.0
2019-01-10,45.0349,45.0839,44.8879,44.9369,12401297.0,0.0
2019-01-11,44.8879,45.0839,44.5939,44.6429,15257362.0,0.0
2019-01-14,44.2508,44.2508,43.5158,43.5158,23788431.0,0.0
2019-01-15,43.5158,43.5158,42.8297,42.8787,38683647.0,0.0
2019-01-16,42.8787,42.9767,42.4867,42.7317,33718755.0,0.0
2019-01-17,42.6827,43.0747,42.6337,42.9277,23339199.0,0.0
2019-01-18,43.0257,43.0257,42.4867,42.6337,25502276.0,0.0
2019-01-21,42.7807,43.1237,42.7317,42.9277,17201683.0,0.0
2019-01-22,43.0257,43.4178,43.0257,43.3198,18445404.0,0.0
2019-01-23,42.9277,43.1727,42.8787,42.8787,15744307.0,0.0
2019-01-24,42.9277,43.0257,42.6337,42.6827,17261164.0,0.0
2019-01-25,42.6827,42.9277,42.6337,42.6337,21913861.0,0.0
2019-01-28,42.7317,42.9277,42.4867,42.9277,26117518.0,0.0
2019-01-29,42.8297,43.0257,42.6827,43.0257,17598015.0,0.0
2019-01-30,42.9767,43.0257,42.7317,42.7317,29197132.0,0.0
2019-02-11,42.9767,43.1237,42.6827,42.6827,22690832.0,0.0
2019-02-12,42.7317,43.3198,42.6827,43.0257,23020670.0,0.0
2019-02-13,43.0747,43.5158,43.0257,43.4178,20258719.0,0.0
2019-02-14,43.4178,43.8098,43.3688,43.6628,20843113.0,0.0
2019-02-15,43.6628,43.7608,43.3198,43.3198,14318689.0,0.0
2019-02-18,43.4178,43.7608,43.4178,43.5158,18890223.0,0.0
2019-02-19,43.7608,43.8098,43.6138,43.7118,10539390.0,0.0
2019-02-20,43.8588,44.2998,43.8098,44.2508,17814905.0,0.0
2019-02-21,44.2508,44.4959,44.1038,44.4959,15080907.0,0.0
2019-02-22,44.3979,44.4959,44.2018,44.4959,13139250.0,0.0
2019-02-25,44.5449,44.6919,44.4959,44.6429,11564140.0,0.0
2019-02-26,44.6919,44.7409,44.5939,44.5939,15554629.0,0.0
2019-02-27,44.5939,44.6429,44.1528,44.3979,22033162.0,0.0
2019-03-04,43.0747,44.1038,43.0747,44.0058,34376034.0,0.0
2019-03-05,43.8098,44.1528,43.7118,43.7118,14810834.0,0.0
2019-03-06,44.0058,44.1038,43.8588,44.0548,9879673.0,0.0
2019-03-07,44.0058,44.0058,43.6628,43.7608,16361370.0,0.0
2019-03-08,43.7118,43.7608,43.5158,43.5648,11574919.0,0.0
2019-03-11,43.5648,43.8098,43.4178,43.5158,12625282.0,0.0
2019-03-12,43.9078,44.2998,43.8588,44.1038,15884311.0,0.0
2019-03-13,44.1038,44.2998,44.1038,44.2508,8399161.0,0.0
2019-03-14,44.2998,44.3979,44.1528,44.2018,9646795.0,0.0
2019-03-15,44.2998,44.5939,44.1528,44.5449,24017024.0,0.0
2019-03-18,44.5939,44.8879,44.5939,44.8879,14528941.0,0.0
2019-03-19,45.0839,45.868,45.0839,45.721,30131030.0,0.0
2019-03-20,45.966,46.064,45.77,46.015,22117041.0,0.0
2019-03-21,46.064,46.064,45.574,45.819,14572060.0,0.0
2019-03-22,45.819,45.819,44.9859,45.2799,25905255.0,0.0
2019-03-25,44.5449,44.5939,44.3979,44.4959,18529579.0,0.0
2019-03-26,44.4959,44.6429,44.2508,44.3489,17825202.0,0.0
2019-03-27,44.1038,44.1038,43.6138,43.6138,29952636.0,0.0
2019-03-28,43.4178,43.4178,43.1237,43.1237,35956195.0,0.0
2019-03-29,43.2708,44.0548,43.2218,44.0548,23108226.0,0.0
2019-04-01,44.0548,44.2018,43.6138,43.6138,15181113.0,0.0
2019-04-02,44.0058,44.2018,43.8588,43.9078,10361403.0,0.0
2019-04-03,44.1038,44.1038,43.8588,43.9078,12858391.0,0.0
2019-04-08,43.8098,43.8098,43.4178,43.4178,36409436.0,0.0
2019-04-09,43.3198,43.5648,43.2708,43.4178,27581627.0,0.0
2019-04-10,43.3198,43.5158,43.2218,43.3198,22269243.0,0.0
2019-04-11,43.4668,43.8098,43.2708,43.2708,24426375.0,0.0
2019-04-12,43.2708,43.4178,43.2218,43.2218,15281725.0,0.0
2019-04-15,43.4668,43.4668,43.2708,43.2708,16120608.0,0.0
2019-04-16,43.2218,43.2708,43.1237,43.2218,20460080.0,0.0
2019-04-17,43.2218,43.3688,43.1237,43.2218,18668088.0,0.0
2019-04-18,43.2708,43.3198,43.1237,43.3198,15226426.0,0.0
2019-04-19,43.5158,43.6138,43.4178,43.4668,8106474.0,0.0
2019-04-22,43.6628,43.6628,43.4668,43.4668,5310644.0,0.0
2019-04-23,43.5158,43.5158,43.3198,43.4668,9934527.0,0.0
2019-04-24,43.6138,43.6138,43.4178,43.4178,8390180.0,0.0
2019-04-25,43.5648,43.7118,43.4668,43.4668,13777984.0,0.0
2019-04-26,43.4668,43.6138,43.4178,43.6138,8837899.0,0.0
2019-04-29,43.5158,43.9078,43.5158,43.7118,14098126.0,0.0
2019-04-30,43.8098,43.9078,43.6138,43.8098,13343062.0,0.0
2019-05-02,43.8098,44.7409,43.8098,44.7409,32878638.0,0.0
2019-05-03,44.7409,44.7899,44.2508,44.5449,24359750.0,0.0
2019-05-06,43.7608,43.8098,43.4178,43.6138,24431542.0,0.0
2019-05-07,43.7118,43.7118,43.4668,43.4668,14563318.0,0.0
2019-05-08,43.2708,43.3198,43.1237,43.1727,16571400.0,0.0
2019-05-09,43.1237,43.1237,42.6337,42.6337,32535613.0,0.0
2019-05-10,42.7317,42.8787,42.3397,42.3397,23404740.0,0.0
2019-05-13,42.2417,42.2907,41.1146,41.1146,41637938.0,0.0
2019-05-14,39.3014,39.8405,39.3014,39.6444,77455988.0,0.0
2019-05-15,39.7425,40.5755,39.7425,40.1345,26943902.0,0.0
2019-05-16,40.0855,40.1345,39.2034,39.2034,35932580.0,0.0
2019-05-17,39.3994,39.6444,39.1054,39.2034,30048767.0,0.0
2019-05-20,39.4484,39.6444,39.3014,39.3994,16002561.0,0.0
2019-05-21,39.6934,40.6735,39.3014,40.6735,29682454.0,0.0
2019-05-22,40.4285,40.4285,40.0855,40.3305,17936488.0,0.0
2019-05-23,40.1835,40.3305,39.9875,40.1835,13229106.0,0.0
2019-05-24,40.1835,40.3795,39.7915,39.7915,19278654.0,0.0
2019-05-27,39.8405,40.1835,39.6934,39.9385,9568510.0,0.0
2019-05-28,39.9385,40.0855,39.5464,39.5464,89491332.0,0.0
2019-05-29,39.5464,39.6934,39.4974,39.4974,13703052.0,0.0
2019-05-30,39.4974,39.7915,39.4974,39.6934,13980570.0,0.0
2019-05-31,39.7425,40.2815,39.6934,39.9875,21671586.0,0.0
2019-06-03,40.0365,40.3795,39.6934,40.2325,9354616.0,0.0
2019-06-04,40.8205,40.8205,40.4285,40.6245,16193449.0,0.0
2019-06-05,40.7225,40.7715,40.2815,40.2815,12958077.0,0.0
2019-06-06,40.1835,40.1835,39.8405,39.9385,12105153.0,0.0
2019-06-10,40.4775,40.6245,40.1835,40.5265,17392431.0,0.0
2019-06-11,40.5755,41.2616,40.5755,41.2616,24543480.0,0.0
2019-06-12,41.2126,41.2616,40.9186,41.0656,11773998.0,0.0
2019-06-13,41.0166,41.0166,40.5265,40.8205,14758653.0,0.0
2019-06-14,40.7225,40.7225,40.4775,40.4775,9986530.0,0.0
2019-06-17,40.4775,41.0656,40.4285,40.8205,9989991.0,0.0
2019-06-18,40.9676,41.3596,40.9186,41.3596,12938398.0,0.0
2019-06-19,41.4086,41.7516,41.3596,41.7026,19927351.0,0.0
2019-06-20,41.8496,41.8496,41.4576,41.7026,12293118.0,0.0
2019-06-21,41.7026,41.7026,41.4576,41.4576,15355015.0,0.0
2019-06-24,41.4576,41.7026,41.2126,41.7026,10713648.0,0.0
2019-06-25,41.7026,41.8496,41.6046,41.7516,9743024.0,0.0
2019-06-26,41.8496,42.0457,41.7516,41.8986,12032667.0,0.0
2019-06-27,41.8986,42.4867,41.8986,42.3397,28677689.0,0.0
2019-06-28,42.3397,42.5357,42.1437,42.1437,31228224.0,0.0
2019-07-01,41.1636,41.8496,41.1636,41.8496,29685233.0,1.4701
2019-07-02,41.7516,41.9476,41.4576,41.8006,15209301.0,0.0
2019-07-03,41.7026,41.7026,41.3596,41.4086,15567667.0,0.0
2019-07-04,41.6046,41.9476,41.4576,41.6536,11045983.0,0.0
2019-07-05,41.7026,41.7516,41.3596,41.5066,9340845.0,0.0
2019-07-08,41.3596,41.4576,40.9676,41.1146,14099512.0,0.0
2019-07-09,41.1636,41.2126,40.8695,41.0166,9090509.0,0.0
2019-07-10,41.2616,41.4086,41.0656,41.3596,13884566.0,0.0
2019-07-11,41.3596,41.4086,41.0656,41.1146,10545786.0,0.0
2019-07-12,41.0656,41.1146,40.7715,40.7715,14424067.0,0.0
2019-07-15,40.8205,41.0656,40.6735,40.8205,13329018.0,0.0
2019-07-16,40.8205,40.8695,40.6735,40.7225,15635849.0,0.0
2019-07-17,40.6245,40.6735,40.4775,40.4775,20158653.0,0.0
2019-07-18,40.5755,40.5755,40.2325,40.2815,15746611.0,0.0
2019-07-19,40.5265,40.5755,40.2325,40.2325,12198066.0,0.0
2019-07-22,40.2815,40.5755,40.2325,40.5755,13482233.0,0.0
2019-07-23,40.4775,40.5265,40.3795,40.3795,10103712.0,0.0
2019-07-24,40.3795,40.5755,40.2815,40.3305,11499042.0,0.0
2019-07-25,40.3305,40.4775,40.2815,40.3795,8298549.0,0.0
2019-07-26,40.3795,40.4285,40.2815,40.3305,7308132.0,0.0
2019-07-29,40.2815,40.5265,40.2815,40.3795,7543711.0,0.0
2019-07-30,40.3795,40.4775,40.2815,40.2815,7382518.0,0.0
2019-07-31,40.2325,40.2815,39.9875,39.9875,16043855.0,0.0
2019-08-01,39.7425,39.8895,39.6444,39.6934,15481540.0,0.0
2019-08-02,39.3504,39.3994,39.2034,39.3014,23361275.0,0.0
2019-08-05,39.2034,39.2524,39.1544,39.1544,19633356.0,0.0
2019-08-06,38.7134,39.3014,38.3213,39.1054,19841219.0,0.0
2019-08-07,39.1054,39.1054,38.8114,39.0074,22777312.0,0.0
2019-08-08,39.0564,39.3504,39.0564,39.1544,8815942.0,0.0
2019-08-12,39.1544,39.5954,39.0564,39.2034,15882941.0,0.0
2019-08-13,39.1544,39.2034,39.0074,39.0074,18178190.0,0.0
2019-08-14,39.2034,39.2524,38.9584,38.9584,10542690.0,0.0
2019-08-15,38.7134,38.7134,38.5173,38.5663,19149241.0,0.0
2019-08-16,38.3213,39.2034,38.0763,38.7624,51557834.0,0.0
2019-08-19,39.0074,39.2524,38.8114,39.2034,14870949.0,0.0
2019-08-20,39.1544,39.1544,38.9094,38.9094,14433059.0,0.0
2019-08-21,38.9094,38.9584,38.7134,38.7134,9770913.0,0.0
2019-08-22,38.7134,38.9094,38.6154,38.6644,9361429.0,0.0
2019-08-23,38.7134,39.1054,38.7134,39.0564,8567699.0,0.0
2019-08-26,38.7134,38.8114,38.5173,38.7134,11070368.0,0.0
2019-08-27,38.9094,39.0074,38.8604,38.9584,18208063.0,0.0
2019-08-28,39.0074,39.2034,38.9584,39.1544,9186554.0,0.0
2019-08-29,39.1054,39.1054,38.6644,38.7134,10645833.0,0.0
2019-08-30,38.9094,39.3504,38.7624,39.3504,18608676.0,0.0
2019-09-02,39.3014,39.3504,39.1544,39.1544,6576271.0,0.0
2019-09-03,39.1054,39.3504,39.0074,39.0074,9109518.0,0.0
2019-09-04,38.9094,39.3014,38.9094,39.1544,9594302.0,0.0
2019-09-05,39.2034,39.6934,39.2034,39.6934,19314832.0,0.0
2019-09-06,39.6934,40.0855,39.5464,39.9875,17413772.0,0.0
2019-09-10,40.3795,40.6735,40.3305,40.5755,15902608.0,0.0
2019-09-11,40.7715,40.7715,40.3795,40.5755,16899326.0,0.0
2019-09-12,40.6735,40.7715,40.5755,40.6735,15516663.0,0.0
2019-09-16,40.6735,40.8205,40.6735,40.7225,10562797.0,0.0
2019-09-17,40.7715,40.8695,40.5755,40.8205,14069017.0,0.0
2019-09-18,40.8695,40.9186,40.7715,40.9186,10739865.0,0.0
2019-09-19,40.9676,41.0166,40.8695,41.0166,11745798.0,0.0
2019-09-20,41.0166,41.1146,40.5755,40.7225,20216999.0,0.0
2019-09-23,40.6245,40.6735,40.3305,40.3305,7516699.0,0.0
2019-09-24,40.3305,40.7715,40.2325,40.7715,11870469.0,0.0
2019-09-25,40.7225,40.8205,40.3305,40.6245,10180121.0,0.0
2019-09-26,40.4775,40.9186,40.3795,40.3795,12074087.0,0.0
2019-09-27,40.3795,40.4285,40.0855,40.0855,12065739.0,0.0
2019-10-01,40.4285,40.6735,40.2325,40.4285,12171203.0,0.0
2019-10-02,40.0855,40.2815,40.0855,40.0855,9306604.0,0.0
2019-10-03,39.6934,39.6934,39.4974,39.4974,12955929.0,0.0
2019-10-04,39.4974,39.7915,39.4484,39.7915,9708754.0,0.0
2019-10-07,39.7915,39.8405,39.4974,39.5954,6401909.0,0.0
2019-10-08,39.5954,40.0855,39.5464,39.6934,12859391.0,0.0
2019-10-09,39.6934,39.8895,39.6444,39.7425,8308575.0,0.0
2019-10-14,40.0718,40.1703,40.0226,40.0226,14447034.0,0.0
2019-10-15,40.0718,40.1703,39.9241,39.9241,12824990.0,0.0
2019-10-16,39.9733,40.5641,39.9733,40.4656,21298633.0,0.0
2019-10-17,40.4656,40.6625,40.2195,40.6625,15953143.0,0.0
2019-10-18,40.6625,40.6625,40.3179,40.6625,20787831.0,0.0
2019-10-21,40.5641,40.6625,40.4656,40.6625,9568393.0,0.0
2019-10-22,40.761,40.9579,40.6133,40.8594,16710806.0,0.0
2019-10-23,40.5149,40.5641,40.3179,40.3179,14987179.0,0.0
2019-10-24,40.3179,40.5149,40.3179,40.5149,12302348.0,0.0
2019-10-25,40.5641,40.6625,40.3672,40.3672,11956621.0,0.0
2019-10-28,40.4656,40.5641,40.3672,40.3672,12848878.0,0.0
2019-10-29,40.4656,40.5641,40.3672,40.5149,13374650.0,0.0
2019-10-30,40.5149,40.5641,40.1703,40.2195,20828251.0,0.0
2019-10-31,40.3179,40.3179,39.678,39.678,28247067.0,0.0
2019-11-01,39.678,39.8257,39.4811,39.4811,21258589.0,0.0
2019-11-04,39.678,40.3179,39.5795,40.3179,18464053.0,0.0
2019-11-05,40.4656,40.8102,40.4656,40.8102,27320537.0,0.0
2019-11-06,40.9087,42.3363,40.8594,42.3363,81779388.0,0.0
2019-11-07,42.5332,43.0747,42.1886,42.2378,47911628.0,0.0
2019-11-08,42.5332,42.5824,41.844,42.0409,24270883.0,0.0
2019-11-11,42.0409,42.1394,41.401,41.5979,23695215.0,0.0
2019-11-12,41.9425,42.484,41.9425,42.1394,22946121.0,0.0
2019-11-13,41.9425,42.0902,41.6471,41.6963,12475221.0,0.0
2019-11-14,41.6963,41.6963,41.401,41.4994,10859721.0,0.0
2019-11-15,41.844,41.9917,41.6471,41.8932,12693904.0,0.0
2019-11-18,41.9425,42.1394,41.9425,42.0902,14811028.0,0.0
2019-11-19,41.9425,42.0902,41.6471,42.0409,13049008.0,0.0
2019-11-20,41.7456,41.7948,41.5486,41.6471,12288173.0,0.0
2019-11-21,41.4502,41.4994,41.2533,41.401,12209530.0,0.0
2019-11-22,41.4502,41.7456,41.3025,41.7456,8556378.0,0.0
2019-11-25,41.844,41.8932,41.7456,41.844,14261935.0,0.0
2019-11-26,41.8932,41.9425,41.3517,41.3517,44250495.0,0.0
2019-11-27,41.4994,41.6471,41.401,41.6471,9351897.0,0.0
2019-11-28,41.6963,41.844,41.5486,41.6963,10694249.0,0.0
2019-11-29,41.5979,41.6471,41.0564,41.0564,18534369.0,0.0
2019-12-02,41.0564,41.1548,40.8594,41.0071,10277373.0,0.0
2019-12-03,40.9087,41.3025,40.9087,41.1056,7636373.0,0.0
2019-12-04,40.761,40.761,40.5149,40.6625,40372916.0,0.0
2019-12-05,40.7118,41.0564,40.7118,40.8594,22383262.0,0.0
2019-12-06,40.8102,40.8594,40.5149,40.6133,17265662.0,0.0
2019-12-09,40.6133,40.7118,40.6133,40.6625,11147395.0,0.0
2019-12-10,40.7118,41.0564,40.7118,41.0564,14553020.0,0.0
2019-12-11,41.1056,41.7456,41.0564,41.7456,31501857.0,0.0
2019-12-12,41.8932,42.0409,41.7456,41.7948,23305428.0,0.0
2019-12-13,42.0409,42.3363,41.8932,42.2378,38846208.0,0.0
2019-12-16,42.3363,42.3855,42.0902,42.2378,123628.0,0.0
2019-12-17,42.2378,42.2871,41.9917,42.2871,16672689.0,0.0
2019-12-18,42.2871,42.3363,42.0902,42.3363,19479409.0,0.0
2019-12-19,42.3363,42.3363,41.9425,42.0409,13688397.0,0.0
2019-12-20,42.0409,42.1394,41.844,42.1394,16353042.0,0.0
2019-12-23,41.9917,42.1394,41.9917,42.1394,8823191.0,0.0
2019-12-24,42.1394,42.1394,41.9425,41.9917,5617736.0,0.0
2019-12-25,41.9917,42.0902,41.8932,41.9425,5581596.0,0.0
2019-12-26,41.9425,42.0902,41.844,41.9917,5887206.0,0.0
2019-12-27,42.1394,42.1394,41.8932,42.0409,9000855.0,0.0
2019-12-30,42.0409,42.0409,41.844,42.0409,9930513.0,0.0
2019-12-31,41.9425,41.9917,41.8932,41.8932,6986097.0,0.0
2020-01-02,41.9425,42.0409,41.844,41.8932,7392750.0,0.0
2020-01-03,41.9917,42.1886,41.8932,42.1394,13425230.0,0.0
2020-01-06,41.9425,41.9425,41.5979,41.5979,15883432.0,0.0
2020-01-07,41.5979,41.7456,41.4502,41.5486,9816891.0,0.0
2020-01-08,41.3517,41.3517,41.1548,41.1548,16380912.0,0.0
2020-01-09,41.3517,41.401,41.204,41.3517,11659028.0,0.0
2020-01-10,41.3517,41.4502,41.3025,41.401,16137306.0,0.0
2020-01-13,41.7456,42.2378,41.7456,42.1886,25350137.0,0.0
2020-01-14,42.3855,42.3855,41.9917,42.1886,19698661.0,0.0
2020-01-15,42.3363,42.3363,42.0409,42.2378,12171483.0,0.0
2020-01-16,42.1394,42.2871,42.0409,42.2871,11552510.0,0.0
2020-01-17,42.3363,42.4348,42.2378,42.4348,14772586.0,0.0
2020-01-20,42.4348,42.484,42.3363,42.4348,14314647.0,0.0
2020-01-30,41.3025,41.3025,39.9241,39.9733,61671017.0,0.0
2020-01-31,40.0226,40.5149,39.9241,40.0226,24976206.0,0.0
2020-02-03,39.3826,39.6287,39.038,39.5795,27820295.0,0.0
2020-02-04,42.3363,42.3855,40.0718,40.0718,16549102.0,0.0
2020-02-05,40.1703,40.3672,39.8749,40.3179,14829688.0,0.0
2020-02-06,40.4656,40.8594,40.4656,40.8594,15154815.0,0.0
2020-02-07,40.5149,40.5641,40.2687,40.4164,13662869.0,0.0
2020-02-10,40.0718,40.3179,39.9241,40.2687,11073909.0,0.0
2020-02-11,40.7118,41.1548,40.7118,41.0071,18565231.0,0.0
2020-02-12,41.2533,41.401,41.0071,41.1548,16864630.0,0.0
2020-02-13,41.2533,41.3025,40.9087,40.9579,9441940.0,0.0
2020-02-14,40.8594,41.0564,40.8102,41.0071,6613710.0,0.0
2020-02-17,40.8594,40.8594,40.6625,40.761,8668219.0,0.0
2020-02-18,40.7118,40.8594,40.5149,40.8594,8510458.0,0.0
2020-02-19,40.9087,41.1548,40.7118,41.1056,9802785.0,0.0
2020-02-20,41.1548,41.2533,40.9087,40.9579,10242025.0,0.0
2020-02-21,40.761,40.8594,40.6625,40.6625,9910266.0,0.0
2020-02-24,40.3672,40.4656,40.121,40.2195,19398898.0,0.0
2020-02-25,39.8749,40.2195,39.8257,40.0718,12287138.0,0.0
2020-02-26,39.7764,40.121,39.678,40.0226,15934634.0,0.0
2020-02-27,40.0718,40.121,39.3826,39.4318,39479261.0,0.0
2020-03-02,38.398,39.3826,38.398,38.8903,46891499.0,0.0
2020-03-03,39.1857,39.3826,39.1857,39.1857,23007959.0,0.0
2020-03-04,39.038,39.2841,38.9888,39.1365,17338253.0,0.0
2020-03-05,39.4811,39.5795,39.3826,39.5303,10646513.0,0.0
2020-03-06,39.2349,39.3334,38.8903,38.8903,32086299.0,0.0
2020-03-09,38.398,38.398,37.7088,37.955,50571200.0,0.0
2020-03-10,37.7088,38.6934,37.7088,38.398,30738533.0,0.0
2020-03-11,38.398,38.5457,37.955,38.0042,27541837.0,0.0
2020-03-12,37.9058,37.9058,36.9212,36.9212,52324330.0,0.0
2020-03-13,35.149,36.4289,34.4598,36.4289,57104025.0,0.0
2020-03-16,36.1335,36.1335,35.149,35.2474,36706020.0,0.0
2020-03-17,34.4598,34.8536,34.2629,34.4598,47849381.0,0.0
2020-03-18,34.509,34.6075,34.0167,34.1152,36845628.0,0.0
2020-03-19,33.5244,33.7214,33.2783,33.4752,51954718.0,0.0
2020-03-20,33.8198,35.2474,33.8198,34.5582,46943429.0,0.0
2020-03-23,33.6229,34.1644,33.426,33.6229,20518845.0,0.0
2020-03-24,34.2629,34.7551,34.1152,34.1152,24004315.0,0.0
2020-03-25,34.8044,35.2474,34.5582,34.7551,24408085.0,0.0
2020-03-26,35.0013,35.0013,34.509,34.7059,15273228.0,0.0
2020-03-27,35.2474,35.4936,35.0505,35.2474,24391259.0,0.0
2020-03-30,34.6567,35.2474,34.4598,35.2474,14664007.0,0.0
2020-03-31,35.4443,35.5428,34.6567,34.7551,22425024.0,0.0
2020-04-01,34.8044,35.0505,34.6075,34.7059,10640702.0,0.0
2020-04-06,35.2967,35.3459,34.4598,34.509,28230669.0,0.0
2020-04-07,34.9521,35.0505,34.3613,34.8044,21929367.0,0.0
2020-04-08,34.8044,35.3951,34.7551,35.1982,19465919.0,0.0
2020-04-09,35.5428,35.7397,35.4936,35.6413,14441600.0,0.0
2020-04-10,36.0351,37.4135,36.0351,37.2166,31247482.0,0.0
2020-04-13,37.315,37.3642,36.675,36.8227,14744039.0,0.0
2020-04-14,36.9212,37.5119,36.8227,37.4135,21227833.0,0.0
2020-04-15,37.6596,37.7581,37.4627,37.7088,17927956.0,0.0
2020-04-16,37.2166,37.2658,37.0196,37.2166,19140396.0,0.0
2020-04-17,37.5119,38.1519,37.5119,37.6104,22838891.0,0.0
2020-04-20,37.6104,37.7088,37.3642,37.4135,9952311.0,0.0
2020-04-21,37.315,37.3642,36.3304,36.4289,20360833.0,0.0
2020-04-22,36.1335,36.6258,35.9859,36.6258,13359107.0,0.0
2020-04-23,36.4781,37.0196,36.4289,36.675,10472772.0,0.0
2020-04-24,36.7243,36.7735,36.4289,36.4781,6713453.0,0.0
2020-04-27,36.9212,37.4135,36.7735,37.4135,14785698.0,0.0
2020-04-28,37.6104,37.6104,37.315,37.4135,11528771.0,0.0
2020-04-29,37.5612,38.2996,37.5612,37.8565,22323431.0,0.0
2020-04-30,38.6442,39.2841,38.5949,39.2841,42980453.0,0.0
2020-05-04,38.398,38.5457,37.9058,38.2011,30733671.0,0.0
2020-05-05,38.398,38.5949,38.2011,38.2996,11430325.0,0.0
2020-05-06,38.2996,38.4473,37.9058,38.2011,13443398.0,0.0
2020-05-07,38.2011,38.6442,38.2011,38.2504,11933171.0,0.0
2020-05-08,38.6442,38.8903,38.4473,38.6442,11627361.0,0.0
2020-05-11,38.8903,39.2841,38.8903,38.9888,14271964.0,0.0
2020-05-12,38.7919,39.0872,38.6934,38.9888,12791557.0,0.0
2020-05-13,38.7919,38.9395,38.7426,38.9395,9747107.0,0.0
2020-05-14,38.7426,38.8903,38.4965,38.5457,11047848.0,0.0
2020-05-15,38.7426,38.8903,38.2504,38.4473,11278879.0,0.0
2020-05-18,38.398,38.5457,38.2996,38.398,8253674.0,0.0
2020-05-19,39.038,39.038,38.6934,38.8411,14757286.0,0.0
2020-05-20,38.9888,39.1857,38.8903,39.038,13787454.0,0.0
2020-05-21,39.038,39.3334,38.9888,39.3334,13040261.0,0.0
2020-05-22,39.1857,39.2349,38.5949,38.6442,14361513.0,0.0
2020-05-25,38.6934,38.8903,38.2504,38.5457,7720997.0,0.0
2020-05-26,38.6442,39.4811,38.5457,39.2841,27057738.0,0.0
2020-05-27,39.4811,39.678,39.3826,39.5303,12414768.0,0.0
2020-05-28,39.678,39.678,38.8411,38.8903,20282900.0,0.0
2020-05-29,38.6934,39.4318,38.5949,39.4318,31900328.0,0.0
2020-06-01,39.5795,39.8257,39.4811,39.6287,16612810.0,0.0
2020-06-02,39.6287,39.8257,39.6287,39.7272,18074280.0,0.0
2020-06-03,40.0718,40.761,39.9733,40.761,41188211.0,0.0
2020-06-04,40.9087,41.0564,40.7118,40.9087,28539140.0,0.0
2020-06-05,40.9087,41.1056,40.6133,40.9579,17042577.0,0.0
2020-06-08,41.1056,41.3517,41.0071,41.2533,23519113.0,0.0
2020-06-09,41.3025,41.4502,41.1548,41.3517,19873713.0,0.0
2020-06-10,41.3517,41.844,41.2533,41.6963,20147816.0,0.0
2020-06-11,41.6963,41.8932,40.3672,40.3672,38935764.0,0.0
2020-06-12,39.7272,40.1703,39.6287,40.0718,22301046.0,0.0
2020-06-15,40.1703,41.0564,40.0718,40.2687,22430147.0,0.0
2020-06-16,40.761,41.3517,40.7118,41.2533,23659268.0,0.0
2020-06-17,41.3517,41.5979,41.1056,41.5486,23513887.0,0.0
2020-06-18,41.5979,41.6471,41.1056,41.4994,19512565.0,0.0
2020-06-19,41.5486,41.5486,41.3025,41.4502,20874014.0,0.0
2020-06-22,41.4502,41.4994,41.3025,41.4502,14119496.0,0.0
2020-06-23,41.6963,41.7456,41.3517,41.6471,19851053.0,0.0
2020-06-24,41.6963,41.7456,41.5486,41.5486,15888888.0,0.0
2020-06-29,41.3025,41.3517,41.1548,41.2533,21684507.0,0.0
2020-06-30,41.3517,41.4502,41.204,41.204,42349744.0,0.0
2020-07-01,39.4811,39.8749,39.3826,39.7272,23490290.0,1.9691
2020-07-02,39.7764,39.8749,39.678,39.678,12157657.0,0.0
2020-07-03,39.9733,40.121,39.7764,40.121,12841120.0,0.0
2020-07-06,40.121,40.6625,40.121,40.6133,21555780.0,0.0
2020-07-07,40.7118,40.761,40.2687,40.3179,18609068.0,0.0
2020-07-08,40.2687,40.4656,40.121,40.3179,13380206.0,0.0
2020-07-09,40.2687,40.6133,39.9733,39.9733,16492496.0,0.0
2020-07-10,40.0718,40.0718,39.6287,39.6287,12707435.0,0.0
2020-07-13,40.1703,40.3179,39.8749,40.3179,13946434.0,0.0
2020-07-14,39.9733,40.2195,39.9733,40.0718,10870786.0,0.0
2020-07-15,40.3179,40.3179,39.9733,40.0226,13633249.0,0.0
2020-07-16,40.121,40.2195,39.9241,39.9241,13059330.0,0.0
2020-07-17,40.2195,40.2687,39.8749,39.8749,11105001.0,0.0
2020-07-20,39.8749,40.0718,39.7272,39.7764,9468554.0,0.0
2020-07-21,40.0226,40.1703,39.7764,39.7764,20739590.0,0.0
2020-07-22,39.8257,40.121,39.8257,40.0226,12888282.0,0.0
2020-07-23,39.9733,39.9733,39.678,39.7272,11481622.0,0.0
2020-07-24,39.5795,39.7272,39.4811,39.4811,13663923.0,0.0
2020-07-27,39.4318,39.7764,39.1365,39.1365,18084477.0,0.0
2020-07-28,38.9888,39.3826,38.9888,39.038,20217850.0,0.0
2020-07-29,39.2841,39.7764,39.1857,39.4811,15827693.0,0.0
2020-07-30,39.8257,39.8257,39.1857,39.4811,17770835.0,0.0
2020-07-31,39.3334,39.3334,38.9888,38.9888,21847811.0,0.0
2020-08-03,38.9888,39.038,38.5949,38.6442,22426638.0,0.0
2020-08-04,38.7426,39.1857,38.6934,39.1857,8793114.0,0.0
2020-08-05,39.2349,39.3334,38.9888,39.2349,9394278.0,0.0
2020-08-06,39.3334,39.678,39.2841,39.5795,12094481.0,0.0
2020-08-07,39.5795,39.5795,39.2349,39.2349,10408151.0,0.0
2020-08-10,39.2349,39.8749,39.2349,39.8257,14471660.0,0.0
2020-08-11,39.3826,39.5303,39.2841,39.3334,19060611.0,0.0
2020-08-12,39.3334,39.8257,39.3334,39.8257,17586169.0,0.0
2020-08-13,39.8749,40.0718,39.7764,40.0718,15897788.0,0.0
2020-08-14,39.8257,39.8749,39.4811,39.678,7904295.0,0.0
2020-08-17,39.7272,40.1703,39.5795,40.0718,11593048.0,0.0
2020-08-18,39.9733,39.9733,39.7764,39.9733,7047319.0,0.0
2020-08-19,40.121,40.3672,39.9241,39.9241,18445639.0,0.0
2020-08-20,39.8257,39.8749,38.9888,39.1857,24373881.0,0.0
2020-08-21,39.2841,39.4318,39.1365,39.2349,10265109.0,0.0
2020-08-24,39.2841,39.3826,39.1857,39.2841,6538817.0,0.0
2020-08-25,39.2841,39.9241,39.2349,39.8749,15763076.0,0.0
2020-08-26,39.6287,39.9241,39.4811,39.9241,13560037.0,0.0
2020-08-27,39.9241,39.9241,39.3826,39.3826,11316338.0,0.0
2020-08-28,39.3826,39.5303,39.2841,39.3334,14019851.0,0.0
2020-08-31,39.4318,39.5795,39.1365,39.2349,20985063.0,0.0
2020-09-01,39.2841,39.3334,39.038,39.2349,14916334.0,0.0
2020-09-02,39.3334,39.3334,38.8903,38.9395,17446393.0,0.0
2020-09-03,39.0872,39.3826,38.9888,39.2349,14731876.0,0.0
2020-09-04,38.8903,39.038,38.6934,38.8411,15738696.0,0.0
2020-09-07,38.8411,39.038,38.7426,38.7426,11180561.0,0.0
2020-09-08,38.7919,38.9888,38.7426,38.9395,9386370.0,0.0
2020-09-09,38.7426,38.8903,38.4965,38.8411,13015832.0,0.0
2020-09-10,38.9395,39.1857,38.7426,39.1365,11347977.0,0.0
2020-09-11,39.1857,39.3826,39.038,39.2841,13106978.0,0.0
2020-09-14,39.2841,39.4811,39.1365,39.4811,11858927.0,0.0
2020-09-15,39.4318,39.4811,39.2841,39.4811,11146480.0,0.0
2020-09-16,39.4811,39.5795,39.3334,39.5795,14207061.0,0.0
2020-09-17,39.3826,39.4811,39.038,39.038,18526949.0,0.0
2020-09-18,39.0872,39.1857,38.8903,38.8903,20200487.0,0.0
2020-09-21,38.8411,38.8903,38.4965,38.4965,21438710.0,0.0
2020-09-22,38.4965,38.5457,38.2011,38.398,15178093.0,0.0
2020-09-23,38.398,38.398,38.1027,38.398,17036984.0,0.0
2020-09-24,38.2011,38.2011,37.4135,37.4135,27214913.0,0.0
2020-09-25,37.4627,37.7581,37.4135,37.5119,13102353.0,0.0
2020-09-28,37.6104,37.955,37.6104,37.955,8965780.0,0.0
2020-09-29,38.0534,38.2011,38.0042,38.1027,7841513.0,0.0
2020-09-30,38.2504,38.2996,38.0042,38.0042,9213077.0,0.0
2020-10-05,38.1027,38.2011,37.8073,37.8565,9075184.0,0.0
2020-10-06,38.0042,38.2011,37.9058,38.0534,8057054.0,0.0
2020-10-07,38.0042,38.1519,38.0042,38.0042,7724689.0,0.0
2020-10-08,38.0042,38.0534,37.8073,37.8565,13683679.0,0.0
2020-10-12,38.0042,38.1027,37.7088,38.0042,11545420.0,0.0
2020-10-13,38.0534,38.1027,37.7581,37.8565,10529535.0,0.0
2020-10-14,37.8565,38.2996,37.8565,38.0042,12675727.0,0.0
2020-10-15,37.8565,38.0042,37.6104,37.6104,15106375.0,0.0
2020-10-16,37.6596,37.7581,37.5612,37.5612,11144273.0,0.0
2020-10-19,37.6596,37.955,37.6596,37.8073,7549990.0,0.0
2020-10-20,37.8073,37.8565,37.6104,37.8565,8971260.0,0.0
2020-10-21,37.8565,37.955,37.7088,37.8073,9210896.0,0.0
2020-10-22,37.7581,38.0042,37.7088,37.9058,17874135.0,0.0
2020-10-23,37.9058,38.0042,37.8073,38.0042,8453891.0,0.0
2020-10-26,38.0042,38.398,38.0042,38.3488,11012849.0,0.0
2020-10-27,38.1027,38.2011,37.955,38.0042,6085604.0,0.0
2020-10-28,38.0042,38.1027,37.8073,38.0042,10428548.0,0.0
2020-10-29,37.6596,37.7088,37.5612,37.5612,15628168.0,0.0
2020-10-30,37.5612,37.955,37.5612,37.8073,18396024.0,0.0
2020-11-02,37.8073,38.0534,37.7088,38.0534,8570256.0,0.0
2020-11-03,38.1519,38.3488,38.1519,38.2996,10631217.0,0.0
2020-11-04,37.955,38.5457,37.955,38.5457,17066484.0,0.0
2020-11-05,38.5949,38.6442,38.2996,38.5949,9490354.0,0.0
2020-11-06,38.5949,38.6934,38.398,38.6934,8216506.0,0.0
2020-11-09,38.8903,39.0872,38.7426,38.9888,15767722.0,0.0
2020-11-10,39.1857,39.7764,39.1857,39.7764,49423152.0,0.0
2020-11-11,39.9733,40.6133,39.9241,40.6133,48836899.0,0.0
2020-11-12,40.5149,40.5149,39.5795,39.9241,23884088.0,0.0
2020-11-13,39.8749,39.9733,39.7764,39.9241,11898825.0,0.0
2020-11-16,40.3179,40.3672,40.0718,40.3179,18074035.0,0.0
2020-11-17,40.6625,40.8594,40.4164,40.8594,42039690.0,0.0
2020-11-18,41.1548,41.204,40.9087,41.1548,32625915.0,0.0
2020-11-19,41.1548,41.1548,40.761,40.8594,18057941.0,0.0
2020-11-20,40.8594,40.8594,40.3672,40.6625,20674811.0,0.0
2020-11-23,40.8102,41.1548,40.761,41.0564,17231254.0,0.0
2020-11-24,41.1056,41.1548,40.8594,40.8594,11149344.0,0.0
2020-11-25,41.1056,41.1548,40.8102,40.8102,15665342.0,0.0
2020-11-26,40.9087,41.0564,40.6625,40.8594,14033196.0,0.0
2020-11-27,40.761,40.9579,40.6133,40.7118,14264121.0,0.0
2020-11-30,40.8102,40.8594,39.7764,39.7764,53258188.0,0.0
2020-12-01,39.9733,40.121,39.7272,40.0718,17674454.0,0.0
2020-12-02,39.8749,40.0226,39.8257,39.8749,21383574.0,0.0
2020-12-03,39.8257,39.9733,39.678,39.678,25529242.0,0.0
2020-12-04,39.6287,40.121,39.5795,40.121,28784118.0,0.0
2020-12-07,40.2195,40.3179,39.8749,40.3179,26710327.0,0.0
2020-12-08,39.9241,40.3179,39.7272,40.3179,22015060.0,0.0
2020-12-09,40.2195,40.3672,39.9733,40.3672,20252057.0,0.0
2020-12-10,40.3672,40.8102,40.1703,40.8102,32215119.0,0.0
2020-12-11,41.0564,41.4994,40.9579,41.3025,49054031.0,0.0
2020-12-14,41.3517,41.4502,41.0071,41.1548,25094516.0,0.0
2020-12-15,41.0564,41.1548,40.2687,40.4656,21823231.0,0.0
2020-12-16,40.6133,40.9087,40.5641,40.9087,15757632.0,0.0
2020-12-17,40.8594,40.9087,40.5149,40.7118,12442302.0,0.0
2020-12-18,40.7118,40.8594,40.4164,40.5641,16577821.0,0.0
2020-12-21,40.7118,40.9087,40.4164,40.9087,12718730.0,0.0
2020-12-22,40.8102,40.8102,40.4164,40.4164,10423803.0,0.0
2020-12-23,40.3179,40.4656,40.2195,40.3179,8133955.0,0.0
2020-12-24,40.4164,40.6133,40.3179,40.3672,8882550.0,0.0
2020-12-25,40.5641,40.5641,40.3672,40.5149,5684160.0,0.0
2020-12-28,40.5641,40.7118,40.4656,40.6625,8045930.0,0.0
2020-12-29,40.761,40.8594,40.6625,40.7118,9917912.0,0.0
2020-12-30,40.761,41.5979,40.761,41.5486,44783802.0,0.0
2020-12-31,41.7948,41.9425,41.4994,41.5979,27190116.0,0.0
2021-01-04,41.5486,41.5979,41.0071,41.401,19064686.0,0.0
2021-01-05,41.204,41.5486,41.1548,41.4502,16916310.0,0.0
2021-01-06,41.3517,41.5486,40.8594,40.9087,24811416.0,0.0
2021-01-07,41.2533,41.401,40.9579,41.2533,28593324.0,0.0
2021-01-08,41.401,42.3363,41.1548,42.1886,51470403.0,0.0
2021-01-11,42.1394,42.6317,41.4994,41.9425,40475136.0,0.0
2021-01-12,41.9917,42.2871,41.401,41.6471,33621459.0,0.0
2021-01-13,41.6471,41.844,41.5486,41.7456,23279675.0,0.0
2021-01-14,41.7948,41.844,41.5486,41.844,19410069.0,0.0
2021-01-15,41.8932,41.8932,41.1548,41.1548,30290619.0,0.0
2021-01-18,41.0564,41.0564,40.5149,40.5641,25106541.0,0.0
2021-01-19,40.6133,40.8594,40.6133,40.7118,13321089.0,0.0
2021-01-20,40.5641,40.5641,40.0226,40.0226,40686422.0,0.0
2021-01-21,40.121,40.3179,40.0226,40.0226,18924357.0,0.0
2021-01-22,40.1703,40.2195,39.9241,39.9241,22627774.0,0.0
2021-01-25,39.9733,40.4656,39.9241,40.3672,18607355.0,0.0
2021-01-26,40.4164,40.4656,39.8749,39.8749,30182525.0,0.0
2021-01-27,40.0226,40.1703,39.8749,39.8749,18083287.0,0.0
2021-01-28,39.5795,39.7764,39.3826,39.4811,34934995.0,0.0
2021-01-29,39.5303,39.6287,39.2841,39.2841,34021109.0,0.0
2021-02-01,39.2841,39.5303,39.2841,39.2841,18275802.0,0.0
2021-02-02,39.3826,39.8749,39.3826,39.678,25645343.0,0.0
2021-02-03,39.7272,39.8257,39.4811,39.678,16942453.0,0.0
2021-02-04,39.678,40.121,39.6287,40.0718,14848408.0,0.0
2021-02-05,40.121,40.3672,39.7764,39.9733,16475598.0,0.0
2021-02-17,40.6625,41.5979,40.5641,41.3025,53799667.0,0.0
2021-02-18,41.3025,41.844,41.2533,41.5486,33522077.0,0.0
2021-02-19,41.4994,41.4994,40.9579,41.204,23892272.0,0.0
2021-02-22,41.2533,41.6963,41.204,41.401,22287536.0,0.0
2021-02-23,41.4502,42.1394,41.401,42.0409,40424400.0,0.0
2021-02-24,42.1886,42.4348,41.844,41.9917,37401070.0,0.0
2021-02-25,42.3855,43.0255,42.1394,42.927,65925969.0,0.0
2021-02-26,42.3363,42.7794,41.3025,41.3025,77572050.0,0.0
2021-03-02,41.8932,42.0902,41.2533,41.2533,32335675.0,0.0
2021-03-03,41.4994,42.1394,41.4502,41.8932,31873785.0,0.0
2021-03-04,41.8932,41.9917,41.3517,41.6963,25782318.0,0.0
2021-03-05,41.2533,41.9425,41.204,41.8932,16856242.0,0.0
2021-03-08,42.0902,42.7301,41.9917,42.2378,36419713.0,0.0
2021-03-09,42.5332,43.6655,42.5332,43.6162,86666185.0,0.0
2021-03-10,43.6655,44.0593,43.4685,43.8624,57596376.0,0.0
2021-03-11,44.6008,46.373,44.6008,45.0438,134392947.0,0.0
2021-03-12,45.3392,45.3884,44.7485,45.1915,49649960.0,0.0
2021-03-15,45.3884,46.2746,45.3884,45.9792,66606223.0,0.0
2021-03-16,45.9792,46.0284,45.4869,45.733,30925612.0,0.0
2021-03-17,45.5854,45.6838,44.7977,45.0931,40407964.0,0.0
2021-03-18,45.5361,45.5854,44.6993,44.7485,31128061.0,0.0
2021-03-19,44.7485,44.7977,43.8131,43.9116,68823725.0,0.0
2021-03-22,44.0101,44.8962,43.9608,44.8962,30677421.0,0.0
2021-03-23,45.7823,46.2746,45.6838,46.0776,73355815.0,0.0
2021-03-24,46.0284,46.2253,45.4377,45.7823,38909938.0,0.0
2021-03-25,46.0776,46.373,45.7823,46.1269,28884260.0,0.0
2021-03-26,46.373,47.1607,46.3238,46.8653,50412507.0,0.0
2021-03-29,47.2099,47.5545,46.9145,47.2591,39153895.0,0.0
2021-03-30,47.3576,47.4068,46.7668,47.2591,32305495.0,0.0
2021-03-31,47.2591,47.7514,46.9638,47.2099,31049761.0,0.0
2021-04-01,47.5545,47.7022,47.0622,47.2099,22119830.0,0.0
2021-04-07,47.2591,47.4068,46.8161,47.2591,18104652.0,0.0
2021-04-08,47.0622,47.1114,46.7668,46.9145,17439707.0,0.0
2021-04-09,46.8653,47.0622,46.373,46.5207,24036380.0,0.0
2021-04-12,47.6037,48.4406,47.5545,48.0468,53653043.0,0.0
2021-04-13,48.8344,49.0313,48.1452,48.2437,36614103.0,0.0
2021-04-14,48.2929,48.4406,47.3576,47.8006,26261539.0,0.0
2021-04-15,48.1945,49.0313,48.096,49.0313,45357259.0,0.0
2021-04-16,48.8837,49.0806,48.3914,49.0806,28129816.0,0.0
2021-04-19,49.179,51.0989,49.179,50.8036,65564167.0,0.0
2021-04-20,50.902,51.4928,49.819,50.6066,52339866.0,0.0
2021-04-21,49.9174,50.3113,49.5236,50.1144,41181771.0,0.0
2021-04-22,50.4097,51.0005,49.5236,49.9174,46796413.0,0.0
2021-04-23,50.0159,50.2128,49.5236,50.1144,20508484.0,0.0
2021-04-26,50.2128,51.5912,50.2128,51.2958,43717269.0,0.0
2021-04-27,51.2958,52.1819,51.0989,52.0835,45120702.0,0.0
2021-04-28,52.5758,53.0681,51.5912,52.1819,40972652.0,0.0
2021-04-29,52.1819,52.2804,51.2958,51.4928,32661281.0,0.0
2021-05-03,52.1819,53.265,51.7881,51.7881,73279384.0,0.0
2021-05-04,52.2804,52.6742,49.7205,50.902,59861224.0,0.0
2021-05-05,51.2958,53.9542,50.902,52.7727,91476228.0,0.0
2021-05-06,53.6588,55.1356,52.8711,53.5603,68442907.0,0.0
2021-05-07,54.1511,54.5449,53.7573,54.2495,44933874.0,0.0
2021-05-10,54.7418,57.794,54.6434,57.3017,103433920.0,0.0
2021-05-11,57.3017,58.5816,54.2495,55.7264,144866919.0,0.0
2021-05-12,55.7264,55.7264,50.2128,51.4928,141980826.0,0.0
2021-05-13,49.5236,51.6897,49.2283,50.3113,85768257.0,0.0
2021-05-14,51.3943,52.0835,50.0159,50.7051,50980056.0,0.0
2021-05-17,48.3421,49.4252,47.4068,47.8991,76537406.0,0.0
2021-05-18,49.5236,52.6742,49.5236,52.6742,92057259.0,0.0
2021-05-19,53.1665,54.0526,52.1819,53.4619,80055128.0,0.0
2021-05-20,53.9542,53.9542,52.3789,52.4773,44186864.0,0.0
2021-05-21,53.9542,55.1356,52.3789,53.3634,84832778.0,0.0
2021-05-24,52.8711,53.1665,52.3789,53.0681,37188736.0,0.0
2021-05-25,53.265,54.0526,52.9696,53.4619,37480700.0,0.0
2021-05-26,53.7573,53.9542,52.9696,53.5603,21830772.0,0.0
2021-05-27,52.7727,53.5603,52.1819,53.5603,77464789.0,0.0
2021-05-28,53.8557,54.8403,53.265,54.6434,54277599.0,0.0
2021-05-31,54.6434,55.5295,54.4464,55.0372,33301970.0,0.0
2021-06-01,55.1356,55.5295,54.6434,54.9387,16474118.0,0.0
2021-06-02,54.9387,55.431,54.7418,55.431,26668000.0,0.0
2021-06-03,55.8248,55.9233,54.8403,54.9387,20314550.0,0.0
2021-06-04,54.348,54.7418,53.9542,54.1511,26481272.0,0.0
2021-06-07,54.2495,54.348,52.3789,53.8557,24012964.0,0.0
2021-06-08,54.2495,54.5449,53.7573,53.9542,18453748.0,0.0
2021-06-09,53.8557,53.9542,52.9696,53.4619,27849055.0,0.0
2021-06-10,53.7573,53.9542,53.1665,53.8557,20334391.0,0.0
2021-06-11,53.8557,54.6434,53.5603,53.6588,27152575.0,0.0
2021-06-15,53.7573,53.8557,53.3634,53.4619,18895318.0,0.0
2021-06-16,53.265,53.7573,52.8711,53.4619,28849434.0,0.0
2021-06-17,52.7727,53.3634,52.6742,53.1665,18395162.0,0.0
2021-06-18,52.9696,53.1665,52.5758,52.7727,31955420.0,0.0
2021-06-21,52.0835,52.0835,50.7051,51.1974,61526988.0,0.0
2021-06-22,51.6897,52.1819,51.4928,51.7881,23086338.0,0.0
2021-06-23,51.8866,53.3634,51.7881,53.265,38035668.0,0.0
2021-06-24,52.9696,53.265,52.6742,52.9696,18866089.0,0.0
2021-06-25,53.4619,53.7573,53.1665,53.4619,23040061.0,0.0
2021-06-28,53.6588,53.6588,53.265,53.4619,13994658.0,0.0
2021-06-29,53.3634,53.3634,52.4773,52.8711,27507686.0,0.0
2021-06-30,52.8711,53.3634,52.7727,53.0681,20052542.0,0.0
2021-07-01,52.9696,53.5603,52.8711,53.0681,16474570.0,0.0
2021-07-02,53.0681,53.4619,52.9696,53.0681,13476224.0,0.0
2021-07-05,53.4619,53.5603,53.265,53.3634,15621985.0,0.0
2021-07-06,53.5603,53.5603,53.265,53.265,16413264.0,0.0
2021-07-07,53.0681,53.1665,52.7727,53.1665,16848429.0,0.0
2021-07-08,53.265,54.0526,53.265,53.5603,31199001.0,0.0
2021-07-09,53.3634,53.4619,52.7727,52.9696,35394683.0,0.0
2021-07-12,54.4464,56.7109,54.4464,54.8403,87580557.0,0.0
2021-07-13,55.6279,56.1202,55.1356,55.2341,56956484.0,0.0
2021-07-14,55.7264,56.6125,55.5295,56.1202,52812117.0,0.0
2021-07-15,56.3171,57.794,56.2187,57.2032,56126804.0,0.0
2021-07-16,57.3017,58.9754,56.8094,58.877,69597079.0,0.0
2021-07-19,59.4677,60.0585,58.1878,58.7785,59893733.0,0.0
2021-07-20,57.5971,58.1878,56.7109,57.0063,78574483.0,0.0
2021-07-21,57.5971,57.8924,56.8094,57.4001,49568000.0,0.0
2021-07-22,57.8924,59.5662,57.6955,59.1724,84967590.0,0.0
2021-07-23,59.5662,59.6646,58.5816,59.3693,69297247.0,0.0
2021-07-26,57.4001,57.794,55.2341,55.3326,84704173.0,2.4614
2021-07-27,55.3326,55.3326,54.1511,54.1511,42327107.0,0.0
2021-07-28,53.5603,53.6588,52.2804,52.9696,71625845.0,0.0
2021-07-29,53.5603,53.9542,52.7727,53.9542,34461374.0,0.0
2021-07-30,53.6588,53.8557,53.1665,53.4619,24744411.0,0.0
2021-08-02,53.6588,54.9387,53.265,54.9387,32799326.0,0.0
2021-08-03,54.348,54.6434,54.0526,54.5449,16429056.0,0.0
2021-08-04,54.6434,55.0372,54.2495,54.348,18718313.0,0.0
2021-08-05,54.6434,54.8403,54.2495,54.348,14312952.0,0.0
2021-08-06,54.6434,54.6434,53.9542,54.2495,20020529.0,0.0
2021-08-09,54.348,54.5449,53.4619,54.348,29164675.0,0.0
2021-08-10,54.4464,54.7418,54.0526,54.0526,19383156.0,0.0
2021-08-11,54.7418,55.7264,54.5449,55.1356,52151325.0,0.0
2021-08-12,55.6279,55.7264,54.8403,55.1356,26678083.0,0.0
2021-08-13,54.9387,55.0372,54.0526,54.1511,29638262.0,0.0
2021-08-16,53.9542,54.4464,52.6742,53.4619,41643422.0,0.0
2021-08-17,53.4619,53.4619,53.4619,53.4619,0.0,0.0
2021-08-18,53.265,53.5603,53.0681,53.5603,31522640.0,0.0
2021-08-19,53.6588,53.8557,52.8711,52.9696,35748355.0,0.0
2021-08-20,53.265,53.4619,52.3789,52.8711,27238840.0,0.0
2021-08-23,53.5603,54.5449,53.4619,54.2495,36049185.0,0.0
2021-08-24,54.5449,54.9387,54.1511,54.9387,27329945.0,0.0
2021-08-25,54.9387,55.1356,54.5449,55.1356,17578323.0,0.0
2021-08-26,55.3326,55.431,54.6434,55.1356,26641169.0,0.0
2021-08-27,55.3326,57.0063,55.1356,56.8094,55600785.0,0.0
2021-08-30,57.3017,58.5816,57.2032,58.5816,74158370.0,0.0
2021-08-31,58.3847,58.9754,57.8924,58.6801,49009049.0,0.0
2021-09-01,58.7785,58.9754,58.1878,58.2863,27295985.0,0.0
2021-09-02,58.3847,58.3847,57.1048,57.794,35965765.0,0.0
2021-09-03,58.2863,59.0739,57.9909,58.6801,35481296.0,0.0
2021-09-06,58.5816,58.877,57.8924,58.2863,22948143.0,0.0
2021-09-07,58.4832,58.5816,57.9909,58.2863,17220729.0,0.0
2021-09-08,58.2863,58.3847,57.0063,57.5971,31606331.0,0.0
2021-09-09,57.4001,57.794,56.9079,57.794,15455391.0,0.0
2021-09-10,57.8924,58.4832,57.4986,58.2863,17885028.0,0.0
2021-09-13,58.2863,59.5662,58.1878,58.9754,46600453.0,0.0
2021-09-14,59.3693,59.6646,58.6801,58.877,30165676.0,0.0
2021-09-15,58.4832,58.9754,58.1878,58.5816,18275313.0,0.0
2021-09-16,58.7785,59.3693,58.4832,58.7785,20618662.0,0.0
2021-09-17,58.9754,59.0739,57.9909,57.9909,32889602.0,0.0
2021-09-22,56.3171,56.4156,55.0372,55.9233,71719541.0,0.0
2021-09-23,56.4156,56.7109,56.2187,56.6125,19175272.0,0.0
2021-09-24,57.1048,57.4001,56.7109,56.9079,15175451.0,0.0
2021-09-27,57.1048,57.9909,56.9079,57.794,27827524.0,0.0
2021-09-28,57.794,58.2863,57.2032,58.0893,28074224.0,0.0
2021-09-29,57.1048,57.4986,56.3171,57.1048,34510298.0,0.0
2021-09-30,57.1048,57.1048,56.6125,57.0063,17103530.0,0.0
2021-10-01,56.514,56.514,55.7264,56.0218,27376947.0,0.0
2021-10-04,56.2187,56.4156,55.431,55.7264,19149124.0,0.0
2021-10-05,55.2341,55.6279,54.5449,55.5295,31843915.0,0.0
2021-10-06,56.1202,56.6125,55.3326,56.2187,31309768.0,0.0
2021-10-07,56.514,56.8094,56.2187,56.2187,22484176.0,0.0
2021-10-08,56.6125,56.6125,56.0218,56.2187,12479234.0,0.0
2021-10-12,55.431,55.6279,54.8403,55.5295,32109138.0,0.0
2021-10-13,55.8248,56.2187,54.9387,55.3326,22436740.0,0.0
2021-10-14,55.6279,56.0218,55.2341,55.7264,18618812.0,0.0
2021-10-15,56.3171,57.5971,56.2187,57.4001,46255177.0,0.0
2021-10-18,57.5971,58.2863,57.4986,57.794,32094075.0,0.0
2021-10-19,58.0893,58.2863,57.4001,57.4986,23093032.0,0.0
2021-10-20,57.8924,58.0893,57.2032,57.4001,19670745.0,0.0
2021-10-21,57.4001,58.1878,57.3017,57.794,21595534.0,0.0
2021-10-22,57.794,57.794,57.2032,57.4001,10127952.0,0.0
2021-10-25,57.3017,57.794,57.0063,57.4986,8739995.0,0.0
2021-10-26,57.8924,58.2863,57.4986,58.1878,21546755.0,0.0
2021-10-27,58.0893,58.0893,57.4001,57.794,10663213.0,0.0
2021-10-28,57.4986,57.5971,57.0063,57.2032,12879285.0,0.0
2021-10-29,57.0063,57.4001,56.6125,57.2032,17988839.0,0.0
2021-11-01,57.2032,57.5971,56.7109,56.7109,14204004.0,0.0
2021-11-02,56.9079,57.2032,56.514,56.514,13041685.0,0.0
2021-11-03,56.6125,56.9079,56.4156,56.7109,10351117.0,0.0
2021-11-04,57.1048,57.4986,56.9079,57.0063,15940687.0,0.0
2021-11-05,57.0063,57.5971,56.7109,57.5971,12931802.0,0.0
2021-11-08,57.4001,57.794,57.3017,57.794,13095097.0,0.0
2021-11-09,57.794,57.794,57.4001,57.5971,12698177.0,0.0
2021-11-10,57.5971,57.794,57.4986,57.6955,8301633.0,0.0
2021-11-11,57.794,57.794,57.3017,57.6955,15544444.0,0.0
2021-11-12,57.794,58.1878,57.5971,57.9909,21255169.0,0.0
2021-11-15,58.2863,59.3693,58.2863,58.7785,31008602.0,0.0
2021-11-16,58.9754,59.0739,58.5816,59.0739,18979473.0,0.0
2021-11-17,59.3693,61.2399,59.2708,61.2399,77847540.0,0.0
2021-11-18,61.1415,62.5199,60.7477,62.0276,62091242.0,0.0
2021-11-19,62.0276,62.0276,60.6492,60.8461,35764634.0,0.0
2021-11-22,60.5508,60.6492,59.96,60.1569,26853595.0,0.0
2021-11-23,59.8616,60.5508,59.7631,59.8616,18474909.0,0.0
2021-11-24,60.1569,60.8461,60.0585,60.1569,14975675.0,0.0
2021-11-25,60.8461,60.8461,60.0585,60.6492,20327191.0,0.0
2021-11-26,60.1569,60.3538,59.0739,59.2708,45777607.0,0.0
2021-11-29,58.5816,58.9754,58.0893,58.3847,28848246.0,0.0
2021-11-30,58.5816,59.0739,58.1878,59.0739,44996400.0,0.0
2021-12-01,58.5816,59.0739,58.1878,58.9754,22845800.0,0.0
2021-12-02,58.4832,58.6801,58.2863,58.5816,20341940.0,0.0
2021-12-03,58.9754,59.4677,58.877,58.9754,14967580.0,0.0
2021-12-06,58.877,59.0739,58.4832,59.0739,15447978.0,0.0
2021-12-07,59.1724,59.7631,58.6801,59.7631,19419379.0,0.0
2021-12-08,60.0585,60.2554,59.6646,59.7631,19804786.0,0.0
2021-12-09,59.7631,60.1569,59.4677,59.7631,13858609.0,0.0
2021-12-10,59.8616,59.8616,59.3693,59.5662,13852866.0,0.0
2021-12-13,60.0585,60.5508,59.7631,59.7631,18977523.0,0.0
2021-12-14,59.6646,59.6646,59.1724,59.2708,16292706.0,0.0
2021-12-15,58.9754,59.2708,58.877,58.877,16207372.0,0.0
2021-12-16,59.1724,59.4677,59.0739,59.3693,13009271.0,0.0
2021-12-17,59.3693,59.7631,59.2708,59.5662,15963137.0,0.0
2021-12-20,59.1724,59.5662,58.9754,58.9754,15083251.0,0.0
2021-12-21,58.9754,59.5662,58.9754,59.3693,12814287.0,0.0
2021-12-22,59.3693,59.5662,59.1724,59.3693,9101933.0,0.0
2021-12-23,59.3693,59.6646,59.2708,59.5662,11491174.0,0.0
2021-12-24,59.6646,60.4523,59.5662,60.1569,21822909.0,0.0
2021-12-27,60.4523,60.5508,60.1569,60.3538,12334157.0,0.0
2021-12-28,60.7477,61.4369,60.5508,61.3384,34270876.0,0.0
2021-12-29,61.8307,62.323,61.5353,62.0276,49675714.0,0.0
2021-12-30,62.0276,62.0276,61.5353,61.5353,16062473.0,0.0
2022-01-03,61.8307,61.9291,60.6492,60.6492,18543676.0,0.0
2022-01-04,60.6492,61.043,60.5508,61.043,15794063.0,0.0
2022-01-05,60.6492,61.043,60.3538,60.9446,15297507.0,0.0
2022-01-06,60.9446,61.3384,60.4523,61.043,16410627.0,0.0
2022-01-07,61.043,61.5353,60.8461,61.043,21070071.0,0.0
2022-01-10,61.043,61.3384,60.7477,61.1415,12278222.0,0.0
2022-01-11,61.5353,63.8983,61.1415,63.5044,99317151.0,0.0
2022-01-12,63.406,63.9967,62.8153,63.7014,50052596.0,0.0
2022-01-13,63.7014,66.7535,63.5044,66.3597,102744830.0,0.0
2022-01-14,65.9659,67.3442,65.4736,66.6551,79080616.0,0.0
2022-01-17,66.2612,66.9504,65.4736,65.4736,38403109.0,0.0
2022-01-18,65.572,66.1628,65.1782,65.8674,32965915.0,0.0
2022-01-19,65.3751,65.4736,64.5875,65.0798,39773480.0,0.0
2022-01-20,64.5875,65.0798,63.9967,64.7844,34964359.0,0.0
2022-01-21,64.1936,64.2921,63.2091,63.406,42816020.0,0.0
2022-01-24,63.0122,63.6029,62.4214,63.3075,31693467.0,0.0
2022-01-25,62.6183,62.7168,61.4369,62.0276,59782397.0,0.0
2022-01-26,62.0276,62.7168,61.8307,62.323,22512004.0,0.0
2022-02-07,62.8153,64.7844,62.8153,64.6859,46962191.0,0.0
2022-02-08,64.489,65.4736,64.0952,64.9813,32606233.0,0.0
2022-02-09,65.3751,65.3751,64.5875,64.9813,20734922.0,0.0
2022-02-10,64.8828,64.8828,64.0952,64.7844,19424658.0,0.0
2022-02-11,64.3906,64.6859,64.1936,64.5875,13579678.0,0.0
2022-02-14,63.5044,63.5044,62.6183,63.2091,35138880.0,0.0
2022-02-15,63.6029,63.8983,63.2091,63.3075,20628424.0,0.0
2022-02-16,63.7998,63.7998,63.2091,63.7998,19911063.0,0.0
2022-02-17,63.7014,63.9967,63.3075,63.7014,22626777.0,0.0
2022-02-18,63.1106,63.6029,63.1106,63.6029,18181184.0,0.0
2022-02-21,63.3075,63.7014,63.0122,63.6029,14512804.0,0.0
2022-02-22,63.0122,63.2091,62.2245,62.7168,27472813.0,0.0
2022-02-23,62.5199,63.0122,62.4214,62.7168,15633147.0,0.0
2022-02-24,62.2245,62.5199,61.5353,62.0276,40359662.0,0.0
2022-02-25,61.7322,62.0276,60.6492,61.3384,57604516.0,0.0
2022-03-01,60.7477,61.7322,60.5508,61.6338,26221496.0,0.0
2022-03-02,61.1415,61.2399,60.8461,61.043,19053285.0,0.0
2022-03-03,61.3384,61.5353,61.043,61.1415,13658259.0,0.0
2022-03-04,60.8461,60.8461,60.2554,60.2554,22516725.0,0.0
2022-03-07,59.4677,59.5662,57.8924,58.4832,52547743.0,0.0
2022-03-08,57.3017,57.8924,57.1048,57.5971,52521052.0,0.0
2022-03-09,58.0893,58.4832,57.6955,58.0893,18562773.0,0.0
2022-03-10,58.5816,59.5662,58.5816,59.3693,22154019.0,0.0
2022-03-11,59.2708,59.6646,58.9754,59.3693,12391678.0,0.0
2022-03-14,59.7631,60.5508,59.6646,60.2554,14715692.0,0.0
2022-03-15,60.3538,60.5508,59.96,60.3538,16538172.0,0.0
2022-03-16,60.7477,61.043,60.4523,61.043,22417228.0,0.0
2022-03-17,61.5353,62.2245,61.4369,62.1261,35990386.0,0.0
2022-03-18,62.4214,62.8153,62.1261,62.323,28605665.0,0.0
2022-03-21,62.323,62.8153,62.2245,62.6183,17044030.0,0.0
2022-03-22,62.6183,62.6183,62.1261,62.6183,9970489.0,0.0
2022-03-23,63.1106,63.9967,63.0122,63.7998,28568678.0,0.0
2022-03-24,63.3075,63.406,62.6183,63.3075,17799803.0,0.0
2022-03-25,62.8153,63.0122,62.5199,62.5199,11052557.0,0.0
2022-03-28,61.8307,62.7168,61.6338,62.323,9922542.0,0.0
2022-03-29,62.5199,62.9137,62.323,62.8153,9100420.0,0.0
2022-03-30,63.1106,63.5044,63.0122,63.406,14889417.0,0.0
2022-03-31,63.5044,63.7014,63.2091,63.5044,15285676.0,0.0
2022-04-01,63.0122,63.9967,62.8153,63.9967,16543294.0,0.0
2022-04-06,64.0952,64.489,63.5044,64.489,24432720.0,0.0
2022-04-07,64.2921,64.6859,63.5044,63.7998,26966832.0,0.0
2022-04-08,63.9967,64.0952,63.5044,63.9967,13099013.0,0.0
2022-04-11,64.2921,64.6859,63.1106,63.7998,15204200.0,0.0
2022-04-12,63.7998,63.9967,63.3075,63.8983,13855916.0,0.0
2022-04-13,64.2921,64.489,63.9967,64.3906,14860767.0,0.0
2022-04-14,64.3906,64.489,63.7014,63.7014,10936093.0,0.0
2022-04-15,63.406,63.5044,62.8153,63.0122,12943168.0,0.0
2022-04-18,62.7168,62.8153,61.5353,61.8307,13876252.0,0.0
2022-04-19,62.2245,62.9137,61.7322,61.7322,13942787.0,0.0
2022-04-20,62.2245,62.9137,61.8307,62.9137,17198148.0,0.0
2022-04-21,62.7168,62.9137,62.1261,62.9137,15850692.0,0.0
2022-04-22,62.2245,63.2091,62.1261,63.2091,19169769.0,0.0
2022-04-25,62.5199,62.8153,61.9291,62.8153,22063347.0,0.0
2022-04-26,62.4214,63.0122,62.4214,63.0122,14189338.0,0.0
2022-04-27,62.0276,62.2245,61.043,61.043,21629798.0,0.0
2022-04-28,61.043,61.5353,60.3538,61.1415,24222091.0,0.0
2022-04-29,61.3384,61.7322,61.3384,61.5353,10450448.0,0.0
2022-05-03,61.5353,61.5353,60.8461,61.3384,8219379.0,0.0
2022-05-04,61.4369,62.1261,61.4369,61.9291,8695837.0,0.0
2022-05-05,62.2245,62.323,61.2399,61.3384,30823654.0,0.0
2022-05-06,60.1569,60.6492,59.8616,60.2554,23884130.0,0.0
2022-05-09,59.3693,59.4677,57.5971,57.794,37030768.0,0.0
2022-05-10,56.7109,57.4001,56.4156,57.1048,38801184.0,0.0
2022-05-11,56.7109,56.8094,55.1356,55.3326,38739741.0,0.0
2022-05-12,54.4464,54.9387,53.265,53.265,47694696.0,0.0
2022-05-13,53.8557,54.2495,52.7727,53.4619,38582173.0,0.0
2022-05-16,53.7573,53.7573,51.8866,52.3789,29255229.0,0.0
2022-05-17,52.5758,52.6742,51.6897,51.7881,32610694.0,0.0
2022-05-18,51.7881,53.7573,51.6897,53.265,36608835.0,0.0
2022-05-19,52.1819,52.3789,51.7881,51.8866,25444245.0,0.0
2022-05-20,52.5758,52.6742,51.985,52.0835,16717178.0,0.0
2022-05-23,52.5758,52.5758,51.1974,51.4928,21851037.0,0.0
2022-05-24,51.7881,52.1819,51.1974,51.1974,28166115.0,0.0
2022-05-25,51.1974,51.2958,49.9174,50.6066,43772604.0,0.0
2022-05-26,50.902,51.6897,50.5082,50.7051,34622073.0,0.0
2022-05-27,51.1974,52.1819,51.0989,51.7881,30660977.0,0.0
2022-05-30,52.3789,53.3634,52.2804,53.1665,27662701.0,0.0
2022-05-31,53.3634,54.8403,52.6742,54.8403,42120792.0,0.0
2022-06-01,54.0526,54.348,53.4619,53.8557,27593032.0,0.0
2022-06-02,53.4619,53.8557,52.9696,53.6588,18244024.0,0.0
2022-06-06,53.4619,54.1511,53.1665,53.9542,13978933.0,0.0
2022-06-07,53.8557,54.348,53.4619,53.9542,17222277.0,0.0
2022-06-08,54.348,54.348,53.8557,53.9542,14932490.0,0.0
2022-06-09,53.7573,54.1511,53.5603,53.9542,15461043.0,0.0
2022-06-10,53.5603,54.0526,53.265,53.9542,11193401.0,0.0
2022-06-13,52.7727,53.1665,52.2804,52.9696,22637022.0,0.0
2022-06-14,52.7727,53.0681,52.3789,52.5758,17399724.0,0.0
2022-06-15,52.5758,53.1665,52.4773,52.7727,14781216.0,0.0
2022-06-16,53.3634,53.7573,52.7727,52.8711,16857169.0,0.0
2022-06-17,51.985,52.6742,51.8866,52.1819,30064874.0,0.0
2022-06-20,52.1819,53.1665,50.6066,51.0005,29358054.0,0.0
2022-06-21,51.8866,53.9542,51.5912,53.3634,39029111.0,0.0
2022-06-22,53.1665,53.6588,52.1819,52.1819,20297591.0,0.0
2022-06-23,52.1819,52.5758,51.5912,52.1819,23931931.0,0.0
2022-06-24,53.0681,53.0681,52.3789,52.5758,14529006.0,0.0
2022-06-27,52.9696,53.3634,52.6742,52.6742,15193358.0,0.0
2022-06-28,52.5758,53.0681,52.4773,52.9696,17056910.0,0.0
2022-06-29,51.6897,52.2804,51.5912,51.985,33018176.0,0.0
2022-06-30,51.7881,51.8866,50.1144,50.1144,38809943.0,0.0
2022-07-01,50.2128,50.4097,48.9329,48.9329,54708765.0,0.0
2022-07-04,44.7977,45.4869,44.3054,44.7977,69323923.0,3.446
2022-07-05,45.93,46.6684,45.1423,46.0284,33469019.0,0.0
2022-07-06,46.0284,46.0284,44.1085,44.2562,33624077.0,0.0
2022-07-07,44.4531,44.7485,43.5178,44.3547,40533581.0,0.0
2022-07-08,44.6993,45.0931,43.8624,44.1085,26237290.0,0.0
2022-07-11,44.3547,44.5516,44.1085,44.3547,11766820.0,0.0
2022-07-12,43.9116,44.0101,43.1239,43.1239,21586935.0,0.0
2022-07-13,44.3547,45.0931,44.3547,44.7977,22065712.0,0.0
2022-07-14,44.4039,44.7977,44.1085,44.3054,15908384.0,0.0
2022-07-15,44.0101,44.0101,43.4193,43.4685,23593936.0,0.0
2022-07-18,43.8131,44.65,43.7147,44.5023,21331916.0,0.0
2022-07-19,44.1577,44.4039,44.0101,44.2562,15782828.0,0.0
2022-07-20,44.8962,45.2408,44.1577,44.207,21295693.0,0.0
2022-07-21,44.1085,44.4039,43.5178,44.3547,23793580.0,0.0
2022-07-22,44.9946,44.9946,44.0101,44.3054,27641954.0,0.0
2022-07-25,44.207,44.8962,44.0593,44.8469,13526515.0,0.0
2022-07-26,44.7977,45.0931,44.5023,44.8962,11568440.0,0.0
2022-07-27,44.8962,44.8962,44.3054,44.5516,13479616.0,0.0
2022-07-28,44.8469,45.0931,44.6993,45.0931,15518722.0,0.0
2022-07-29,45.29,45.3884,44.7977,44.7977,17754349.0,0.0
2022-08-01,44.7977,44.8469,44.5023,44.7485,16222521.0,0.0
2022-08-02,44.207,44.6008,43.8624,44.1577,34951954.0,0.0
2022-08-03,44.0101,44.2562,43.8131,44.2562,12287780.0,0.0
2022-08-04,44.2562,44.3547,43.9608,44.1577,12679483.0,0.0
2022-08-05,44.6993,45.0931,44.6008,45.0438,20492305.0,0.0
2022-08-08,44.6993,45.5361,44.5516,45.4377,15843684.0,0.0
2022-08-09,45.4869,45.733,45.1915,45.3884,14073073.0,0.0
2022-08-10,45.1915,45.6838,45.0438,45.6838,14901866.0,0.0
2022-08-11,45.7823,46.5699,45.7823,46.4715,22982554.0,0.0
2022-08-12,46.4715,46.6684,46.2746,46.5207,11619127.0,0.0
2022-08-15,46.7668,46.8161,46.4222,46.5699,10339051.0,0.0
2022-08-16,46.6192,46.6684,46.373,46.373,12456500.0,0.0
2022-08-17,46.4222,46.7176,46.3238,46.7176,18590548.0,0.0
2022-08-18,46.5699,46.6192,46.3238,46.5207,11000350.0,0.0
2022-08-19,46.373,46.7668,46.373,46.7668,7806451.0,0.0
2022-08-22,46.373,46.4715,46.1269,46.1761,8201591.0,0.0
2022-08-23,45.8315,45.8807,45.5854,45.6346,13694575.0,0.0
2022-08-24,45.733,45.9792,45.4869,45.6346,9919466.0,0.0
2022-08-25,45.6346,46.1269,45.6346,45.8315,11555931.0,0.0
2022-08-26,46.1269,46.2746,45.93,46.0284,10029331.0,0.0
2022-08-29,44.6993,45.0438,44.5023,44.8962,24752959.0,0.0
2022-08-30,44.4039,44.5516,43.6655,43.7639,61307097.0,0.0
2022-08-31,43.567,44.1085,43.4193,43.8624,25861917.0,0.0
2022-09-01,43.4193,43.9608,43.3209,43.8624,28249263.0,0.0
2022-09-02,43.6655,43.7147,43.3701,43.3701,25487883.0,0.0
2022-09-05,43.3701,43.6655,43.2224,43.3701,18199033.0,0.0
2022-09-06,43.5178,43.9116,43.4193,43.567,13905793.0,0.0
2022-09-07,43.3209,43.3209,42.4348,42.484,38851978.0,0.0
2022-09-08,42.6809,42.7794,42.3855,42.484,26616181.0,0.0
2022-09-12,43.1732,43.4193,42.927,43.3701,24566896.0,0.0
2022-09-13,43.4193,43.5178,42.9763,42.9763,31876489.0,0.0
2022-09-14,41.9917,42.3363,41.8932,42.1886,35139619.0,0.0
2022-09-15,42.2378,42.7794,41.9917,42.4348,17428617.0,0.0
2022-09-16,42.0409,42.3855,41.9425,42.1394,29687085.0,0.0
2022-09-19,42.2871,42.3363,41.9917,42.0902,14889021.0,0.0
2022-09-20,42.3855,42.5824,42.2871,42.3855,13104514.0,0.0
2022-09-21,42.3855,42.3855,41.844,41.8932,16482739.0,0.0
2022-09-22,41.401,41.401,40.6625,41.0071,39030847.0,0.0
2022-09-23,40.9087,41.5486,40.9087,41.4502,15351743.0,0.0
2022-09-26,41.1548,41.4502,40.5149,40.8594,26192202.0,0.0
2022-09-27,40.9579,41.1548,40.3179,40.3179,25032696.0,0.0
2022-09-28,40.4656,40.5149,39.1857,39.1857,43891769.0,0.0
2022-09-29,39.5795,39.678,39.1365,39.5303,33325179.0,0.0
2022-09-30,38.8903,39.3334,38.5949,39.3334,39963995.0,0.0
2022-10-03,38.7919,38.8411,38.398,38.398,26743090.0,0.0
2022-10-04,38.8411,39.038,38.2996,38.9395,29038761.0,0.0
2022-10-05,39.6287,40.7118,39.5795,40.121,37795227.0,0.0
2022-10-06,40.5641,40.5641,39.9241,40.1703,15835427.0,0.0
2022-10-07,40.121,40.2687,39.7272,39.8749,16600789.0,0.0
2022-10-11,39.0872,39.3334,38.7426,38.9888,33677621.0,0.0
2022-10-12,38.9888,39.2841,38.4965,38.9395,21923607.0,0.0
2022-10-13,38.5457,38.7426,36.8227,36.872,79819802.0,0.0
2022-10-14,37.5612,37.9058,37.0689,37.0689,37620037.0,0.0
2022-10-17,36.9212,37.4135,36.2812,37.0689,33242905.0,0.0
2022-10-18,37.3642,37.7088,36.9212,37.5612,26680073.0,0.0
2022-10-19,37.5612,37.9058,37.3642,37.7088,25570695.0,0.0
2022-10-20,36.8227,37.5119,36.5274,37.2658,31352470.0,0.0
2022-10-21,36.7243,36.7243,35.6905,35.9859,49699759.0,0.0
2022-10-24,36.4289,36.8227,36.2812,36.4289,18929719.0,0.0
2022-10-25,36.7243,37.0689,36.4289,36.9212,20245957.0,0.0
2022-10-26,37.315,38.1519,37.0689,37.9058,28225258.0,0.0
2022-10-27,38.1027,38.4965,37.9058,37.9058,23572519.0,0.0
2022-10-28,37.955,38.0042,37.4135,37.6596,22875297.0,0.0
2022-10-31,37.8565,37.9058,37.2166,37.2166,18870309.0,0.0
2022-11-01,37.2166,37.5612,37.0196,37.5119,14234641.0,0.0
2022-11-02,37.2166,37.9058,37.1181,37.9058,16929725.0,0.0
2022-11-03,37.4135,38.2504,37.3642,38.2504,20010552.0,0.0
2022-11-04,37.955,38.3488,37.8073,38.3488,14694349.0,0.0
2022-11-07,38.6442,38.9395,38.4473,38.9395,16339389.0,0.0
2022-11-08,39.1365,39.2841,38.7919,39.0872,17955689.0,0.0
2022-11-09,39.1857,39.5303,38.9395,39.5303,22344075.0,0.0
2022-11-10,39.3334,39.3826,38.9395,39.038,20519143.0,0.0
2022-11-11,40.1703,41.3517,40.0718,41.2533,60458418.0,0.0
2022-11-14,41.3517,41.4502,40.9579,41.1056,40096408.0,0.0
2022-11-15,41.1056,41.7948,40.9087,41.7456,27928936.0,0.0
2022-11-16,41.6471,41.7456,40.9579,41.0564,23995298.0,0.0
2022-11-17,41.0564,41.0564,40.4656,40.9087,15766053.0,0.0
2022-11-18,40.8594,41.5979,40.761,41.2533,14323440.0,0.0
2022-11-21,41.2533,41.5486,40.9087,41.4502,19213684.0,0.0
2022-11-22,41.204,41.5486,40.6625,41.5486,23592233.0,0.0
2022-11-23,41.6963,42.1394,41.4502,42.0902,21468926.0,0.0
2022-11-24,42.2378,42.2871,41.8932,41.8932,21670318.0,0.0
2022-11-25,41.8932,42.3363,41.7948,41.8932,23998527.0,0.0
2022-11-28,41.5486,41.7948,41.0564,41.3517,24584453.0,0.0
2022-11-29,41.1056,42.7794,40.7118,42.7794,49732296.0,0.0
2022-11-30,42.7301,43.2716,42.4348,42.8778,67207044.0,0.0
2022-12-01,43.3701,43.8131,43.0747,43.4685,40310280.0,0.0
2022-12-02,43.2224,43.6162,43.0747,43.3209,33443423.0,0.0
2022-12-05,43.25,43.25,42.75,42.85,49006682.0,0.0
2022-12-06,42.6,42.65,41.4,41.4,39255654.0,0.0
2022-12-07,41.4,42.1,41.25,41.4,31972738.0,0.0
2022-12-08,41.2,41.45,40.7,40.75,29558960.0,0.0
2022-12-09,41.1,41.4,40.8,41.1,24783476.0,0.0
2022-12-12,40.9,41.15,40.15,41.0,30045794.0,0.0
2022-12-13,41.0,41.35,40.8,40.95,21082407.0,0.0
2022-12-14,40.95,41.2,40.8,40.9,18130576.0,0.0
2022-12-15,40.8,40.8,40.35,40.6,19821067.0,0.0
2022-12-16,40.1,40.5,40.05,40.2,35265555.0,0.0
2022-12-19,40.1,40.6,40.05,40.15,19914865.0,0.0
2022-12-20,40.1,40.25,39.9,40.15,30764272.0,0.0
2022-12-21,39.95,40.15,39.85,40.0,18360430.0,0.0
2022-12-22,40.05,40.4,39.95,40.4,19066348.0,0.0
2022-12-23,40.35,41.5,40.3,41.15,33851527.0,0.0
2022-12-26,41.15,41.2,40.9,41.0,9525232.0,0.0
2022-12-27,41.0,41.3,41.0,41.15,8263666.0,0.0
2022-12-28,40.85,41.1,40.6,40.65,15973148.0,0.0
2022-12-29,40.5,40.6,40.05,40.1,17156465.0,0.0
2022-12-30,39.75,40.25,39.6,40.0,99028941.0,0.0
2023-01-03,40.0,40.1,39.75,39.95,36262120.0,0.0
2023-01-04,39.95,40.1,39.95,39.95,18722709.0,0.0
2023-01-05,40.1,40.35,40.0,40.25,25031162.0,0.0
2023-01-06,40.2,40.8,40.15,40.75,20440501.0,0.0
2023-01-09,41.15,42.0,41.15,42.0,49821974.0,0.0
2023-01-10,41.95,41.95,41.4,41.7,21260377.0,0.0
2023-01-11,41.6,41.7,41.4,41.4,15922470.0,0.0
2023-01-12,41.7,41.9,41.6,41.7,17638695.0,0.0
2023-01-13,41.85,42.3,41.75,41.8,25102239.0,0.0
2023-01-16,42.0,42.1,41.7,41.75,24124139.0,0.0
2023-01-17,41.8,42.1,41.6,42.0,28387180.0,0.0
2023-01-30,42.95,43.15,42.2,42.7,45077920.0,0.0
2023-01-31,42.7,42.8,42.45,42.55,33914616.0,0.0
2023-02-01,42.8,43.0,42.65,43.0,27631578.0,0.0
2023-02-02,43.45,44.3,43.4,44.05,46116655.0,0.0
2023-02-03,44.2,44.2,43.25,43.3,25806690.0,0.0
2023-02-06,43.15,43.2,42.6,42.65,23712390.0,0.0
2023-02-07,42.9,43.2,42.7,42.8,14828772.0,0.0
2023-02-08,42.9,43.0,42.7,42.85,12564973.0,0.0
2023-02-09,42.55,42.8,42.5,42.6,11112472.0,0.0
2023-02-10,42.5,42.8,42.35,42.65,13818734.0,0.0
2023-02-13,42.55,42.95,42.25,42.9,11543802.0,0.0
2023-02-14,43.2,43.75,42.95,43.6,21471857.0,0.0
2023-02-15,43.55,43.7,42.8,42.95,23632490.0,0.0
2023-02-16,43.1,43.25,42.85,43.05,13182991.0,0.0
2023-02-17,43.4,44.05,43.35,44.0,32921863.0,0.0
2023-02-20,44.0,44.5,44.0,44.45,29828106.0,0.0
2023-02-21,44.25,44.25,43.55,43.85,18862394.0,0.0
2023-02-22,43.45,43.5,43.15,43.35,18059708.0,0.0
2023-02-23,43.25,43.55,43.2,43.3,18150375.0,0.0
2023-02-24,43.3,43.6,43.2,43.45,22078754.0,0.0
2023-03-01,43.35,43.55,42.6,42.75,33761315.0,0.0
2023-03-02,43.2,43.2,42.6,43.0,11518689.0,0.0
2023-03-03,43.0,43.2,42.9,42.9,10256714.0,0.0
2023-03-06,43.3,43.75,43.2,43.6,18232571.0,0.0
2023-03-07,43.7,43.85,43.5,43.75,13610621.0,0.0
2023-03-08,43.4,43.75,43.3,43.75,13887937.0,0.0
2023-03-09,43.7,43.75,43.55,43.65,17501952.0,0.0
2023-03-10,43.15,43.15,42.6,42.7,36595335.0,0.0
2023-03-13,42.3,42.4,42.0,42.3,24359425.0,0.0
2023-03-14,41.85,41.85,41.5,41.55,32604644.0,0.0
2023-03-15,41.7,42.0,41.5,41.5,16185684.0,0.0
2023-03-16,40.95,41.0,40.5,40.5,37748248.0,0.0
2023-03-17,40.75,41.2,40.75,41.0,30425180.0,0.0
2023-03-20,40.8,40.8,40.0,40.2,37427141.0,0.0
2023-03-21,40.5,41.15,40.4,40.75,19744663.0,0.0
2023-03-22,41.05,41.45,41.0,41.35,28583722.0,0.0
2023-03-23,41.2,41.55,40.9,41.55,20207579.0,0.0
2023-03-24,41.6,41.6,41.2,41.3,16359955.0,0.0
2023-03-27,41.25,41.5,41.05,41.35,13583611.0,0.0
2023-03-28,41.55,41.8,41.5,41.55,9414909.0,0.0
2023-03-29,41.55,41.85,41.4,41.85,11857019.0,0.0
2023-03-30,41.85,41.9,41.5,41.6,13384923.0,0.0
2023-03-31,41.75,41.95,41.6,41.8,19031565.0,0.0
2023-04-06,42.0,42.0,41.5,42.0,16337101.0,0.0
2023-04-07,42.1,42.4,42.0,42.25,17275200.0,0.0
2023-04-10,42.4,42.65,42.4,42.55,10745497.0,0.0
2023-04-11,42.6,42.65,42.35,42.65,13788419.0,0.0
2023-04-12,42.75,42.95,42.7,42.95,12966061.0,0.0
2023-04-13,42.85,42.85,42.5,42.6,16429265.0,0.0
2023-04-14,42.65,43.2,42.55,43.15,17304460.0,0.0
2023-04-17,43.2,43.2,43.0,43.2,9823221.0,0.0
2023-04-18,43.15,43.3,42.75,43.1,10519946.0,0.0
2023-04-19,43.1,43.2,42.65,42.75,11476745.0,0.0
2023-04-20,42.65,42.95,42.55,42.95,9960746.0,0.0
2023-04-21,43.0,43.0,42.35,42.7,12319165.0,0.0
2023-04-24,42.7,42.7,42.4,42.65,6130617.0,0.0
2023-04-25,42.7,43.0,42.5,42.6,12719409.0,0.0
2023-04-26,42.6,42.75,42.0,42.35,15893174.0,0.0
2023-04-27,42.15,42.45,42.0,42.25,12118445.0,0.0
2023-04-28,42.05,42.75,42.0,42.45,18216849.0,0.0
2023-05-02,42.45,42.5,41.9,42.5,16420228.0,0.0
2023-05-03,42.4,42.45,42.1,42.4,10605485.0,0.0
2023-05-04,42.35,42.5,42.1,42.5,9481638.0,0.0
2023-05-05,42.5,42.65,42.35,42.65,7100017.0,0.0
2023-05-08,42.8,43.05,42.65,43.05,15192178.0,0.0
2023-05-09,43.1,43.5,43.0,43.5,18349309.0,0.0
2023-05-10,43.5,43.5,42.8,43.05,14564134.0,0.0
2023-05-11,43.35,43.7,43.25,43.7,28023936.0,0.0
2023-05-12,43.55,43.55,42.65,42.65,29438019.0,0.0
2023-05-15,42.7,43.45,42.4,43.35,18152104.0,0.0
2023-05-16,43.5,43.75,43.25,43.6,18751956.0,0.0
2023-05-17,43.6,44.0,43.4,43.95,25528000.0,0.0
2023-05-18,44.0,44.45,43.95,44.4,29543448.0,0.0
2023-05-19,44.6,45.2,44.55,45.15,41659765.0,0.0
2023-05-22,45.15,45.5,45.1,45.15,17778147.0,0.0
2023-05-23,45.15,45.4,44.7,44.8,19972619.0,0.0
2023-05-24,44.35,44.85,44.35,44.8,17478431.0,0.0
2023-05-25,44.45,44.7,44.0,44.05,20369273.0,0.0
2023-05-26,43.9,44.25,43.75,43.9,20704856.0,0.0
2023-05-29,44.4,45.5,44.4,44.75,37145398.0,0.0
2023-05-30,45.0,45.1,44.45,44.5,23260588.0,0.0
2023-05-31,44.55,44.95,44.3,44.3,80393531.0,0.0
2023-06-01,44.5,44.7,43.8,44.0,20928655.0,0.0
2023-06-02,44.15,44.45,44.05,44.45,17058006.0,0.0
2023-06-05,44.6,45.7,44.55,45.25,32917974.0,0.0
2023-06-06,45.25,45.45,45.05,45.25,13731614.0,0.0
2023-06-07,45.4,45.5,45.0,45.4,23312321.0,0.0
2023-06-08,45.45,45.45,44.2,44.6,34071418.0,0.0
2023-06-09,44.85,44.85,44.4,44.6,21635659.0,0.0
2023-06-12,44.7,44.85,44.0,44.05,21800246.0,0.0
2023-06-13,44.2,44.4,43.95,44.1,23638511.0,0.0
2023-06-14,44.15,44.8,44.15,44.6,16789455.0,0.0
2023-06-15,44.6,44.65,44.2,44.35,12119675.0,0.0
2023-06-16,44.3,44.35,43.9,43.9,24570934.0,0.0
2023-06-19,44.0,44.1,43.65,43.9,16692295.0,0.0
2023-06-20,44.0,44.35,43.9,44.35,10247909.0,0.0
2023-06-21,44.25,44.5,44.1,44.4,11590110.0,0.0
2023-06-26,44.25,44.3,44.0,44.05,17185863.0,0.0
2023-06-27,44.05,44.3,43.9,44.15,16924994.0,0.0
2023-06-28,43.5,43.75,43.4,43.65,15068336.0,0.9
2023-06-29,43.75,43.8,43.4,43.4,15716145.0,0.0
2023-06-30,43.4,43.6,43.15,43.15,15881738.0,0.0
2023-07-03,43.2,43.4,43.15,43.3,8134440.0,0.0
2023-07-04,43.3,43.35,43.05,43.05,11577180.0,0.0
2023-07-05,43.1,43.45,43.1,43.2,9733788.0,0.0
2023-07-06,43.2,43.2,42.3,42.5,26912105.0,0.0
2023-07-07,42.25,42.35,42.05,42.25,16602621.0,0.0
2023-07-10,42.25,43.0,42.25,42.65,14095730.0,0.0
2023-07-11,43.2,43.8,43.2,43.6,19651215.0,0.0
2023-07-12,43.3,44.0,43.3,44.0,19508653.0,0.0
2023-07-13,44.2,44.35,43.6,43.6,16725095.0,0.0
2023-07-14,43.85,44.1,43.7,44.1,11994107.0,0.0
2023-07-17,44.15,45.0,44.05,45.0,29110411.0,0.0
2023-07-18,45.0,45.35,44.75,45.05,26102858.0,0.0
2023-07-19,45.2,45.25,44.25,44.5,18779128.0,0.0
2023-07-20,44.7,44.95,44.55,44.75,12763397.0,0.0
2023-07-21,44.6,44.75,44.35,44.4,11636064.0,0.0
2023-07-24,44.4,44.4,44.0,44.2,10978625.0,0.0
2023-07-25,44.3,44.6,44.2,44.55,10788878.0,0.0
2023-07-26,44.75,45.5,44.7,45.35,32222042.0,0.0
2023-07-27,45.55,46.0,45.5,46.0,35398258.0,0.0
2023-07-28,45.8,45.85,45.5,45.75,12630957.0,0.0
2023-07-31,46.0,46.4,45.65,45.75,28797783.0,0.0
2023-08-01,46.15,47.25,46.0,47.25,40192967.0,0.0
2023-08-02,46.9,46.95,45.9,46.2,36911632.0,0.0
2023-08-04,46.7,46.75,46.2,46.3,22771230.0,0.0
2023-08-07,46.3,46.7,46.25,46.45,13494754.0,0.0
2023-08-08,46.7,47.2,46.6,47.05,25045558.0,0.0
2023-08-09,46.95,46.95,46.4,46.45,16636529.0,0.0
2023-08-10,46.5,46.85,46.4,46.6,13527840.0,0.0
2023-08-11,47.0,47.1,46.35,46.45,16249119.0,0.0
2023-08-14,46.15,46.15,44.9,45.4,22526024.0,0.0
2023-08-15,45.4,45.6,45.3,45.4,11646302.0,0.0
2023-08-16,45.05,45.35,44.65,45.1,17591979.0,0.0
2023-08-17,44.75,45.55,44.5,45.3,14693346.0,0.0
2023-08-18,45.05,45.45,44.8,45.2,11066174.0,0.0
2023-08-21,45.25,45.45,45.15,45.4,7896093.0,0.0
2023-08-22,45.45,45.5,44.8,45.0,10336363.0,0.0
2023-08-23,44.85,45.0,44.5,44.7,14429337.0,0.0
2023-08-24,44.7,44.85,44.2,44.65,19201425.0,0.0
2023-08-25,44.4,44.7,44.2,44.5,9162423.0,0.0
2023-08-28,44.5,45.4,44.5,45.4,13192888.0,0.0
2023-08-29,45.6,46.05,45.45,46.05,13665900.0,0.0
2023-08-30,46.1,46.15,45.75,46.1,10934619.0,0.0
2023-08-31,46.05,46.05,45.6,45.6,22654901.0,0.0
2023-09-01,45.85,46.8,45.75,46.6,19193548.0,0.0
2023-09-04,46.6,46.7,46.25,46.65,7298639.0,0.0
2023-09-05,46.65,46.8,46.3,46.45,7849485.0,0.0
2023-09-06,46.5,46.55,45.75,45.8,15153174.0,0.0
2023-09-07,45.7,45.8,45.45,45.7,7077882.0,0.0
2023-09-08,45.6,46.3,45.6,46.3,8230642.0,0.0
2023-09-11,46.3,46.55,46.0,46.55,9322089.0,0.0
2023-09-12,46.55,46.65,46.1,46.65,12274928.0,0.0
2023-09-13,46.5,46.75,46.5,46.75,7921298.0,0.0
2023-09-14,46.85,47.0,46.6,46.9,13347312.0,0.0
2023-09-15,46.9,46.9,46.6,46.65,18166631.0,0.0
2023-09-18,46.6,46.6,46.3,46.4,9915365.0,0.0
2023-09-19,46.45,46.6,46.3,46.35,12155578.0,0.0
2023-09-20,46.3,46.35,45.65,45.7,19194476.0,0.0
2023-09-21,45.5,45.55,44.7,44.9,25786769.0,0.0
2023-09-22,44.85,45.0,44.55,44.7,14849503.0,0.0
2023-09-25,44.75,45.0,44.6,44.85,12515932.0,0.0
2023-09-26,44.7,44.85,44.4,44.45,13592490.0,0.0
2023-09-27,44.3,44.7,44.2,44.6,12826800.0,0.0
2023-09-28,44.6,44.95,44.55,44.55,11709653.0,0.0
2023-10-02,44.65,44.75,44.45,44.5,9808027.0,0.0
2023-10-03,44.2,44.3,44.0,44.0,16489470.0,0.0
2023-10-04,43.85,43.95,43.5,43.55,24415074.0,0.0
2023-10-05,43.55,44.15,43.4,44.05,13315708.0,0.0
2023-10-06,44.25,44.6,44.15,44.55,8311526.0,0.0
2023-10-11,45.05,45.95,44.95,45.95,33041627.0,0.0
2023-10-12,45.95,46.15,45.5,46.15,17947151.0,0.0
2023-10-13,45.85,45.85,45.3,45.3,16023433.0,0.0
2023-10-16,45.05,45.5,45.0,45.5,7411565.0,0.0
2023-10-17,45.55,45.6,45.15,45.25,8336233.0,0.0
2023-10-18,45.5,45.6,45.2,45.6,20529787.0,0.0
2023-10-19,45.2,45.35,44.85,45.1,13146819.0,0.0
2023-10-20,44.6,44.95,43.75,44.7,26926642.0,0.0
2023-10-23,44.45,44.8,44.0,44.1,14983219.0,0.0
2023-10-24,44.1,44.35,43.85,44.15,9559466.0,0.0
2023-10-25,44.2,44.35,44.1,44.15,6332569.0,0.0
2023-10-26,43.75,44.2,43.55,43.85,10856280.0,0.0
2023-10-27,43.95,44.4,43.9,44.2,5915192.0,0.0
2023-10-30,44.2,44.4,43.75,43.95,13371272.0,0.0
2023-10-31,44.25,44.25,43.85,43.9,9158146.0,0.0
2023-11-01,44.2,44.5,44.0,44.3,9333175.0,0.0
2023-11-02,44.7,44.95,44.55,44.85,14387892.0,0.0
2023-11-03,45.0,45.35,44.8,45.35,11132598.0,0.0
2023-11-06,45.65,45.7,45.25,45.35,11837901.0,0.0
2023-11-07,45.2,45.25,44.95,45.2,8921848.0,0.0
2023-11-08,45.4,45.4,45.0,45.05,5428905.0,0.0
2023-11-09,45.15,45.2,44.95,45.15,5283630.0,0.0
2023-11-10,44.8,45.1,44.8,44.95,5174134.0,0.0
2023-11-13,45.45,45.8,45.2,45.25,13826876.0,0.0
2023-11-14,45.55,45.75,45.35,45.45,17268934.0,0.0
2023-11-15,45.9,46.0,45.45,45.75,22992419.0,0.0
2023-11-16,45.8,45.85,45.5,45.65,17524774.0,0.0
2023-11-17,45.55,45.95,45.55,45.8,16173201.0,0.0
2023-11-20,46.0,46.0,45.45,45.7,10582199.0,0.0
2023-11-21,45.75,46.45,45.75,46.15,27290008.0,0.0
2023-11-22,46.1,46.3,46.05,46.3,10383618.0,0.0
2023-11-23,46.4,46.5,46.15,46.3,12747824.0,0.0
2023-11-24,46.4,46.5,46.1,46.3,7185740.0,0.0
2023-11-27,46.1,46.65,45.65,45.75,16042874.0,0.0
2023-11-28,45.7,46.05,45.55,46.0,18068603.0,0.0
2023-11-29,45.85,46.1,45.75,45.75,11989238.0,0.0
2023-11-30,45.85,46.5,45.75,46.5,33581478.0,0.0
2023-12-01,46.25,46.25,45.9,46.05,13828296.0,0.0
2023-12-04,46.35,46.4,46.0,46.25,12839352.0,0.0
2023-12-05,45.9,45.95,45.4,45.55,22178333.0,0.0
2023-12-06,45.55,45.8,45.4,45.45,14764383.0,0.0
2023-12-07,45.3,45.4,44.8,45.0,22523861.0,0.0
2023-12-08,45.0,45.2,44.8,44.85,20276648.0,0.0
2023-12-11,44.85,44.95,44.75,44.85,13732183.0,0.0
2023-12-12,44.75,44.85,44.6,44.75,16838581.0,0.0
2023-12-13,44.75,44.9,44.6,44.7,15653415.0,0.0
2023-12-14,45.35,45.95,45.15,45.9,37739504.0,0.0
2023-12-15,46.05,46.1,45.6,45.85,29841765.0,0.0
2023-12-18,45.6,45.65,45.25,45.5,10665285.0,0.0
2023-12-19,45.35,45.4,44.85,44.9,19170782.0,0.0
2023-12-20,45.05,45.1,44.8,44.85,16947070.0,0.0
2023-12-21,44.6,44.8,44.6,44.7,11045862.0,0.0
2023-12-22,44.7,44.85,44.6,44.65,12753891.0,0.0
2023-12-25,44.8,45.1,44.7,44.85,9367581.0,0.0
2023-12-26,45.0,45.3,44.95,45.2,9292816.0,0.0
2023-12-27,45.25,45.5,45.15,45.45,12547679.0,0.0
2023-12-28,45.45,45.8,45.35,45.8,15438371.0,0.0
2023-12-29,45.75,45.8,45.5,45.75,14718236.0,0.0
2024-01-02,45.6,45.6,45.25,45.5,8594338.0,0.0
2024-01-03,45.05,45.25,44.8,44.95,16720297.0,0.0
2024-01-04,44.85,44.95,44.7,44.7,13536046.0,0.0
2024-01-05,44.7,44.95,44.7,44.85,9460556.0,0.0
2024-01-08,44.9,45.5,44.85,45.1,14758089.0,0.0
2024-01-09,45.1,45.25,44.75,44.75,12202162.0,0.0
2024-01-10,45.0,45.1,44.7,44.7,7485398.0,0.0
2024-01-11,44.6,44.75,44.4,44.6,14848145.0,0.0
2024-01-12,44.5,44.65,44.5,44.5,11633882.0,0.0
2024-01-15,44.65,44.9,44.45,44.45,17671440.0,0.0
2024-01-16,44.3,44.35,43.7,44.0,29185028.0,0.0
2024-01-17,43.8,43.9,43.3,43.3,37085046.0,0.0
2024-01-18,43.25,43.55,43.1,43.3,16805896.0,0.0
2024-01-19,43.15,43.8,43.15,43.8,18578828.0,0.0
2024-01-22,43.9,44.0,43.85,43.85,9150527.0,0.0
2024-01-23,44.2,44.2,43.85,44.2,10793433.0,0.0
2024-01-24,44.15,44.4,44.0,44.2,12359456.0,0.0
2024-01-25,44.2,44.35,44.15,44.35,11779164.0,0.0
2024-01-26,44.3,44.55,44.25,44.5,12814578.0,0.0
2024-01-29,44.3,44.5,44.25,44.4,10211380.0,0.0
2024-01-30,44.4,44.4,43.9,43.9,15675025.0,0.0
2024-01-31,43.9,44.15,43.8,44.15,13853540.0,0.0
2024-02-01,44.4,44.5,44.2,44.45,11301348.0,0.0
2024-02-02,44.4,44.45,44.05,44.1,9944655.0,0.0
2024-02-05,43.9,44.05,43.7,43.9,17242323.0,0.0
2024-02-15,44.0,44.5,43.95,44.05,18973352.0,0.0
2024-02-16,44.3,44.55,44.2,44.55,10241018.0,0.0
2024-02-19,44.6,45.05,44.55,45.0,21577471.0,0.0
2024-02-20,45.0,45.1,44.8,45.1,12780176.0,0.0
2024-02-21,45.05,45.05,44.7,44.75,14884476.0,0.0
2024-02-22,44.75,44.9,44.7,44.9,9841691.0,0.0
2024-02-23,44.8,44.85,44.45,44.45,14521845.0,0.0
2024-02-26,44.35,44.5,44.3,44.3,16996562.0,0.0
2024-02-27,44.3,44.75,44.2,44.3,17596584.0,0.0
2024-02-29,44.3,45.05,44.25,45.05,27458500.0,0.0
2024-03-01,45.05,45.05,44.65,44.65,12188479.0,0.0
2024-03-04,44.65,44.85,44.6,44.65,16542104.0,0.0
2024-03-05,44.65,44.95,44.65,44.65,12718033.0,0.0
2024-03-06,44.65,44.95,44.55,44.55,17710428.0,0.0
2024-03-07,44.6,45.0,44.55,44.85,19189914.0,0.0
2024-03-08,44.8,45.3,44.75,45.3,41256409.0,0.0
2024-03-11,45.9,46.5,45.7,46.05,52841794.0,0.0
2024-03-12,46.1,46.5,46.0,46.5,39706120.0,0.0
2024-03-13,46.55,46.85,46.45,46.8,36295169.0,0.0
2024-03-14,46.9,48.4,46.9,48.3,74186786.0,0.0
2024-03-15,48.5,48.5,47.3,47.65,67083796.0,0.0
2024-03-18,47.7,48.15,47.25,47.55,25477256.0,0.0
2024-03-19,47.35,48.0,47.15,47.75,20605850.0,0.0
2024-03-20,47.75,47.95,47.45,47.5,19653760.0,0.0
2024-03-21,47.7,48.65,47.7,48.55,44610683.0,0.0
2024-03-22,48.9,49.3,48.2,48.55,36280103.0,0.0
2024-03-25,48.6,48.6,47.8,48.1,23185710.0,0.0
2024-03-26,47.9,48.45,47.85,48.35,15633362.0,0.0
2024-03-27,48.1,48.35,48.05,48.2,10609472.0,0.0
2024-03-28,48.4,48.45,48.0,48.25,13552454.0,0.0
2024-03-29,48.25,48.7,48.15,48.5,11902000.0,0.0
2024-04-01,48.9,49.2,48.7,48.95,19040501.0,0.0
2024-04-02,48.75,49.05,48.7,48.95,10606932.0,0.0
2024-04-03,48.75,48.75,48.05,48.05,20409376.0,0.0
2024-04-08,48.0,48.5,47.75,48.35,14821759.0,0.0
2024-04-09,48.55,49.45,48.45,49.45,38494383.0,0.0
2024-04-10,49.5,49.5,48.75,48.75,28882840.0,0.0
2024-04-11,49.7,50.5,49.4,49.7,44039125.0,0.0
2024-04-12,49.65,49.65,48.95,49.05,27730193.0,0.0
2024-04-15,48.75,49.3,48.4,48.95,23788713.0,0.0
2024-04-16,48.55,48.8,47.55,47.85,34286492.0,0.0
2024-04-17,47.8,48.15,47.6,47.9,17332692.0,0.0
2024-04-18,47.9,48.65,47.5,48.45,20325610.0,0.0
2024-04-19,47.8,48.2,47.05,47.45,30954485.0,0.0
2024-04-22,47.9,48.6,47.75,48.4,22153307.0,0.0
2024-04-23,48.55,48.95,48.5,48.75,15723227.0,0.0
2024-04-24,49.05,49.5,49.0,49.25,24012003.0,0.0
2024-04-25,48.7,48.8,48.35,48.55,19379964.0,0.0
2024-04-26,48.6,49.2,48.6,48.9,13314079.0,0.0
2024-04-29,49.3,50.9,49.25,50.8,54662846.0,0.0
2024-04-30,50.8,51.2,50.5,50.5,35944685.0,0.0
2024-05-02,50.2,50.7,50.0,50.3,23499014.0,0.0
2024-05-03,50.4,50.7,50.1,50.2,14900507.0,0.0
2024-05-06,50.6,51.3,50.5,50.9,29378952.0,0.0
2024-05-07,51.5,51.5,50.6,50.9,17174115.0,0.0
2024-05-08,50.9,51.1,50.7,50.9,14720994.0,0.0
2024-05-09,51.2,52.4,51.0,51.7,38031799.0,0.0
2024-05-10,53.0,55.5,53.0,55.5,110819018.0,0.0
2024-05-13,56.3,56.4,54.7,55.1,56197441.0,0.0
2024-05-14,55.2,55.7,54.2,54.3,34279644.0,0.0
2024-05-15,55.0,57.0,54.7,56.6,77902548.0,0.0
2024-05-16,57.0,57.4,56.3,56.4,59682185.0,0.0
2024-05-17,56.4,56.8,56.1,56.4,31089850.0,0.0
2024-05-20,56.8,56.9,55.7,56.0,22312535.0,0.0
2024-05-21,55.8,55.9,54.6,55.4,35314051.0,0.0
2024-05-22,55.5,56.0,55.3,56.0,18502022.0,0.0
2024-05-23,55.2,55.4,54.6,54.8,29820556.0,0.0
2024-05-24,54.4,55.3,54.4,54.9,15696064.0,0.0
2024-05-27,55.7,56.0,55.2,55.6,21737408.0,0.0
2024-05-28,55.6,57.3,55.6,56.8,42788393.0,0.0
2024-05-29,56.8,56.8,55.4,55.6,37270612.0,0.0
2024-05-30,55.5,56.7,55.4,55.6,32809994.0,0.0
2024-05-31,56.0,56.7,55.6,56.2,46587800.0,0.0
2024-06-03,56.6,56.8,56.1,56.7,18443934.0,0.0
2024-06-04,56.3,56.5,55.8,56.4,17506522.0,0.0
2024-06-05,56.5,57.0,56.1,56.5,15821156.0,0.0
2024-06-06,56.6,57.6,56.6,57.5,43909193.0,0.0
2024-06-07,57.5,58.4,57.5,58.2,28016517.0,0.0
2024-06-11,58.8,59.7,58.3,58.7,50455531.0,0.0
2024-06-12,58.1,58.4,57.6,57.9,30709932.0,0.0
2024-06-13,58.4,58.8,57.8,58.1,32885334.0,0.0
2024-06-14,58.6,58.6,57.5,58.2,22570629.0,0.0
2024-06-17,58.2,58.2,57.4,57.5,19688095.0,0.0
2024-06-18,58.0,58.9,58.0,58.9,28703145.0,0.0
2024-06-19,59.1,59.3,58.2,59.0,29967420.0,0.0
2024-06-20,59.0,60.2,58.8,60.1,43213257.0,0.0
2024-06-21,60.1,60.4,59.7,60.1,44553804.0,0.0
2024-06-24,60.3,60.5,59.6,60.3,26401745.0,0.0
2024-06-25,60.8,61.2,60.1,60.5,30590909.0,0.0
2024-06-26,60.3,60.5,59.0,59.5,38888351.0,0.0
2024-06-27,58.9,59.1,58.3,59.1,47169410.0,0.0
2024-06-28,59.1,59.6,58.6,59.0,48245179.0,0.0
2024-07-01,57.9,58.1,56.7,58.1,68014318.0,2.0
2024-07-02,57.8,58.5,57.4,58.2,25123181.0,0.0
2024-07-03,58.7,61.6,58.6,61.5,82983423.0,0.0
2024-07-04,61.8,62.2,60.4,60.7,54381074.0,0.0
2024-07-05,61.3,61.5,60.5,61.3,38153115.0,0.0
2024-07-08,61.5,62.4,61.0,62.3,41291332.0,0.0
2024-07-09,62.5,63.2,61.0,62.1,44984901.0,0.0
2024-07-10,62.6,63.7,62.4,63.6,46214319.0,0.0
2024-07-11,64.4,66.1,63.8,65.5,74786743.0,0.0
2024-07-12,65.2,66.1,64.6,65.7,38164611.0,0.0
2024-07-15,66.0,66.0,64.1,65.0,33842043.0,0.0
2024-07-16,65.7,65.8,64.6,65.4,33390002.0,0.0
2024-07-17,65.7,66.2,64.8,65.3,39102467.0,0.0
2024-07-18,64.7,65.6,63.1,64.2,48543601.0,0.0
2024-07-19,64.7,64.7,61.7,62.6,52547992.0,0.0
2024-07-22,62.1,62.2,59.5,60.0,47711977.0,0.0
2024-07-23,61.1,61.5,60.7,61.5,21678619.0,0.0
2024-07-26,59.7,61.7,59.5,61.5,37439149.0,0.0
2024-07-29,62.4,63.2,61.8,62.7,30437537.0,0.0
2024-07-30,62.5,62.5,60.7,61.7,21728973.0,0.0
2024-07-31,60.8,62.8,60.8,62.4,18511247.0,0.0
2024-08-01,62.9,63.1,62.4,62.8,24088468.0,0.0
2024-08-02,61.5,61.7,60.6,61.3,28645559.0,0.0
2024-08-05,59.0,59.2,55.3,55.6,67951804.0,0.0
2024-08-06,57.0,57.7,54.0,56.1,47848163.0,0.0
2024-08-07,56.1,58.7,56.1,58.6,41171470.0,0.0
2024-08-08,57.5,58.8,57.2,57.8,22098747.0,0.0
2024-08-09,61.3,61.5,60.1,60.5,48640357.0,0.0
2024-08-12,61.2,61.6,60.4,61.0,28181159.0,0.0
2024-08-13,61.1,61.5,60.6,61.3,20254165.0,0.0
2024-08-14,61.8,62.5,61.4,61.9,27932712.0,0.0
2024-08-15,62.6,62.8,61.5,61.6,19576689.0,0.0
2024-08-16,62.6,63.3,62.1,63.0,40751327.0,0.0
2024-08-19,63.2,63.2,62.2,62.3,19025333.0,0.0
2024-08-20,62.5,62.5,61.1,61.7,23860267.0,0.0
2024-08-21,61.4,62.2,61.3,61.9,17824051.0,0.0
2024-08-22,61.7,61.8,61.0,61.4,15049844.0,0.0
2024-08-23,60.7,61.7,60.5,61.5,10674672.0,0.0
2024-08-26,62.3,64.2,62.2,63.9,45897812.0,0.0
2024-08-27,63.5,63.7,62.8,63.1,24131732.0,0.0
2024-08-28,63.4,63.5,62.6,63.5,13255685.0,0.0
2024-08-29,63.1,63.4,62.7,63.1,14112990.0,0.0
2024-08-30,63.4,63.7,63.0,63.5,30136194.0,0.0
2024-09-02,63.8,65.2,63.7,64.7,31737202.0,0.0
2024-09-03,64.8,64.8,63.5,63.7,16384725.0,0.0
2024-09-04,61.0,62.2,60.6,61.6,36450780.0,0.0
2024-09-05,62.0,63.6,61.7,62.4,30481021.0,0.0
2024-09-06,62.2,63.7,61.8,63.5,24581221.0,0.0
2024-09-09,62.0,62.6,61.3,62.5,29662372.0,0.0
2024-09-10,62.5,63.4,62.0,62.6,18738850.0,0.0
2024-09-11,62.3,62.9,62.3,62.5,18759780.0,0.0
2024-09-12,63.2,63.3,62.5,62.9,19992848.0,0.0
2024-09-13,63.1,63.7,62.5,63.2,15437217.0,0.0
2024-09-16,63.3,63.4,62.7,63.1,9224361.0,0.0
2024-09-18,63.0,63.4,62.8,63.2,12969687.0,0.0
2024-09-19,63.4,64.8,63.3,64.8,34318662.0,0.0
2024-09-20,65.0,65.4,64.5,64.7,40165846.0,0.0
2024-09-23,64.9,65.4,64.5,65.4,21522538.0,0.0
2024-09-24,65.5,66.5,65.3,66.3,43299635.0,0.0
2024-09-25,67.0,67.1,66.4,67.1,31977429.0,0.0
2024-09-26,67.6,68.6,67.4,68.3,44203669.0,0.0
2024-09-27,69.0,69.0,66.9,67.5,36299707.0,0.0
2024-09-30,67.4,67.7,66.5,66.5,29637285.0,0.0
2024-10-01,66.9,67.1,66.2,66.7,11996810.0,0.0
2024-10-04,66.0,66.9,65.8,66.0,24322395.0,0.0
2024-10-07,66.6,68.0,66.5,68.0,29051653.0,0.0
2024-10-08,67.5,68.2,67.0,67.7,24875376.0,0.0
2024-10-09,68.3,68.5,67.6,67.8,17309623.0,0.0
2024-10-11,68.6,68.6,67.6,68.0,21663134.0,0.0
2024-10-14,68.0,68.1,67.1,67.7,10554371.0,0.0
2024-10-15,67.8,68.8,67.5,68.8,28862968.0,0.0
2024-10-16,68.0,68.6,67.4,67.8,21791724.0,0.0
2024-10-17,67.9,68.7,67.9,68.6,13945412.0,0.0
2024-10-18,68.8,69.9,68.5,69.8,42577824.0,0.0
2024-10-21,69.8,69.8,68.0,68.3,38717417.0,0.0
2024-10-22,68.2,69.3,67.8,69.3,26585760.0,0.0
2024-10-23,69.0,69.4,68.7,69.2,17460484.0,0.0
2024-10-24,68.8,69.0,68.2,68.2,16149286.0,0.0
2024-10-25,68.5,69.0,68.1,69.0,11712474.0,0.0
2024-10-28,68.9,69.8,68.5,69.3,22253036.0,0.0
2024-10-29,69.2,69.2,68.0,68.5,21295784.0,0.0
2024-10-30,68.8,69.0,68.5,68.9,14846643.0,0.0
2024-11-01,68.1,68.8,67.4,68.6,25933667.0,0.0
2024-11-04,68.6,69.6,68.5,69.6,27759924.0,0.0
2024-11-05,69.1,69.8,68.6,69.8,12529086.0,0.0
2024-11-06,69.6,69.7,69.0,69.1,12043658.0,0.0
2024-11-07,69.0,70.4,69.0,69.8,25062035.0,0.0
2024-11-08,70.0,70.2,69.4,69.5,15125052.0,0.0
2024-11-11,69.7,69.8,68.1,68.7,20916698.0,0.0
2024-11-12,67.8,68.2,67.2,67.5,40494368.0,0.0
2024-11-13,67.1,67.5,66.2,66.8,37216440.0,0.0
2024-11-14,66.5,67.1,66.1,66.2,26613329.0,0.0
2024-11-15,67.0,68.3,66.6,66.9,29043099.0,0.0
2024-11-18,67.3,67.5,66.6,67.0,19670848.0,0.0
2024-11-19,67.3,67.7,66.5,67.7,29378666.0,0.0
2024-11-20,67.4,67.4,67.4,67.4,25128583.0,0.0
2024-11-21,66.9,67.0,66.2,66.6,29047535.0,0.0
2024-11-22,67.0,67.3,66.5,66.8,20542663.0,0.0
2024-11-25,67.4,68.0,67.1,67.3,45994278.0,0.0
2024-11-26,67.1,67.5,66.3,67.4,14985040.0,0.0
2024-11-27,67.1,67.3,66.5,66.5,12375995.0,0.0
2024-11-28,66.8,66.8,66.1,66.3,12375048.0,0.0
2024-11-29,65.8,66.1,65.0,65.7,23113400.0,0.0
2024-12-02,66.1,67.7,66.0,67.6,20298415.0,0.0
2024-12-03,67.9,68.9,67.8,68.9,29913884.0,0.0
2024-12-04,69.0,69.0,68.4,69.0,15588054.0,0.0
2024-12-05,69.2,69.3,68.8,69.2,12754696.0,0.0
2024-12-06,69.1,69.2,68.4,68.7,10241647.0,0.0
2024-12-09,68.7,69.4,68.6,69.2,18164014.0,0.0
2024-12-10,68.8,69.2,68.4,68.6,12441774.0,0.0
2024-12-11,68.3,69.2,68.0,68.4,19996762.0,0.0
2024-12-12,69.0,69.8,68.6,69.6,36133386.0,0.0
2024-12-13,69.3,69.8,69.0,69.5,13686022.0,0.0
2024-12-16,69.5,70.7,69.4,70.1,34902926.0,0.0
2024-12-17,69.6,70.0,68.6,68.6,24837503.0,0.0
2024-12-18,68.5,69.4,68.2,68.8,15857184.0,0.0
2024-12-19,67.5,67.7,67.1,67.7,26330204.0,0.0
2024-12-20,67.2,67.7,66.9,67.3,26899589.0,0.0
2024-12-23,68.0,69.0,68.0,69.0,17122496.0,0.0
2024-12-24,69.0,69.1,68.6,68.9,6153683.0,0.0
2024-12-25,69.0,69.1,68.4,68.7,5986895.0,0.0
2024-12-26,68.9,69.0,68.4,68.7,3532796.0,0.0
2024-12-27,68.6,69.3,68.5,69.3,10258701.0,0.0
2024-12-30,69.2,69.8,69.0,69.2,16911590.0,0.0
2024-12-31,68.6,68.7,68.1,68.3,13746482.0,0.0
2025-01-02,68.7,68.7,67.3,68.0,24306565.0,0.0
2025-01-03,68.1,68.3,67.5,67.8,18132652.0,0.0
2025-01-06,68.3,69.2,68.1,68.8,27528633.0,0.0
2025-01-07,69.1,69.2,68.3,69.1,23548626.0,0.0
2025-01-08,68.8,69.4,68.6,68.8,24392294.0,0.0
2025-01-09,68.6,69.3,68.3,68.3,11260509.0,0.0
2025-01-10,67.5,67.6,64.7,65.1,79078935.0,0.0
2025-01-13,65.0,65.7,63.6,64.2,36934824.0,0.0
2025-01-14,64.5,65.7,64.5,65.5,22041903.0,0.0
2025-01-15,65.5,65.8,64.6,64.7,20181926.0,0.0
2025-01-16,65.6,65.9,65.3,65.5,14008135.0,0.0
2025-01-17,65.8,66.1,64.9,65.5,12841817.0,0.0
2025-01-20,65.7,65.9,65.0,65.1,9452883.0,0.0
2025-01-21,65.3,66.2,65.1,65.9,10512224.0,0.0
2025-01-22,66.5,67.3,66.4,66.8,26391399.0,0.0
2025-02-03,65.1,66.3,64.9,66.0,22126880.0,0.0
2025-02-04,66.5,66.8,65.1,65.2,15388000.0,0.0
2025-02-05,65.9,66.7,65.7,66.5,15759429.0,0.0
2025-02-06,66.8,66.9,66.3,66.9,9897240.0,0.0
2025-02-07,66.6,67.2,66.4,66.9,10923854.0,0.0
2025-02-10,66.7,68.0,66.6,67.4,16377780.0,0.0
2025-02-11,68.1,68.8,68.0,68.5,20866816.0,0.0
2025-02-12,68.6,68.9,68.2,68.7,10202913.0,0.0
2025-02-13,68.6,69.0,68.2,68.7,13377030.0,0.0
2025-02-14,68.7,69.0,68.4,68.7,10985387.0,0.0
2025-02-17,68.9,69.3,68.8,69.0,16292304.0,0.0
2025-02-18,68.7,69.2,68.7,69.2,8763605.0,0.0
2025-02-19,69.0,69.2,68.3,68.7,13330523.0,0.0
2025-02-20,68.7,69.0,68.3,68.8,13665208.0,0.0
2025-02-21,68.6,69.0,68.6,68.9,10572393.0,0.0
2025-02-24,68.4,68.7,68.4,68.7,8914341.0,0.0
2025-02-25,68.2,68.8,67.8,68.7,13356157.0,0.0
2025-02-26,68.5,69.3,68.3,69.2,15458463.0,0.0
2025-02-27,69.0,69.3,68.4,68.4,35778086.0,0.0
2025-03-03,68.7,68.9,68.0,68.8,21241927.0,0.0
2025-03-04,67.8,68.2,66.7,67.7,22150783.0,0.0
2025-03-05,67.9,68.5,67.9,68.2,12313204.0,0.0
2025-03-06,68.0,68.7,68.0,68.7,9201178.0,0.0
2025-03-07,68.3,68.4,67.2,67.3,22302843.0,0.0
2025-03-10,67.2,67.7,66.9,67.3,10298966.0,0.0
2025-03-11,66.0,66.4,64.8,65.9,33709866.0,0.0
2025-03-12,66.0,66.6,66.0,66.5,11828340.0,0.0
2025-03-13,66.8,66.9,65.9,65.9,7661325.0,0.0
2025-03-14,66.6,67.0,66.0,66.0,14062880.0,0.0
2025-03-17,65.8,66.2,64.9,66.0,21267901.0,0.0
2025-03-18,66.3,67.3,66.0,66.5,17177663.0,0.0
2025-03-19,66.3,66.5,65.3,65.3,16248437.0,0.0
2025-03-20,65.8,66.3,65.7,65.9,10061188.0,0.0
2025-03-21,65.6,65.9,65.1,65.1,19663149.0,0.0
2025-03-24,65.3,65.6,65.0,65.0,9927289.0,0.0
2025-03-25,65.4,65.7,65.0,65.0,11934883.0,0.0
2025-03-26,65.5,65.8,65.2,65.4,15073510.0,0.0
2025-03-27,65.1,65.3,64.6,65.3,15022289.0,0.0
2025-03-28,65.0,65.1,64.0,64.0,20054064.0,0.0
2025-03-31,62.8,63.0,61.1,61.2,32601854.0,0.0
2025-04-01,61.5,62.1,61.2,61.6,25979079.0,0.0
2025-04-02,61.6,62.3,61.6,61.6,21366759.0,0.0
2025-04-07,55.5,55.5,55.5,55.5,9339145.0,0.0
2025-04-08,52.8,54.8,52.2,54.1,84413483.0,0.0
2025-04-09,53.5,54.6,49.5,49.5,67600496.0,0.0
2025-04-10,54.4,54.4,54.0,54.4,20144368.0,0.0
2025-04-11,52.5,54.4,52.5,54.2,55592542.0,0.0
2025-04-14,54.4,55.7,54.3,54.5,39368302.0,0.0
2025-04-15,54.8,56.2,54.6,56.0,23705441.0,0.0
2025-04-16,55.1,55.5,54.5,54.8,22269928.0,0.0
2025-04-17,54.5,54.5,53.6,53.9,24874782.0,0.0
2025-04-18,53.6,54.0,53.2,53.6,26241533.0,0.0
2025-04-21,53.8,54.2,53.3,54.1,16911194.0,0.0
2025-04-22,53.1,53.5,52.0,52.5,31953772.0,0.0
2025-04-23,53.6,53.6,52.8,53.6,26448029.0,0.0
2025-04-24,53.7,53.8,52.9,53.5,23118104.0,0.0
2025-04-25,54.0,54.8,53.8,54.1,26733950.0,0.0
2025-04-28,54.8,55.0,54.3,54.6,13700391.0,0.0
2025-04-29,54.6,55.7,54.3,55.7,29605110.0,0.0
2025-04-30,58.4,59.4,57.7,58.5,70499043.0,0.0
2025-05-02,58.5,58.9,58.1,58.7,38292253.0,0.0
2025-05-05,55.1,55.4,53.3,54.7,95368983.0,0.0
2025-05-06,53.9,56.2,53.6,55.9,64400064.0,0.0
2025-05-07,55.7,56.2,54.8,56.2,45137412.0,0.0
2025-05-08,55.1,56.2,55.1,55.2,52583859.0,0.0
2025-05-09,54.6,55.5,54.2,55.2,55895645.0,0.0
2025-05-12,55.0,56.2,55.0,56.1,38040502.0,0.0
2025-05-13,57.3,58.4,56.9,57.9,54663954.0,0.0
2025-05-14,58.6,59.3,58.4,58.8,38045887.0,0.0
2025-05-15,59.3,59.9,58.9,59.6,43348358.0,0.0
2025-05-16,59.9,63.0,59.6,63.0,74886943.0,0.0
2025-05-19,61.5,62.3,60.4,60.5,50035510.0,0.0
2025-05-20,60.8,62.2,60.8,61.5,35187628.0,0.0
2025-05-21,61.7,64.0,61.6,63.5,67276671.0,0.0
2025-05-22,62.2,66.1,62.0,65.6,98102551.0,0.0
2025-05-23,65.0,67.2,65.0,65.7,69220745.0,0.0
2025-05-26,65.4,66.5,63.0,63.0,99601144.0,0.0
2025-05-27,62.6,64.6,61.6,62.2,140946039.0,0.0
2025-05-28,62.6,63.0,61.2,61.2,134231696.0,0.0
2025-05-29,61.6,62.4,59.8,59.8,210093481.0,0.0
2025-06-02,59.7,60.9,58.8,60.4,149784569.0,0.0
2025-06-03,60.1,63.9,60.0,63.9,175849378.0,0.0
2025-06-04,63.0,67.7,61.8,64.7,276557834.0,0.0
2025-06-05,64.3,67.2,64.3,66.1,169990897.0,0.0
2025-06-06,64.9,67.5,64.8,66.3,194544529.0,0.0
2025-06-09,66.5,67.8,66.5,67.7,165372356.0,0.0
2025-06-10,67.7,67.9,66.0,66.0,126958023.0,0.0
2025-06-11,66.4,68.4,64.1,68.4,186969872.0,0.0
2025-06-12,67.1,68.5,66.5,68.5,146977203.0,0.0
2025-06-13,67.5,69.5,67.1,69.0,133217588.0,0.0
2025-06-16,68.7,69.5,67.1,67.3,61016699.0,0.0
2025-06-17,67.3,68.2,65.7,65.7,67972090.0,0.0
2025-06-18,66.3,67.4,65.7,67.3,59602690.0,0.0
2025-06-19,66.5,66.9,65.6,66.2,43094453.0,0.0
2025-06-20,66.2,66.3,65.3,65.6,42370749.0,0.0
2025-06-23,65.0,65.9,64.7,65.9,31718301.0,0.0
2025-06-24,66.2,66.7,65.7,66.5,34402132.0,0.0
2025-06-25,66.9,67.0,66.2,66.5,38576800.0,0.0
2025-06-26,66.4,66.8,66.2,66.7,41927490.0,0.0
2025-06-27,66.5,67.9,66.0,67.9,84433352.0,0.0
2025-06-30,63.8,63.8,62.5,62.8,58096172.0,3.5
2025-07-01,62.8,64.7,62.8,63.4,42222231.0,0.0
2025-07-02,63.4,63.7,62.6,62.6,25575977.0,0.0
2025-07-03,62.7,63.2,62.6,62.7,23304415.0,0.0
2025-07-04,63.0,63.0,61.5,61.5,22756608.0,0.0
2025-07-07,61.9,62.3,61.5,61.8,26239515.0,0.0
2025-07-08,61.7,62.2,61.2,61.6,18648777.0,0.0
2025-07-09,61.2,62.0,61.1,61.1,17134414.0,0.0
2025-07-10,60.9,62.9,60.8,62.7,26695923.0,0.0
2025-07-11,62.6,63.8,62.4,62.5,20567067.0,0.0
2025-07-14,63.0,63.7,62.8,63.2,28794836.0,0.0
2025-07-15,63.1,63.4,62.7,63.1,16759222.0,0.0
2025-07-16,62.6,63.7,62.6,63.5,28809256.0,0.0
2025-07-17,63.6,64.0,63.1,63.1,29461954.0,0.0
2025-07-18,63.0,63.5,62.5,62.6,20613253.0,0.0
2025-07-21,62.7,63.1,62.2,62.3,20142877.0,0.0
2025-07-22,62.7,62.9,61.5,61.7,22811435.0,0.0
2025-07-23,62.3,62.8,61.9,62.7,22781398.0,0.0
2025-07-24,62.7,62.9,62.1,62.6,13566107.0,0.0
2025-07-25,62.2,62.8,62.1,62.6,13430671.0,0.0
2025-07-28,62.6,62.9,61.8,61.9,17872370.0,0.0
2025-07-29,61.9,62.1,61.3,61.3,14650021.0,0.0
2025-07-30,61.6,62.2,61.4,61.5,12836092.0,0.0
2025-07-31,61.3,61.4,60.9,60.9,17930528.0,0.0
2025-08-04,60.8,62.5,60.6,62.5,26126663.0,0.0
2025-08-05,62.2,62.9,62.0,62.8,17283090.0,0.0
2025-08-06,62.7,63.0,62.4,62.7,18457373.0,0.0
2025-08-07,62.8,63.4,62.7,62.9,16564030.0,0.0
2025-08-08,62.8,63.3,62.8,63.2,10368497.0,0.0
2025-08-11,62.9,64.0,62.9,63.9,16382581.0,0.0
2025-08-12,64.1,64.3,63.6,63.6,16208571.0,0.0
2025-08-13,63.9,64.3,63.6,63.7,15368317.0,0.0
2025-08-14,63.7,64.8,63.7,64.6,27447688.0,0.0
2025-08-15,64.6,64.7,64.0,64.7,13372024.0,0.0
2025-08-18,64.2,64.5,63.8,64.4,22487462.0,0.0
2025-08-19,64.1,64.7,64.0,64.2,15500507.0,0.0
2025-08-20,64.3,64.6,63.0,63.1,20192207.0,0.0
2025-08-21,63.6,64.5,63.5,64.5,18114412.0,0.0
2025-08-22,64.1,64.3,63.5,63.8,14471796.0,0.0
2025-08-25,64.1,64.6,64.0,64.6,11865865.0,0.0
2025-08-26,64.2,64.5,63.4,63.4,27837469.0,0.0
2025-08-27,63.4,63.6,62.6,62.6,19417165.0,0.0
2025-08-28,63.0,63.0,62.3,62.3,15592358.0,0.0
2025-08-29,62.3,62.6,61.5,61.5,18322296.0,0.0
2025-09-01,61.9,62.6,61.8,62.6,15282127.0,0.0
2025-09-02,62.6,63.5,62.5,63.5,18351078.0,0.0
2025-09-03,63.5,63.6,62.9,63.5,9222113.0,0.0
2025-09-04,63.6,64.2,63.5,64.1,15063476.0,0.0
2025-09-05,64.1,64.6,63.8,64.6,19432589.0,0.0
2025-09-08,64.5,64.5,63.8,63.8,15273818.0,0.0
2025-09-09,64.0,64.3,63.7,64.1,14966579.0,0.0
2025-09-10,63.9,64.9,63.9,64.9,22694241.0,0.0
2025-09-11,64.9,65.3,64.2,64.4,18523916.0,0.0
2025-09-12,64.5,65.8,64.5,65.5,26625699.0,0.0
2025-09-15,65.2,66.5,65.2,65.4,22702020.0,0.0
2025-09-16,65.8,66.2,65.2,66.1,26173648.0,0.0
2025-09-17,65.6,65.7,64.7,65.7,24040590.0,0.0
2025-09-18,65.6,65.6,64.5,65.0,15282654.0,0.0
2025-09-19,65.0,65.5,64.6,65.5,22563630.0,0.0
2025-09-22,65.4,66.1,65.3,66.0,15296636.0,0.0
2025-09-23,65.9,66.3,65.7,66.2,11713911.0,0.0
2025-09-24,66.2,67.0,65.6,66.0,14641979.0,0.0
2025-09-25,66.0,66.2,65.6,65.7,11982347.0,0.0
2025-09-26,65.5,65.6,64.8,65.1,10461280.0,0.0
2025-09-30,65.6,65.6,64.8,65.6,20627813.0,0.0
2025-10-01,65.2,66.3,65.2,65.3,15902872.0,0.0
2025-10-02,65.4,66.0,65.0,65.0,14445489.0,0.0
2025-10-03,65.7,66.0,65.0,65.0,8779000.0,0.0
2025-10-07,65.0,66.0,64.7,65.2,16211743.0,0.0
2025-10-08,65.4,65.9,65.3,65.3,13282302.0,0.0
2025-10-09,65.7,66.6,65.6,66.4,25972942.0,0.0
2025-10-13,66.3,66.3,65.1,65.3,19110126.0,0.0
2025-10-14,65.4,66.9,65.4,65.5,25539114.0,0.0
2025-10-15,65.8,66.4,65.4,66.4,27746495.0,0.0
2025-10-16,66.2,67.1,65.8,65.8,23579253.0,0.0
2025-10-17,65.8,66.1,65.1,65.2,15123134.0,0.0
2025-10-20,65.6,66.1,65.1,65.3,8352997.0,0.0
2025-10-21,65.8,66.7,65.6,65.7,18396940.0,0.0
2025-10-22,65.9,66.2,65.6,65.7,13493531.0,0.0
2025-10-23,65.6,65.7,65.1,65.7,16916394.0,0.0
2025-10-27,66.5,66.5,65.6,65.7,17268046.0,0.0
2025-10-28,66.1,66.1,64.6,64.8,18582099.0,0.0
2025-10-29,65.2,65.4,64.8,64.8,11855204.0,0.0
2025-10-30,64.8,65.1,64.1,64.6,18310747.0,0.0
2025-10-31,65.2,65.2,64.0,64.0,17218882.0,0.0
2025-11-03,63.8,64.4,63.5,63.9,13598341.0,0.0
2025-11-04,64.0,64.8,64.0,64.6,12238409.0,0.0
2025-11-05,64.1,64.4,63.6,64.1,16292975.0,0.0
2025-11-06,64.6,65.1,64.0,64.7,15378557.0,0.0
2025-11-07,64.3,64.6,63.5,63.5,14897942.0,0.0
2025-11-10,63.6,64.4,63.6,63.8,14091189.0,0.0
2025-11-11,64.8,65.7,64.5,64.8,34181909.0,0.0
2025-11-12,65.3,65.9,64.9,64.9,27636636.0,0.0
2025-11-13,65.0,66.0,64.9,65.9,30904584.0,0.0
2025-11-14,65.7,66.5,65.2,66.0,35787774.0,0.0
2025-11-17,65.8,66.0,65.0,65.3,28342797.0,0.0
2025-11-18,64.8,65.0,64.4,64.8,27400025.0,0.0
2025-11-19,65.2,65.3,64.2,64.2,21462645.0,0.0
2025-11-20,64.9,64.9,64.2,64.7,24362968.0,0.0
2025-11-21,64.4,64.4,63.6,63.6,24742145.0,0.0
2025-11-24,63.8,65.5,63.8,65.5,34836154.0,0.0
2025-11-25,65.5,66.0,65.0,65.1,20977444.0,0.0
2025-11-26,65.5,66.0,65.3,65.8,18552338.0,0.0
2025-11-27,65.2,65.8,64.8,65.8,27479730.0,0.0
2025-11-28,65.2,65.5,64.2,64.2,29237036.0,0.0
2025-12-01,64.1,65.2,64.1,64.8,22445838.0,0.0
2025-12-02,65.2,66.6,65.2,66.6,41243005.0,0.0
2025-12-03,66.7,67.6,66.2,67.6,34055361.0,0.0
2025-12-04,67.5,69.2,67.4,69.0,38707144.0,0.0
2025-12-05,68.5,68.7,67.8,68.7,17806807.0,0.0
2025-12-08,68.3,69.0,67.8,69.0,16708158.0,0.0
2025-12-09,68.5,69.2,68.5,69.2,18450634.0,0.0
2025-12-10,69.1,69.3,68.0,68.5,17923501.0,0.0
2025-12-11,69.2,69.7,68.5,69.2,27376078.0,0.0
2025-12-12,69.7,70.4,69.5,70.1,34117672.0,0.0
2025-12-15,69.3,70.6,69.2,70.1,28704428.0,0.0
2025-12-16,69.7,70.2,69.2,70.2,72835524.0,0.0
2025-12-17,70.2,73.5,70.1,73.2,76687387.0,0.0
2025-12-18,73.7,74.8,72.6,74.4,54993389.0,0.0
2025-12-19,74.6,75.5,73.9,75.5,51669442.0,0.0
2025-12-22,75.8,76.7,75.6,76.5,45489213.0,0.0
2025-12-23,76.8,76.8,74.7,76.7,39539191.0,0.0
2025-12-24,77.0,77.3,75.1,75.9,43705849.0,0.0
2025-12-26,75.9,75.9,74.3,74.8,34727588.0,0.0
2025-12-29,74.7,76.2,74.2,76.0,14334350.0,0.0
2025-12-30,75.5,76.5,75.1,76.2,27395108.0,0.0
2025-12-31,75.7,76.2,75.0,75.8,37258631.0,0.0
2026-01-02,75.4,76.0,74.8,75.2,25677629.0,0.0
2026-01-05,75.0,76.5,74.5,76.5,24877174.0,0.0
2026-01-06,76.1,76.6,75.7,76.0,15671043.0,0.0
2026-01-07,76.5,76.5,74.9,75.6,16372520.0,0.0
2026-01-08,75.6,76.6,75.3,76.4,15645173.0,0.0
2026-01-09,76.5,76.6,75.2,75.9,14951473.0,0.0
2026-01-12,76.4,76.4,75.3,76.1,18236518.0,0.0
2026-01-13,76.2,77.5,74.8,77.4,30273340.0,0.0
2026-01-14,77.5,77.5,74.7,74.7,37155688.0,0.0
2026-01-15,74.9,75.9,74.8,75.2,19373059.0,0.0
2026-01-16,75.6,76.8,75.4,76.2,23074947.0,0.0
2026-01-19,76.2,78.4,76.1,77.4,26557522.0,0.0
2026-01-20,76.9,77.9,76.2,76.6,18532605.0,0.0
2026-01-21,76.6,77.1,75.3,75.7,21720632.0,0.0
2026-01-22,76.0,77.2,75.3,75.6,23087092.0,0.0
2026-01-23,75.9,76.7,75.6,76.6,24142225.0,0.0
2026-01-26,76.6,77.6,76.4,77.1,18575389.0,0.0
2026-01-27,77.0,77.2,75.4,75.9,28311761.0,0.0
2026-01-28,76.1,76.3,75.2,75.8,16667426.0,0.0
2026-01-29,75.4,76.5,75.2,76.4,17778678.0,0.0
2026-01-30,76.1,76.4,75.1,75.4,20281913.0,0.0
2026-02-02,75.7,75.7,73.1,74.3,28898351.0,0.0
2026-02-03,74.9,75.5,74.7,74.7,14012635.0,0.0
2026-02-04,75.0,76.5,75.0,76.2,17910621.0,0.0
2026-02-05,75.8,76.2,75.4,76.0,11206654.0,0.0
2026-02-06,75.9,76.0,74.3,75.7,17967470.0,0.0
2026-02-09,76.2,77.8,76.1,77.2,25114277.0,0.0
2026-02-10,77.5,78.2,77.0,77.9,17709684.0,0.0
2026-02-11,78.4,79.1,77.7,78.8,29213163.0,0.0
2026-02-23,81.4,81.6,79.3,79.6,45166656.0,0.0
2026-02-24,79.2,80.4,78.2,78.2,25323530.0,0.0
2026-02-25,78.2,78.3,76.9,76.9,33594522.0,0.0
2026-02-26,77.0,80.2,77.0,79.7,67154865.0,0.0
2026-03-02,79.4,79.4,77.3,77.9,24711169.0,0.0
2026-03-03,77.3,78.3,77.1,77.6,22150573.0,0.0
2026-03-04,76.5,76.6,72.8,73.2,57067965.0,0.0
2026-03-05,74.3,74.7,72.7,73.6,32150672.0,0.0
2026-03-06,73.0,73.5,72.6,73.0,21677181.0,0.0
2026-03-09,68.3,70.0,67.3,70.0,42252605.0,0.0
2026-03-10,71.6,72.0,70.5,71.1,18047880.0,0.0
2026-03-11,71.2,72.8,71.2,71.8,10251491.0,0.0
2026-03-12,72.6,73.1,71.9,72.5,20179932.0,0.0
2026-03-13,71.6,72.4,71.3,71.7,19590578.0,0.0
2026-03-16,72.2,72.9,71.5,72.4,29914846.0,0.0
2026-03-17,72.5,73.4,72.4,73.2,18121751.0,0.0
2026-03-18,74.2,74.3,72.8,73.4,15804364.0,0.0
2026-03-19,73.0,73.0,71.2,71.6,26333362.0,0.0
2026-03-20,71.3,72.7,71.3,72.0,24877113.0,0.0
2026-03-23,70.1,72.3,69.6,71.7,29422850.0,0.0
2026-03-24,71.8,72.0,70.8,70.8,23196770.0,0.0
2026-03-25,72.4,72.4,70.9,71.4,21219807.0,0.0
2026-03-26,71.4,71.8,70.7,70.8,13700275.0,0.0
2026-03-27,70.4,70.7,69.5,70.6,23980150.0,0.0
2026-03-30,69.1,70.9,69.1,70.4,26828104.0,0.0
2026-03-31,69.8,71.4,69.6,70.3,28747381.0,0.0
2026-04-01,71.6,72.0,71.1,71.9,22215404.0,0.0
2026-04-02,72.1,72.3,71.1,71.8,10928195.0,0.0
2026-04-07,72.2,72.5,71.0,71.9,16428932.0,0.0
2026-04-08,73.6,73.9,72.6,73.8,27939903.0,0.0
2026-04-09,74.3,74.5,72.5,73.6,26322517.0,0.0
2026-04-10,73.9,73.9,72.5,72.9,17943026.0,0.0
2026-04-13,72.6,72.8,71.6,72.0,20620128.0,0.0
2026-04-14,71.5,72.7,71.5,72.7,25056705.0,0.0
2026-04-15,72.9,73.0,72.0,72.9,27238084.0,0.0
2026-04-16,73.0,74.2,73.0,74.2,35144704.0,0.0
2026-04-17,74.2,75.0,73.0,75.0,27931964.0,0.0
2026-04-20,74.8,75.3,74.1,74.6,30692757.0,0.0
2026-04-21,75.4,75.6,74.0,75.5,28876337.0,0.0
2026-04-22,75.5,76.0,75.0,75.9,32027678.0,0.0
2026-04-23,75.1,75.7,74.4,74.8,33764734.0,0.0
2026-04-24,74.5,75.1,73.8,74.9,28868815.0,0.0
2026-04-27,74.1,75.0,73.7,74.5,27783639.0,0.0
2026-04-28,74.5,75.3,74.3,74.7,22636897.0,0.0
2026-04-29,75.9,79.5,75.9,78.6,70919434.0,0.0
2026-04-30,78.0,79.5,77.2,77.2,29306785.0,0.0
2026-05-04,77.8,78.8,76.2,76.2,35195234.0,0.0
2026-05-05,76.2,77.7,75.8,77.2,28252783.0,0.0
2026-05-06,77.7,79.2,77.6,78.7,31155809.0,0.0
2026-05-07,78.5,79.2,78.0,79.0,24074023.0,0.0
2026-05-08,79.5,80.8,79.3,80.0,36525837.0,0.0
2026-05-11,79.6,79.6,78.4,78.4,21853943.0,0.0
2026-05-12,78.7,79.5,76.4,76.4,44508109.0,0.0
2026-05-13,76.6,78.3,76.1,77.3,34340309.0,0.0
2026-05-14,76.9,78.6,76.7,76.7,26704483.0,0.0
2026-05-15,77.4,79.7,77.0,77.9,54587526.0,0.0
2026-05-18,78.0,78.0,76.5,76.8,25972412.0,0.0
2026-05-19,77.5,79.7,77.3,77.8,45890134.0,0.0
2026-05-20,78.0,78.4,77.0,77.9,27663824.0,0.0
2026-05-21,77.8,79.1,77.8,78.7,41744037.0,0.0
2026-05-22,78.5,79.8,78.2,79.7,40668392.0,0.0
2026-05-25,79.9,81.5,78.7,81.5,48760635.0,0.0
2026-05-26,80.6,83.1,80.6,83.1,54387264.0,0.0
2026-05-27,83.1,86.4,82.7,85.4,69625066.0,0.0
2026-05-28,85.4,86.2,83.4,84.8,61783410.0,0.0
2026-05-29,85.6,85.8,84.0,85.7,71290598.0,0.0
2026-06-01,86.6,89.4,85.3,88.2,56414882.0,0.0
2026-06-02,88.5,89.2,86.6,89.2,57669540.0,0.0
2026-06-03,89.9,92.5,89.2,91.8,57052765.0,0.0
2026-06-04,96.3,96.3,91.8,94.4,53704628.0,0.0
2026-06-05,94.4,100.0,93.7,100.0,68728572.0,0.0
2026-06-08,97.8,97.8,94.0,95.0,56623585.0,0.0
2026-06-09,95.3,104.0,95.3,104.0,55455101.0,0.0
2026-06-10,102.0,102.5,99.4,99.9,41895593.0,0.0
2026-06-11,101.0,101.5,97.7,100.5,35856797.0,0.0
2026-06-12,102.0,105.5,99.7,100.5,31979247.0,0.0
2026-06-15,105.0,105.5,103.0,104.0,25204928.0,0.0
2026-06-16,104.5,109.5,104.0,109.5,53990536.0,0.0
2026-06-17,110.0,117.0,108.0,113.5,49230979.0,0.0
2026-06-18,115.0,117.5,114.0,115.5,47963852.0,0.0
2026-06-22,117.0,117.5,112.0,113.0,34021982.0,0.0
2026-06-23,113.0,116.5,113.0,113.5,29225791.0,0.0
2026-06-24,110.5,114.0,110.0,110.0,34143899.0,0.0
2026-06-25,110.0,113.0,109.0,111.5,29121023.0,0.0
2026-06-26,110.5,111.5,105.0,106.0,37144464.0,0.0
2026-06-29,105.0,105.5,100.5,101.5,47960126.0,0.0
2026-06-30,96.8,99.0,94.4,98.3,102717383.0,3.5
2026-07-01,100.0,101.0,94.3,95.0,78483165.0,0.0
2026-07-02,95.3,95.9,92.6,93.5,64451716.0,0.0
2026-07-03,92.8,94.8,92.8,93.6,37623259.0,0.0
2026-07-06,94.2,94.9,93.1,93.4,44169069.0,0.0
2026-07-07,94.0,97.5,94.0,97.0,44879914.0,0.0
2026-07-08,97.0,98.2,95.0,98.0,31105287.0,0.0
2026-07-09,98.0,98.3,94.4,96.3,22820810.0,0.0
2026-07-10,96.3,96.3,96.3,96.3,0.0,0.0
2026-07-13,96.9,97.8,95.9,96.7,20819730.0,0.0
2026-07-14,97.6,97.6,94.0,96.1,22205319.0,0.0
2026-07-15,96.9,98.7,95.9,96.6,20389988.0,0.0
2026-07-16,96.6,97.3,95.3,97.3,15607317.0,0.0
2026-07-17,97.0,97.4,94.3,94.3,28283671.0,0.0
2026-07-20,96.0,96.5,93.4,94.0,29543249.0,0.0
2026-07-21,94.9,95.9,94.5,95.8,21350811.0,0.0
2026-07-22,95.7,99.6,95.7,96.8,24249444.0,0.0
2026-07-23,97.8,98.5,96.4,97.3,15857483.0,0.0
2026-07-24,96.4,97.9,96.4,97.0,11228469.0,0.0
2026-07-27,97.9,98.5,96.7,98.5,15703943.0,0.0
2026-07-28,97.0,97.6,94.6,95.4,24666862.0,0.0
2026-07-29,95.0,96.6,92.5,94.1,29842491.0,0.0
2026-07-30,94.9,95.2,92.5,95.2,27729958.0,0.0
2026-07-31,97.0,102.5,96.8,101.5,40879014.0,0.0
2026-08-03,100.5,102.0,97.7,100.5,25674366.0,0.0
2026-08-04,98.6,102.0,98.6,99.2,24983465.0,0.0
2026-08-05,100.5,102.0,100.0,100.5,13643911.0,0.0
2026-08-06,99.3,100.5,97.5,97.5,16421578.0,0.0
2026-08-07,99.4,100.5,98.5,99.4,13809747.0,0.0
2026-08-10,100.0,101.0,98.0,101.0,14222785.0,0.0
2026-08-11,101.5,101.5,99.1,99.6,15229361.0,0.0
2026-08-12,100.0,101.0,98.5,99.7,17320705.0,0.0
2026-08-13,100.0,100.5,98.9,99.5,14353770.0,0.0
2026-08-14,100.0,102.5,100.0,101.5,19066380.0,0.0
2026-08-17,101.0,101.0,97.3,98.1,33712246.0,0.0
2026-08-18,98.2,99.5,98.0,99.2,15067387.0,0.0
2026-08-19,99.2,99.2,98.0,98.3,10770149.0,0.0
2026-08-20,98.5,98.8,97.0,97.7,16934740.0,0.0
2026-08-21,97.3,101.0,97.3,100.5,21649738.0,0.0
2026-08-24,101.0,101.0,98.8,98.9,10381641.0,0.0
2026-08-25,99.0,104.0,99.0,103.0,27556500.0,0.0
2026-08-26,104.0,106.5,102.0,102.5,24284238.0,0.0
2026-08-27,102.5,105.0,102.5,102.5,17663954.0,0.0
2026-08-28,104.0,106.0,103.0,105.5,19019909.0,0.0
2026-08-31,106.5,111.0,105.5,110.5,59540360.0,0.0
2026-09-01,109.0,112.5,108.5,111.0,24091660.0,0.0
2026-09-02,109.5,110.0,108.0,109.0,23758677.0,0.0
2026-09-03,110.5,115.0,109.5,112.5,35456458.0,0.0
2026-09-04,113.0,115.0,112.5,115.0,17238962.0,0.0
2026-09-07,117.0,117.0,113.5,114.5,25041144.0,0.0
2026-09-08,114.5,115.5,112.5,113.5,19703479.0,0.0
2026-09-09,112.5,113.0,109.0,110.5,23307232.0,0.0
2026-09-10,109.5,111.0,109.0,110.5,13639242.0,0.0
2026-09-11,109.0,111.0,108.0,110.5,15295095.0,0.0
2026-09-14,109.0,114.0,108.5,112.5,18552448.0,0.0
2026-09-15,113.5,114.0,109.5,110.0,16466120.0,0.0
2026-09-16,110.5,112.5,109.5,112.5,27293819.0,0.0
2026-09-17,113.0,114.0,111.0,112.0,19472232.0,0.0
2026-09-18,113.0,113.0,109.0,110.5,43280347.0,0.0
2026-09-21,110.5,114.0,109.5,113.0,15823315.0,0.0
2026-09-22,114.5,114.5,111.0,112.0,15654755.0,0.0
2026-09-23,112.5,112.5,110.5,111.5,16773160.0,0.0
2026-09-24,110.5,111.5,110.0,110.5,11724495.0,0.0
2026-09-29,112.0,113.5,110.5,111.5,19074382.0,0.0
2026-09-30,111.5,112.5,111.0,111.0,21297435.0,0.0
2026-10-01,112.0,112.0,109.0,110.5,20136210.0,0.0
2026-10-02,110.0,111.5,110.0,111.5,13083212.0,0.0
2026-10-05,113.0,113.0,111.5,111.5,13860253.0,0.0
2026-10-06,112.0,113.0,111.0,112.0,17663912.0,0.0
2026-10-07,112.5,114.0,111.5,113.0,21782254.0,0.0
