date,open,high,low,close,volume,dividend
2015-01-05,245.0,245.0,238.5,239.5,1114000.0,0.0
2015-01-06,237.0,237.5,232.0,232.5,1375000.0,0.0
2015-01-07,232.5,234.5,232.0,232.5,1007000.0,0.0
2015-01-08,235.5,240.5,234.0,240.0,954000.0,0.0
2015-01-09,241.5,242.0,237.5,239.0,563000.0,0.0
2015-01-12,237.5,239.5,236.0,237.5,463000.0,0.0
2015-01-13,236.0,241.0,236.0,239.0,688000.0,0.0
2015-01-14,239.0,239.5,234.0,235.0,776000.0,0.0
2015-01-15,236.5,237.0,233.0,233.0,619000.0,0.0
2015-01-16,235.5,235.5,226.0,229.5,2489000.0,0.0
2015-01-19,231.0,236.0,231.0,234.5,1468000.0,0.0
2015-01-20,236.0,238.5,235.5,238.5,1018000.0,0.0
2015-01-21,239.5,241.0,238.5,241.0,841000.0,0.0
2015-01-22,239.5,240.0,238.0,240.0,757000.0,0.0
2015-01-23,240.0,242.5,238.5,240.0,998000.0,0.0
2015-01-26,240.0,242.5,240.0,242.0,942000.0,0.0
2015-01-27,243.0,243.5,239.0,242.0,1268000.0,0.0
2015-01-28,242.0,243.5,239.5,239.5,1219000.0,0.0
2015-01-29,239.5,242.0,239.0,242.0,957000.0,0.0
2015-01-30,242.5,245.0,242.0,243.0,1420000.0,0.0
2015-02-02,243.0,247.5,242.0,247.0,818000.0,0.0
2015-02-03,249.5,259.0,246.0,257.0,1423000.0,0.0
2015-02-04,258.5,259.0,251.0,251.0,1611000.0,0.0
2015-02-05,250.0,253.0,247.0,249.5,1236000.0,0.0
2015-02-06,247.5,250.5,246.5,250.5,1048000.0,0.0
2015-02-09,251.5,251.5,246.5,247.0,757000.0,0.0
2015-02-10,244.5,246.0,241.5,241.5,1190000.0,0.0
2015-02-11,241.5,248.0,241.5,248.0,1909000.0,0.0
2015-02-12,249.0,250.0,247.0,248.0,1162000.0,0.0
2015-02-13,248.0,249.0,247.0,249.0,1185000.0,0.0
2015-02-24,249.0,255.0,249.0,254.0,1792000.0,0.0
2015-02-25,255.5,258.5,254.5,256.5,1351000.0,0.0
2015-02-26,254.5,254.5,242.0,244.0,3235000.0,0.0
2015-03-02,247.0,251.5,246.0,251.5,1678000.0,0.0
2015-03-03,252.5,253.5,246.0,247.0,1159000.0,0.0
2015-03-04,248.5,253.0,247.5,252.5,1193000.0,0.0
2015-03-05,253.0,253.0,248.0,248.0,1118000.0,0.0
2015-03-06,251.0,253.5,248.0,253.5,1110000.0,0.0
2015-03-09,253.5,253.5,248.0,248.5,1227000.0,0.0
2015-03-10,250.0,251.0,248.5,249.5,1225000.0,0.0
2015-03-11,247.0,248.5,245.0,245.0,1652000.0,0.0
2015-03-12,245.5,247.5,244.5,244.5,862000.0,0.0
2015-03-13,245.0,246.0,244.0,244.0,863000.0,0.0
2015-03-16,243.5,247.0,243.0,244.5,1445000.0,0.0
2015-03-17,246.0,249.5,245.0,249.5,944000.0,0.0
2015-03-18,249.5,252.0,247.5,252.0,1225000.0,0.0
2015-03-19,252.0,254.0,249.0,249.0,742000.0,0.0
2015-03-20,248.5,249.0,245.5,247.5,1222000.0,0.0
2015-03-23,248.5,249.5,246.0,249.5,1495000.0,0.0
2015-03-24,249.5,249.5,245.5,249.0,1300000.0,0.0
2015-03-25,249.0,249.0,245.5,248.5,1129000.0,0.0
2015-03-26,245.0,245.0,241.0,241.0,2356000.0,0.0
2015-03-27,239.5,239.5,231.0,231.0,3478000.0,0.0
2015-03-30,232.0,235.0,232.0,232.5,1450000.0,0.0
2015-03-31,233.5,235.5,231.5,235.5,1735000.0,0.0
2015-04-01,235.0,235.0,230.0,232.0,1713000.0,0.0
2015-04-02,232.0,234.0,231.0,232.0,1731000.0,0.0
2015-04-07,232.0,233.0,225.5,227.0,1988000.0,0.0
2015-04-08,227.0,227.0,224.0,224.0,2932000.0,0.0
2015-04-09,224.0,228.5,224.0,225.5,2564000.0,0.0
2015-04-10,226.5,227.0,222.0,224.5,2551000.0,0.0
2015-04-13,226.5,230.0,225.5,229.5,2008000.0,0.0
2015-04-14,229.0,229.0,225.0,227.0,1976000.0,0.0
2015-04-15,227.0,227.5,223.5,226.5,2168000.0,0.0
2015-04-16,227.0,227.5,224.0,227.0,1319000.0,0.0
2015-04-17,227.5,227.5,224.0,224.0,1156000.0,0.0
2015-04-20,224.0,224.5,220.0,221.0,1708000.0,0.0
2015-04-21,221.0,223.5,220.0,221.0,1025000.0,0.0
2015-04-22,221.0,224.5,220.5,223.0,1662000.0,0.0
2015-04-23,224.0,227.0,224.0,227.0,1785000.0,0.0
2015-04-24,227.5,232.0,227.0,232.0,2498000.0,0.0
2015-04-27,234.5,234.5,231.5,232.0,1678000.0,0.0
2015-04-28,232.0,232.0,228.5,231.5,838000.0,0.0
2015-04-29,229.5,234.0,229.5,229.5,930000.0,0.0
2015-04-30,231.5,233.0,227.0,227.0,1414000.0,0.0
2015-05-04,227.0,237.5,227.0,232.0,1109000.0,0.0
2015-05-05,232.0,233.0,228.5,229.5,810000.0,0.0
2015-05-06,229.0,232.0,227.0,229.0,1095000.0,0.0
2015-05-07,227.0,228.0,223.0,226.5,835000.0,0.0
2015-05-08,226.5,227.0,224.0,225.0,649000.0,0.0
2015-05-11,226.0,226.0,223.5,224.0,998000.0,0.0
2015-05-12,226.0,228.5,223.5,226.0,1267000.0,0.0
2015-05-13,226.0,226.5,221.5,224.0,2254000.0,0.0
2015-05-14,224.0,225.5,221.0,223.0,1564000.0,0.0
2015-05-15,223.0,223.0,220.0,223.0,1614000.0,0.0
2015-05-18,223.5,224.0,222.0,223.0,973000.0,0.0
2015-05-19,225.0,225.0,223.0,224.0,1138000.0,0.0
2015-05-20,225.0,225.0,218.0,220.0,2012000.0,0.0
2015-05-21,218.0,218.0,212.0,213.5,2265000.0,0.0
2015-05-22,216.0,222.5,215.0,222.5,1908000.0,0.0
2015-05-25,220.5,220.5,218.5,219.5,1017000.0,0.0
2015-05-26,220.5,222.5,219.5,219.5,1347000.0,0.0
2015-05-27,219.0,221.5,218.0,221.0,986000.0,0.0
2015-05-28,219.5,221.0,219.5,220.0,1555000.0,0.0
2015-05-29,220.0,223.0,220.0,222.0,2007000.0,0.0
2015-06-01,220.0,222.5,220.0,221.5,813000.0,0.0
2015-06-02,218.0,221.0,217.0,219.0,1011000.0,0.0
2015-06-03,218.0,220.0,215.0,215.5,1807000.0,0.0
2015-06-04,216.0,218.0,210.5,213.0,2048000.0,0.0
2015-06-05,212.5,216.0,210.0,213.5,1568000.0,0.0
2015-06-08,214.0,221.0,212.5,218.5,1635000.0,0.0
2015-06-09,216.5,217.0,212.0,212.0,1315000.0,0.0
2015-06-10,212.5,218.0,212.5,216.5,782000.0,0.0
2015-06-11,218.0,223.0,217.5,222.0,1599000.0,0.0
2015-06-12,222.0,222.0,219.0,220.0,903000.0,0.0
2015-06-15,219.0,221.5,217.0,217.0,611000.0,0.0
2015-06-16,216.0,217.0,212.5,213.5,1023000.0,0.0
2015-06-17,213.5,216.0,212.0,212.5,1478000.0,0.0
2015-06-18,213.5,214.0,211.5,211.5,1588000.0,0.0
2015-06-22,212.0,216.5,212.0,214.0,1225000.0,0.0
2015-06-23,216.0,216.0,214.0,214.0,1070000.0,0.0
2015-06-24,214.0,215.5,212.0,212.0,1093000.0,0.0
2015-06-25,213.0,215.0,212.0,212.5,1586000.0,0.0
2015-06-26,215.0,216.0,212.5,215.0,903000.0,0.0
2015-06-29,215.0,215.0,212.5,214.0,948000.0,0.0
2015-06-30,216.0,217.0,214.5,217.0,1092000.0,0.0
2015-07-01,217.0,217.5,215.0,215.0,581000.0,0.0
2015-07-02,216.5,217.0,215.0,215.0,553000.0,0.0
2015-07-03,216.0,217.0,213.5,217.0,680000.0,0.0
2015-07-06,217.0,217.0,214.5,217.0,514000.0,0.0
2015-07-07,217.5,219.0,216.5,218.5,542000.0,0.0
2015-07-08,218.0,218.5,213.5,216.0,1281000.0,0.0
2015-07-09,213.0,215.0,208.0,208.0,1446000.0,0.0
2015-07-10,208.0,208.0,208.0,208.0,0.0,0.0
2015-07-13,210.0,217.5,209.5,217.5,1230000.0,0.0
2015-07-14,217.5,217.5,214.0,214.5,703000.0,0.0
2015-07-15,216.5,216.5,215.0,215.0,1031000.0,0.0
2015-07-16,216.0,217.5,215.5,217.5,415000.0,0.0
2015-07-17,216.0,218.5,215.0,218.5,611000.0,0.0
2015-07-20,219.5,220.0,212.0,212.5,936000.0,0.0
2015-07-21,213.0,215.5,213.0,215.0,905000.0,0.0
2015-07-22,216.0,216.0,213.5,215.0,767000.0,0.0
2015-07-23,215.0,217.5,215.0,216.5,790000.0,0.0
2015-07-24,216.5,217.0,214.5,215.5,342000.0,0.0
2015-07-27,214.0,214.0,212.5,213.0,847000.0,0.0
2015-07-28,211.0,216.5,210.0,213.0,1173000.0,0.0
2015-07-29,212.5,213.0,211.0,213.0,1078000.0,0.0
2015-07-30,214.0,225.0,214.0,225.0,2803000.0,0.0
2015-07-31,225.0,229.5,224.5,229.5,2589000.0,0.0
2015-08-03,229.0,229.5,223.5,229.5,2065000.0,0.0
2015-08-04,224.0,230.5,224.0,230.5,2064000.0,7.0
2015-08-05,230.0,230.5,227.0,229.5,1882000.0,0.0
2015-08-06,230.0,231.0,225.0,229.0,1290000.0,0.0
2015-08-07,225.5,230.0,225.5,226.0,770000.0,0.0
2015-08-10,227.5,231.0,226.5,230.0,739000.0,0.0
2015-08-11,230.0,232.5,224.0,224.0,1251000.0,0.0
2015-08-12,224.0,226.0,220.5,223.5,810000.0,0.0
2015-08-13,224.5,226.5,220.0,220.0,960000.0,0.0
2015-08-14,219.0,223.5,218.5,221.0,677000.0,0.0
2015-08-17,221.0,224.0,219.5,222.5,576000.0,0.0
2015-08-18,223.0,224.0,218.5,218.5,579000.0,0.0
2015-08-19,218.0,218.5,213.0,213.0,957000.0,0.0
2015-08-20,213.5,217.5,208.0,212.5,1894000.0,0.0
2015-08-21,210.5,212.5,209.0,210.5,1621000.0,0.0
2015-08-24,208.5,208.5,191.5,200.0,2903000.0,0.0
2015-08-25,200.0,206.5,198.5,205.5,2577000.0,0.0
2015-08-26,204.5,206.5,202.0,205.0,2172000.0,0.0
2015-08-27,205.0,205.0,201.0,203.0,2571000.0,0.0
2015-08-28,203.5,206.5,201.5,205.5,2699000.0,0.0
2015-08-31,205.5,217.5,204.0,217.5,2164000.0,0.0
2015-09-01,215.0,215.0,208.0,208.0,1583000.0,0.0
2015-09-02,208.0,212.0,207.0,212.0,1298000.0,0.0
2015-09-03,212.5,213.0,208.5,208.5,1082000.0,0.0
2015-09-04,206.5,206.5,201.5,201.5,1865000.0,0.0
2015-09-07,200.0,203.5,200.0,201.5,1405000.0,0.0
2015-09-08,201.5,205.0,201.5,204.0,712000.0,0.0
2015-09-09,207.0,209.5,207.0,207.5,1496000.0,0.0
2015-09-10,206.0,208.5,206.0,207.0,828000.0,0.0
2015-09-11,205.0,208.0,205.0,207.0,649000.0,0.0
2015-09-14,207.0,208.0,206.0,208.0,825000.0,0.0
2015-09-15,208.0,208.5,206.0,207.0,820000.0,0.0
2015-09-16,207.0,207.5,206.0,207.0,1513000.0,0.0
2015-09-17,208.0,210.0,207.0,208.0,1181000.0,0.0
2015-09-18,209.0,211.0,208.0,208.0,1598000.0,0.0
2015-09-21,207.5,208.5,205.5,206.5,1352000.0,0.0
2015-09-22,206.5,210.0,206.5,210.0,1098000.0,0.0
2015-09-23,208.0,208.5,205.5,206.5,1090000.0,0.0
2015-09-24,208.0,208.0,203.0,203.0,789000.0,0.0
2015-09-25,204.0,205.5,203.0,203.5,784000.0,0.0
2015-09-29,203.5,203.5,203.5,203.5,0.0,0.0
2015-09-30,201.0,208.0,201.0,205.0,2210000.0,0.0
2015-10-01,207.0,211.0,206.0,210.5,1259000.0,0.0
2015-10-02,212.5,216.5,212.5,216.5,1586000.0,0.0
2015-10-05,215.0,216.0,214.0,216.0,1259000.0,0.0
2015-10-06,215.5,219.5,214.5,219.0,727000.0,0.0
2015-10-07,218.5,219.5,216.5,216.5,787000.0,0.0
2015-10-08,217.5,218.0,214.0,214.5,722000.0,0.0
2015-10-12,215.0,219.0,214.5,217.0,1156000.0,0.0
2015-10-13,216.5,218.0,214.5,218.0,815000.0,0.0
2015-10-14,216.5,217.0,211.5,211.5,605000.0,0.0
2015-10-15,214.0,218.0,214.0,217.5,737000.0,0.0
2015-10-16,215.5,218.0,215.5,216.5,441000.0,0.0
2015-10-19,216.0,220.0,216.0,218.5,822000.0,0.0
2015-10-20,218.5,220.0,216.5,218.5,560000.0,0.0
2015-10-21,222.0,226.0,219.0,223.0,1023000.0,0.0
2015-10-22,221.5,222.0,218.5,218.5,517000.0,0.0
2015-10-23,224.0,226.0,222.0,224.0,868000.0,0.0
2015-10-26,223.0,225.5,220.5,221.5,814000.0,0.0
2015-10-27,221.5,222.0,219.0,221.5,590000.0,0.0
2015-10-28,219.5,221.5,218.5,219.5,610000.0,0.0
2015-10-29,218.5,219.0,215.0,216.0,754000.0,0.0
2015-10-30,216.0,218.0,214.5,216.0,923000.0,0.0
2015-11-02,216.0,217.0,213.5,215.0,984000.0,0.0
2015-11-03,214.0,217.0,213.0,215.5,1029000.0,0.0
2015-11-04,217.5,222.5,215.5,219.5,1234000.0,0.0
2015-11-05,219.0,222.0,219.0,222.0,450000.0,0.0
2015-11-06,219.5,221.0,215.0,217.0,1181000.0,0.0
2015-11-09,215.5,216.5,213.5,214.0,492000.0,0.0
2015-11-10,213.0,213.0,211.0,212.0,1191000.0,0.0
2015-11-11,212.0,212.0,210.0,211.5,980000.0,0.0
2015-11-12,211.5,212.5,210.5,211.5,1531000.0,0.0
2015-11-13,212.0,212.0,209.0,210.0,2019000.0,0.0
2015-11-16,212.0,212.0,208.0,209.5,1831000.0,0.0
2015-11-17,210.0,211.5,210.0,210.0,1787000.0,0.0
2015-11-18,210.0,210.5,208.0,208.5,1211000.0,0.0
2015-11-19,208.5,210.5,208.0,210.0,978000.0,0.0
2015-11-20,210.0,211.0,210.0,211.0,877000.0,0.0
2015-11-23,210.0,213.0,210.0,213.0,670000.0,0.0
2015-11-24,209.5,210.5,208.0,208.0,895000.0,0.0
2015-11-25,209.0,211.0,208.0,211.0,645000.0,0.0
2015-11-26,211.0,213.0,210.0,211.5,608000.0,0.0
2015-11-27,211.5,211.5,208.5,210.0,349000.0,0.0
2015-11-30,206.5,209.0,205.0,209.0,2478000.0,0.0
2015-12-01,211.0,212.0,210.0,211.5,1019000.0,0.0
2015-12-02,209.5,210.5,208.0,208.0,615000.0,0.0
2015-12-03,206.5,209.0,206.0,208.0,899000.0,0.0
2015-12-04,208.0,208.0,206.0,207.0,794000.0,0.0
2015-12-07,209.0,210.5,208.0,209.5,715000.0,0.0
2015-12-08,209.0,209.0,204.5,204.5,1043000.0,0.0
2015-12-09,205.0,206.0,204.0,205.0,705000.0,0.0
2015-12-10,202.5,204.5,200.0,201.5,1721000.0,0.0
2015-12-11,200.5,201.5,199.5,201.5,1782000.0,0.0
2015-12-14,199.0,201.0,198.0,198.5,549000.0,0.0
2015-12-15,200.0,201.5,200.0,200.0,444000.0,0.0
2015-12-16,202.5,203.5,201.0,201.5,570000.0,0.0
2015-12-17,201.5,203.5,201.0,203.0,1065000.0,0.0
2015-12-18,202.5,205.0,202.0,203.0,760000.0,0.0
2015-12-21,202.5,202.5,200.0,201.5,732000.0,0.0
2015-12-22,201.5,202.5,200.5,202.0,736000.0,0.0
2015-12-23,202.5,202.5,200.5,202.5,491000.0,0.0
2015-12-24,204.5,204.5,200.0,202.0,480000.0,0.0
2015-12-25,201.5,203.5,200.5,202.5,221000.0,0.0
2015-12-28,203.5,205.0,202.5,204.5,428000.0,0.0
2015-12-29,205.0,205.0,203.0,204.5,286000.0,0.0
2015-12-30,205.0,205.5,204.5,204.5,371000.0,0.0
2015-12-31,205.0,206.0,204.0,205.5,335000.0,0.0
2016-01-04,205.0,205.5,199.5,200.0,1047000.0,0.0
2016-01-05,201.0,202.0,198.5,199.5,1250000.0,0.0
2016-01-06,201.0,203.5,200.0,203.5,1107000.0,0.0
2016-01-07,202.0,202.5,195.0,196.0,1413000.0,0.0
2016-01-08,195.0,199.0,194.5,197.0,1390000.0,0.0
2016-01-11,194.0,194.5,188.0,193.0,2071000.0,0.0
2016-01-12,197.0,197.5,194.0,194.5,955000.0,0.0
2016-01-13,197.0,200.0,196.0,200.0,768000.0,0.0
2016-01-14,197.0,198.0,195.0,196.5,887000.0,0.0
2016-01-15,199.0,200.5,198.0,200.0,1307000.0,0.0
2016-01-18,199.0,206.0,198.0,206.0,1329000.0,0.0
2016-01-19,208.0,210.0,206.0,210.0,1035000.0,0.0
2016-01-20,210.5,211.0,208.0,211.0,1656000.0,0.0
2016-01-21,211.5,211.5,207.0,207.0,749000.0,0.0
2016-01-22,210.0,210.0,209.0,210.0,888000.0,0.0
2016-01-25,212.0,212.0,210.0,211.0,931000.0,0.0
2016-01-26,206.5,213.0,206.5,209.5,1626000.0,0.0
2016-01-27,211.0,219.0,210.5,216.0,2684000.0,0.0
2016-01-28,217.0,221.5,216.0,220.0,3009000.0,0.0
2016-01-29,220.0,220.0,216.5,219.5,1595000.0,0.0
2016-02-01,220.0,223.0,218.0,221.0,1305000.0,0.0
2016-02-02,222.5,223.0,220.5,221.5,2665000.0,0.0
2016-02-03,219.0,221.0,217.0,220.0,1085000.0,0.0
2016-02-15,219.0,221.5,210.0,221.5,2058000.0,0.0
2016-02-16,222.5,225.0,220.5,224.0,1355000.0,0.0
2016-02-17,225.5,225.5,218.5,220.5,901000.0,0.0
2016-02-18,222.5,227.0,221.0,227.0,2009000.0,0.0
2016-02-19,227.0,227.0,224.0,227.0,924000.0,0.0
2016-02-22,227.0,229.0,221.0,223.5,1102000.0,0.0
2016-02-23,227.0,227.0,222.5,224.0,896000.0,0.0
2016-02-24,227.0,227.5,224.0,226.0,566000.0,0.0
2016-02-25,227.0,227.0,225.0,226.5,921000.0,0.0
2016-02-26,224.0,227.5,224.0,225.5,706000.0,0.0
2016-03-01,214.5,225.0,214.5,222.5,1568000.0,0.0
2016-03-02,225.0,232.5,223.5,228.5,1737000.0,0.0
2016-03-03,229.0,231.0,227.5,228.5,1243000.0,0.0
2016-03-04,229.0,231.5,227.5,230.5,1694000.0,0.0
2016-03-07,230.0,230.0,226.0,228.5,627000.0,0.0
2016-03-08,228.5,228.5,225.0,226.5,1104000.0,0.0
2016-03-09,225.0,225.5,220.5,221.5,2005000.0,0.0
2016-03-10,222.0,225.5,222.0,225.0,941000.0,0.0
2016-03-11,225.5,228.0,220.0,228.0,1638000.0,0.0
2016-03-14,228.0,228.5,225.0,227.0,567000.0,0.0
2016-03-15,226.0,228.0,223.5,225.5,990000.0,0.0
2016-03-16,227.5,229.0,226.5,229.0,1039000.0,0.0
2016-03-17,231.5,231.5,225.5,227.5,1518000.0,0.0
2016-03-18,224.5,225.5,223.5,223.5,2308000.0,0.0
2016-03-21,223.5,225.5,223.0,224.0,763000.0,0.0
2016-03-22,224.5,225.0,220.5,220.5,1195000.0,0.0
2016-03-23,222.5,224.0,222.0,223.0,1009000.0,0.0
2016-03-24,224.5,228.5,223.0,227.5,1608000.0,0.0
2016-03-25,225.5,227.5,223.5,224.0,606000.0,0.0
2016-03-28,224.5,225.0,222.0,222.0,797000.0,0.0
2016-03-29,225.0,228.0,222.0,225.5,1111000.0,0.0
2016-03-30,229.0,238.5,229.0,235.5,3695000.0,0.0
2016-03-31,237.0,239.0,231.0,234.5,2403000.0,0.0
2016-04-01,234.5,236.0,230.0,236.0,1575000.0,0.0
2016-04-06,238.5,238.5,228.0,231.5,2222000.0,0.0
2016-04-07,231.5,231.5,224.0,227.5,1351000.0,0.0
2016-04-08,226.0,228.0,224.0,228.0,953000.0,0.0
2016-04-11,228.0,228.5,224.5,225.0,1400000.0,0.0
2016-04-12,226.0,228.0,226.0,228.0,693000.0,0.0
2016-04-13,228.5,231.5,226.0,231.5,725000.0,0.0
2016-04-14,233.5,234.0,228.5,229.0,852000.0,0.0
2016-04-15,229.5,235.0,229.5,235.0,779000.0,0.0
2016-04-18,235.0,237.0,231.0,237.0,767000.0,0.0
2016-04-19,240.0,242.0,236.0,239.0,1954000.0,0.0
2016-04-20,238.5,240.0,231.0,232.5,1452000.0,0.0
2016-04-21,233.0,238.0,231.5,237.0,961000.0,0.0
2016-04-22,233.0,233.5,230.5,232.5,927000.0,0.0
2016-04-25,231.0,234.5,229.0,234.5,441000.0,0.0
2016-04-26,234.0,236.5,231.5,232.5,641000.0,0.0
2016-04-27,232.0,233.5,231.0,232.5,707000.0,0.0
2016-04-28,231.0,232.0,226.5,227.0,1054000.0,0.0
2016-04-29,225.5,229.5,225.0,228.5,1107000.0,0.0
2016-05-03,227.0,227.0,222.0,224.0,1135000.0,0.0
2016-05-04,222.5,225.0,220.5,223.5,1073000.0,0.0
2016-05-05,225.0,227.0,222.0,226.0,792000.0,0.0
2016-05-06,225.0,226.0,220.5,226.0,917000.0,0.0
2016-05-09,222.0,224.5,222.0,224.5,870000.0,0.0
2016-05-10,222.5,225.0,222.0,224.0,668000.0,0.0
2016-05-11,224.0,228.0,224.0,226.0,752000.0,0.0
2016-05-12,229.0,234.0,228.5,234.0,1452000.0,0.0
2016-05-13,233.5,236.0,229.5,235.5,1607000.0,0.0
2016-05-16,235.5,241.0,235.0,240.5,1511000.0,0.0
2016-05-17,240.5,242.0,233.5,241.0,1385000.0,0.0
2016-05-18,238.0,240.0,237.5,240.0,1040000.0,0.0
2016-05-19,241.0,241.0,236.0,241.0,1363000.0,0.0
2016-05-20,241.0,243.0,237.0,238.0,922000.0,0.0
2016-05-23,235.5,241.0,235.0,241.0,997000.0,0.0
2016-05-24,240.0,241.0,238.5,241.0,776000.0,0.0
2016-05-25,241.5,243.0,239.0,243.0,608000.0,0.0
2016-05-26,241.0,241.0,238.5,239.5,547000.0,0.0
2016-05-27,241.0,242.0,239.5,240.5,1293000.0,0.0
2016-05-30,240.0,248.0,240.0,246.5,1181000.0,0.0
2016-05-31,246.5,247.5,244.5,247.5,2136000.0,0.0
2016-06-01,247.5,251.5,246.5,251.5,989000.0,0.0
2016-06-02,251.0,251.0,247.5,248.5,740000.0,0.0
2016-06-03,248.5,250.5,247.5,248.5,667000.0,0.0
2016-06-06,250.0,254.0,246.0,248.0,518000.0,0.0
2016-06-07,245.5,249.5,244.5,245.0,1239000.0,0.0
2016-06-08,247.0,250.0,243.5,246.0,1626000.0,0.0
2016-06-13,244.5,246.5,237.5,239.5,2031000.0,0.0
2016-06-14,239.5,242.0,239.0,242.0,1316000.0,0.0
2016-06-15,240.0,242.0,239.0,240.5,1069000.0,0.0
2016-06-16,241.0,241.0,238.0,240.0,1323000.0,0.0
2016-06-17,241.0,245.0,240.5,245.0,1701000.0,0.0
2016-06-20,243.5,245.0,240.0,241.5,802000.0,0.0
2016-06-21,242.5,244.0,239.5,243.0,1317000.0,0.0
2016-06-22,245.0,252.5,244.5,252.5,2701000.0,0.0
2016-06-23,252.0,258.0,248.0,252.0,1168000.0,0.0
2016-06-24,253.5,254.5,239.5,246.0,1935000.0,0.0
2016-06-27,245.0,246.5,242.0,245.0,444000.0,0.0
2016-06-28,244.0,250.0,244.0,250.0,66000.0,0.0
2016-06-29,250.0,250.0,248.5,250.0,799000.0,0.0
2016-06-30,252.0,252.0,249.0,251.0,921000.0,0.0
2016-07-01,253.0,256.0,250.0,255.0,1148000.0,0.0
2016-07-04,255.0,257.0,251.5,256.5,819000.0,0.0
2016-07-05,255.5,255.5,250.0,251.0,829000.0,0.0
2016-07-06,249.5,252.5,246.0,251.0,1086000.0,0.0
2016-07-07,251.0,253.0,249.0,251.5,352000.0,0.0
2016-07-08,251.5,251.5,251.5,251.5,0.0,0.0
2016-07-11,253.0,256.0,252.0,255.0,1235000.0,0.0
2016-07-12,255.5,257.0,253.0,257.0,1208000.0,0.0
2016-07-13,258.5,258.5,254.0,257.0,857000.0,0.0
2016-07-14,257.5,257.5,255.0,257.0,722000.0,0.0
2016-07-15,257.0,260.0,255.5,257.5,996000.0,0.0
2016-07-18,259.5,268.5,258.0,265.5,1436000.0,0.0
2016-07-19,268.0,268.5,262.0,265.5,2194000.0,0.0
2016-07-20,262.0,262.0,249.0,250.0,3732000.0,0.0
2016-07-21,250.0,253.0,247.5,248.0,2502000.0,0.0
2016-07-22,249.0,252.5,248.5,249.0,1124000.0,0.0
2016-07-25,251.5,253.0,248.5,249.0,887000.0,0.0
2016-07-26,253.0,259.5,251.5,259.5,2519000.0,0.0
2016-07-27,259.5,259.5,256.5,259.5,784000.0,0.0
2016-07-28,259.0,261.0,257.5,261.0,1066000.0,0.0
2016-07-29,261.0,261.0,258.5,259.0,1071000.0,0.0
2016-08-01,261.5,261.5,258.5,261.0,1072000.0,0.0
2016-08-02,259.0,260.0,258.5,259.5,1610000.0,0.0
2016-08-03,252.0,252.0,250.0,250.5,1452000.0,7.2
2016-08-04,250.5,251.5,247.5,248.0,1179000.0,0.0
2016-08-05,250.0,253.0,250.0,253.0,1645000.0,0.0
2016-08-08,253.0,254.0,248.5,250.0,1305000.0,0.0
2016-08-09,250.0,253.5,250.0,251.0,1282000.0,0.0
2016-08-10,252.0,257.0,251.0,257.0,2101000.0,0.0
2016-08-11,258.0,259.0,255.0,256.5,1589000.0,0.0
2016-08-12,256.0,258.0,255.5,256.5,1081000.0,0.0
2016-08-15,256.0,257.5,255.5,256.0,1113000.0,0.0
2016-08-16,256.0,256.5,255.0,256.0,1197000.0,0.0
2016-08-17,257.0,258.5,255.5,258.5,961000.0,0.0
2016-08-18,259.0,259.0,257.0,257.0,1091000.0,0.0
2016-08-19,258.0,258.0,251.0,255.0,1136000.0,0.0
2016-08-22,255.0,255.5,251.5,253.0,663000.0,0.0
2016-08-23,254.5,254.5,248.0,250.0,2449000.0,0.0
2016-08-24,250.0,254.0,250.0,252.5,733000.0,0.0
2016-08-25,252.0,254.0,251.5,252.0,552000.0,0.0
2016-08-26,253.0,254.5,253.0,254.5,322000.0,0.0
2016-08-29,254.5,254.5,249.5,251.5,1012000.0,0.0
2016-08-30,252.0,253.0,250.5,251.5,459000.0,0.0
2016-08-31,252.0,253.0,249.0,251.0,1034000.0,0.0
2016-09-01,250.0,250.5,245.0,246.0,1637000.0,0.0
2016-09-02,246.0,254.5,246.0,251.0,1550000.0,0.0
2016-09-05,254.0,254.5,251.0,251.5,589000.0,0.0
2016-09-06,253.5,254.5,252.0,253.5,943000.0,0.0
2016-09-07,254.5,257.0,254.0,256.5,1144000.0,0.0
2016-09-08,257.0,261.0,256.0,259.0,1000000.0,0.0
2016-09-09,257.0,262.0,255.5,260.0,1118000.0,0.0
2016-09-12,252.5,253.0,250.0,251.0,1876000.0,0.0
2016-09-13,250.5,251.5,248.5,250.5,1168000.0,0.0
2016-09-14,248.5,251.0,246.0,247.0,1407000.0,0.0
2016-09-19,248.0,253.0,247.5,251.0,958000.0,0.0
2016-09-20,250.5,251.0,248.0,249.5,530000.0,0.0
2016-09-21,250.5,253.0,249.5,251.5,743000.0,0.0
2016-09-22,254.0,254.0,247.0,249.0,1309000.0,0.0
2016-09-23,249.5,250.5,248.5,250.0,826000.0,0.0
2016-09-26,249.5,250.5,249.0,249.0,786000.0,0.0
2016-09-27,249.0,249.0,249.0,249.0,0.0,0.0
2016-09-28,249.0,249.0,249.0,249.0,0.0,0.0
2016-09-29,249.5,252.5,248.0,250.0,1818000.0,0.0
2016-09-30,248.0,250.5,247.0,250.5,1398000.0,0.0
2016-10-03,249.0,251.5,248.5,250.5,467000.0,0.0
2016-10-04,250.5,250.5,246.5,248.0,1150000.0,0.0
2016-10-05,246.5,249.5,246.5,248.5,811000.0,0.0
2016-10-06,248.5,249.5,245.5,246.5,1779000.0,0.0
2016-10-07,246.5,249.0,246.5,247.5,580000.0,0.0
2016-10-11,249.0,249.0,241.0,246.0,1291000.0,0.0
2016-10-12,246.0,248.5,245.0,247.0,353000.0,0.0
2016-10-13,249.0,249.0,245.5,245.5,1119000.0,0.0
2016-10-14,247.0,247.5,246.0,246.5,513000.0,0.0
2016-10-17,246.5,246.5,242.0,243.0,648000.0,0.0
2016-10-18,244.5,247.5,243.0,246.5,896000.0,0.0
2016-10-19,247.0,249.5,245.0,248.0,710000.0,0.0
2016-10-20,248.0,249.5,247.0,248.5,348000.0,0.0
2016-10-21,248.5,249.0,244.0,244.5,706000.0,0.0
2016-10-24,244.5,246.0,242.0,242.5,827000.0,0.0
2016-10-25,242.5,246.0,242.0,245.0,420000.0,0.0
2016-10-26,243.5,243.5,241.5,242.5,568000.0,0.0
2016-10-27,241.5,241.5,239.0,239.0,1035000.0,0.0
2016-10-28,239.0,241.0,239.0,240.0,770000.0,0.0
2016-10-31,237.5,238.5,236.0,236.0,1212000.0,0.0
2016-11-01,236.0,236.5,235.5,236.0,885000.0,0.0
2016-11-02,235.0,238.0,235.0,236.5,970000.0,0.0
2016-11-03,237.0,239.0,237.0,237.0,569000.0,0.0
2016-11-04,237.0,238.0,235.5,236.5,517000.0,0.0
2016-11-07,236.5,236.5,235.0,235.5,467000.0,0.0
2016-11-08,236.0,239.0,236.0,238.5,444000.0,0.0
2016-11-09,241.0,247.0,239.0,241.0,1925000.0,0.0
2016-11-10,245.0,247.0,245.0,246.0,1007000.0,0.0
2016-11-11,243.0,245.0,238.0,240.0,1551000.0,0.0
2016-11-14,239.0,240.0,234.0,235.0,1288000.0,0.0
2016-11-15,235.0,240.5,235.0,239.5,1010000.0,0.0
2016-11-16,240.0,242.0,238.0,240.0,1542000.0,0.0
2016-11-17,242.0,244.0,239.0,241.5,1249000.0,0.0
2016-11-18,241.0,241.5,237.0,237.0,1487000.0,0.0
2016-11-21,237.0,237.0,234.5,235.5,1135000.0,0.0
2016-11-22,236.5,242.0,236.5,241.5,1117000.0,0.0
2016-11-23,242.0,245.0,241.5,244.0,1146000.0,0.0
2016-11-24,244.0,244.5,241.0,241.0,536000.0,0.0
2016-11-25,243.0,244.5,241.5,242.5,778000.0,0.0
2016-11-28,244.0,245.0,239.0,240.0,847000.0,0.0
2016-11-29,240.0,241.0,239.5,240.0,496000.0,0.0
2016-11-30,241.5,241.5,238.5,239.5,1381000.0,0.0
2016-12-01,240.5,241.5,239.5,241.0,769000.0,0.0
2016-12-02,239.5,239.5,236.0,238.5,1012000.0,0.0
2016-12-05,239.0,239.5,235.5,235.5,1086000.0,0.0
2016-12-06,239.5,239.5,235.5,236.5,1061000.0,0.0
2016-12-07,239.0,239.0,236.5,237.5,905000.0,0.0
2016-12-08,238.5,239.0,236.5,239.0,1238000.0,0.0
2016-12-09,236.5,237.5,235.5,237.5,1675000.0,0.0
2016-12-12,238.0,238.0,233.0,233.0,1728000.0,0.0
2016-12-13,233.0,233.5,230.0,232.5,1839000.0,0.0
2016-12-14,233.5,237.0,233.0,235.0,1055000.0,0.0
2016-12-15,234.0,234.0,231.0,232.0,1318000.0,0.0
2016-12-16,232.5,232.5,229.5,230.5,1486000.0,0.0
2016-12-19,230.5,231.0,229.0,230.0,894000.0,0.0
2016-12-20,229.0,232.5,229.0,230.0,767000.0,0.0
2016-12-21,230.0,232.5,230.0,230.0,444000.0,0.0
2016-12-22,230.0,231.0,226.0,230.0,1471000.0,0.0
2016-12-23,230.0,230.5,228.0,228.5,837000.0,0.0
2016-12-26,229.5,230.0,228.5,229.0,196000.0,0.0
2016-12-27,229.0,230.0,228.0,228.0,331000.0,0.0
2016-12-28,228.0,230.5,228.0,230.0,388000.0,0.0
2016-12-29,230.5,230.5,228.0,228.0,800000.0,0.0
2016-12-30,230.0,232.0,228.5,231.0,703000.0,0.0
2017-01-03,232.0,233.5,230.5,233.0,367000.0,0.0
2017-01-04,233.0,233.0,228.5,228.5,751000.0,0.0
2017-01-05,229.0,231.5,228.0,231.0,1363000.0,0.0
2017-01-06,230.0,230.0,227.0,227.0,1747000.0,0.0
2017-01-09,227.0,228.0,227.0,227.5,857000.0,0.0
2017-01-10,227.5,228.5,226.0,228.5,1079000.0,0.0
2017-01-11,230.0,230.0,227.5,228.5,883000.0,0.0
2017-01-12,229.0,233.0,229.0,233.0,948000.0,0.0
2017-01-13,233.0,233.5,230.5,231.0,1139000.0,0.0
2017-01-16,230.0,230.0,228.0,229.0,880000.0,0.0
2017-01-17,229.0,235.0,229.0,235.0,1096000.0,0.0
2017-01-18,232.5,233.5,230.5,230.5,865000.0,0.0
2017-01-19,229.5,230.0,228.0,229.5,856000.0,0.0
2017-01-20,229.0,229.0,227.5,227.5,1435000.0,0.0
2017-01-23,230.0,231.5,229.0,231.5,1386000.0,0.0
2017-01-24,229.0,233.5,229.0,233.5,1206000.0,0.0
2017-02-02,230.5,231.5,227.5,230.5,2701000.0,0.0
2017-02-03,230.5,231.5,229.5,231.5,1148000.0,0.0
2017-02-06,231.0,231.0,229.0,229.5,1361000.0,0.0
2017-02-07,228.0,231.5,228.0,231.0,798000.0,0.0
2017-02-08,229.0,231.5,228.5,229.5,724000.0,0.0
2017-02-09,228.5,229.5,228.5,229.0,719000.0,0.0
2017-02-10,230.0,230.0,227.5,227.5,2214000.0,0.0
2017-02-13,228.5,229.0,226.5,226.5,1071000.0,0.0
2017-02-14,226.5,227.5,224.5,224.5,2018000.0,0.0
2017-02-15,225.5,226.5,225.0,226.0,1341000.0,0.0
2017-02-16,226.5,228.0,226.5,227.5,1163000.0,0.0
2017-02-17,228.0,228.0,225.5,226.0,801000.0,0.0
2017-02-20,227.5,228.0,225.0,228.0,698000.0,0.0
2017-02-21,227.5,227.5,226.0,226.5,930000.0,0.0
2017-02-22,226.5,227.5,225.0,225.0,1368000.0,0.0
2017-02-23,228.0,229.5,225.0,225.0,3408000.0,0.0
2017-02-24,226.0,227.0,225.5,225.5,2118000.0,0.0
2017-03-01,225.0,225.5,223.5,223.5,1969000.0,0.0
2017-03-02,223.5,225.0,223.5,225.0,1499000.0,0.0
2017-03-03,224.5,225.0,222.5,224.0,1725000.0,0.0
2017-03-06,224.0,225.5,224.0,224.0,2278000.0,0.0
2017-03-07,224.5,225.5,224.0,225.0,1311000.0,0.0
2017-03-08,225.5,226.0,224.0,225.0,1788000.0,0.0
2017-03-09,225.0,225.5,223.5,224.0,2195000.0,0.0
2017-03-10,223.0,224.0,223.0,223.0,1076000.0,0.0
2017-03-13,226.0,232.0,225.0,231.5,3613000.0,0.0
2017-03-14,235.0,240.5,234.0,237.0,5159000.0,0.0
2017-03-15,239.5,240.0,237.0,237.5,2469000.0,0.0
2017-03-16,238.5,244.0,238.5,243.5,2396000.0,0.0
2017-03-17,244.0,244.5,240.5,242.0,1707000.0,0.0
2017-03-20,242.5,245.0,241.5,245.0,1495000.0,0.0
2017-03-21,246.0,249.5,244.0,249.5,2500000.0,0.0
2017-03-22,247.5,247.5,244.5,245.5,1456000.0,0.0
2017-03-23,247.0,247.0,243.5,245.0,941000.0,0.0
2017-03-24,245.5,247.0,244.0,247.0,924000.0,0.0
2017-03-27,246.0,246.0,243.0,246.0,666000.0,0.0
2017-03-28,246.0,248.0,244.0,248.0,1062000.0,0.0
2017-03-29,247.0,250.0,246.0,248.5,1050000.0,0.0
2017-03-30,250.0,250.0,246.5,249.0,820000.0,0.0
2017-03-31,250.0,251.0,249.5,250.0,1750000.0,0.0
2017-04-05,252.0,261.0,252.0,259.5,2844000.0,0.0
2017-04-06,256.0,257.5,254.0,256.5,1601000.0,0.0
2017-04-07,255.0,258.0,253.5,258.0,1031000.0,0.0
2017-04-10,256.0,258.0,255.0,256.5,547000.0,0.0
2017-04-11,258.5,260.0,256.5,260.0,1162000.0,0.0
2017-04-12,259.5,260.0,256.0,258.0,1404000.0,0.0
2017-04-13,256.0,258.0,255.5,255.5,469000.0,0.0
2017-04-14,255.0,257.0,254.0,255.0,455000.0,0.0
2017-04-17,253.5,256.5,253.5,255.0,351000.0,0.0
2017-04-18,255.5,255.5,254.0,254.5,786000.0,0.0
2017-04-19,252.5,254.5,252.5,254.0,1230000.0,0.0
2017-04-20,252.0,259.0,252.0,259.0,1563000.0,0.0
2017-04-21,259.5,259.5,255.5,258.0,1114000.0,0.0
2017-04-24,256.0,258.5,256.0,257.5,931000.0,0.0
2017-04-25,259.5,262.5,258.0,262.5,1560000.0,0.0
2017-04-26,264.0,268.5,262.0,268.5,2136000.0,0.0
2017-04-27,265.5,265.5,260.0,260.5,1831000.0,0.0
2017-04-28,263.5,263.5,260.0,262.5,1233000.0,0.0
2017-05-02,261.0,262.5,260.0,262.0,1513000.0,0.0
2017-05-03,261.0,262.0,260.5,262.0,583000.0,0.0
2017-05-04,261.0,263.0,260.0,261.5,801000.0,0.0
2017-05-05,261.0,261.5,258.5,260.5,833000.0,0.0
2017-05-08,262.5,262.5,259.0,259.5,886000.0,0.0
2017-05-09,261.0,266.5,260.0,264.0,1498000.0,0.0
2017-05-10,267.5,270.0,267.5,270.0,1561000.0,0.0
2017-05-11,270.0,286.0,270.0,276.5,2992000.0,0.0
2017-05-12,278.0,278.0,272.0,275.0,1020000.0,0.0
2017-05-15,275.0,276.0,272.0,273.5,592000.0,0.0
2017-05-16,273.5,277.5,272.0,277.5,1516000.0,0.0
2017-05-17,274.5,276.0,272.0,273.5,866000.0,0.0
2017-05-18,270.0,270.5,267.0,269.0,1375000.0,0.0
2017-05-19,270.5,271.5,268.5,268.5,1153000.0,0.0
2017-05-22,270.0,270.5,268.5,269.5,657000.0,0.0
2017-05-23,273.0,280.0,272.0,278.0,1768000.0,0.0
2017-05-24,278.0,284.5,277.5,281.5,2680000.0,0.0
2017-05-25,280.5,280.5,273.5,276.0,1493000.0,0.0
2017-05-26,277.5,278.5,273.5,274.0,1394000.0,0.0
2017-05-31,276.5,276.5,269.0,269.0,2169000.0,0.0
2017-06-01,272.5,273.5,271.0,273.0,1726000.0,0.0
2017-06-02,274.0,275.0,272.5,275.0,496000.0,0.0
2017-06-05,273.5,276.5,271.5,275.0,1025000.0,0.0
2017-06-06,275.0,275.0,271.5,272.0,835000.0,0.0
2017-06-07,272.0,279.0,272.0,278.5,1343000.0,0.0
2017-06-08,278.5,278.5,275.5,278.5,705000.0,0.0
2017-06-09,278.0,278.0,275.0,276.0,716000.0,0.0
2017-06-12,276.0,276.0,271.0,272.0,1096000.0,0.0
2017-06-13,275.0,275.5,271.5,273.0,514000.0,0.0
2017-06-14,275.0,275.0,268.5,272.0,1024000.0,0.0
2017-06-15,271.5,273.0,270.0,272.0,747000.0,0.0
2017-06-16,271.0,273.0,271.0,272.5,966000.0,0.0
2017-06-19,272.0,272.0,270.0,270.0,491000.0,0.0
2017-06-20,272.5,272.5,270.0,271.0,501000.0,0.0
2017-06-21,270.5,270.5,266.5,268.0,1238000.0,0.0
2017-06-22,268.0,269.0,267.0,268.0,935000.0,0.0
2017-06-23,268.0,270.0,267.5,270.0,608000.0,0.0
2017-06-26,271.0,279.0,271.0,279.0,1878000.0,0.0
2017-06-27,281.5,281.5,273.5,275.5,1626000.0,0.0
2017-06-28,275.0,275.0,272.0,273.0,924000.0,0.0
2017-06-29,275.5,275.5,272.5,273.5,1097000.0,0.0
2017-06-30,275.5,275.5,273.5,273.5,632000.0,0.0
2017-07-03,273.5,273.5,271.0,272.5,1254000.0,0.0
2017-07-04,272.0,272.5,268.5,269.5,960000.0,0.0
2017-07-05,269.5,272.0,269.0,271.5,1252000.0,0.0
2017-07-06,271.5,272.0,269.0,272.0,801000.0,0.0
2017-07-07,271.5,272.5,270.0,272.0,916000.0,0.0
2017-07-10,272.0,272.5,270.5,271.0,834000.0,0.0
2017-07-11,273.0,275.5,272.5,275.0,1326000.0,0.0
2017-07-12,276.0,276.0,271.0,272.0,934000.0,0.0
2017-07-13,273.5,274.0,272.5,273.5,793000.0,0.0
2017-07-14,273.5,275.0,272.5,273.5,506000.0,0.0
2017-07-17,274.0,276.0,273.5,275.0,403000.0,0.0
2017-07-18,275.0,278.5,273.5,277.5,1110000.0,0.0
2017-07-19,277.5,278.0,276.0,277.5,680000.0,0.0
2017-07-20,277.5,277.5,274.0,274.5,399000.0,0.0
2017-07-21,275.0,275.5,273.0,274.5,648000.0,0.0
2017-07-24,275.0,281.0,275.0,277.5,2332000.0,0.0
2017-07-25,278.0,285.0,278.0,284.5,2020000.0,0.0
2017-07-26,288.0,290.0,287.5,288.5,2452000.0,0.0
2017-07-27,288.5,288.5,288.5,288.5,0.0,0.0
2017-07-28,274.0,274.0,261.0,266.0,9182000.0,0.0
2017-07-31,265.0,265.0,255.5,256.0,4491000.0,0.0
2017-08-01,256.0,261.5,256.0,259.5,6149000.0,0.0
2017-08-02,253.5,257.0,251.5,257.0,2803000.0,8.0
2017-08-03,256.5,256.5,251.5,254.0,3344000.0,0.0
2017-08-04,254.0,254.5,251.0,252.0,3404000.0,0.0
2017-08-07,253.0,253.5,251.0,251.0,1675000.0,0.0
2017-08-08,251.5,254.5,251.5,253.5,1988000.0,0.0
2017-08-09,253.5,254.0,252.5,253.5,1376000.0,0.0
2017-08-10,253.0,253.5,251.0,253.0,1666000.0,0.0
2017-08-11,250.5,253.0,250.5,252.5,984000.0,0.0
2017-08-14,252.0,253.0,252.0,252.5,673000.0,0.0
2017-08-15,253.0,256.5,252.5,253.5,1237000.0,0.0
2017-08-16,253.5,254.5,251.0,252.5,1148000.0,0.0
2017-08-17,251.5,253.0,251.0,252.0,1740000.0,0.0
2017-08-18,251.5,251.5,248.5,250.5,2223000.0,0.0
2017-08-21,250.0,251.5,249.5,250.0,874048.0,0.0
2017-08-22,250.0,251.0,247.5,248.0,1610994.0,0.0
2017-08-23,249.0,251.0,249.0,250.0,1496680.0,0.0
2017-08-24,250.0,251.5,248.5,249.5,1462968.0,0.0
2017-08-25,249.5,252.0,249.5,252.0,1034304.0,0.0
2017-08-28,252.5,254.0,252.5,253.0,789986.0,0.0
2017-08-29,252.0,252.5,251.0,252.0,1199747.0,0.0
2017-08-30,252.0,254.0,251.5,253.0,771247.0,0.0
2017-08-31,253.0,253.0,251.5,252.5,1136708.0,0.0
2017-09-01,252.5,254.0,251.5,254.0,878032.0,0.0
2017-09-04,252.5,253.0,251.5,252.5,551959.0,0.0
2017-09-05,252.5,253.0,249.5,250.0,1371842.0,0.0
2017-09-06,249.0,251.0,249.0,250.0,990397.0,0.0
2017-09-07,250.0,251.5,247.0,248.0,1409665.0,0.0
2017-09-08,248.0,250.0,247.0,249.5,1109721.0,0.0
2017-09-11,251.5,255.0,251.0,255.0,1385369.0,0.0
2017-09-12,255.0,255.5,252.0,253.5,790110.0,0.0
2017-09-13,254.5,254.5,250.0,250.5,946532.0,0.0
2017-09-14,249.5,251.5,249.0,249.5,953696.0,0.0
2017-09-15,249.5,252.5,249.5,252.0,1115182.0,0.0
2017-09-18,252.5,255.0,252.5,254.0,765195.0,0.0
2017-09-19,255.0,255.0,248.0,250.5,1266223.0,0.0
2017-09-20,250.5,252.0,249.5,251.0,577332.0,0.0
2017-09-21,250.0,253.0,249.5,250.5,872247.0,0.0
2017-09-22,250.5,252.0,249.5,251.5,576481.0,0.0
2017-09-25,250.5,250.5,248.5,249.5,584165.0,0.0
2017-09-26,249.5,253.5,249.5,252.0,900316.0,0.0
2017-09-27,253.0,256.0,252.0,255.0,1749310.0,0.0
2017-09-28,254.5,255.0,250.0,250.5,1141715.0,0.0
2017-09-29,253.0,255.5,253.0,255.5,1309819.0,0.0
2017-10-02,255.0,256.5,253.5,254.0,719683.0,0.0
2017-10-03,254.0,255.0,252.5,252.5,743414.0,0.0
2017-10-05,252.0,254.5,252.0,253.0,376314.0,0.0
2017-10-06,253.5,254.5,252.5,254.0,221563.0,0.0
2017-10-11,266.5,266.5,257.0,261.0,2210104.0,0.0
2017-10-12,261.0,261.0,259.5,260.0,1686057.0,0.0
2017-10-13,258.5,260.0,257.5,260.0,1793184.0,0.0
2017-10-16,260.0,260.5,259.5,260.5,798437.0,0.0
2017-10-17,260.0,262.5,260.0,260.5,974945.0,0.0
2017-10-18,262.0,263.0,260.5,262.5,1249310.0,0.0
2017-10-19,263.0,265.0,263.0,264.0,870141.0,0.0
2017-10-20,264.0,269.0,262.5,267.5,1123645.0,0.0
2017-10-23,269.0,276.0,269.0,274.5,1406157.0,0.0
2017-10-24,273.5,274.5,271.0,273.5,1226359.0,0.0
2017-10-25,273.0,274.5,272.5,274.0,880035.0,0.0
2017-10-26,273.5,275.0,272.0,273.5,816022.0,0.0
2017-10-27,273.0,274.5,272.5,274.0,455010.0,0.0
2017-10-30,271.0,273.0,269.5,271.0,810301.0,0.0
2017-10-31,269.0,273.5,269.0,271.0,769749.0,0.0
2017-11-01,271.0,272.5,271.0,271.5,547048.0,0.0
2017-11-02,273.0,276.0,273.0,274.0,1208353.0,0.0
2017-11-03,275.5,275.5,274.0,275.0,213265.0,0.0
2017-11-06,271.5,274.0,271.5,273.5,458898.0,0.0
2017-11-07,274.0,275.5,273.5,275.5,600376.0,0.0
2017-11-08,275.5,276.5,272.5,276.5,491521.0,0.0
2017-11-09,277.0,280.0,275.0,280.0,684673.0,0.0
2017-11-10,280.0,280.0,278.5,280.0,342520.0,0.0
2017-11-13,280.0,282.0,280.0,281.5,429815.0,0.0
2017-11-14,282.0,287.0,280.5,285.5,727970.0,0.0
2017-11-15,287.0,288.0,278.5,282.0,638519.0,0.0
2017-11-16,279.5,279.5,276.5,277.0,445275.0,0.0
2017-11-17,277.0,289.5,277.0,288.0,892555.0,0.0
2017-11-20,285.0,286.0,281.5,282.5,463481.0,0.0
2017-11-21,282.5,286.5,280.5,285.0,645949.0,0.0
2017-11-22,287.0,288.5,285.0,288.5,1140170.0,0.0
2017-11-23,288.5,288.5,285.5,286.0,432483.0,0.0
2017-11-24,287.0,287.0,283.0,283.5,920890.0,0.0
2017-11-27,285.0,285.5,281.0,282.5,314274.0,0.0
2017-11-28,281.5,290.0,281.5,289.5,1070032.0,0.0
2017-11-29,289.0,290.0,285.0,286.5,499934.0,0.0
2017-11-30,287.0,287.0,282.5,284.0,1156347.0,0.0
2017-12-01,285.5,287.0,284.0,285.5,738338.0,0.0
2017-12-04,285.5,286.0,283.0,285.0,444529.0,0.0
2017-12-05,283.0,283.0,278.5,283.0,882160.0,0.0
2017-12-06,280.0,281.0,273.5,276.0,1525684.0,0.0
2017-12-07,276.0,279.5,273.5,273.5,1159637.0,0.0
2017-12-08,273.0,277.5,273.0,275.5,1473275.0,0.0
2017-12-11,275.0,280.0,275.0,276.0,690333.0,0.0
2017-12-12,276.0,279.0,275.0,277.5,1019066.0,0.0
2017-12-13,278.0,278.0,275.0,275.0,513721.0,0.0
2017-12-14,277.0,278.0,276.5,276.5,394037.0,0.0
2017-12-15,279.0,279.0,273.5,277.5,1546892.0,0.0
2017-12-18,278.5,285.0,276.5,283.0,934429.0,0.0
2017-12-19,283.0,283.5,275.0,276.0,1314999.0,0.0
2017-12-20,277.5,278.0,274.5,278.0,724850.0,0.0
2017-12-21,277.5,277.5,272.5,272.5,771005.0,0.0
2017-12-22,274.5,275.0,270.0,274.0,1025866.0,0.0
2017-12-25,274.0,274.0,272.0,274.0,140686.0,0.0
2017-12-26,274.0,274.0,273.5,274.0,129314.0,0.0
2017-12-27,274.0,275.0,273.5,275.0,160163.0,0.0
2017-12-28,277.0,283.5,274.0,283.5,1044587.0,0.0
2017-12-29,281.5,284.0,280.5,284.0,684485.0,0.0
2018-01-02,285.5,288.0,283.0,287.5,908708.0,0.0
2018-01-03,288.5,288.5,284.5,284.5,702441.0,0.0
2018-01-04,286.5,287.5,284.5,285.5,814565.0,0.0
2018-01-05,286.5,287.0,282.0,283.0,752140.0,0.0
2018-01-08,283.5,287.0,283.0,287.0,694412.0,0.0
2018-01-09,287.0,287.0,283.5,286.5,715708.0,0.0
2018-01-10,286.5,287.5,283.0,283.0,361140.0,0.0
2018-01-11,283.0,284.0,280.0,284.0,774243.0,0.0
2018-01-12,285.0,285.0,281.5,284.5,715185.0,0.0
2018-01-15,287.0,288.0,284.0,286.0,527665.0,0.0
2018-01-16,286.0,286.0,283.0,285.0,353293.0,0.0
2018-01-17,284.0,288.0,282.5,288.0,761716.0,0.0
2018-01-18,289.0,293.0,285.5,291.0,1128075.0,0.0
2018-01-19,291.0,291.0,285.5,287.5,401868.0,0.0
2018-01-22,285.0,287.0,283.5,287.0,565935.0,0.0
2018-01-23,287.0,288.5,285.5,288.5,437365.0,0.0
2018-01-24,285.0,289.5,284.5,287.0,680895.0,0.0
2018-01-25,287.0,291.5,286.5,291.0,762444.0,0.0
2018-01-26,290.5,290.5,288.0,288.5,442481.0,0.0
2018-01-29,288.5,291.5,285.0,291.5,843075.0,0.0
2018-01-30,291.0,291.0,285.0,286.0,639263.0,0.0
2018-01-31,285.0,290.5,285.0,288.5,733132.0,0.0
2018-02-01,286.0,291.5,286.0,291.5,522340.0,0.0
2018-02-02,288.0,293.0,288.0,291.0,453379.0,0.0
2018-02-05,285.0,289.0,282.0,288.5,1032398.0,0.0
2018-02-06,281.0,283.0,274.0,276.5,1879144.0,0.0
2018-02-07,283.0,284.5,280.0,280.0,1419497.0,0.0
2018-02-08,282.0,282.0,276.0,276.0,860529.0,0.0
2018-02-09,273.5,278.0,272.0,273.0,1794226.0,0.0
2018-02-12,273.5,277.0,273.0,273.5,1140531.0,0.0
2018-02-21,280.0,282.5,278.0,280.5,1648972.0,0.0
2018-02-22,277.0,284.5,276.5,282.0,1074416.0,0.0
2018-02-23,283.0,287.0,281.5,287.0,1070195.0,0.0
2018-02-26,315.0,315.0,299.0,303.5,2797661.0,0.0
2018-02-27,305.0,305.0,294.5,294.5,1595564.0,0.0
2018-03-01,285.5,298.0,285.5,294.5,1549319.0,0.0
2018-03-02,293.0,294.0,289.5,290.5,1281324.0,0.0
2018-03-05,292.0,294.5,288.0,288.0,1333930.0,0.0
2018-03-06,292.0,292.0,285.0,287.5,1447506.0,0.0
2018-03-07,287.0,290.0,287.0,288.0,746842.0,0.0
2018-03-08,288.0,289.0,287.0,287.0,627380.0,0.0
2018-03-09,288.0,291.0,288.0,291.0,558657.0,0.0
2018-03-12,293.0,296.0,291.5,293.0,1218482.0,0.0
2018-03-13,293.0,295.5,293.0,295.5,813883.0,0.0
2018-03-14,293.5,294.0,290.5,292.0,1415399.0,0.0
2018-03-15,291.0,293.5,291.0,293.5,571761.0,0.0
2018-03-16,293.5,302.0,291.5,302.0,4145832.0,0.0
2018-03-19,302.0,302.0,293.5,298.0,620721.0,0.0
2018-03-20,298.0,300.5,294.5,298.5,1461207.0,0.0
2018-03-21,300.0,301.5,298.0,299.5,1080819.0,0.0
2018-03-22,299.5,300.0,294.0,294.5,1105643.0,0.0
2018-03-23,289.5,295.0,289.5,293.0,927100.0,0.0
2018-03-26,294.5,298.5,293.5,295.0,866510.0,0.0
2018-03-27,297.0,298.0,294.0,297.0,751224.0,0.0
2018-03-28,297.0,298.0,295.5,297.0,363163.0,0.0
2018-03-29,298.0,298.0,293.0,293.0,805225.0,0.0
2018-03-30,295.0,296.0,294.0,296.0,375937.0,0.0
2018-04-02,296.0,296.0,294.0,295.5,285162.0,0.0
2018-04-03,294.0,298.5,294.0,298.0,770690.0,0.0
2018-04-09,300.0,300.0,295.0,299.5,849534.0,0.0
2018-04-10,298.5,302.5,298.5,302.5,1423285.0,0.0
2018-04-11,301.5,303.0,300.0,300.5,503593.0,0.0
2018-04-12,300.5,304.5,300.0,301.5,536262.0,0.0
2018-04-13,301.0,303.0,300.0,303.0,409329.0,0.0
2018-04-16,301.5,302.0,300.0,300.5,263106.0,0.0
2018-04-17,299.5,301.5,298.0,301.5,724440.0,0.0
2018-04-18,302.0,303.0,301.5,302.5,423407.0,0.0
2018-04-19,302.0,307.0,301.5,305.5,750395.0,0.0
2018-04-20,302.0,305.0,301.0,303.5,1068897.0,0.0
2018-04-23,301.0,302.0,293.5,295.0,1458446.0,0.0
2018-04-24,295.5,297.5,294.0,295.0,786688.0,0.0
2018-04-25,294.0,295.0,292.0,295.0,451517.0,0.0
2018-04-26,293.0,295.0,292.0,293.0,666664.0,0.0
2018-04-27,292.0,294.0,289.0,292.5,885173.0,0.0
2018-04-30,292.5,294.0,291.0,292.5,758083.0,0.0
2018-05-02,292.5,297.0,292.5,294.5,933606.0,0.0
2018-05-03,294.5,295.5,292.0,292.5,710765.0,0.0
2018-05-04,292.0,292.5,290.0,290.5,510287.0,0.0
2018-05-07,291.5,291.5,290.5,290.5,298468.0,0.0
2018-05-08,292.5,293.5,290.5,293.5,733797.0,0.0
2018-05-09,293.5,293.5,289.5,289.5,897989.0,0.0
2018-05-10,293.0,302.5,291.5,301.0,2047817.0,0.0
2018-05-11,302.5,306.5,302.0,303.0,1357161.0,0.0
2018-05-14,304.5,305.0,302.0,302.0,402240.0,0.0
2018-05-15,305.0,308.0,303.5,306.5,1042616.0,0.0
2018-05-16,306.0,307.5,304.0,307.5,507912.0,0.0
2018-05-17,306.0,307.5,305.0,305.0,507866.0,0.0
2018-05-18,305.0,312.0,304.0,312.0,1083875.0,0.0
2018-05-21,313.0,315.0,310.0,310.5,429581.0,0.0
2018-05-22,310.5,311.0,305.0,305.5,578378.0,0.0
2018-05-23,305.5,310.0,305.5,307.5,871872.0,0.0
2018-05-24,309.5,311.0,307.0,311.0,546651.0,0.0
2018-05-25,307.5,309.0,307.5,308.0,526981.0,0.0
2018-05-28,308.0,308.0,306.0,307.0,240976.0,0.0
2018-05-29,308.0,310.0,307.5,309.0,379992.0,0.0
2018-05-30,307.5,309.5,305.0,305.0,1290514.0,0.0
2018-05-31,307.0,307.0,300.5,307.0,2684734.0,0.0
2018-06-01,304.5,312.0,304.5,312.0,684593.0,0.0
2018-06-04,313.0,315.0,310.5,315.0,881726.0,0.0
2018-06-05,315.0,322.5,312.5,322.5,1088324.0,0.0
2018-06-06,320.0,320.0,318.0,319.0,886450.0,0.0
2018-06-07,320.0,320.0,313.0,314.5,990756.0,0.0
2018-06-08,312.5,316.5,312.5,316.0,540793.0,0.0
2018-06-11,316.0,316.0,314.5,315.5,411964.0,0.0
2018-06-12,315.5,319.0,315.0,317.5,770084.0,0.0
2018-06-13,319.0,321.0,318.5,319.0,761656.0,0.0
2018-06-14,318.0,318.0,313.5,313.5,1133878.0,0.0
2018-06-15,313.5,315.0,309.0,313.0,2393832.0,0.0
2018-06-19,314.0,324.5,313.5,322.0,2611608.0,0.0
2018-06-20,322.0,339.0,321.0,323.0,2472159.0,0.0
2018-06-21,333.0,338.5,327.0,334.0,1947439.0,0.0
2018-06-22,332.0,332.0,325.5,331.0,1304863.0,0.0
2018-06-25,337.0,338.5,331.0,335.0,1425890.0,0.0
2018-06-26,337.0,361.5,334.0,349.0,2073451.0,0.0
2018-06-27,346.0,348.5,338.5,340.5,2051933.0,0.0
2018-06-28,340.5,343.0,333.0,341.0,1768265.0,0.0
2018-06-29,343.5,354.5,342.5,345.5,2913251.0,0.0
2018-07-02,344.5,346.5,336.5,338.5,933792.0,0.0
2018-07-03,338.5,343.0,336.5,339.5,798260.0,0.0
2018-07-04,340.0,347.5,340.0,344.5,613122.0,0.0
2018-07-05,346.0,346.5,339.5,341.5,681891.0,0.0
2018-07-06,343.0,350.5,343.0,346.5,1800660.0,0.0
2018-07-09,350.5,355.0,350.0,351.5,1195898.0,0.0
2018-07-10,351.5,357.0,349.0,350.0,1006851.0,0.0
2018-07-11,352.0,355.5,350.0,353.0,1122028.0,0.0
2018-07-12,344.0,353.0,343.0,351.0,1294098.0,0.0
2018-07-13,355.0,356.0,352.5,356.0,885870.0,0.0
2018-07-16,357.5,357.5,350.0,350.0,566647.0,0.0
2018-07-17,352.5,353.0,344.5,347.5,1174923.0,0.0
2018-07-18,347.5,355.0,346.0,350.5,1341642.0,0.0
2018-07-19,352.0,354.5,348.0,349.0,867646.0,0.0
2018-07-20,352.0,368.5,351.0,358.0,2667791.0,0.0
2018-07-23,363.5,378.0,363.5,372.0,2472107.0,0.0
2018-07-24,373.0,374.0,364.5,367.5,2210572.0,0.0
2018-07-25,361.0,361.0,331.0,331.0,4984309.0,0.0
2018-07-26,331.5,337.0,331.5,335.5,2038517.0,0.0
2018-07-27,336.5,336.5,330.5,330.5,1371556.0,0.0
2018-07-30,326.0,333.5,326.0,330.0,1998484.0,0.0
2018-07-31,330.0,341.0,330.0,336.5,2829142.0,0.0
2018-08-01,307.5,310.0,304.0,306.0,3656609.0,25.0
2018-08-02,306.0,312.0,304.0,305.5,2113064.0,0.0
2018-08-03,310.0,313.0,307.0,310.0,1998681.0,0.0
2018-08-06,313.0,317.5,310.0,311.0,1360316.0,0.0
2018-08-07,309.5,311.0,308.0,309.0,1129540.0,0.0
2018-08-08,310.5,315.0,310.5,313.0,1349260.0,0.0
2018-08-09,312.5,313.0,307.0,307.0,1251176.0,0.0
2018-08-10,310.0,310.5,308.0,309.5,661313.0,0.0
2018-08-13,310.0,310.0,305.5,307.0,725899.0,0.0
2018-08-14,308.0,313.0,308.0,313.0,1508163.0,0.0
2018-08-15,317.5,320.0,315.0,315.5,2118003.0,0.0
2018-08-16,318.0,320.0,317.5,319.0,1410245.0,0.0
2018-08-17,319.0,319.5,316.0,317.5,1510362.0,0.0
2018-08-20,315.5,316.5,308.0,308.0,1276101.0,0.0
2018-08-21,311.5,317.5,310.5,317.5,1447882.0,0.0
2018-08-22,322.5,325.0,321.5,323.0,1684653.0,0.0
2018-08-23,325.0,325.0,321.5,324.0,1004879.0,0.0
2018-08-24,322.0,324.0,320.0,324.0,567606.0,0.0
2018-08-27,325.0,328.0,324.5,326.5,905899.0,0.0
2018-08-28,326.5,329.0,326.0,328.0,700224.0,0.0
2018-08-29,329.0,330.5,327.0,330.5,891566.0,0.0
2018-08-30,330.0,331.0,324.0,329.5,1166440.0,0.0
2018-08-31,329.5,335.0,329.5,335.0,1431063.0,0.0
2018-09-03,335.0,335.0,327.5,327.5,532768.0,0.0
2018-09-04,327.0,327.5,326.0,327.0,244972.0,0.0
2018-09-05,327.0,329.0,321.0,322.0,906176.0,0.0
2018-09-06,322.0,332.0,322.0,330.0,951307.0,0.0
2018-09-07,329.5,335.0,327.0,332.5,1146760.0,0.0
2018-09-10,335.0,344.0,334.5,338.0,1974369.0,0.0
2018-09-11,340.0,347.0,339.5,347.0,1757435.0,0.0
2018-09-12,344.5,353.5,340.0,353.0,1731151.0,0.0
2018-09-13,353.0,364.5,353.0,363.0,1913402.0,0.0
2018-09-14,365.0,369.0,352.5,352.5,1923640.0,0.0
2018-09-17,352.5,358.5,352.0,357.0,1172465.0,0.0
2018-09-18,357.0,358.0,351.5,352.0,1502191.0,0.0
2018-09-19,355.0,359.0,353.5,359.0,843278.0,0.0
2018-09-20,360.0,360.5,346.0,346.5,1669706.0,0.0
2018-09-21,349.5,355.0,349.5,355.0,1489412.0,0.0
2018-09-25,349.0,351.0,347.5,350.5,1256250.0,0.0
2018-09-26,352.5,354.0,350.0,351.5,771665.0,0.0
2018-09-27,355.0,360.0,355.0,360.0,1203537.0,0.0
2018-09-28,358.0,360.0,357.0,358.5,1056473.0,0.0
2018-10-01,359.0,361.5,357.5,357.5,490682.0,0.0
2018-10-02,357.0,357.0,348.5,354.0,1117625.0,0.0
2018-10-03,354.0,355.0,352.0,355.0,509317.0,0.0
2018-10-04,352.5,353.0,335.0,335.0,2687887.0,0.0
2018-10-05,335.5,342.0,332.0,335.5,1533063.0,0.0
2018-10-08,335.0,338.0,326.5,338.0,1386399.0,0.0
2018-10-09,340.0,347.0,340.0,346.0,1362101.0,0.0
2018-10-11,331.5,331.5,316.0,319.0,4179752.0,0.0
2018-10-12,321.0,330.5,321.0,330.5,2427599.0,0.0
2018-10-15,330.5,335.0,330.5,333.5,2237719.0,0.0
2018-10-16,335.5,337.5,325.5,333.0,1413077.0,0.0
2018-10-17,333.0,336.0,326.0,326.0,1157282.0,0.0
2018-10-18,327.0,335.0,327.0,335.0,1948778.0,0.0
2018-10-19,334.5,337.0,332.0,335.0,3507304.0,0.0
2018-10-22,334.0,335.0,332.0,334.0,632915.0,0.0
2018-10-23,334.0,334.0,327.5,329.5,823976.0,0.0
2018-10-24,329.5,338.0,329.5,338.0,1992620.0,0.0
2018-10-25,334.0,339.5,332.5,338.0,1941190.0,0.0
2018-10-26,339.5,343.0,336.5,343.0,1625507.0,0.0
2018-10-29,342.0,344.0,336.5,338.0,2082755.0,0.0
2018-10-30,341.0,349.0,340.0,346.5,1417647.0,0.0
2018-10-31,346.0,350.0,346.0,349.0,1694452.0,0.0
2018-11-01,345.5,347.0,341.0,344.5,1762961.0,0.0
2018-11-02,347.5,347.5,341.5,342.0,939270.0,0.0
2018-11-05,341.0,341.0,335.0,338.5,1121376.0,0.0
2018-11-06,330.0,331.5,323.0,328.0,2681950.0,0.0
2018-11-07,323.0,323.5,315.0,316.5,3129694.0,0.0
2018-11-08,320.0,327.5,320.0,324.5,2202358.0,0.0
2018-11-09,320.5,322.0,317.0,317.5,1458885.0,0.0
2018-11-12,315.0,321.0,314.0,316.5,1279236.0,0.0
2018-11-13,313.0,318.0,313.0,316.0,1822126.0,0.0
2018-11-14,316.5,318.5,314.5,317.0,1553704.0,0.0
2018-11-15,319.0,321.0,317.0,321.0,1133073.0,0.0
2018-11-16,319.0,321.0,315.0,317.0,1525868.0,0.0
2018-11-19,318.0,320.0,315.5,320.0,1630310.0,0.0
2018-11-20,319.0,321.5,317.0,321.5,858041.0,0.0
2018-11-21,318.0,322.0,318.0,322.0,891746.0,0.0
2018-11-22,321.5,321.5,319.5,321.0,477064.0,0.0
2018-11-23,321.0,321.0,318.0,319.5,397318.0,0.0
2018-11-26,320.0,325.5,319.5,321.5,975206.0,0.0
2018-11-27,320.0,322.5,319.5,322.5,660795.0,0.0
2018-11-28,322.5,328.0,322.0,328.0,822665.0,0.0
2018-11-29,330.0,330.0,323.0,323.5,1100605.0,0.0
2018-11-30,325.5,326.5,316.0,318.0,2622055.0,0.0
2018-12-03,320.0,322.0,318.5,318.5,1347785.0,0.0
2018-12-04,318.0,321.0,315.0,316.5,1953580.0,0.0
2018-12-05,319.5,320.0,317.0,318.0,591682.0,0.0
2018-12-06,318.0,318.0,307.0,307.0,1873530.0,0.0
2018-12-07,309.5,313.5,309.0,313.0,571490.0,0.0
2018-12-10,310.0,311.5,308.0,308.0,840811.0,0.0
2018-12-11,311.0,319.5,310.0,319.5,1246584.0,0.0
2018-12-12,320.0,320.5,312.0,313.0,1844701.0,0.0
2018-12-13,317.0,320.0,317.0,318.5,1164618.0,0.0
2018-12-14,317.0,320.0,312.5,315.0,1224802.0,0.0
2018-12-17,315.5,318.0,315.0,316.0,492625.0,0.0
2018-12-18,314.0,314.5,306.0,314.5,1842933.0,0.0
2018-12-19,315.5,319.5,314.5,319.5,874600.0,0.0
2018-12-20,316.5,320.0,315.5,318.5,738534.0,0.0
2018-12-21,315.5,316.5,308.5,309.5,2494473.0,0.0
2018-12-24,312.5,313.0,308.0,311.0,584241.0,0.0
2018-12-25,306.5,309.0,306.5,308.5,326221.0,0.0
2018-12-26,309.0,310.5,307.0,307.0,378483.0,0.0
2018-12-27,311.0,312.0,308.5,312.0,848545.0,0.0
2018-12-28,312.0,312.5,310.0,311.0,578284.0,0.0
2019-01-02,311.0,311.0,299.5,300.5,2636374.0,0.0
2019-01-03,300.0,303.5,296.5,299.5,1289566.0,0.0
2019-01-04,298.0,303.5,298.0,302.0,1855182.0,0.0
2019-01-07,307.0,313.0,306.0,313.0,1899643.0,0.0
2019-01-08,313.5,314.0,311.0,313.0,1073011.0,0.0
2019-01-09,315.5,321.0,315.0,319.5,2560671.0,0.0
2019-01-10,320.0,321.5,317.5,321.5,1519554.0,0.0
2019-01-11,321.0,321.5,320.0,321.0,676936.0,0.0
2019-01-14,315.0,316.0,312.5,316.0,1140198.0,0.0
2019-01-15,316.5,317.0,313.5,316.0,898315.0,0.0
2019-01-16,316.0,316.0,312.0,312.5,1258847.0,0.0
2019-01-17,315.0,315.0,312.5,314.5,1011099.0,0.0
2019-01-18,314.0,320.0,314.0,320.0,1253704.0,0.0
2019-01-21,320.0,320.0,316.0,317.0,590943.0,0.0
2019-01-22,317.0,319.0,316.5,319.0,581344.0,0.0
2019-01-23,316.5,319.5,316.0,317.0,550173.0,0.0
2019-01-24,319.0,321.0,317.5,321.0,1651911.0,0.0
2019-01-25,322.0,324.5,320.0,323.0,1184618.0,0.0
2019-01-28,323.0,323.0,320.5,323.0,706659.0,0.0
2019-01-29,320.0,323.0,320.0,323.0,786009.0,0.0
2019-01-30,322.5,324.5,320.0,322.5,1130573.0,0.0
2019-02-11,320.0,322.5,317.5,318.0,1671993.0,0.0
2019-02-12,320.0,320.5,318.0,319.5,761423.0,0.0
2019-02-13,319.5,319.5,313.0,313.5,1448482.0,0.0
2019-02-14,312.5,316.5,312.5,314.0,910900.0,0.0
2019-02-15,317.0,318.0,315.0,317.0,818754.0,0.0
2019-02-18,317.0,317.0,315.0,315.0,610642.0,0.0
2019-02-19,312.5,313.5,310.0,312.0,1129278.0,0.0
2019-02-20,312.0,318.0,311.0,318.0,1991799.0,0.0
2019-02-21,316.0,318.0,315.0,317.0,584833.0,0.0
2019-02-22,317.0,318.5,314.0,318.5,1050303.0,0.0
2019-02-25,318.5,318.5,316.0,317.0,556939.0,0.0
2019-02-26,317.0,318.0,316.0,317.0,1006811.0,0.0
2019-02-27,317.0,319.0,317.0,318.5,1406106.0,0.0
2019-03-04,318.5,318.5,304.0,304.0,4536473.0,0.0
2019-03-05,304.5,308.5,299.0,299.0,3458497.0,0.0
2019-03-06,299.5,303.5,299.0,299.5,2416648.0,0.0
2019-03-07,300.5,304.0,299.5,299.5,2350830.0,0.0
2019-03-08,299.0,299.5,296.5,298.0,1954296.0,0.0
2019-03-11,300.0,301.5,298.0,299.0,1322507.0,0.0
2019-03-12,298.0,300.0,298.0,299.0,1704800.0,0.0
2019-03-13,298.0,298.5,296.0,298.0,1836730.0,0.0
2019-03-14,296.5,298.0,294.0,294.0,2249414.0,0.0
2019-03-15,294.0,298.5,293.0,298.0,4747768.0,0.0
2019-03-18,297.5,298.0,294.0,296.5,1589127.0,0.0
2019-03-19,295.5,296.5,294.5,295.0,2074789.0,0.0
2019-03-20,296.0,297.0,295.0,297.0,1215137.0,0.0
2019-03-21,297.0,299.0,296.0,299.0,831115.0,0.0
2019-03-22,299.0,299.0,295.0,297.0,1313734.0,0.0
2019-03-25,294.5,295.0,293.0,294.5,1309464.0,0.0
2019-03-26,292.0,295.0,292.0,294.5,896463.0,0.0
2019-03-27,294.5,297.5,293.5,295.0,1041749.0,0.0
2019-03-28,295.0,298.0,295.0,297.5,1003611.0,0.0
2019-03-29,298.5,304.5,298.5,303.5,2412694.0,0.0
2019-04-01,303.5,304.0,298.0,298.0,1162572.0,0.0
2019-04-02,296.5,297.0,294.0,295.5,1321575.0,0.0
2019-04-03,294.5,296.0,292.5,293.0,1468053.0,0.0
2019-04-08,292.5,294.0,292.0,293.0,2719845.0,0.0
2019-04-09,293.5,295.0,293.0,293.5,1075296.0,0.0
2019-04-10,294.0,294.0,293.0,293.0,1269902.0,0.0
2019-04-11,293.0,294.0,291.0,292.0,1764752.0,0.0
2019-04-12,293.0,293.5,290.0,291.0,1799234.0,0.0
2019-04-15,291.0,292.0,290.0,290.5,1753206.0,0.0
2019-04-16,290.5,292.0,290.5,291.0,532588.0,0.0
2019-04-17,290.5,291.0,288.0,288.5,2206316.0,0.0
2019-04-18,284.0,284.0,280.0,281.0,4074996.0,0.0
2019-04-19,282.0,286.5,282.0,282.0,1625273.0,0.0
2019-04-22,284.0,285.0,282.5,284.5,382634.0,0.0
2019-04-23,284.5,286.0,283.0,285.5,667132.0,0.0
2019-04-24,287.0,287.5,285.0,285.5,1269166.0,0.0
2019-04-25,284.5,285.5,284.0,284.0,938272.0,0.0
2019-04-26,282.5,284.0,282.0,284.0,808760.0,0.0
2019-04-29,283.5,285.5,283.0,284.0,750827.0,0.0
2019-04-30,285.0,290.0,284.0,288.0,2102987.0,0.0
2019-05-02,295.0,299.0,293.0,298.0,2551540.0,0.0
2019-05-03,298.5,302.5,298.5,299.0,2164345.0,0.0
2019-05-06,299.0,300.0,297.5,298.0,2669715.0,0.0
2019-05-07,298.0,299.5,298.0,298.5,1085130.0,0.0
2019-05-08,297.0,299.0,296.0,297.5,1439626.0,0.0
2019-05-09,293.5,295.0,290.0,290.5,2856260.0,0.0
2019-05-10,295.5,300.0,295.0,299.0,3359558.0,0.0
2019-05-13,299.5,301.0,299.0,300.0,1287509.0,0.0
2019-05-14,296.5,298.5,295.0,297.5,1745327.0,0.0
2019-05-15,299.5,301.0,299.0,300.0,1235566.0,0.0
2019-05-16,297.5,300.0,297.5,298.5,847373.0,0.0
2019-05-17,297.5,299.5,297.0,298.0,712057.0,0.0
2019-05-20,298.0,305.0,298.0,304.5,1941227.0,0.0
2019-05-21,305.0,318.0,305.0,315.5,4584206.0,0.0
2019-05-22,312.0,313.5,306.5,306.5,1308035.0,0.0
2019-05-23,308.0,308.0,304.5,306.0,763143.0,0.0
2019-05-24,307.0,307.5,301.5,303.0,860351.0,0.0
2019-05-27,305.5,310.0,305.0,308.0,748077.0,0.0
2019-05-28,309.0,310.0,304.0,304.0,2341974.0,0.0
2019-05-29,304.0,307.0,302.0,305.0,767283.0,0.0
2019-05-30,304.0,306.5,302.5,303.0,850720.0,0.0
2019-05-31,302.0,303.0,299.0,301.0,1797244.0,0.0
2019-06-03,300.0,304.0,300.0,304.0,1095769.0,0.0
2019-06-04,302.0,305.5,302.0,304.5,622709.0,0.0
2019-06-05,303.0,305.5,300.0,303.0,703896.0,0.0
2019-06-06,303.5,304.0,300.0,301.0,591668.0,0.0
2019-06-10,300.0,304.0,300.0,303.5,887681.0,0.0
2019-06-11,305.0,305.0,301.0,301.0,1111585.0,0.0
2019-06-12,301.0,302.5,300.0,301.0,913233.0,0.0
2019-06-13,302.0,304.5,301.0,304.5,554244.0,0.0
2019-06-14,302.0,305.0,300.0,300.0,1069579.0,0.0
2019-06-17,302.5,303.5,300.5,302.0,595118.0,0.0
2019-06-18,301.5,303.5,301.0,302.0,618631.0,0.0
2019-06-19,303.0,306.5,303.0,306.0,1208494.0,0.0
2019-06-20,307.0,309.0,306.0,307.0,1091145.0,0.0
2019-06-21,307.0,307.0,302.5,305.5,1954713.0,0.0
2019-06-24,303.5,309.0,303.5,307.0,958160.0,0.0
2019-06-25,306.0,307.5,304.5,304.5,652984.0,0.0
2019-06-26,304.5,306.5,300.0,300.0,1079328.0,0.0
2019-06-27,301.0,304.0,300.5,301.5,1347321.0,0.0
2019-06-28,301.5,303.0,300.5,300.5,586260.0,0.0
2019-07-01,300.5,302.5,300.0,300.5,785849.0,0.0
2019-07-02,301.0,302.0,301.0,301.0,467651.0,0.0
2019-07-03,303.5,305.0,303.0,304.0,1182093.0,0.0
2019-07-04,305.0,307.5,304.0,307.0,696058.0,0.0
2019-07-05,308.0,311.5,303.5,304.0,1419169.0,0.0
2019-07-08,306.5,306.5,304.0,305.0,565288.0,0.0
2019-07-09,305.0,305.5,302.5,302.5,542748.0,0.0
2019-07-10,302.5,303.5,301.0,302.0,909035.0,0.0
2019-07-11,303.5,303.5,302.0,302.5,477706.0,0.0
2019-07-12,302.0,302.5,300.0,300.0,991474.0,0.0
2019-07-15,301.5,304.0,300.5,303.5,411999.0,0.0
2019-07-16,304.5,304.5,301.0,301.5,516069.0,0.0
2019-07-17,300.5,302.0,297.5,301.0,2112179.0,0.0
2019-07-18,301.0,303.5,300.5,303.0,749525.0,0.0
2019-07-19,303.5,306.5,303.5,306.5,1439083.0,0.0
2019-07-22,306.5,306.5,303.5,306.0,867221.0,0.0
2019-07-23,304.5,306.0,304.0,304.0,928411.0,0.0
2019-07-24,304.5,304.5,301.0,301.0,963689.0,0.0
2019-07-25,302.0,305.0,301.5,304.0,802231.0,0.0
2019-07-26,303.5,305.0,302.5,304.0,1491689.0,0.0
2019-07-29,302.0,304.5,302.0,304.0,1116988.0,0.0
2019-07-30,304.0,307.0,304.0,306.5,1775947.0,0.0
2019-07-31,300.0,301.0,299.0,300.0,1718475.0,8.8
2019-08-01,299.0,299.0,298.0,298.0,933054.0,0.0
2019-08-02,295.0,296.0,292.0,294.0,1076449.0,0.0
2019-08-05,292.0,293.5,291.0,292.5,1147914.0,0.0
2019-08-06,290.5,295.0,290.0,293.5,1463089.0,0.0
2019-08-07,292.5,293.5,291.5,293.0,1234717.0,0.0
2019-08-08,296.0,296.5,294.5,296.0,915086.0,0.0
2019-08-12,293.0,293.0,291.0,291.0,1047324.0,0.0
2019-08-13,293.0,294.0,292.0,292.5,911652.0,0.0
2019-08-14,291.0,292.5,291.0,292.0,848532.0,0.0
2019-08-15,290.0,291.5,289.5,290.5,1026778.0,0.0
2019-08-16,290.0,292.5,289.5,292.5,1010426.0,0.0
2019-08-19,291.5,292.5,290.5,290.5,715680.0,0.0
2019-08-20,290.5,293.0,290.0,292.0,765578.0,0.0
2019-08-21,292.0,292.5,290.0,290.0,764960.0,0.0
2019-08-22,290.0,291.5,290.0,290.0,646549.0,0.0
2019-08-23,290.5,291.0,288.0,288.5,730117.0,0.0
2019-08-26,286.0,288.5,285.0,285.0,876767.0,0.0
2019-08-27,285.0,287.0,283.0,283.5,2505336.0,0.0
2019-08-28,283.5,285.5,283.5,283.5,554178.0,0.0
2019-08-29,284.0,288.0,283.5,288.0,681366.0,0.0
2019-08-30,289.0,292.0,289.0,292.0,909233.0,0.0
2019-09-02,291.0,292.5,290.5,292.5,309827.0,0.0
2019-09-03,292.0,292.0,285.0,285.0,1173096.0,0.0
2019-09-04,286.0,291.0,286.0,290.0,965776.0,0.0
2019-09-05,291.5,292.0,290.5,291.5,887615.0,0.0
2019-09-06,293.5,296.0,293.5,296.0,1441525.0,0.0
2019-09-10,295.5,296.5,295.0,295.0,758333.0,0.0
2019-09-11,297.0,298.0,296.0,297.5,825879.0,0.0
2019-09-12,298.5,299.0,295.0,295.0,457360.0,0.0
2019-09-16,298.0,298.0,294.5,295.0,711383.0,0.0
2019-09-17,294.0,297.0,293.5,297.0,832667.0,0.0
2019-09-18,295.5,298.5,295.5,297.0,688928.0,0.0
2019-09-19,297.0,297.0,295.0,296.0,414420.0,0.0
2019-09-20,297.5,298.0,296.0,297.0,1181469.0,0.0
2019-09-23,297.0,297.0,295.0,295.0,467500.0,0.0
2019-09-24,296.0,296.5,293.0,294.5,571152.0,0.0
2019-09-25,293.5,294.5,290.5,293.5,735461.0,0.0
2019-09-26,295.0,295.0,291.0,291.0,717809.0,0.0
2019-09-27,291.0,292.0,290.0,290.0,687358.0,0.0
2019-10-01,294.5,294.5,286.0,287.5,1460871.0,0.0
2019-10-02,286.5,289.0,285.5,286.0,1360465.0,0.0
2019-10-03,285.0,287.0,284.0,286.0,797197.0,0.0
2019-10-04,285.5,287.5,285.0,286.0,670691.0,0.0
2019-10-07,286.0,287.0,285.0,285.5,514877.0,0.0
2019-10-08,285.0,289.0,285.0,288.0,727189.0,0.0
2019-10-09,286.5,287.0,284.5,284.5,689384.0,0.0
2019-10-14,288.0,289.5,286.0,289.0,1186312.0,0.0
2019-10-15,290.0,291.0,289.0,291.0,859052.0,0.0
2019-10-16,289.5,293.0,289.5,293.0,1035976.0,0.0
2019-10-17,293.0,293.5,291.0,293.0,856803.0,0.0
2019-10-18,292.0,295.0,290.5,295.0,3097829.0,0.0
2019-10-21,294.5,298.5,294.0,298.0,1883016.0,0.0
2019-10-22,301.5,316.0,301.0,309.0,6080116.0,0.0
2019-10-23,306.0,310.0,302.0,303.0,1836673.0,0.0
2019-10-24,304.0,305.0,304.0,305.0,778088.0,0.0
2019-10-25,305.0,305.0,302.0,303.0,736855.0,0.0
2019-10-28,305.5,305.5,300.5,302.5,694905.0,0.0
2019-10-29,304.5,304.5,300.5,303.0,428777.0,0.0
2019-10-30,304.0,305.5,302.0,305.5,1071517.0,0.0
2019-10-31,306.5,306.5,304.0,304.0,1429484.0,0.0
2019-11-01,303.5,304.0,302.0,303.0,1020936.0,0.0
2019-11-04,303.0,306.0,303.0,306.0,1025193.0,0.0
2019-11-05,306.0,308.0,305.0,308.0,1037199.0,0.0
2019-11-06,308.5,308.5,307.0,308.0,1022250.0,0.0
2019-11-07,309.0,310.0,307.0,310.0,942054.0,0.0
2019-11-08,310.0,310.0,307.5,309.0,505112.0,0.0
2019-11-11,307.0,309.0,307.0,309.0,799187.0,0.0
2019-11-12,310.0,310.0,305.0,308.0,602343.0,0.0
2019-11-13,306.0,309.0,305.0,307.5,623575.0,0.0
2019-11-14,305.5,306.5,302.0,306.0,636511.0,0.0
2019-11-15,310.0,311.0,307.5,310.0,1317484.0,0.0
2019-11-18,310.0,310.5,308.5,310.0,461050.0,0.0
2019-11-19,308.5,312.0,308.5,312.0,805755.0,0.0
2019-11-20,312.0,312.0,310.5,312.0,579129.0,0.0
2019-11-21,307.0,308.5,305.0,307.0,687235.0,0.0
2019-11-22,309.0,312.0,308.0,312.0,908369.0,0.0
2019-11-25,311.5,311.5,307.5,308.0,625054.0,0.0
2019-11-26,310.0,314.5,308.5,310.5,3859571.0,0.0
2019-11-27,312.0,312.0,307.0,308.0,812123.0,0.0
2019-11-28,308.0,311.0,307.5,308.5,606670.0,0.0
2019-11-29,307.5,308.5,305.0,305.5,572573.0,0.0
2019-12-02,305.0,310.0,305.0,308.5,770275.0,0.0
2019-12-03,308.5,309.0,307.5,309.0,454337.0,0.0
2019-12-04,308.0,309.0,303.5,305.0,721129.0,0.0
2019-12-05,305.5,308.0,304.0,304.0,636472.0,0.0
2019-12-06,306.5,306.5,303.5,304.0,291678.0,0.0
2019-12-09,304.0,304.0,303.0,304.0,285192.0,0.0
2019-12-10,304.0,305.0,302.0,302.0,356967.0,0.0
2019-12-11,302.0,302.5,300.0,302.5,1096930.0,0.0
2019-12-12,302.5,305.5,302.5,303.0,993361.0,0.0
2019-12-13,304.5,305.0,302.5,303.0,914001.0,0.0
2019-12-16,302.5,304.5,300.5,300.5,7088.0,0.0
2019-12-17,301.5,303.5,300.5,303.5,993870.0,0.0
2019-12-18,304.5,307.0,304.0,305.5,886303.0,0.0
2019-12-19,307.5,307.5,304.5,305.0,762263.0,0.0
2019-12-20,306.5,306.5,304.5,304.5,1503344.0,0.0
2019-12-23,305.0,308.5,305.0,308.5,503740.0,0.0
2019-12-24,308.5,309.0,306.5,309.0,367651.0,0.0
2019-12-25,309.0,310.0,308.5,310.0,207245.0,0.0
2019-12-26,309.5,310.0,308.5,310.0,318822.0,0.0
2019-12-27,310.5,310.5,308.5,309.0,519711.0,0.0
2019-12-30,308.0,308.5,305.0,305.5,692215.0,0.0
2019-12-31,303.5,305.5,303.5,304.0,526457.0,0.0
2020-01-02,304.0,305.0,302.5,302.5,495417.0,0.0
2020-01-03,305.0,305.5,302.5,305.5,637247.0,0.0
2020-01-06,305.0,305.5,304.0,304.0,434372.0,0.0
2020-01-07,303.5,305.0,303.5,304.0,590803.0,0.0
2020-01-08,303.5,305.5,302.0,303.5,775256.0,0.0
2020-01-09,303.5,306.5,303.5,306.5,422102.0,0.0
2020-01-10,308.0,308.5,307.5,308.5,545279.0,0.0
2020-01-13,308.5,310.0,308.0,310.0,631289.0,0.0
2020-01-14,310.0,311.5,309.5,310.5,900278.0,0.0
2020-01-15,310.5,310.5,306.5,309.5,722636.0,0.0
2020-01-16,310.0,310.0,306.5,309.5,616450.0,0.0
2020-01-17,309.5,310.0,307.5,310.0,626972.0,0.0
2020-01-20,310.0,310.0,307.0,308.0,704105.0,0.0
2020-01-30,309.5,309.5,297.0,298.5,2545393.0,0.0
2020-01-31,298.5,301.5,298.5,298.5,1594065.0,0.0
2020-02-03,298.5,304.0,298.0,300.0,1251038.0,0.0
2020-02-04,302.5,304.5,299.0,299.0,886899.0,0.0
2020-02-05,301.0,304.5,300.5,304.0,918203.0,0.0
2020-02-06,304.0,306.0,303.0,304.5,585038.0,0.0
2020-02-07,302.0,304.0,301.0,304.0,389298.0,0.0
2020-02-10,304.0,305.5,300.5,305.5,813098.0,0.0
2020-02-11,305.5,305.5,303.0,303.5,326281.0,0.0
2020-02-12,303.5,305.0,302.0,302.5,1145669.0,0.0
2020-02-13,302.5,305.5,302.0,303.5,826762.0,0.0
2020-02-14,305.0,306.0,304.5,306.0,478775.0,0.0
2020-02-17,305.5,308.5,305.0,308.0,503127.0,0.0
2020-02-18,308.0,309.5,307.0,309.0,480278.0,0.0
2020-02-19,308.5,310.5,308.0,308.0,584698.0,0.0
2020-02-20,309.0,310.0,306.0,308.0,606029.0,0.0
2020-02-21,305.5,308.0,304.0,304.0,709930.0,0.0
2020-02-24,300.0,300.5,296.0,296.0,2379261.0,0.0
2020-02-25,295.0,300.5,295.0,300.0,788272.0,0.0
2020-02-26,295.0,298.0,295.0,297.0,1173408.0,0.0
2020-02-27,296.5,298.5,295.5,296.5,1763922.0,0.0
2020-03-02,295.0,296.0,292.5,295.0,2445230.0,0.0
2020-03-03,296.0,297.0,294.0,295.0,1747352.0,0.0
2020-03-04,294.5,298.5,294.0,297.5,1014674.0,0.0
2020-03-05,298.0,302.5,298.0,302.5,953926.0,0.0
2020-03-06,300.5,300.5,295.5,296.5,1296178.0,0.0
2020-03-09,291.0,296.0,290.0,293.0,1550364.0,0.0
2020-03-10,290.5,293.0,287.0,291.0,2711875.0,0.0
2020-03-11,289.5,292.0,289.0,291.0,1283312.0,0.0
2020-03-12,289.0,289.0,284.5,286.5,2387255.0,0.0
2020-03-13,272.5,275.5,260.0,273.5,4323378.0,0.0
2020-03-16,273.5,274.0,271.0,274.0,2080792.0,0.0
2020-03-17,274.0,287.5,271.0,286.5,3684480.0,0.0
2020-03-18,285.0,290.0,281.0,283.5,3010088.0,0.0
2020-03-19,278.0,291.0,277.0,286.5,3873600.0,0.0
2020-03-20,286.5,288.5,281.0,281.0,3621716.0,0.0
2020-03-23,276.0,279.0,260.5,265.0,4218207.0,0.0
2020-03-24,276.0,276.0,265.0,267.0,3026118.0,0.0
2020-03-25,265.5,272.5,265.5,272.5,2942142.0,0.0
2020-03-26,273.5,279.5,271.0,278.5,2225737.0,0.0
2020-03-27,279.0,280.5,278.0,278.0,1448661.0,0.0
2020-03-30,275.0,280.0,272.0,277.0,1426796.0,0.0
2020-03-31,278.0,283.5,276.5,283.0,2157626.0,0.0
2020-04-01,282.5,284.5,280.0,282.0,1015763.0,0.0
2020-04-06,288.0,288.0,276.0,281.5,2725520.0,0.0
2020-04-07,283.5,287.0,282.0,287.0,1516320.0,0.0
2020-04-08,285.5,289.0,285.0,289.0,1347635.0,0.0
2020-04-09,288.0,291.0,286.0,290.0,890721.0,0.0
2020-04-10,288.5,289.5,288.0,288.0,492110.0,0.0
2020-04-13,286.5,290.0,286.0,289.5,393873.0,0.0
2020-04-14,289.5,295.0,289.5,291.5,1154180.0,0.0
2020-04-15,292.0,293.0,289.5,290.0,1197937.0,0.0
2020-04-16,287.5,288.5,286.0,286.5,1278937.0,0.0
2020-04-17,289.0,292.5,286.0,287.0,1695667.0,0.0
2020-04-20,287.0,288.0,285.5,286.5,1165113.0,0.0
2020-04-21,286.5,290.0,282.0,284.0,1834837.0,0.0
2020-04-22,283.0,283.5,278.5,283.0,859874.0,0.0
2020-04-23,282.0,288.0,282.0,287.5,1733900.0,0.0
2020-04-24,287.5,289.0,287.0,288.0,973967.0,0.0
2020-04-27,290.0,294.0,288.5,294.0,1480527.0,0.0
2020-04-28,294.0,299.5,294.0,299.5,1575904.0,0.0
2020-04-29,300.0,309.0,300.0,304.5,2609272.0,0.0
2020-04-30,305.5,310.0,305.5,308.0,2829690.0,0.0
2020-05-04,298.0,307.0,294.0,301.5,2125438.0,0.0
2020-05-05,302.0,308.0,302.0,307.5,1251128.0,0.0
2020-05-06,306.0,308.0,303.0,305.5,1553608.0,0.0
2020-05-07,304.5,305.0,301.5,303.0,943295.0,0.0
2020-05-08,304.0,306.5,300.5,305.0,950295.0,0.0
2020-05-11,305.0,307.0,304.5,304.5,441356.0,0.0
2020-05-12,303.0,304.5,302.0,304.0,781078.0,0.0
2020-05-13,306.0,307.0,303.5,305.0,1015015.0,0.0
2020-05-14,305.0,305.5,301.5,302.5,731951.0,0.0
2020-05-15,304.0,304.5,300.0,300.0,1194967.0,0.0
2020-05-18,298.0,302.0,297.5,301.5,579815.0,0.0
2020-05-19,304.5,304.5,299.0,300.5,941364.0,0.0
2020-05-20,302.0,302.5,298.0,298.0,835277.0,0.0
2020-05-21,300.0,302.5,298.5,302.5,824975.0,0.0
2020-05-22,301.5,302.0,299.0,299.5,719991.0,0.0
2020-05-25,300.5,300.5,297.5,298.5,504884.0,0.0
2020-05-26,300.0,303.0,299.0,300.0,740045.0,0.0
2020-05-27,300.0,301.0,298.0,299.0,704012.0,0.0
2020-05-28,299.0,300.5,296.5,298.0,1005972.0,0.0
2020-05-29,296.0,298.0,294.0,295.5,3771137.0,0.0
2020-06-01,295.5,299.5,295.5,297.0,1084183.0,0.0
2020-06-02,298.5,299.0,296.5,298.0,1217306.0,0.0
2020-06-03,299.5,299.5,296.5,297.5,2091092.0,0.0
2020-06-04,299.5,300.0,297.0,298.0,1591073.0,0.0
2020-06-05,298.5,299.0,294.0,294.0,2560961.0,0.0
2020-06-08,295.5,296.5,294.0,295.5,2167235.0,0.0
2020-06-09,295.5,297.5,293.5,294.5,3122390.0,0.0
2020-06-10,296.0,300.0,294.0,298.5,2805512.0,0.0
2020-06-11,298.5,301.5,298.0,299.5,2326050.0,0.0
2020-06-12,298.0,298.5,295.5,296.0,1085914.0,0.0
2020-06-15,296.0,297.5,294.0,294.0,1516122.0,0.0
2020-06-16,296.0,300.0,296.0,299.0,1752865.0,0.0
2020-06-17,300.0,300.5,298.0,299.5,1324601.0,0.0
2020-06-18,299.5,300.5,298.0,298.5,1025917.0,0.0
2020-06-19,298.5,300.0,297.5,298.5,1656314.0,0.0
2020-06-22,298.5,299.0,297.0,298.0,766746.0,0.0
2020-06-23,298.5,302.0,298.0,300.0,1669529.0,0.0
2020-06-24,300.5,300.5,298.5,300.0,896063.0,0.0
2020-06-29,299.0,299.5,293.0,294.5,1870932.0,0.0
2020-06-30,297.0,297.5,295.5,296.5,888340.0,0.0
2020-07-01,297.0,297.5,295.5,296.0,635856.0,0.0
2020-07-02,296.5,299.0,295.5,299.0,1132680.0,0.0
2020-07-03,298.5,299.0,295.0,296.0,1225714.0,0.0
2020-07-06,297.5,299.5,297.0,299.5,985070.0,0.0
2020-07-07,300.0,300.5,298.5,299.0,823288.0,0.0
2020-07-08,299.0,299.5,296.0,296.5,1508431.0,0.0
2020-07-09,296.5,297.0,295.0,295.0,1789175.0,0.0
2020-07-10,295.0,296.5,290.0,290.0,3764940.0,0.0
2020-07-13,291.5,292.0,285.5,288.0,3051582.0,0.0
2020-07-14,288.0,289.0,286.0,287.5,1952638.0,0.0
2020-07-15,287.5,288.5,286.0,286.0,2448982.0,0.0
2020-07-16,287.5,292.0,287.0,289.0,1423270.0,0.0
2020-07-17,292.0,292.0,289.5,290.0,703081.0,0.0
2020-07-20,290.0,291.5,290.0,291.0,807135.0,0.0
2020-07-21,291.0,291.0,289.0,289.0,1504961.0,0.0
2020-07-22,289.0,291.5,288.5,291.0,951691.0,0.0
2020-07-23,290.0,290.5,288.5,290.0,963742.0,0.0
2020-07-24,289.0,290.0,288.0,288.0,732124.0,0.0
2020-07-27,287.5,289.0,285.5,285.5,1716413.0,0.0
2020-07-28,284.5,286.0,284.0,284.0,1647858.0,0.0
2020-07-29,284.5,287.0,284.5,285.0,1355082.0,0.0
2020-07-30,285.5,286.0,284.0,285.5,1380515.0,0.0
2020-07-31,284.0,284.5,280.0,280.0,4639306.0,0.0
2020-08-03,276.0,276.5,270.0,273.0,4452394.0,0.0
2020-08-04,274.5,280.0,274.0,279.0,2544336.0,0.0
2020-08-05,272.0,273.5,271.5,273.5,2189403.0,9.0
2020-08-06,276.0,277.0,273.5,274.5,1365886.0,0.0
2020-08-07,274.0,274.5,272.0,273.0,1201453.0,0.0
2020-08-10,273.5,276.0,273.0,275.0,769645.0,0.0
2020-08-11,276.0,279.0,275.5,276.0,1528335.0,0.0
2020-08-12,278.0,279.5,276.0,279.5,1508984.0,0.0
2020-08-13,280.5,280.5,278.0,278.5,1440836.0,0.0
2020-08-14,276.5,279.0,276.0,276.0,721605.0,0.0
2020-08-17,275.5,275.5,274.0,274.0,1453259.0,0.0
2020-08-18,275.0,276.0,274.0,274.5,1334548.0,0.0
2020-08-19,275.5,278.0,275.0,275.0,1701725.0,0.0
2020-08-20,275.0,276.5,270.0,270.5,1878970.0,0.0
2020-08-21,271.5,273.5,271.0,271.0,1794224.0,0.0
2020-08-24,271.0,273.0,269.0,271.0,1323015.0,0.0
2020-08-25,271.5,274.0,270.0,271.0,1518698.0,0.0
2020-08-26,271.0,275.0,271.0,275.0,1097609.0,0.0
2020-08-27,275.0,275.5,273.0,274.0,599433.0,0.0
2020-08-28,273.0,274.0,270.5,270.5,1573233.0,0.0
2020-08-31,272.0,273.0,270.0,270.0,2121941.0,0.0
2020-09-01,271.5,271.5,270.0,270.0,918395.0,0.0
2020-09-02,269.5,270.0,262.0,266.0,4478465.0,0.0
2020-09-03,266.0,266.0,263.5,263.5,2630291.0,0.0
2020-09-04,262.0,264.0,261.0,263.0,3496248.0,0.0
2020-09-07,263.0,265.5,262.0,265.0,1650235.0,0.0
2020-09-08,265.0,269.0,265.0,269.0,1141907.0,0.0
2020-09-09,267.5,267.5,265.0,265.0,1374315.0,0.0
2020-09-10,265.0,267.0,263.0,267.0,1054941.0,0.0
2020-09-11,267.0,267.0,265.0,265.5,1208440.0,0.0
2020-09-14,267.0,267.0,266.0,266.5,524611.0,0.0
2020-09-15,265.5,267.5,265.0,266.0,953767.0,0.0
2020-09-16,265.5,266.5,264.0,264.5,1626570.0,0.0
2020-09-17,264.5,265.5,264.0,264.0,798261.0,0.0
2020-09-18,264.5,265.5,263.0,263.0,2237744.0,0.0
2020-09-21,262.5,266.0,262.0,264.5,833642.0,0.0
2020-09-22,264.0,265.5,263.0,264.5,809027.0,0.0
2020-09-23,264.0,264.5,261.0,262.0,1189834.0,0.0
2020-09-24,260.0,261.0,253.0,253.0,2669172.0,0.0
2020-09-25,256.5,259.0,255.0,258.5,1604422.0,0.0
2020-09-28,260.0,260.5,259.5,260.5,696748.0,0.0
2020-09-29,260.5,262.0,259.0,262.0,771449.0,0.0
2020-09-30,263.5,265.5,263.0,263.0,1107490.0,0.0
2020-10-05,264.0,270.0,264.0,267.0,1284324.0,0.0
2020-10-06,268.5,273.5,268.5,273.0,1952879.0,0.0
2020-10-07,272.5,274.5,270.0,273.0,1768284.0,0.0
2020-10-08,275.0,277.0,274.0,275.0,1935941.0,0.0
2020-10-12,276.0,276.0,274.0,275.5,1499204.0,0.0
2020-10-13,276.0,276.0,271.5,274.5,594155.0,0.0
2020-10-14,274.0,274.0,270.0,274.0,1094820.0,0.0
2020-10-15,269.5,270.5,266.5,267.5,1286796.0,0.0
2020-10-16,268.5,271.0,267.5,270.0,936014.0,0.0
2020-10-19,271.0,271.0,270.0,270.0,479979.0,0.0
2020-10-20,270.0,270.5,265.5,266.5,1003742.0,0.0
2020-10-21,268.5,269.0,266.5,266.5,1146507.0,0.0
2020-10-22,266.5,271.0,266.5,269.0,956471.0,0.0
2020-10-23,269.0,271.0,269.0,270.5,592340.0,0.0
2020-10-26,270.0,271.0,267.5,268.0,691995.0,0.0
2020-10-27,266.5,267.0,264.0,264.0,918066.0,0.0
2020-10-28,263.0,266.5,263.0,266.5,663173.0,0.0
2020-10-29,264.0,265.0,261.5,262.0,879462.0,0.0
2020-10-30,261.5,261.5,258.0,258.0,1619113.0,0.0
2020-11-02,258.0,265.0,258.0,264.0,1826144.0,0.0
2020-11-03,264.0,265.0,262.0,265.0,1707570.0,0.0
2020-11-04,263.0,263.0,260.5,262.0,1486153.0,0.0
2020-11-05,263.5,264.5,261.0,262.0,960853.0,0.0
2020-11-06,261.5,262.0,256.5,258.5,2562625.0,0.0
2020-11-09,260.5,260.5,258.0,259.0,1708185.0,0.0
2020-11-10,260.0,262.5,258.5,262.0,3698469.0,0.0
2020-11-11,262.5,269.5,261.5,269.5,4052457.0,0.0
2020-11-12,271.0,271.5,267.0,270.0,2289974.0,0.0
2020-11-13,271.0,271.0,268.0,268.5,1174338.0,0.0
2020-11-16,271.0,271.5,269.0,270.0,1192579.0,0.0
2020-11-17,270.0,271.0,267.5,268.5,1709745.0,0.0
2020-11-18,269.5,271.0,268.0,271.0,1710246.0,0.0
2020-11-19,271.0,272.5,270.0,271.0,1163616.0,0.0
2020-11-20,271.0,272.0,270.5,272.0,1002927.0,0.0
2020-11-23,273.0,273.5,272.0,273.0,1445760.0,0.0
2020-11-24,272.5,273.5,272.0,273.0,1070509.0,0.0
2020-11-25,273.5,273.5,272.0,272.5,933642.0,0.0
2020-11-26,273.5,274.5,272.0,274.0,1574763.0,0.0
2020-11-27,272.5,273.5,272.0,273.0,1049167.0,0.0
2020-11-30,271.5,273.0,259.0,259.0,5831464.0,0.0
2020-12-01,263.0,269.5,263.0,268.0,2868160.0,0.0
2020-12-02,269.0,269.0,263.5,265.0,2062219.0,0.0
2020-12-03,265.5,268.0,265.0,266.5,1377162.0,0.0
2020-12-04,268.0,270.0,267.0,268.0,1641556.0,0.0
2020-12-07,269.5,269.5,265.0,267.0,1225296.0,0.0
2020-12-08,265.0,266.5,264.5,265.0,879645.0,0.0
2020-12-09,266.0,268.0,265.5,267.0,1133504.0,0.0
2020-12-10,267.0,268.5,265.5,266.5,1009000.0,0.0
2020-12-11,267.0,267.5,266.5,266.5,775879.0,0.0
2020-12-14,266.5,269.0,266.0,266.5,1135521.0,0.0
2020-12-15,266.0,268.5,265.5,267.0,2115313.0,0.0
2020-12-16,267.0,270.0,267.0,269.0,1971281.0,0.0
2020-12-17,269.0,270.0,267.5,268.0,1307633.0,0.0
2020-12-18,268.0,269.5,267.0,268.0,2332276.0,0.0
2020-12-21,268.0,268.5,267.0,268.0,1044439.0,0.0
2020-12-22,268.0,268.0,265.0,265.0,559933.0,0.0
2020-12-23,264.5,264.5,261.0,263.0,1034258.0,0.0
2020-12-24,263.0,264.5,262.5,263.0,390258.0,0.0
2020-12-25,264.5,264.5,262.5,263.0,388970.0,0.0
2020-12-28,263.5,264.0,262.0,263.0,586509.0,0.0
2020-12-29,263.5,263.5,262.5,263.0,600962.0,0.0
2020-12-30,263.0,269.0,263.0,268.0,1311232.0,0.0
2020-12-31,268.0,268.5,266.0,266.5,1021385.0,0.0
2021-01-04,266.5,269.5,265.0,268.5,1098870.0,0.0
2021-01-05,268.5,272.0,268.5,272.0,1660963.0,0.0
2021-01-06,271.5,272.0,270.0,271.0,1423013.0,0.0
2021-01-07,271.0,272.0,270.0,271.0,1014473.0,0.0
2021-01-08,270.5,273.0,269.0,273.0,1369312.0,0.0
2021-01-11,272.5,273.0,270.5,271.0,1241901.0,0.0
2021-01-12,270.5,271.0,268.5,268.5,956316.0,0.0
2021-01-13,268.5,270.0,268.5,269.0,907488.0,0.0
2021-01-14,269.0,269.5,265.0,266.5,1313305.0,0.0
2021-01-15,266.5,268.5,265.0,266.0,1023822.0,0.0
2021-01-18,266.5,267.5,263.5,265.5,1354090.0,0.0
2021-01-19,264.0,266.0,263.0,264.0,995859.0,0.0
2021-01-20,264.0,268.0,264.0,266.0,2161067.0,0.0
2021-01-21,266.5,272.5,266.0,270.0,1857443.0,0.0
2021-01-22,270.5,271.0,265.5,266.5,1697230.0,0.0
2021-01-25,264.5,267.5,264.5,267.5,717040.0,0.0
2021-01-26,267.0,268.0,265.5,267.0,875216.0,0.0
2021-01-27,268.0,270.0,268.0,269.5,973003.0,0.0
2021-01-28,267.5,271.0,267.5,270.0,1916241.0,0.0
2021-01-29,268.5,273.5,267.0,267.0,3089850.0,0.0
2021-02-01,269.5,273.5,269.5,270.0,1347729.0,0.0
2021-02-02,269.5,272.0,268.0,271.0,1011034.0,0.0
2021-02-03,269.5,270.0,268.0,268.0,785118.0,0.0
2021-02-04,268.0,269.5,267.0,269.0,1233461.0,0.0
2021-02-05,268.0,270.0,267.5,268.0,745804.0,0.0
2021-02-17,266.0,270.0,264.0,270.0,2254730.0,0.0
2021-02-18,267.5,269.5,266.0,266.0,1473740.0,0.0
2021-02-19,266.0,268.0,265.0,265.0,1370929.0,0.0
2021-02-22,265.0,267.0,265.0,265.5,1081532.0,0.0
2021-02-23,265.0,267.0,265.0,265.0,1385060.0,0.0
2021-02-24,266.0,267.5,265.0,265.5,1708466.0,0.0
2021-02-25,266.5,268.0,265.5,268.0,1573998.0,0.0
2021-02-26,268.0,268.0,262.0,262.0,3099274.0,0.0
2021-03-02,265.5,267.0,264.0,265.0,1492518.0,0.0
2021-03-03,266.5,272.0,266.0,272.0,3103221.0,0.0
2021-03-04,270.0,273.0,268.0,272.0,2389932.0,0.0
2021-03-05,268.0,272.0,267.5,270.5,1277393.0,0.0
2021-03-08,270.5,273.5,270.0,273.0,2010860.0,0.0
2021-03-09,274.0,276.5,274.0,275.0,2504516.0,0.0
2021-03-10,276.5,281.0,276.0,279.0,3126058.0,0.0
2021-03-11,280.0,281.0,279.0,279.0,2007534.0,0.0
2021-03-12,279.0,280.0,275.0,280.0,1235901.0,0.0
2021-03-15,277.0,278.0,275.0,275.5,1176485.0,0.0
2021-03-16,275.5,279.5,275.5,277.5,1192405.0,0.0
2021-03-17,277.5,278.0,276.0,277.5,1396333.0,0.0
2021-03-18,276.5,278.5,276.0,276.0,844647.0,0.0
2021-03-19,274.0,275.0,271.0,273.0,2114070.0,0.0
2021-03-22,271.0,272.5,269.5,271.5,1234143.0,0.0
2021-03-23,270.5,275.5,270.0,275.0,918811.0,0.0
2021-03-24,274.5,276.0,273.0,275.0,558444.0,0.0
2021-03-25,273.5,277.5,273.0,277.0,816120.0,0.0
2021-03-26,277.0,278.5,276.0,277.0,949772.0,0.0
2021-03-29,278.0,278.0,276.0,278.0,659337.0,0.0
2021-03-30,279.5,280.0,277.5,280.0,814151.0,0.0
2021-03-31,278.5,278.5,272.0,272.0,2619961.0,0.0
2021-04-01,273.0,275.5,272.5,275.5,979160.0,0.0
2021-04-07,273.0,275.0,272.5,273.5,1013968.0,0.0
2021-04-08,272.0,274.0,272.0,272.5,563861.0,0.0
2021-04-09,273.0,275.0,272.5,274.5,546321.0,0.0
2021-04-12,272.5,273.5,271.5,272.5,1381373.0,0.0
2021-04-13,274.0,275.0,272.5,274.0,919976.0,0.0
2021-04-14,272.5,274.0,272.0,273.5,900164.0,0.0
2021-04-15,274.5,274.5,272.5,273.0,598446.0,0.0
2021-04-16,273.0,274.5,273.0,274.0,677589.0,0.0
2021-04-19,274.0,275.0,273.0,275.0,701715.0,0.0
2021-04-20,274.0,276.5,274.0,276.5,1409215.0,0.0
2021-04-21,274.5,275.5,273.5,274.0,1124343.0,0.0
2021-04-22,273.5,274.5,273.0,274.5,1328163.0,0.0
2021-04-23,274.5,274.5,273.0,273.5,789870.0,0.0
2021-04-26,273.5,274.5,272.5,274.5,939965.0,0.0
2021-04-27,273.5,274.5,272.5,273.5,754250.0,0.0
2021-04-28,273.5,274.0,271.5,273.0,893701.0,0.0
2021-04-29,272.0,274.0,271.0,271.0,1320542.0,0.0
2021-05-03,270.0,272.0,270.0,271.0,1033584.0,0.0
2021-05-04,272.0,273.0,268.0,268.5,1465246.0,0.0
2021-05-05,270.0,270.5,267.0,267.5,1047331.0,0.0
2021-05-06,268.0,270.0,267.0,268.5,873748.0,0.0
2021-05-07,268.5,272.5,268.5,271.0,639322.0,0.0
2021-05-10,271.5,272.0,271.0,272.0,500362.0,0.0
2021-05-11,272.0,272.0,268.0,269.5,1288865.0,0.0
2021-05-12,268.5,272.0,253.5,260.5,3513888.0,0.0
2021-05-13,262.5,265.5,259.0,264.5,1645769.0,0.0
2021-05-14,264.5,272.0,264.0,271.5,1669964.0,0.0
2021-05-17,270.5,277.0,266.5,267.0,4336208.0,0.0
2021-05-18,268.0,275.0,267.5,272.0,1950064.0,0.0
2021-05-19,268.5,273.0,267.5,272.0,1089985.0,0.0
2021-05-20,268.5,271.0,267.0,268.5,1828305.0,0.0
2021-05-21,269.5,273.0,267.0,268.0,1439654.0,0.0
2021-05-24,268.0,269.0,264.0,264.5,1465139.0,0.0
2021-05-25,263.0,264.5,261.0,264.5,2381829.0,0.0
2021-05-26,262.5,263.5,261.0,261.5,2380861.0,0.0
2021-05-27,261.5,262.0,259.0,259.0,4543245.0,0.0
2021-05-28,261.0,263.5,260.5,262.0,2205099.0,0.0
2021-05-31,263.5,266.0,263.0,264.5,2061316.0,0.0
2021-06-01,264.0,267.0,263.0,266.5,972362.0,0.0
2021-06-02,265.5,269.0,265.0,268.5,1428983.0,0.0
2021-06-03,268.5,268.5,265.5,266.5,466404.0,0.0
2021-06-04,264.5,265.0,263.0,263.5,722986.0,0.0
2021-06-07,263.5,264.5,261.0,262.0,780266.0,0.0
2021-06-08,264.0,264.0,262.0,263.0,551976.0,0.0
2021-06-09,262.5,264.5,262.0,264.0,736879.0,0.0
2021-06-10,264.5,266.0,264.0,264.5,418811.0,0.0
2021-06-11,264.5,265.0,263.5,264.5,398667.0,0.0
2021-06-15,264.5,265.5,261.5,262.0,1139946.0,0.0
2021-06-16,261.0,263.5,261.0,262.5,1103517.0,0.0
2021-06-17,261.0,262.5,259.0,261.0,1464381.0,0.0
2021-06-18,260.5,262.0,260.0,260.0,2776022.0,0.0
2021-06-21,260.0,262.5,259.0,262.5,1555159.0,0.0
2021-06-22,261.0,261.5,260.5,261.0,668301.0,0.0
2021-06-23,261.0,264.5,261.0,263.0,1077449.0,0.0
2021-06-24,262.5,264.0,262.0,262.0,561187.0,0.0
2021-06-25,263.0,264.5,262.0,262.0,717474.0,0.0
2021-06-28,263.0,263.5,261.0,261.0,550712.0,0.0
2021-06-29,261.0,263.0,260.0,263.0,790171.0,0.0
2021-06-30,262.5,263.5,262.0,263.0,592071.0,0.0
2021-07-01,263.0,264.0,260.5,261.0,788586.0,0.0
2021-07-02,261.0,261.0,259.5,260.5,1205675.0,0.0
2021-07-05,261.0,262.0,259.5,259.5,1254104.0,0.0
2021-07-06,260.0,261.0,259.5,260.0,561007.0,0.0
2021-07-07,260.0,261.5,259.5,261.5,520039.0,0.0
2021-07-08,262.0,262.0,260.0,261.5,1116899.0,0.0
2021-07-09,260.0,261.0,258.0,260.5,1176105.0,0.0
2021-07-12,260.5,260.5,258.0,259.0,755864.0,0.0
2021-07-13,260.0,261.5,259.0,261.5,1026907.0,0.0
2021-07-14,261.5,262.5,260.0,260.5,720181.0,0.0
2021-07-15,260.5,261.5,260.0,260.0,614268.0,0.0
2021-07-16,260.5,262.5,260.0,262.5,1109084.0,0.0
2021-07-19,261.5,264.0,261.0,264.0,1049869.0,0.0
2021-07-20,263.0,263.5,261.0,261.0,527808.0,0.0
2021-07-21,261.0,264.0,260.5,263.5,1156977.0,0.0
2021-07-22,264.0,265.0,263.5,264.0,665546.0,0.0
2021-07-23,264.5,265.5,263.0,265.0,573499.0,0.0
2021-07-26,265.0,266.5,264.5,266.0,783739.0,0.0
2021-07-27,266.5,268.0,265.5,268.0,1210925.0,0.0
2021-07-28,268.0,269.5,265.5,269.5,1988727.0,0.0
2021-07-29,270.0,274.5,270.0,274.0,2140003.0,0.0
2021-07-30,287.0,287.0,277.5,280.5,4158723.0,0.0
2021-08-02,280.5,286.0,280.5,282.5,2328731.0,0.0
2021-08-03,285.5,288.0,283.5,288.0,3498055.0,0.0
2021-08-04,286.0,290.0,285.5,288.5,2540050.0,0.0
2021-08-05,287.0,288.5,285.0,288.0,2304799.0,0.0
2021-08-06,287.0,288.0,280.0,282.5,2297967.0,0.0
2021-08-09,282.0,282.0,273.5,280.0,1111986.0,0.0
2021-08-10,279.0,280.0,277.0,280.0,716921.0,0.0
2021-08-11,278.0,285.0,278.0,284.0,1109442.0,0.0
2021-08-12,283.0,286.5,283.0,284.5,650225.0,0.0
2021-08-13,284.0,284.5,280.0,281.5,718736.0,0.0
2021-08-16,280.5,286.0,280.5,286.0,1759274.0,0.0
2021-08-17,286.0,286.0,286.0,286.0,0.0,0.0
2021-08-18,289.0,289.0,285.5,289.0,1555611.0,0.0
2021-08-19,289.0,289.0,283.5,286.5,1517573.0,0.0
2021-08-20,287.0,288.0,283.5,286.0,1811631.0,0.0
2021-08-23,287.5,289.0,286.5,288.0,1233450.0,0.0
2021-08-24,289.5,292.0,288.0,291.0,2001175.0,0.0
2021-08-25,289.5,291.0,288.0,290.0,763026.0,0.0
2021-08-26,289.0,289.0,281.0,282.5,2964884.0,0.0
2021-08-27,282.5,287.0,281.5,284.5,1506943.0,0.0
2021-08-30,283.0,285.5,281.5,285.5,900995.0,0.0
2021-08-31,285.5,286.0,282.0,285.5,1063061.0,0.0
2021-09-01,284.5,285.5,277.5,278.0,1947134.0,0.0
2021-09-02,278.0,281.5,278.0,278.5,774445.0,0.0
2021-09-03,278.5,280.5,277.0,278.5,1402414.0,0.0
2021-09-06,279.0,282.0,279.0,279.5,977690.0,0.0
2021-09-07,271.0,271.0,267.5,269.0,2133717.0,9.0
2021-09-08,269.5,274.0,269.0,273.5,1259498.0,0.0
2021-09-09,274.0,275.0,271.0,271.5,1527913.0,0.0
2021-09-10,272.0,274.5,272.0,274.5,576027.0,0.0
2021-09-13,274.0,275.5,271.0,275.5,820128.0,0.0
2021-09-14,275.5,278.0,272.5,278.0,1008938.0,0.0
2021-09-15,277.5,279.0,276.0,278.0,1046673.0,0.0
2021-09-16,278.0,279.0,276.0,277.0,1435037.0,0.0
2021-09-17,277.5,280.0,277.5,278.0,1602195.0,0.0
2021-09-22,276.5,281.0,274.5,277.5,1960914.0,0.0
2021-09-23,279.5,281.0,277.0,280.0,1265402.0,0.0
2021-09-24,280.0,281.0,278.5,279.5,705733.0,0.0
2021-09-27,280.0,281.0,278.5,280.0,869015.0,0.0
2021-09-28,278.5,280.5,275.0,279.5,824605.0,0.0
2021-09-29,279.5,280.0,274.5,280.0,1616880.0,0.0
2021-09-30,278.0,280.0,276.0,280.0,1079468.0,0.0
2021-10-01,278.0,280.0,273.5,276.0,1587285.0,0.0
2021-10-04,276.5,277.0,274.5,276.0,928632.0,0.0
2021-10-05,275.5,281.0,274.5,279.0,1899598.0,0.0
2021-10-06,279.0,283.0,279.0,281.5,2677829.0,0.0
2021-10-07,283.5,285.0,282.0,285.0,1309904.0,0.0
2021-10-08,284.0,287.0,283.0,287.0,660732.0,0.0
2021-10-12,284.0,287.5,281.0,284.0,1468521.0,0.0
2021-10-13,282.5,285.5,281.0,284.0,1316246.0,0.0
2021-10-14,283.0,286.5,283.0,285.5,975952.0,0.0
2021-10-15,287.5,291.0,286.5,290.0,1907659.0,0.0
2021-10-18,291.0,291.5,287.0,288.0,664282.0,0.0
2021-10-19,288.0,289.5,287.0,288.0,540770.0,0.0
2021-10-20,289.5,289.5,284.0,286.5,683136.0,0.0
2021-10-21,287.5,287.5,281.5,281.5,931630.0,0.0
2021-10-22,282.5,287.5,282.5,287.5,749192.0,0.0
2021-10-25,287.0,287.5,283.5,283.5,543066.0,0.0
2021-10-26,285.5,285.5,278.0,283.5,1941500.0,0.0
2021-10-27,282.5,283.0,281.0,282.0,917106.0,0.0
2021-10-28,281.0,282.5,281.0,282.0,487420.0,0.0
2021-10-29,281.0,283.0,279.0,281.0,958207.0,0.0
2021-11-01,281.0,282.0,279.0,281.5,720973.0,0.0
2021-11-02,282.0,284.0,280.0,282.0,1094735.0,0.0
2021-11-03,281.0,282.0,278.0,279.0,1188852.0,0.0
2021-11-04,282.0,282.5,279.0,281.5,627758.0,0.0
2021-11-05,280.0,284.5,280.0,284.0,967762.0,0.0
2021-11-08,284.0,287.5,283.0,287.0,1061785.0,0.0
2021-11-09,287.0,290.5,284.5,290.5,1721808.0,0.0
2021-11-10,290.0,291.0,287.5,290.0,1109481.0,0.0
2021-11-11,290.0,291.0,286.5,289.5,885586.0,0.0
2021-11-12,291.0,291.0,287.5,290.0,716706.0,0.0
2021-11-15,290.0,291.0,288.0,290.0,1273337.0,0.0
2021-11-16,290.0,291.0,288.0,290.5,1325327.0,0.0
2021-11-17,288.5,292.0,288.0,292.0,1853573.0,0.0
2021-11-18,292.0,294.0,289.0,292.0,1277601.0,0.0
2021-11-19,290.0,294.0,289.5,293.5,1737334.0,0.0
2021-11-22,293.5,293.5,288.5,288.5,821401.0,0.0
2021-11-23,288.0,288.5,283.5,283.5,946723.0,0.0
2021-11-24,284.5,287.0,283.5,285.5,858997.0,0.0
2021-11-25,286.0,286.0,282.5,284.5,869691.0,0.0
2021-11-26,283.0,285.0,279.5,280.0,1140005.0,0.0
2021-11-29,280.5,282.5,277.0,277.5,1046965.0,0.0
2021-11-30,276.0,279.5,269.0,269.0,8888820.0,0.0
2021-12-01,271.0,277.5,270.0,276.5,1559711.0,0.0
2021-12-02,274.5,278.0,274.5,277.5,854189.0,0.0
2021-12-03,279.0,279.0,273.5,275.0,1228722.0,0.0
2021-12-06,274.0,278.5,273.0,276.5,1058132.0,0.0
2021-12-07,276.5,277.5,274.5,276.5,762119.0,0.0
2021-12-08,277.5,278.5,275.0,275.0,974204.0,0.0
2021-12-09,275.0,277.5,274.5,277.0,949505.0,0.0
2021-12-10,277.0,277.0,275.5,275.5,376471.0,0.0
2021-12-13,277.0,277.5,273.0,273.0,945067.0,0.0
2021-12-14,272.0,273.5,269.5,272.5,1584695.0,0.0
2021-12-15,272.0,273.0,269.5,270.0,2204962.0,0.0
2021-12-16,271.0,273.0,268.0,273.0,2182821.0,0.0
2021-12-17,272.5,275.0,272.0,275.0,1413683.0,0.0
2021-12-20,272.0,273.5,270.5,272.0,1382090.0,0.0
2021-12-21,271.0,276.0,271.0,275.5,1078431.0,0.0
2021-12-22,275.0,275.0,272.0,272.0,871423.0,0.0
2021-12-23,273.0,275.0,271.0,273.0,1319777.0,0.0
2021-12-24,273.0,275.0,273.0,274.5,780982.0,0.0
2021-12-27,275.0,275.5,274.0,274.0,370386.0,0.0
2021-12-28,274.5,275.0,272.5,273.0,552338.0,0.0
2021-12-29,275.0,275.0,273.0,273.5,496267.0,0.0
2021-12-30,274.5,275.0,272.5,273.5,523025.0,0.0
2022-01-03,275.0,276.0,273.0,273.5,595808.0,0.0
2022-01-04,271.5,274.0,271.5,274.0,592418.0,0.0
2022-01-05,272.0,275.0,272.0,275.0,440308.0,0.0
2022-01-06,274.0,275.0,272.5,274.5,608995.0,0.0
2022-01-07,273.0,274.5,271.5,271.5,713257.0,0.0
2022-01-10,271.5,274.0,271.0,274.0,591431.0,0.0
2022-01-11,272.5,275.0,272.0,274.0,916997.0,0.0
2022-01-12,274.0,274.0,271.5,272.0,640775.0,0.0
2022-01-13,272.5,273.5,271.5,272.0,470688.0,0.0
2022-01-14,272.0,272.0,269.0,269.0,1009012.0,0.0
2022-01-17,268.5,270.0,267.0,267.0,1012988.0,0.0
2022-01-18,269.0,271.0,268.0,269.0,643457.0,0.0
2022-01-19,270.5,273.0,270.0,271.5,879988.0,0.0
2022-01-20,271.5,272.5,267.5,268.5,1565003.0,0.0
2022-01-21,268.5,269.5,266.5,268.5,980529.0,0.0
2022-01-24,268.0,268.5,265.5,267.5,977461.0,0.0
2022-01-25,265.5,266.0,262.5,265.5,1838239.0,0.0
2022-01-26,266.0,266.5,264.5,265.0,950042.0,0.0
2022-02-07,263.5,265.0,260.0,261.5,2936988.0,0.0
2022-02-08,262.0,266.5,262.0,265.0,1424638.0,0.0
2022-02-09,263.0,265.0,262.0,263.0,1466430.0,0.0
2022-02-10,263.0,265.0,262.5,264.5,1426066.0,0.0
2022-02-11,264.5,264.5,263.0,264.0,486890.0,0.0
2022-02-14,263.5,263.5,260.5,261.0,1051274.0,0.0
2022-02-15,262.0,265.0,261.5,265.0,1082885.0,0.0
2022-02-16,267.0,267.5,264.5,265.5,1114332.0,0.0
2022-02-17,262.0,263.0,260.0,262.0,2144912.0,0.0
2022-02-18,262.0,264.0,261.0,262.5,1106904.0,0.0
2022-02-21,261.5,262.5,260.5,262.0,1916642.0,0.0
2022-02-22,260.5,262.0,260.0,262.0,2017787.0,0.0
2022-02-23,262.0,263.5,261.0,262.5,927290.0,0.0
2022-02-24,261.0,261.5,259.5,260.0,2483834.0,0.0
2022-02-25,260.0,261.5,258.0,261.5,7900603.0,0.0
2022-03-01,260.5,264.5,260.5,263.0,2162857.0,0.0
2022-03-02,263.0,264.5,262.0,264.0,1904098.0,0.0
2022-03-03,263.0,265.0,262.0,264.0,1406058.0,0.0
2022-03-04,263.5,265.5,261.5,265.5,1153223.0,0.0
2022-03-07,263.5,263.5,259.0,261.0,2014676.0,0.0
2022-03-08,261.5,262.0,259.0,261.0,2431813.0,0.0
2022-03-09,264.0,266.5,263.5,265.0,1631482.0,0.0
2022-03-10,265.0,268.0,264.5,267.5,961117.0,0.0
2022-03-11,268.0,268.0,261.0,263.0,1399186.0,0.0
2022-03-14,264.0,264.5,259.0,260.0,2474545.0,0.0
2022-03-15,261.0,262.0,259.5,261.5,1283044.0,0.0
2022-03-16,260.5,262.0,258.5,260.0,1131076.0,0.0
2022-03-17,263.5,265.0,258.5,261.0,2347633.0,0.0
2022-03-18,263.0,263.5,258.0,258.0,3003366.0,0.0
2022-03-21,260.0,261.0,259.0,259.5,1197719.0,0.0
2022-03-22,260.5,261.0,258.5,260.5,1393653.0,0.0
2022-03-23,261.0,264.0,260.0,260.0,1912018.0,0.0
2022-03-24,261.5,266.0,260.5,264.5,4360669.0,0.0
2022-03-25,262.0,263.0,260.5,262.5,1458450.0,0.0
2022-03-28,260.0,261.5,259.5,259.5,1579955.0,0.0
2022-03-29,259.5,262.0,259.5,261.0,635302.0,0.0
2022-03-30,262.5,264.0,261.5,262.5,1754717.0,0.0
2022-03-31,263.5,265.0,262.5,263.0,2735334.0,0.0
2022-04-01,262.0,264.5,261.0,263.0,1047704.0,0.0
2022-04-06,264.0,265.0,262.5,264.5,1802990.0,0.0
2022-04-07,261.5,264.5,260.5,262.5,1999320.0,0.0
2022-04-08,263.5,265.0,263.0,264.0,1696346.0,0.0
2022-04-11,264.0,267.5,264.0,266.0,1446426.0,0.0
2022-04-12,265.0,266.5,264.0,265.0,762465.0,0.0
2022-04-13,266.0,269.5,265.0,269.0,1172142.0,0.0
2022-04-14,269.0,269.0,266.5,267.0,481138.0,0.0
2022-04-15,267.0,269.5,266.5,268.0,724895.0,0.0
2022-04-18,266.5,270.5,266.0,270.5,1060059.0,0.0
2022-04-19,270.5,270.5,267.0,267.0,867343.0,0.0
2022-04-20,269.0,273.5,267.0,273.0,1801352.0,0.0
2022-04-21,274.5,274.5,271.0,271.5,898468.0,0.0
2022-04-22,270.0,273.0,268.0,271.5,922806.0,0.0
2022-04-25,268.0,273.0,268.0,272.0,1226049.0,0.0
2022-04-26,270.0,276.0,270.0,275.0,1237975.0,0.0
2022-04-27,274.0,276.5,271.5,274.5,1497618.0,0.0
2022-04-28,274.0,276.0,272.0,274.0,1480875.0,0.0
2022-04-29,272.0,274.5,272.0,273.5,514274.0,0.0
2022-05-03,275.0,280.0,275.0,279.0,1895967.0,0.0
2022-05-04,279.0,280.0,277.5,277.5,782775.0,0.0
2022-05-05,277.5,279.0,277.0,278.0,733018.0,0.0
2022-05-06,274.5,277.0,273.0,275.0,1994655.0,0.0
2022-05-09,270.0,272.5,267.0,267.0,1127601.0,0.0
2022-05-10,267.5,268.0,264.0,265.5,1143110.0,0.0
2022-05-11,264.0,267.0,263.0,264.5,1083600.0,0.0
2022-05-12,264.5,265.0,261.0,261.0,829380.0,0.0
2022-05-13,264.5,267.5,263.0,265.0,753447.0,0.0
2022-05-16,268.0,268.5,264.0,264.0,560118.0,0.0
2022-05-17,267.5,267.5,261.0,261.5,994755.0,0.0
2022-05-18,261.5,269.5,261.5,269.5,1703320.0,0.0
2022-05-19,267.0,278.0,263.5,278.0,2914218.0,0.0
2022-05-20,275.5,277.0,267.5,271.5,3504013.0,0.0
2022-05-23,268.5,269.0,261.5,262.0,2849312.0,0.0
2022-05-24,261.5,265.0,260.0,264.0,2338816.0,0.0
2022-05-25,264.0,268.5,262.5,268.5,2062624.0,0.0
2022-05-26,269.0,269.5,265.5,269.5,1675224.0,0.0
2022-05-27,270.0,271.5,266.0,269.5,1878328.0,0.0
2022-05-30,267.5,269.0,263.5,268.5,1930786.0,0.0
2022-05-31,267.0,275.5,265.0,275.5,3657279.0,0.0
2022-06-01,271.0,271.0,266.0,266.5,2179330.0,0.0
2022-06-02,265.0,267.0,263.0,263.0,1818119.0,0.0
2022-06-06,266.0,267.5,263.5,267.5,835343.0,0.0
2022-06-07,267.0,268.0,264.0,266.5,1093251.0,0.0
2022-06-08,265.5,267.5,265.5,266.5,720402.0,0.0
2022-06-09,265.5,266.5,264.5,265.0,527200.0,0.0
2022-06-10,264.5,266.5,263.5,264.0,673210.0,0.0
2022-06-13,263.5,265.0,262.0,263.0,1226840.0,0.0
2022-06-14,262.0,264.5,262.0,263.5,952903.0,0.0
2022-06-15,263.0,268.0,263.0,266.0,1109052.0,0.0
2022-06-16,268.0,268.0,264.5,264.5,868415.0,0.0
2022-06-17,263.5,266.0,261.0,261.0,2152738.0,0.0
2022-06-20,262.0,264.5,259.5,259.5,1931112.0,0.0
2022-06-21,263.0,267.5,261.5,263.0,2060030.0,0.0
2022-06-22,265.5,269.5,264.5,265.0,1235190.0,0.0
2022-06-23,268.0,270.0,266.0,269.5,1650644.0,0.0
2022-06-24,272.0,274.0,271.5,273.5,1447365.0,0.0
2022-06-27,274.0,274.0,269.0,272.0,1256853.0,0.0
2022-06-28,272.0,272.0,267.0,269.5,1935302.0,0.0
2022-06-29,272.0,273.5,269.0,272.5,2227310.0,0.0
2022-06-30,270.0,274.0,268.5,272.5,1203820.0,0.0
2022-07-01,272.5,273.5,270.0,273.0,780148.0,0.0
2022-07-04,273.0,276.5,272.5,275.5,1014205.0,0.0
2022-07-05,277.0,279.0,275.5,276.5,1274932.0,0.0
2022-07-06,276.5,278.5,274.0,275.5,1608999.0,0.0
2022-07-07,274.5,277.0,274.0,276.5,1330748.0,0.0
2022-07-08,274.5,277.0,274.0,275.5,1166423.0,0.0
2022-07-11,275.5,278.0,274.5,276.5,1657196.0,0.0
2022-07-12,277.5,278.5,276.0,277.5,1914147.0,0.0
2022-07-13,277.5,282.0,277.5,280.0,3420737.0,0.0
2022-07-14,280.0,286.0,279.0,284.5,2624882.0,0.0
2022-07-15,284.5,288.5,281.5,287.0,2082103.0,0.0
2022-07-18,288.5,291.0,285.5,288.0,3177266.0,0.0
2022-07-19,289.0,289.0,282.5,283.0,631386.0,0.0
2022-07-20,285.5,290.0,282.5,284.5,2286312.0,0.0
2022-07-21,285.5,287.5,282.0,285.0,1417697.0,0.0
2022-07-22,290.0,298.0,287.0,297.5,3826233.0,0.0
2022-07-25,296.0,299.0,296.0,297.5,1297217.0,0.0
2022-07-26,297.5,298.5,296.0,298.0,1186275.0,0.0
2022-07-27,296.0,297.5,287.0,291.5,2978074.0,0.0
2022-07-28,288.5,291.0,283.0,285.0,2419632.0,0.0
2022-07-29,286.0,287.0,283.0,283.0,1632568.0,0.0
2022-08-01,283.0,285.0,281.0,282.5,914106.0,0.0
2022-08-02,282.0,286.5,281.0,284.5,1368270.0,0.0
2022-08-03,278.5,279.0,275.5,276.5,946946.0,9.0
2022-08-04,276.5,277.0,270.5,272.0,911934.0,0.0
2022-08-05,279.0,283.0,275.5,279.0,1035532.0,0.0
2022-08-08,279.5,280.0,278.0,279.5,580114.0,0.0
2022-08-09,280.0,283.5,278.5,282.0,660740.0,0.0
2022-08-10,280.0,281.5,278.5,280.0,543141.0,0.0
2022-08-11,283.0,283.0,280.0,281.0,476469.0,0.0
2022-08-12,282.0,282.0,279.5,280.5,398503.0,0.0
2022-08-15,280.0,281.5,278.5,279.5,489016.0,0.0
2022-08-16,279.5,281.0,278.5,279.0,576103.0,0.0
2022-08-17,276.0,277.5,273.5,275.5,1561672.0,0.0
2022-08-18,277.0,277.5,274.0,277.5,927512.0,0.0
2022-08-19,276.5,279.0,274.5,277.5,1145135.0,0.0
2022-08-22,275.0,278.0,275.0,276.5,433000.0,0.0
2022-08-23,277.0,277.0,274.5,275.5,514780.0,0.0
2022-08-24,276.5,276.5,275.0,275.0,355862.0,0.0
2022-08-25,276.0,276.0,273.0,273.5,610584.0,0.0
2022-08-26,273.0,273.5,271.0,272.0,835958.0,0.0
2022-08-29,269.0,274.5,267.5,273.0,1721777.0,0.0
2022-08-30,271.5,273.5,269.5,271.5,1108416.0,0.0
2022-08-31,270.5,272.0,268.0,268.0,1756375.0,0.0
2022-09-01,266.5,269.5,265.5,268.5,799182.0,0.0
2022-09-02,268.0,272.0,268.0,271.5,592159.0,0.0
2022-09-05,272.5,280.0,270.5,278.0,1322860.0,0.0
2022-09-06,280.0,280.5,278.0,279.0,1184784.0,0.0
2022-09-07,278.5,280.5,276.5,277.5,982514.0,0.0
2022-09-08,276.5,283.0,276.5,283.0,1062635.0,0.0
2022-09-12,284.0,288.0,283.0,287.0,1434266.0,0.0
2022-09-13,288.0,288.5,285.5,287.5,1231851.0,0.0
2022-09-14,283.5,284.5,280.5,281.5,1080187.0,0.0
2022-09-15,277.5,280.5,274.0,279.5,1554537.0,0.0
2022-09-16,274.0,274.0,269.0,270.5,3025418.0,0.0
2022-09-19,271.5,273.5,269.0,272.0,1689497.0,0.0
2022-09-20,273.5,278.0,272.0,277.5,1417999.0,0.0
2022-09-21,277.5,282.5,277.5,281.0,1457531.0,0.0
2022-09-22,279.0,279.0,272.0,276.0,1220504.0,0.0
2022-09-23,276.0,276.5,271.0,272.0,1233859.0,0.0
2022-09-26,272.0,279.5,270.5,277.5,1358120.0,0.0
2022-09-27,279.5,283.5,278.0,281.0,1562000.0,0.0
2022-09-28,281.0,286.0,280.0,283.5,2065582.0,0.0
2022-09-29,284.0,287.5,283.5,286.0,1583280.0,0.0
2022-09-30,283.0,285.0,279.0,282.5,2057755.0,0.0
2022-10-03,279.5,284.5,278.0,284.0,929113.0,0.0
2022-10-04,282.0,285.0,280.5,283.5,1094479.0,0.0
2022-10-05,281.0,282.0,276.0,277.0,1556563.0,0.0
2022-10-06,278.0,279.5,275.5,276.5,680168.0,0.0
2022-10-07,275.0,277.0,274.0,275.0,659089.0,0.0
2022-10-11,272.5,274.5,268.0,268.0,1912559.0,0.0
2022-10-12,269.0,278.5,269.0,276.5,1208072.0,0.0
2022-10-13,275.5,281.0,274.5,280.5,2239446.0,0.0
2022-10-14,278.0,280.0,275.5,275.5,1476781.0,0.0
2022-10-17,274.5,277.5,271.5,272.0,942804.0,0.0
2022-10-18,272.5,276.0,271.5,274.0,1240554.0,0.0
2022-10-19,274.0,274.5,270.5,271.0,898983.0,0.0
2022-10-20,268.5,272.5,267.5,272.0,1819005.0,0.0
2022-10-21,272.5,273.0,269.0,270.0,760547.0,0.0
2022-10-24,272.5,272.5,269.0,269.5,489740.0,0.0
2022-10-25,271.0,271.0,262.5,266.5,2542443.0,0.0
2022-10-26,266.0,270.5,266.0,269.0,828973.0,0.0
2022-10-27,268.5,270.0,265.0,265.5,1791515.0,0.0
2022-10-28,267.0,268.0,265.5,267.0,976151.0,0.0
2022-10-31,268.0,270.5,267.5,268.0,921488.0,0.0
2022-11-01,267.5,271.0,267.5,270.0,637882.0,0.0
2022-11-02,268.5,270.5,267.0,268.5,978454.0,0.0
2022-11-03,267.0,268.5,264.0,264.5,1496397.0,0.0
2022-11-04,263.0,263.5,258.5,262.5,2802345.0,0.0
2022-11-07,263.0,264.5,260.5,262.5,1242313.0,0.0
2022-11-08,263.0,263.0,260.5,262.5,939454.0,0.0
2022-11-09,263.0,266.0,262.5,265.0,1381451.0,0.0
2022-11-10,265.0,265.5,262.0,262.5,1103411.0,0.0
2022-11-11,265.0,267.0,261.5,262.5,2030809.0,0.0
2022-11-14,263.5,267.0,263.0,267.0,1973897.0,0.0
2022-11-15,264.5,266.0,263.5,264.0,1433334.0,0.0
2022-11-16,263.5,265.5,262.0,262.0,1658358.0,0.0
2022-11-17,262.0,263.0,261.0,262.0,881574.0,0.0
2022-11-18,264.0,265.5,262.0,265.0,1244515.0,0.0
2022-11-21,265.5,266.0,263.5,265.5,1100533.0,0.0
2022-11-22,265.0,265.0,262.5,263.0,1197914.0,0.0
2022-11-23,264.5,265.0,263.0,264.5,693832.0,0.0
2022-11-24,266.0,266.5,264.0,265.0,902490.0,0.0
2022-11-25,265.5,266.5,264.5,265.0,858072.0,0.0
2022-11-28,264.5,266.0,263.0,264.5,1186913.0,0.0
2022-11-29,266.5,268.5,266.0,268.5,1259251.0,0.0
2022-11-30,268.5,273.5,266.0,272.5,2964686.0,0.0
2022-12-01,274.0,274.0,271.0,273.5,1289570.0,0.0
2022-12-02,270.0,272.5,267.5,268.0,1395723.0,0.0
2022-12-05,267.5,268.0,265.5,266.5,1629912.0,0.0
2022-12-06,266.5,268.5,265.0,265.0,1616789.0,0.0
2022-12-07,265.0,272.0,265.0,271.0,1778190.0,0.0
2022-12-08,268.5,273.5,267.0,273.5,1308796.0,0.0
2022-12-09,272.0,273.0,270.5,273.0,977788.0,0.0
2022-12-12,272.0,272.5,269.5,271.5,652991.0,0.0
2022-12-13,272.5,273.5,268.0,268.5,1379181.0,0.0
2022-12-14,271.0,274.0,271.0,273.5,1247938.0,0.0
2022-12-15,274.0,274.5,272.0,273.5,722368.0,0.0
2022-12-16,272.0,273.5,270.0,270.0,1276836.0,0.0
2022-12-19,268.5,271.5,268.5,270.5,592751.0,0.0
2022-12-20,269.0,271.0,267.5,269.0,762861.0,0.0
2022-12-21,270.0,270.0,267.0,270.0,703509.0,0.0
2022-12-22,270.0,273.0,268.5,272.0,623776.0,0.0
2022-12-23,269.0,271.0,267.5,268.0,985524.0,0.0
2022-12-26,269.5,270.0,267.0,268.5,722685.0,0.0
2022-12-27,269.0,270.0,267.5,270.0,645931.0,0.0
2022-12-28,269.5,271.0,268.0,270.5,761437.0,0.0
2022-12-29,268.5,273.0,268.0,271.5,881056.0,0.0
2022-12-30,272.0,274.0,271.5,272.0,674846.0,0.0
2023-01-03,269.0,271.5,267.5,270.5,727160.0,0.0
2023-01-04,271.0,271.5,269.0,269.5,657867.0,0.0
2023-01-05,270.0,273.0,270.0,271.5,778194.0,0.0
2023-01-06,273.0,273.0,270.5,270.5,601179.0,0.0
2023-01-09,273.5,275.5,271.0,275.0,1337137.0,0.0
2023-01-10,275.0,277.0,273.0,276.0,1448758.0,0.0
2023-01-11,274.5,276.0,271.0,272.0,1608873.0,0.0
2023-01-12,272.0,273.5,269.0,270.0,1894133.0,0.0
2023-01-13,271.5,273.5,270.0,271.0,987003.0,0.0
2023-01-16,272.5,274.5,272.0,273.0,589691.0,0.0
2023-01-17,273.0,273.5,270.5,271.5,1475850.0,0.0
2023-01-30,293.5,295.0,270.5,274.0,5391812.0,0.0
2023-01-31,273.0,273.5,270.0,270.0,3210501.0,0.0
2023-02-01,271.5,272.0,269.5,271.0,1052519.0,0.0
2023-02-02,270.5,271.0,267.5,267.5,2411843.0,0.0
2023-02-03,268.0,269.5,268.0,269.5,734140.0,0.0
2023-02-06,269.0,269.5,267.5,267.5,992603.0,0.0
2023-02-07,268.0,269.5,267.5,267.5,1052549.0,0.0
2023-02-08,268.0,269.0,267.5,267.5,1410034.0,0.0
2023-02-09,267.5,269.0,267.0,267.5,690449.0,0.0
2023-02-10,267.0,269.0,267.0,268.5,682960.0,0.0
2023-02-13,269.5,270.5,268.5,270.5,672608.0,0.0
2023-02-14,271.0,271.5,269.5,271.5,768464.0,0.0
2023-02-15,270.5,271.5,267.5,267.5,1253221.0,0.0
2023-02-16,269.0,269.5,267.5,269.5,855386.0,0.0
2023-02-17,269.0,269.0,267.5,268.0,846127.0,0.0
2023-02-20,268.0,269.0,267.5,268.0,858266.0,0.0
2023-02-21,268.5,269.0,268.0,268.5,610564.0,0.0
2023-02-22,268.5,270.0,267.5,269.5,1810581.0,0.0
2023-02-23,269.0,269.5,268.0,269.0,1239808.0,0.0
2023-02-24,270.0,270.0,267.0,267.0,2198939.0,0.0
2023-03-01,267.0,268.0,265.5,265.5,3206057.0,0.0
2023-03-02,267.0,267.0,265.5,266.0,825467.0,0.0
2023-03-03,267.0,268.5,266.5,267.5,599954.0,0.0
2023-03-06,269.0,270.5,268.0,270.5,1178773.0,0.0
2023-03-07,270.5,270.5,268.5,270.0,1049324.0,0.0
2023-03-08,269.5,269.5,268.0,269.0,1073824.0,0.0
2023-03-09,270.0,270.5,269.0,269.5,876749.0,0.0
2023-03-10,269.0,269.0,267.5,267.5,801746.0,0.0
2023-03-13,268.0,269.5,267.0,269.5,661009.0,0.0
2023-03-14,267.0,268.0,266.5,266.5,1572719.0,0.0
2023-03-15,268.5,269.0,266.5,267.0,1160378.0,0.0
2023-03-16,266.5,268.5,266.5,266.5,758766.0,0.0
2023-03-17,268.0,269.0,267.0,268.0,902345.0,0.0
2023-03-20,269.0,269.0,266.5,267.5,510561.0,0.0
2023-03-21,268.5,268.5,267.5,268.0,565690.0,0.0
2023-03-22,269.0,269.5,268.0,268.5,726126.0,0.0
2023-03-23,269.5,270.0,268.0,270.0,827093.0,0.0
2023-03-24,270.5,271.0,269.5,271.0,785824.0,0.0
2023-03-27,271.5,272.0,271.0,271.5,634549.0,0.0
2023-03-28,272.5,274.5,271.5,273.5,876713.0,0.0
2023-03-29,274.0,274.5,270.5,271.0,1152089.0,0.0
2023-03-30,271.0,271.0,269.0,269.5,812756.0,0.0
2023-03-31,270.0,272.5,269.5,269.5,1179005.0,0.0
2023-04-06,268.0,269.5,267.5,268.0,1372349.0,0.0
2023-04-07,269.0,270.0,268.0,269.5,285100.0,0.0
2023-04-10,270.0,270.5,269.0,269.0,330893.0,0.0
2023-04-11,269.0,271.5,269.0,270.5,838114.0,0.0
2023-04-12,270.5,271.0,269.0,269.0,644073.0,0.0
2023-04-13,269.0,272.0,268.5,272.0,914926.0,0.0
2023-04-14,271.5,272.0,270.5,271.0,702896.0,0.0
2023-04-17,271.0,271.0,270.5,271.0,517019.0,0.0
2023-04-18,271.0,273.0,269.0,269.5,1262173.0,0.0
2023-04-19,271.0,271.0,269.0,270.0,869370.0,0.0
2023-04-20,269.0,271.0,268.5,269.0,586936.0,0.0
2023-04-21,270.5,271.0,269.0,270.0,663034.0,0.0
2023-04-24,268.5,270.5,266.0,270.0,610801.0,0.0
2023-04-25,270.5,271.0,269.5,271.0,560170.0,0.0
2023-04-26,270.5,273.0,269.0,272.5,1180256.0,0.0
2023-04-27,271.5,272.5,270.5,271.5,502933.0,0.0
2023-04-28,272.5,272.5,270.0,270.5,712475.0,0.0
2023-05-02,271.5,273.0,270.5,273.0,660197.0,0.0
2023-05-03,272.5,273.0,271.0,272.5,466950.0,0.0
2023-05-04,274.0,285.5,273.0,285.5,4318087.0,0.0
2023-05-05,283.5,285.5,278.5,284.5,2250086.0,0.0
2023-05-08,285.0,286.5,282.5,285.5,1167981.0,0.0
2023-05-09,285.0,285.5,281.0,283.5,865964.0,0.0
2023-05-10,281.5,284.5,280.5,284.5,857076.0,0.0
2023-05-11,284.5,289.5,282.5,287.0,1502318.0,0.0
2023-05-12,285.5,289.5,285.0,287.5,1061462.0,0.0
2023-05-15,285.0,287.5,285.0,287.0,737208.0,0.0
2023-05-16,288.5,290.0,287.0,289.5,1337958.0,0.0
2023-05-17,288.0,290.0,287.5,289.5,1292180.0,0.0
2023-05-18,286.5,289.5,286.5,287.5,1126722.0,0.0
2023-05-19,289.0,292.0,287.5,290.0,1558698.0,0.0
2023-05-22,288.5,289.5,285.5,286.0,1247600.0,0.0
2023-05-23,287.5,289.0,285.0,287.0,1011119.0,0.0
2023-05-24,287.0,287.0,283.5,286.0,890506.0,0.0
2023-05-25,282.0,283.5,281.0,281.0,1532977.0,0.0
2023-05-26,279.0,280.5,278.0,280.0,1157635.0,0.0
2023-05-29,281.5,283.0,279.0,279.0,1099056.0,0.0
2023-05-30,279.0,279.0,276.0,277.5,1535842.0,0.0
2023-05-31,277.0,280.0,277.0,279.5,7693021.0,0.0
2023-06-01,280.0,281.5,277.0,280.0,874676.0,0.0
2023-06-02,279.5,281.5,278.0,280.5,1232106.0,0.0
2023-06-05,280.5,283.0,280.5,281.5,566920.0,0.0
2023-06-06,282.5,284.0,281.5,283.5,522604.0,0.0
2023-06-07,283.5,285.0,283.5,285.0,806989.0,0.0
2023-06-08,284.0,285.0,282.5,283.5,481536.0,0.0
2023-06-09,285.0,285.5,284.0,284.0,486248.0,0.0
2023-06-12,283.5,285.0,283.0,284.0,349743.0,0.0
2023-06-13,284.5,287.0,284.0,285.5,1140567.0,0.0
2023-06-14,285.0,285.5,282.5,283.5,553115.0,0.0
2023-06-15,284.0,287.0,283.5,287.0,972792.0,0.0
2023-06-16,286.5,287.5,284.5,284.5,1285652.0,0.0
2023-06-19,284.0,287.0,284.0,286.5,424759.0,0.0
2023-06-20,287.0,287.0,283.5,283.5,671851.0,0.0
2023-06-21,283.5,285.5,283.0,284.5,844170.0,0.0
2023-06-26,282.0,284.0,281.0,283.0,1024101.0,0.0
2023-06-27,283.0,286.5,283.0,286.5,830911.0,0.0
2023-06-28,288.0,289.5,287.0,289.5,1020729.0,0.0
2023-06-29,290.0,290.0,285.5,286.0,1086228.0,0.0
2023-06-30,284.5,285.5,282.5,282.5,1303406.0,0.0
2023-07-03,283.0,285.0,283.0,283.5,538641.0,0.0
2023-07-04,285.0,287.0,284.5,286.0,833775.0,0.0
2023-07-05,285.0,286.0,281.5,282.5,962628.0,0.0
2023-07-06,285.0,285.0,279.0,280.0,1317779.0,0.0
2023-07-07,278.5,283.5,278.5,283.0,859144.0,0.0
2023-07-10,282.0,288.0,282.0,287.5,1526345.0,0.0
2023-07-11,289.5,290.0,287.5,290.0,1064803.0,0.0
2023-07-12,287.0,293.0,286.5,291.5,1529130.0,0.0
2023-07-13,290.5,291.0,285.0,286.0,1036019.0,0.0
2023-07-14,286.0,288.0,284.0,284.5,1054607.0,0.0
2023-07-17,285.0,287.0,284.0,286.0,717393.0,0.0
2023-07-18,284.0,286.0,283.0,284.5,1715949.0,0.0
2023-07-19,284.5,286.0,283.5,284.0,1095033.0,0.0
2023-07-20,283.5,285.5,282.5,282.5,996097.0,0.0
2023-07-21,282.5,284.5,281.0,281.0,1015387.0,0.0
2023-07-24,281.0,285.0,281.0,283.5,1129169.0,0.0
2023-07-25,284.5,284.5,280.0,281.0,1791647.0,0.0
2023-07-26,282.5,284.0,281.0,283.0,642155.0,0.0
2023-07-27,283.0,283.0,281.0,281.0,1011403.0,0.0
2023-07-28,281.0,282.5,280.0,281.0,841281.0,0.0
2023-07-31,282.5,283.0,279.0,279.0,1822596.0,0.0
2023-08-01,280.0,282.0,280.0,281.0,711577.0,0.0
2023-08-02,280.5,281.0,279.5,280.5,1415056.0,0.0
2023-08-04,271.5,272.5,269.5,269.5,2637404.0,9.0
2023-08-07,269.5,273.5,269.5,271.5,964098.0,0.0
2023-08-08,271.0,271.5,268.0,268.0,2037447.0,0.0
2023-08-09,268.5,270.5,268.0,269.0,851934.0,0.0
2023-08-10,268.0,270.0,268.0,268.5,1265654.0,0.0
2023-08-11,268.5,272.0,268.5,270.5,908903.0,0.0
2023-08-14,271.5,272.5,270.0,271.5,630001.0,0.0
2023-08-15,272.0,273.5,270.0,270.0,872482.0,0.0
2023-08-16,269.0,273.0,269.0,272.0,846414.0,0.0
2023-08-17,270.0,276.0,270.0,274.0,1874710.0,0.0
2023-08-18,272.5,273.0,270.0,270.0,894898.0,0.0
2023-08-21,271.0,272.0,268.0,268.0,819343.0,0.0
2023-08-22,269.0,269.5,268.0,268.5,446754.0,0.0
2023-08-23,268.5,269.5,268.0,268.0,450897.0,0.0
2023-08-24,268.5,270.0,268.5,269.0,430127.0,0.0
2023-08-25,269.0,270.0,268.0,268.0,386065.0,0.0
2023-08-28,269.5,271.0,269.5,270.0,326327.0,0.0
2023-08-29,270.5,273.0,270.0,270.5,439179.0,0.0
2023-08-30,272.0,272.0,270.5,270.5,349825.0,0.0
2023-08-31,270.5,271.0,267.5,267.5,1789513.0,0.0
2023-09-01,268.5,270.5,268.5,269.5,243267.0,0.0
2023-09-04,268.5,270.5,268.5,269.0,361516.0,0.0
2023-09-05,268.0,269.5,268.0,269.0,304775.0,0.0
2023-09-06,269.0,269.0,267.5,267.5,578473.0,0.0
2023-09-07,267.5,269.5,267.5,268.5,1009324.0,0.0
2023-09-08,268.0,269.0,266.5,268.5,1059832.0,0.0
2023-09-11,267.5,269.0,267.5,268.0,1177973.0,0.0
2023-09-12,268.5,269.0,267.0,267.0,1289544.0,0.0
2023-09-13,267.5,268.5,267.0,267.0,1002257.0,0.0
2023-09-14,268.5,269.0,267.0,268.5,766246.0,0.0
2023-09-15,268.5,269.5,267.0,267.5,1445700.0,0.0
2023-09-18,267.5,268.5,267.0,267.0,316803.0,0.0
2023-09-19,267.5,267.5,266.5,267.0,528993.0,0.0
2023-09-20,267.0,267.5,264.5,264.5,1666788.0,0.0
2023-09-21,264.5,265.5,263.0,263.5,1354638.0,0.0
2023-09-22,263.0,265.0,263.0,264.0,951796.0,0.0
2023-09-25,264.5,265.5,264.0,264.5,628241.0,0.0
2023-09-26,264.0,264.5,263.0,263.5,840733.0,0.0
2023-09-27,263.5,264.0,263.0,263.0,833700.0,0.0
2023-09-28,263.5,264.5,262.5,262.5,598882.0,0.0
2023-10-02,263.0,264.5,263.0,263.0,330965.0,0.0
2023-10-03,263.0,263.0,262.0,262.0,768944.0,0.0
2023-10-04,261.5,262.0,261.0,261.0,873788.0,0.0
2023-10-05,261.0,263.5,261.0,262.5,800384.0,0.0
2023-10-06,263.5,264.0,261.5,261.5,564190.0,0.0
2023-10-11,259.5,262.5,259.5,260.5,1885570.0,0.0
2023-10-12,262.5,263.5,261.0,262.5,829900.0,0.0
2023-10-13,262.0,264.5,262.0,263.0,829285.0,0.0
2023-10-16,263.0,264.0,262.5,262.5,424612.0,0.0
2023-10-17,262.5,262.5,259.5,259.5,1746966.0,0.0
2023-10-18,260.0,260.5,259.5,259.5,1164552.0,0.0
2023-10-19,259.0,260.0,259.0,259.0,941247.0,0.0
2023-10-20,259.0,260.5,258.5,260.0,918730.0,0.0
2023-10-23,260.5,261.0,258.5,258.5,685910.0,0.0
2023-10-24,259.5,260.0,258.5,258.5,956854.0,0.0
2023-10-25,260.0,260.0,257.5,257.5,921969.0,0.0
2023-10-26,257.5,258.0,256.0,256.5,1179295.0,0.0
2023-10-27,257.5,257.5,256.5,257.0,607470.0,0.0
2023-10-30,258.5,259.0,256.5,256.5,596146.0,0.0
2023-10-31,256.5,258.5,256.5,257.5,705738.0,0.0
2023-11-01,258.5,258.5,257.0,257.0,342717.0,0.0
2023-11-02,260.5,261.5,259.5,260.5,523452.0,0.0
2023-11-03,261.0,263.5,261.0,262.0,856668.0,0.0
2023-11-06,264.0,266.0,263.5,264.5,902431.0,0.0
2023-11-07,264.5,266.0,263.5,265.0,730109.0,0.0
2023-11-08,265.0,268.0,265.0,267.5,981187.0,0.0
2023-11-09,266.5,267.0,265.5,266.0,516517.0,0.0
2023-11-10,267.0,267.0,266.0,266.0,583966.0,0.0
2023-11-13,267.5,268.5,264.0,265.0,850368.0,0.0
2023-11-14,266.5,266.5,265.0,266.0,797591.0,0.0
2023-11-15,268.0,268.5,266.5,268.0,1249649.0,0.0
2023-11-16,269.5,269.5,266.0,266.5,1170854.0,0.0
2023-11-17,266.5,269.0,266.5,267.5,772077.0,0.0
2023-11-20,267.5,269.0,267.0,268.5,736030.0,0.0
2023-11-21,269.0,270.5,269.0,270.5,1411884.0,0.0
2023-11-22,270.0,272.0,269.5,272.0,797654.0,0.0
2023-11-23,272.0,273.0,272.0,273.0,777410.0,0.0
2023-11-24,273.5,273.5,271.0,271.0,1052287.0,0.0
2023-11-27,271.0,271.5,270.0,270.0,540282.0,0.0
2023-11-28,271.0,273.0,270.0,271.5,990105.0,0.0
2023-11-29,270.5,271.5,269.5,270.0,1005131.0,0.0
2023-11-30,270.5,272.0,269.5,269.5,2532180.0,0.0
2023-12-01,268.5,270.0,267.0,268.5,603715.0,0.0
2023-12-04,270.0,271.5,268.5,270.0,572371.0,0.0
2023-12-05,269.5,271.0,269.0,270.5,720505.0,0.0
2023-12-06,270.5,271.0,269.0,269.5,522253.0,0.0
2023-12-07,269.0,271.0,268.5,269.5,763297.0,0.0
2023-12-08,270.5,271.0,269.5,271.0,539987.0,0.0
2023-12-11,269.5,269.5,267.0,268.5,766435.0,0.0
2023-12-12,269.0,269.0,267.5,268.5,442623.0,0.0
2023-12-13,268.5,269.0,267.0,267.5,440154.0,0.0
2023-12-14,267.5,268.5,265.0,268.0,1429136.0,0.0
2023-12-15,267.0,270.0,267.0,267.5,2537377.0,0.0
2023-12-18,267.0,268.5,267.0,267.0,1912754.0,0.0
2023-12-19,266.5,269.0,266.0,267.5,2015540.0,0.0
2023-12-20,267.5,268.5,265.0,265.0,2601834.0,0.0
2023-12-21,264.5,268.0,264.5,267.5,1519825.0,0.0
2023-12-22,266.5,269.0,266.5,267.0,1452421.0,0.0
2023-12-25,267.0,268.5,267.0,267.5,270944.0,0.0
2023-12-26,268.0,269.0,267.0,267.5,413305.0,0.0
2023-12-27,267.5,268.5,267.0,267.5,588465.0,0.0
2023-12-28,267.5,268.5,266.0,268.5,540722.0,0.0
2023-12-29,268.0,269.5,267.5,269.5,515168.0,0.0
2024-01-02,268.5,271.0,268.5,270.0,586023.0,0.0
2024-01-03,268.5,270.0,266.0,267.0,563060.0,0.0
2024-01-04,267.5,268.0,266.5,267.5,304383.0,0.0
2024-01-05,267.5,268.0,267.0,267.5,173201.0,0.0
2024-01-08,268.5,269.5,267.5,268.0,336102.0,0.0
2024-01-09,269.0,269.5,268.0,269.0,634849.0,0.0
2024-01-10,268.0,269.0,268.0,268.0,355089.0,0.0
2024-01-11,269.0,270.0,268.5,270.0,449708.0,0.0
2024-01-12,268.5,269.0,267.5,268.0,348461.0,0.0
2024-01-15,269.0,269.5,267.5,268.0,287377.0,0.0
2024-01-16,266.5,267.0,265.0,265.0,1338099.0,0.0
2024-01-17,264.5,266.5,263.0,263.0,1277726.0,0.0
2024-01-18,264.5,266.0,263.5,264.5,508603.0,0.0
2024-01-19,263.5,265.5,263.5,265.0,524593.0,0.0
2024-01-22,265.0,265.5,264.5,264.5,286083.0,0.0
2024-01-23,264.5,265.0,263.5,263.5,1118445.0,0.0
2024-01-24,264.0,265.0,263.5,264.0,328501.0,0.0
2024-01-25,264.0,266.5,264.0,266.5,595633.0,0.0
2024-01-26,265.0,266.0,264.5,265.0,856690.0,0.0
2024-01-29,264.5,266.0,264.0,264.5,813886.0,0.0
2024-01-30,264.5,264.5,263.0,263.5,1455776.0,0.0
2024-01-31,264.5,265.5,263.5,264.0,936617.0,0.0
2024-02-01,266.0,270.0,266.0,270.0,1011749.0,0.0
2024-02-02,270.0,270.0,268.0,270.0,542354.0,0.0
2024-02-05,268.0,268.0,266.0,267.0,579184.0,0.0
2024-02-15,265.5,266.0,265.0,265.5,1209335.0,0.0
2024-02-16,267.0,267.0,265.0,265.0,709457.0,0.0
2024-02-19,267.0,268.5,265.5,268.0,681364.0,0.0
2024-02-20,268.0,270.0,268.0,270.0,625509.0,0.0
2024-02-21,270.0,270.5,268.5,270.5,717691.0,0.0
2024-02-22,270.0,271.0,268.0,268.5,892089.0,0.0
2024-02-23,268.5,270.5,268.5,270.0,532581.0,0.0
2024-02-26,269.0,270.5,269.0,270.5,528737.0,0.0
2024-02-27,269.5,270.5,268.0,268.0,876165.0,0.0
2024-02-29,270.5,271.0,268.5,269.5,2397990.0,0.0
2024-03-01,269.0,271.5,269.0,270.5,750009.0,0.0
2024-03-04,270.0,270.0,268.5,269.0,628649.0,0.0
2024-03-05,268.5,270.5,268.5,268.5,789231.0,0.0
2024-03-06,268.5,270.0,268.0,270.0,385284.0,0.0
2024-03-07,268.0,269.0,267.0,267.0,1516230.0,0.0
2024-03-08,267.5,270.5,267.5,268.5,848543.0,0.0
2024-03-11,269.5,269.5,268.0,268.0,432489.0,0.0
2024-03-12,269.5,270.5,267.5,267.5,871898.0,0.0
2024-03-13,267.0,269.5,267.0,268.0,922486.0,0.0
2024-03-14,268.0,270.0,267.5,267.5,1108219.0,0.0
2024-03-15,269.0,269.0,267.5,267.5,2348672.0,0.0
2024-03-18,268.0,270.0,268.0,268.5,550779.0,0.0
2024-03-19,267.5,268.0,266.0,266.0,1489706.0,0.0
2024-03-20,266.5,267.5,266.0,266.0,833547.0,0.0
2024-03-21,267.5,268.5,267.0,267.5,650994.0,0.0
2024-03-22,267.0,268.0,266.5,267.5,688685.0,0.0
2024-03-25,267.0,268.0,267.0,267.5,298522.0,0.0
2024-03-26,268.0,268.0,266.0,266.0,1144641.0,0.0
2024-03-27,266.0,268.5,266.0,268.5,409018.0,0.0
2024-03-28,267.5,268.0,265.5,265.5,921500.0,0.0
2024-03-29,266.5,267.5,266.5,266.5,150000.0,0.0
2024-04-01,267.5,269.5,267.0,269.5,753378.0,0.0
2024-04-02,268.5,271.5,268.5,271.5,1034524.0,0.0
2024-04-03,271.0,271.5,269.5,269.5,1052844.0,0.0
2024-04-08,271.5,272.5,270.0,272.0,924820.0,0.0
2024-04-09,272.5,273.0,271.0,273.0,672742.0,0.0
2024-04-10,273.5,276.0,273.5,276.0,923357.0,0.0
2024-04-11,274.0,277.5,274.0,277.5,808781.0,0.0
2024-04-12,275.0,276.5,273.5,275.0,1358652.0,0.0
2024-04-15,275.0,275.5,273.5,275.5,802078.0,0.0
2024-04-16,274.0,274.5,270.0,270.0,1366356.0,0.0
2024-04-17,270.0,273.0,269.5,272.5,972815.0,0.0
2024-04-18,271.0,272.5,270.5,271.5,1213532.0,0.0
2024-04-19,271.5,273.0,269.5,270.0,1855336.0,0.0
2024-04-22,272.5,277.5,271.5,277.5,1569730.0,0.0
2024-04-23,275.5,277.0,274.0,276.0,1129932.0,0.0
2024-04-24,277.0,277.0,275.0,276.0,915468.0,0.0
2024-04-25,273.0,274.5,272.5,274.5,691619.0,0.0
2024-04-26,273.0,277.0,273.0,275.5,773399.0,0.0
2024-04-29,276.0,278.5,276.0,276.5,1341470.0,0.0
2024-04-30,276.0,277.0,274.0,274.0,1140456.0,0.0
2024-05-02,272.0,276.0,271.5,272.5,1317420.0,0.0
2024-05-03,275.0,276.5,273.0,274.5,927377.0,0.0
2024-05-06,275.5,277.0,273.5,274.0,1131502.0,0.0
2024-05-07,276.5,276.5,273.5,275.0,977483.0,0.0
2024-05-08,275.0,276.0,274.0,275.0,711574.0,0.0
2024-05-09,274.5,275.0,271.5,272.5,807779.0,0.0
2024-05-10,272.0,275.0,272.0,274.5,663932.0,0.0
2024-05-13,273.5,275.5,273.5,275.0,529916.0,0.0
2024-05-14,273.5,275.5,273.5,273.5,772721.0,0.0
2024-05-15,275.5,276.5,274.0,274.5,857826.0,0.0
2024-05-16,276.0,277.0,275.0,276.5,1458356.0,0.0
2024-05-17,276.0,277.0,275.5,275.5,672523.0,0.0
2024-05-20,277.0,277.0,274.5,277.0,1005512.0,0.0
2024-05-21,276.0,276.5,275.5,276.0,602610.0,0.0
2024-05-22,276.0,276.0,274.5,274.5,1072517.0,0.0
2024-05-23,273.5,274.5,271.5,272.5,1470633.0,0.0
2024-05-24,272.5,272.5,271.0,271.0,653798.0,0.0
2024-05-27,271.0,272.0,270.5,270.5,748127.0,0.0
2024-05-28,270.5,271.0,269.5,270.0,1538859.0,0.0
2024-05-29,270.0,270.5,268.0,268.0,1573949.0,0.0
2024-05-30,270.0,270.0,267.0,267.0,1394984.0,0.0
2024-05-31,269.0,270.0,267.5,270.0,4433528.0,0.0
2024-06-03,270.0,270.5,268.0,269.5,1093445.0,0.0
2024-06-04,269.0,272.0,268.0,271.0,1026125.0,0.0
2024-06-05,270.0,272.0,270.0,270.0,757384.0,0.0
2024-06-06,270.0,272.0,270.0,270.5,906034.0,0.0
2024-06-07,271.0,273.5,271.0,273.5,802608.0,0.0
2024-06-11,270.5,273.0,270.5,270.5,876635.0,0.0
2024-06-12,270.5,273.0,270.5,270.5,425717.0,0.0
2024-06-13,271.5,272.0,270.0,270.0,607281.0,0.0
2024-06-14,270.0,272.5,270.0,272.5,351660.0,0.0
2024-06-17,272.5,273.0,271.0,271.5,304500.0,0.0
2024-06-18,271.5,274.5,271.0,273.5,1243537.0,0.0
2024-06-19,273.5,275.5,273.0,274.0,1141699.0,0.0
2024-06-20,275.0,278.0,274.0,278.0,1244240.0,0.0
2024-06-21,278.0,278.0,275.0,275.0,1468103.0,0.0
2024-06-24,275.0,276.0,273.5,275.5,1039613.0,0.0
2024-06-25,277.0,278.0,276.0,278.0,876584.0,0.0
2024-06-26,276.0,278.0,276.0,278.0,1328365.0,0.0
2024-06-27,275.5,277.0,273.0,274.5,1197843.0,0.0
2024-06-28,275.5,276.0,273.5,273.5,1325361.0,0.0
2024-07-01,275.5,276.0,274.5,276.0,602491.0,0.0
2024-07-02,274.5,276.0,273.0,273.5,1179040.0,0.0
2024-07-03,273.5,275.0,271.5,271.5,1866490.0,0.0
2024-07-04,274.0,277.0,273.0,277.0,1145607.0,0.0
2024-07-05,277.5,279.0,277.0,279.0,993267.0,0.0
2024-07-08,277.5,280.0,277.5,280.0,1013110.0,0.0
2024-07-09,279.5,283.0,279.5,282.5,1367916.0,0.0
2024-07-10,282.0,283.0,279.5,279.5,810730.0,0.0
2024-07-11,280.0,282.0,278.5,281.0,973837.0,0.0
2024-07-12,282.0,283.0,280.5,282.0,1196753.0,0.0
2024-07-15,282.0,283.0,281.5,283.0,1167920.0,0.0
2024-07-16,281.5,282.5,279.5,280.5,1681641.0,0.0
2024-07-17,280.5,282.0,279.5,279.5,1912884.0,0.0
2024-07-18,280.5,284.0,280.0,281.5,2385664.0,0.0
2024-07-19,280.5,282.0,279.5,282.0,2359962.0,0.0
2024-07-22,282.0,282.0,279.5,282.0,1610268.0,0.0
2024-07-23,282.0,283.0,281.5,283.0,1334296.0,0.0
2024-07-26,281.0,283.0,280.5,282.5,2419472.0,0.0
2024-07-29,283.0,283.0,281.0,282.0,2049104.0,0.0
2024-07-30,282.0,282.0,275.0,276.5,1757974.0,0.0
2024-07-31,276.0,278.5,274.0,277.5,2897223.0,0.0
2024-08-01,268.0,273.0,268.0,273.0,2154535.0,9.0
2024-08-02,271.5,273.5,270.5,273.5,1264852.0,0.0
2024-08-05,268.5,272.5,265.0,272.5,2352805.0,0.0
2024-08-06,273.0,278.5,272.5,278.5,3299837.0,0.0
2024-08-07,276.0,280.5,276.0,280.5,2427815.0,0.0
2024-08-08,279.0,281.5,278.0,279.0,1949167.0,0.0
2024-08-09,278.0,284.0,278.0,284.0,3467450.0,0.0
2024-08-12,281.5,282.5,280.0,281.5,1408497.0,0.0
2024-08-13,282.0,283.0,280.0,283.0,1616673.0,0.0
2024-08-14,283.0,283.5,281.0,283.5,1505793.0,0.0
2024-08-15,285.0,286.0,277.5,278.0,1246857.0,0.0
2024-08-16,281.0,281.0,275.0,278.0,1491067.0,0.0
2024-08-19,278.0,279.5,275.0,277.0,819467.0,0.0
2024-08-20,278.0,280.0,276.5,280.0,1128057.0,0.0
2024-08-21,280.5,281.0,276.5,278.5,798306.0,0.0
2024-08-22,278.5,281.0,277.0,280.5,953508.0,0.0
2024-08-23,281.0,282.5,281.0,282.0,945557.0,0.0
2024-08-26,282.0,286.0,281.5,286.0,2121260.0,0.0
2024-08-27,285.0,291.5,284.5,291.5,2619769.0,0.0
2024-08-28,291.5,291.5,285.5,287.0,1163090.0,0.0
2024-08-29,285.5,289.5,285.5,286.5,1359859.0,0.0
2024-08-30,286.5,287.0,281.5,281.5,2632510.0,0.0
2024-09-02,283.0,284.5,280.0,284.5,1110124.0,0.0
2024-09-03,284.0,285.0,282.5,282.5,833135.0,0.0
2024-09-04,278.5,282.0,277.0,279.5,1727376.0,0.0
2024-09-05,281.0,285.0,280.5,283.5,1752385.0,0.0
2024-09-06,283.5,285.5,280.5,285.0,1136083.0,0.0
2024-09-09,280.0,286.0,280.0,286.0,1676272.0,0.0
2024-09-10,286.0,289.5,284.5,289.0,1788866.0,0.0
2024-09-11,289.0,289.5,285.5,287.0,1359528.0,0.0
2024-09-12,292.0,295.0,288.5,293.0,4209678.0,0.0
2024-09-13,291.5,293.0,289.5,290.5,1221807.0,0.0
2024-09-16,290.5,293.0,290.0,292.0,1025769.0,0.0
2024-09-18,292.0,294.5,290.5,292.0,1339600.0,0.0
2024-09-19,293.5,296.0,292.5,295.5,1736250.0,0.0
2024-09-20,296.5,298.0,295.0,298.0,2429115.0,0.0
2024-09-23,298.0,298.5,295.5,298.0,920571.0,0.0
2024-09-24,298.0,303.0,296.0,303.0,2148934.0,0.0
2024-09-25,305.0,306.0,302.5,303.0,2131288.0,0.0
2024-09-26,303.0,306.0,298.0,302.0,2513621.0,0.0
2024-09-27,302.5,302.5,294.5,298.0,1864556.0,0.0
2024-09-30,300.0,301.0,295.0,295.0,1576636.0,0.0
2024-10-01,296.5,297.0,290.5,297.0,1101824.0,0.0
2024-10-04,296.0,298.0,295.0,297.0,1146454.0,0.0
2024-10-07,296.0,296.5,289.0,291.0,1194881.0,0.0
2024-10-08,292.5,296.5,290.5,296.5,1901149.0,0.0
2024-10-09,294.5,297.0,293.5,297.0,837410.0,0.0
2024-10-11,297.0,297.0,294.0,294.0,692281.0,0.0
2024-10-14,294.0,296.0,293.5,295.0,485551.0,0.0
2024-10-15,295.0,295.5,291.0,294.0,1397545.0,0.0
2024-10-16,291.5,295.5,291.0,293.5,1066561.0,0.0
2024-10-17,295.0,297.0,294.0,296.5,841361.0,0.0
2024-10-18,297.5,297.5,294.5,297.0,933708.0,0.0
2024-10-21,299.0,299.0,294.0,295.5,825738.0,0.0
2024-10-22,293.5,295.5,292.5,295.5,860081.0,0.0
2024-10-23,294.5,294.5,289.5,289.5,1695643.0,0.0
2024-10-24,289.5,293.5,288.5,293.0,1638439.0,0.0
2024-10-25,292.0,295.0,292.0,295.0,504508.0,0.0
2024-10-28,295.0,296.0,292.0,292.0,559261.0,0.0
2024-10-29,291.5,295.0,291.5,295.0,628230.0,0.0
2024-10-30,296.5,296.5,293.5,295.0,1307585.0,0.0
2024-11-01,270.0,285.0,270.0,276.0,4654228.0,0.0
2024-11-04,277.0,278.5,272.0,272.0,1934146.0,0.0
2024-11-05,272.5,276.5,272.5,276.5,1147751.0,0.0
2024-11-06,276.5,279.0,276.5,278.0,1412430.0,0.0
2024-11-07,275.0,277.5,273.5,273.5,1496286.0,0.0
2024-11-08,274.0,276.0,273.0,273.0,1240430.0,0.0
2024-11-11,273.0,273.5,271.0,272.0,1077280.0,0.0
2024-11-12,271.5,272.0,270.0,270.0,1420326.0,0.0
2024-11-13,269.0,271.0,268.5,269.0,1141413.0,0.0
2024-11-14,269.0,270.5,268.0,268.0,1522415.0,0.0
2024-11-15,269.0,272.0,269.0,269.0,826963.0,0.0
2024-11-18,271.0,271.5,269.5,271.0,721604.0,0.0
2024-11-19,270.0,271.5,269.0,269.0,905920.0,0.0
2024-11-20,272.0,272.0,272.0,272.0,635279.0,0.0
2024-11-21,270.5,271.0,268.5,268.5,939391.0,0.0
2024-11-22,270.0,271.0,269.0,269.0,544318.0,0.0
2024-11-25,272.5,275.0,268.5,268.5,3536452.0,0.0
2024-11-26,270.5,272.0,270.0,270.5,742131.0,0.0
2024-11-27,271.0,274.5,271.0,272.5,997292.0,0.0
2024-11-28,272.5,272.5,269.5,271.0,1029298.0,0.0
2024-11-29,269.5,272.0,268.0,270.5,1663171.0,0.0
2024-12-02,271.5,273.5,271.0,272.0,602022.0,0.0
2024-12-03,274.5,275.0,272.0,274.5,1305673.0,0.0
2024-12-04,274.5,274.5,271.0,272.5,1036390.0,0.0
2024-12-05,272.5,272.5,270.5,270.5,605300.0,0.0
2024-12-06,272.5,273.0,270.5,272.0,892131.0,0.0
2024-12-09,272.5,272.5,270.0,270.0,1048450.0,0.0
2024-12-10,271.5,271.5,270.0,270.5,774254.0,0.0
2024-12-11,270.5,271.5,269.5,269.5,813649.0,0.0
2024-12-12,270.0,271.0,268.0,268.0,1551958.0,0.0
2024-12-13,268.0,268.5,267.0,268.0,1157116.0,0.0
2024-12-16,268.0,268.5,267.0,267.0,1487604.0,0.0
2024-12-17,267.0,268.0,264.5,264.5,3505191.0,0.0
2024-12-18,264.5,267.5,264.0,267.5,2071567.0,0.0
2024-12-19,264.5,266.5,264.5,265.5,2610221.0,0.0
2024-12-20,264.0,264.5,262.0,262.0,5535579.0,0.0
2024-12-23,264.5,266.5,263.0,266.5,2220284.0,0.0
2024-12-24,266.5,269.5,266.0,268.0,1890478.0,0.0
2024-12-25,269.0,270.5,266.5,270.0,1249857.0,0.0
2024-12-26,270.5,270.5,266.5,268.0,1046390.0,0.0
2024-12-27,267.0,267.0,265.5,265.5,669228.0,0.0
2024-12-30,266.5,266.5,264.0,264.0,628901.0,0.0
2024-12-31,263.5,264.5,263.0,263.0,1218092.0,0.0
2025-01-02,263.0,264.0,262.0,263.0,1178519.0,0.0
2025-01-03,264.0,265.0,262.0,263.5,590463.0,0.0
2025-01-06,264.5,266.0,263.5,265.5,827377.0,0.0
2025-01-07,266.0,266.0,262.0,262.0,1480668.0,0.0
2025-01-08,262.0,263.0,260.5,260.5,2274839.0,0.0
2025-01-09,261.0,261.5,260.0,260.0,952746.0,0.0
2025-01-10,258.5,259.5,258.0,259.5,1845067.0,0.0
2025-01-13,259.0,261.5,259.0,260.0,1186039.0,0.0
2025-01-14,261.0,262.0,258.0,258.0,1809423.0,0.0
2025-01-15,259.0,260.0,258.5,258.5,1076028.0,0.0
2025-01-16,260.5,261.0,259.0,259.0,1235479.0,0.0
2025-01-17,260.5,261.5,260.0,260.0,1293440.0,0.0
2025-01-20,261.0,261.5,259.5,259.5,1070106.0,0.0
2025-01-21,260.0,262.0,259.5,261.0,932596.0,0.0
2025-01-22,262.0,262.5,259.5,260.0,2613874.0,0.0
2025-02-03,260.0,261.5,257.5,258.0,3628126.0,0.0
2025-02-04,259.5,259.5,255.5,256.0,3705076.0,0.0
2025-02-05,258.0,260.0,256.5,258.5,1915408.0,0.0
2025-02-06,258.5,262.5,258.5,261.5,1670332.0,0.0
2025-02-07,262.0,262.0,259.5,260.0,1443116.0,0.0
2025-02-10,260.0,262.5,259.0,262.5,1047595.0,0.0
2025-02-11,264.0,264.0,259.0,259.5,2078449.0,0.0
2025-02-12,259.5,262.0,259.5,261.0,1404539.0,0.0
2025-02-13,262.0,263.5,260.5,263.0,1715586.0,0.0
2025-02-14,263.0,264.5,262.0,264.5,1150821.0,0.0
2025-02-17,265.0,265.0,263.0,264.0,1555763.0,0.0
2025-02-18,264.5,265.0,263.0,265.0,1098358.0,0.0
2025-02-19,266.0,267.0,265.0,266.0,926200.0,0.0
2025-02-20,266.0,267.0,264.0,264.5,1599102.0,0.0
2025-02-21,265.5,268.5,264.5,268.0,1252789.0,0.0
2025-02-24,267.5,269.5,267.0,267.0,1303926.0,0.0
2025-02-25,266.0,267.5,265.0,265.0,975557.0,0.0
2025-02-26,264.5,267.0,263.5,265.5,2087265.0,0.0
2025-02-27,265.5,266.0,262.5,262.5,2850454.0,0.0
2025-03-03,260.5,265.5,260.5,265.0,2006165.0,0.0
2025-03-04,263.0,264.0,262.0,263.0,1895534.0,0.0
2025-03-05,262.5,263.0,261.5,261.5,1955833.0,0.0
2025-03-06,261.0,263.0,261.0,262.0,1249720.0,0.0
2025-03-07,263.5,263.5,261.0,262.0,1372596.0,0.0
2025-03-10,262.0,263.0,261.5,261.5,1056057.0,0.0
2025-03-11,260.0,261.0,257.5,260.0,2456176.0,0.0
2025-03-12,261.0,262.5,260.5,260.5,1729519.0,0.0
2025-03-13,262.0,262.0,259.0,260.0,1182557.0,0.0
2025-03-14,262.0,262.0,259.0,259.0,997286.0,0.0
2025-03-17,260.0,260.5,258.0,259.5,1588417.0,0.0
2025-03-18,260.0,260.5,258.0,258.0,2167374.0,0.0
2025-03-19,258.0,259.5,257.0,257.0,1632703.0,0.0
2025-03-20,257.5,259.0,257.0,258.5,1532379.0,0.0
2025-03-21,258.0,260.5,257.0,260.0,2767712.0,0.0
2025-03-24,259.5,261.0,257.5,257.5,1651802.0,0.0
2025-03-25,259.0,259.5,257.0,257.0,1218718.0,0.0
2025-03-26,256.5,258.0,256.0,256.5,1459858.0,0.0
2025-03-27,257.5,257.5,256.0,257.0,836434.0,0.0
2025-03-28,257.0,258.0,256.0,257.0,968415.0,0.0
2025-03-31,256.0,256.0,251.0,251.0,3038855.0,0.0
2025-04-01,252.5,254.5,252.5,252.5,1572569.0,0.0
2025-04-02,251.5,256.0,251.5,254.0,1601129.0,0.0
2025-04-07,229.0,243.5,229.0,236.0,5081053.0,0.0
2025-04-08,245.0,256.0,242.0,254.0,5463779.0,0.0
2025-04-09,249.0,255.0,247.0,247.5,4407824.0,0.0
2025-04-10,260.0,260.0,251.0,252.5,5451962.0,0.0
2025-04-11,252.5,255.5,250.5,255.0,2837620.0,0.0
2025-04-14,256.0,257.5,250.0,250.5,3381265.0,0.0
2025-04-15,251.0,253.0,251.0,251.0,1871586.0,0.0
2025-04-16,251.0,256.5,250.0,256.5,2136346.0,0.0
2025-04-17,256.5,257.5,251.5,254.0,1828958.0,0.0
2025-04-18,255.5,256.0,252.5,256.0,1036585.0,0.0
2025-04-21,255.0,256.0,254.0,254.5,908999.0,0.0
2025-04-22,256.0,256.0,253.0,254.0,1337550.0,0.0
2025-04-23,253.5,257.5,253.5,257.5,1161433.0,0.0
2025-04-24,256.5,259.0,255.5,259.0,970217.0,0.0
2025-04-25,258.0,259.0,257.5,257.5,836772.0,0.0
2025-04-28,258.5,259.5,257.0,258.5,1073504.0,0.0
2025-04-29,258.5,259.5,257.5,259.5,740219.0,0.0
2025-04-30,258.5,261.0,258.0,261.0,1653650.0,0.0
2025-05-02,261.5,261.5,258.5,261.0,748766.0,0.0
2025-05-05,261.0,263.0,259.5,259.5,1588508.0,0.0
2025-05-06,262.0,263.0,260.5,261.5,1098067.0,0.0
2025-05-07,263.5,263.5,259.5,259.5,999470.0,0.0
2025-05-08,261.5,261.5,258.5,261.0,986408.0,0.0
2025-05-09,260.0,262.5,258.5,262.5,1395747.0,0.0
2025-05-12,263.5,263.5,260.5,262.0,1196261.0,0.0
2025-05-13,261.5,262.0,259.5,260.0,1176509.0,0.0
2025-05-14,261.5,261.5,256.0,258.5,1992426.0,0.0
2025-05-15,258.5,259.0,257.0,257.0,726115.0,0.0
2025-05-16,257.5,260.5,257.5,260.5,877076.0,0.0
2025-05-19,260.5,261.5,259.0,260.5,701730.0,0.0
2025-05-20,260.5,262.5,259.0,262.5,904451.0,0.0
2025-05-21,262.0,263.0,260.5,261.5,1201211.0,0.0
2025-05-22,260.5,262.0,260.0,261.0,619579.0,0.0
2025-05-23,260.0,261.0,259.0,261.0,744080.0,0.0
2025-05-26,260.5,261.0,259.0,260.0,762688.0,0.0
2025-05-27,260.0,260.5,259.0,259.5,1316211.0,0.0
2025-05-28,260.5,260.5,258.0,259.5,1152291.0,0.0
2025-05-29,259.5,259.5,255.5,255.5,3248434.0,0.0
2025-06-02,257.0,258.0,254.0,254.0,1643294.0,0.0
2025-06-03,255.5,256.5,253.0,253.0,1111392.0,0.0
2025-06-04,255.0,255.5,253.0,253.0,1224421.0,0.0
2025-06-05,253.5,256.5,253.5,256.5,760878.0,0.0
2025-06-06,256.5,258.0,255.0,256.5,714269.0,0.0
2025-06-09,257.5,258.0,255.5,255.5,388926.0,0.0
2025-06-10,256.0,259.0,255.0,258.5,871552.0,0.0
2025-06-11,258.0,259.5,258.0,259.5,862189.0,0.0
2025-06-12,259.0,261.5,259.0,261.0,954380.0,0.0
2025-06-13,259.0,261.5,259.0,261.0,1475635.0,0.0
2025-06-16,260.0,262.0,260.0,262.0,1089478.0,0.0
2025-06-17,262.0,262.0,259.5,261.5,1846051.0,0.0
2025-06-18,260.0,262.0,259.5,260.5,2217111.0,0.0
2025-06-19,259.5,260.5,257.5,257.5,1969976.0,0.0
2025-06-20,259.0,260.0,257.0,257.0,2003156.0,0.0
2025-06-23,255.5,258.0,254.5,257.0,1598333.0,0.0
2025-06-24,259.0,259.5,257.0,258.5,1309271.0,0.0
2025-06-25,258.5,259.5,257.0,258.5,1510400.0,0.0
2025-06-26,258.5,260.0,257.0,258.5,1734228.0,0.0
2025-06-27,257.5,260.5,257.5,260.0,907012.0,0.0
2025-06-30,259.0,261.0,256.5,256.5,976531.0,0.0
2025-07-01,258.0,261.5,257.5,260.0,1742400.0,0.0
2025-07-02,258.5,262.5,258.5,262.5,1740131.0,0.0
2025-07-03,261.5,263.5,261.5,262.5,1307338.0,0.0
2025-07-04,261.5,265.0,261.5,264.0,1721885.0,0.0
2025-07-07,264.0,264.5,262.0,263.0,912144.0,0.0
2025-07-08,263.5,264.0,261.0,263.5,1089699.0,0.0
2025-07-09,262.5,263.5,261.5,261.5,1039310.0,0.0
2025-07-10,261.5,264.5,261.0,263.5,1499880.0,0.0
2025-07-11,263.5,266.5,263.5,265.0,1359706.0,0.0
2025-07-14,265.0,268.5,265.0,268.5,1662099.0,0.0
2025-07-15,267.0,267.5,265.0,265.0,1180532.0,0.0
2025-07-16,263.5,266.5,263.5,263.5,1593780.0,0.0
2025-07-17,263.5,266.5,263.5,265.0,1380272.0,0.0
2025-07-18,266.0,266.5,263.0,263.5,976679.0,0.0
2025-07-21,263.5,265.5,263.5,265.5,780278.0,0.0
2025-07-22,266.5,267.5,265.5,265.5,1037815.0,0.0
2025-07-23,265.0,267.5,265.0,267.5,798728.0,0.0
2025-07-24,267.0,267.5,264.5,265.0,957872.0,0.0
2025-07-25,264.5,266.0,264.0,264.0,1147862.0,0.0
2025-07-28,264.5,265.5,262.5,262.5,1288335.0,0.0
2025-07-29,262.5,263.5,260.5,260.5,1269940.0,0.0
2025-07-30,261.0,263.0,260.0,262.5,1281646.0,0.0
2025-07-31,255.5,258.0,255.0,256.0,1917904.0,9.0
2025-08-04,256.0,259.5,255.5,259.0,1089713.0,0.0
2025-08-05,258.5,260.0,258.0,260.0,1099577.0,0.0
2025-08-06,259.0,259.0,257.0,258.0,1011478.0,0.0
2025-08-07,258.0,259.5,257.0,259.5,1232462.0,0.0
2025-08-08,258.5,260.0,258.0,258.5,746306.0,0.0
2025-08-11,258.5,258.5,256.5,256.5,998473.0,0.0
2025-08-12,256.0,257.0,255.5,256.0,939740.0,0.0
2025-08-13,256.0,258.0,256.0,258.0,827972.0,0.0
2025-08-14,258.5,258.5,255.0,256.5,1154030.0,0.0
2025-08-15,256.0,257.0,255.0,255.0,1266919.0,0.0
2025-08-18,255.0,256.5,254.0,256.0,912625.0,0.0
2025-08-19,255.0,256.5,255.0,256.0,460953.0,0.0
2025-08-20,255.5,256.5,254.5,256.0,788620.0,0.0
2025-08-21,256.5,258.0,255.5,257.5,890315.0,0.0
2025-08-22,256.0,257.5,255.0,255.0,701784.0,0.0
2025-08-25,255.0,256.5,254.5,254.5,668716.0,0.0
2025-08-26,254.0,254.0,252.0,252.0,2258825.0,0.0
2025-08-27,252.0,253.0,251.0,251.5,1157912.0,0.0
2025-08-28,251.0,252.5,250.5,250.5,1104638.0,0.0
2025-08-29,251.0,254.5,250.5,254.5,1911201.0,0.0
2025-09-01,254.5,254.5,251.0,251.5,575140.0,0.0
2025-09-02,251.5,253.0,251.5,252.0,616544.0,0.0
2025-09-03,251.5,253.0,251.0,252.5,453187.0,0.0
2025-09-04,253.5,253.5,252.0,252.5,293340.0,0.0
2025-09-05,253.5,253.5,252.0,252.5,271661.0,0.0
2025-09-08,251.5,253.0,251.5,253.0,408145.0,0.0
2025-09-09,253.5,254.0,252.5,253.5,957079.0,0.0
2025-09-10,254.0,255.0,252.5,255.0,854931.0,0.0
2025-09-11,254.5,255.5,253.0,253.0,794085.0,0.0
2025-09-12,253.0,253.5,251.5,253.5,887600.0,0.0
2025-09-15,253.5,254.0,251.5,251.5,795675.0,0.0
2025-09-16,251.5,252.0,250.0,250.0,1220394.0,0.0
2025-09-17,250.0,251.5,250.0,250.0,1144767.0,0.0
2025-09-18,251.0,251.5,250.0,250.5,737247.0,0.0
2025-09-19,250.5,250.5,248.0,248.0,2531331.0,0.0
2025-09-22,249.5,250.0,248.5,249.5,978088.0,0.0
2025-09-23,249.0,250.0,248.5,250.0,953770.0,0.0
2025-09-24,250.0,251.0,248.5,250.0,696995.0,0.0
2025-09-25,250.5,250.5,248.0,248.0,844045.0,0.0
2025-09-26,248.5,250.5,248.5,250.5,810675.0,0.0
2025-09-30,251.0,251.0,248.0,248.0,1667517.0,0.0
2025-10-01,249.5,250.5,248.0,248.0,860238.0,0.0
2025-10-02,248.0,249.0,248.0,248.0,871362.0,0.0
2025-10-03,249.0,249.0,247.0,248.0,987351.0,0.0
2025-10-07,247.0,248.0,246.0,246.5,1253914.0,0.0
2025-10-08,248.0,248.0,246.0,246.0,1192261.0,0.0
2025-10-09,246.5,247.5,245.0,247.5,1167531.0,0.0
2025-10-13,247.5,247.5,244.5,244.5,1605426.0,0.0
2025-10-14,245.0,245.0,243.0,243.0,2321658.0,0.0
2025-10-15,243.0,243.0,240.0,240.0,2217665.0,0.0
2025-10-16,240.0,241.5,239.5,239.5,1744634.0,0.0
2025-10-17,240.5,244.5,238.5,241.0,3045609.0,0.0
2025-10-20,243.0,245.0,242.0,244.0,1984883.0,0.0
2025-10-21,245.5,246.5,244.0,245.0,1216457.0,0.0
2025-10-22,246.0,248.0,245.5,247.5,1011597.0,0.0
2025-10-23,247.0,248.0,246.0,248.0,711031.0,0.0
2025-10-27,247.0,248.5,245.0,246.0,1005385.0,0.0
2025-10-28,246.0,246.0,244.0,244.0,1612991.0,0.0
2025-10-29,244.0,245.5,243.0,243.5,1091495.0,0.0
2025-10-30,242.5,243.0,240.0,241.0,1951248.0,0.0
2025-10-31,243.0,243.0,238.5,238.5,2077834.0,0.0
2025-11-03,238.5,239.5,236.0,236.0,2661425.0,0.0
2025-11-04,236.0,238.0,233.5,234.5,2589054.0,0.0
2025-11-05,234.0,239.5,231.0,239.5,2333756.0,0.0
2025-11-06,239.5,239.5,235.5,235.5,1543767.0,0.0
2025-11-07,235.5,237.5,235.5,236.0,831592.0,0.0
2025-11-10,238.0,238.5,236.0,236.5,681974.0,0.0
2025-11-11,237.5,239.5,236.5,238.0,1123218.0,0.0
2025-11-12,238.0,241.0,238.0,239.5,1304363.0,0.0
2025-11-13,238.5,238.5,235.0,237.0,2297632.0,0.0
2025-11-14,237.0,237.0,235.0,235.5,1692060.0,0.0
2025-11-17,235.0,238.5,235.0,237.0,1488445.0,0.0
2025-11-18,235.5,236.5,233.0,236.5,2576380.0,0.0
2025-11-19,236.5,237.5,234.0,236.0,3474698.0,0.0
2025-11-20,235.0,235.5,233.5,234.0,3168470.0,0.0
2025-11-21,233.5,235.0,232.0,233.0,3238930.0,0.0
2025-11-24,232.5,233.0,228.5,231.0,5902829.0,0.0
2025-11-25,231.0,234.5,228.5,234.5,2953419.0,0.0
2025-11-26,234.5,236.0,233.0,236.0,2086826.0,0.0
2025-11-27,235.0,239.0,235.0,239.0,1810065.0,0.0
2025-11-28,239.0,241.0,238.5,239.5,2057649.0,0.0
2025-12-01,241.0,243.0,240.0,240.0,1404869.0,0.0
2025-12-02,240.0,240.5,236.0,236.0,1721801.0,0.0
2025-12-03,236.0,237.5,235.0,235.5,1088842.0,0.0
2025-12-04,235.5,237.0,235.5,237.0,707207.0,0.0
2025-12-05,236.0,239.0,234.0,238.5,1696043.0,0.0
2025-12-08,235.5,236.0,232.5,233.0,3659918.0,0.0
2025-12-09,234.0,234.5,229.5,229.5,2605542.0,0.0
2025-12-10,230.0,231.0,228.5,228.5,1644786.0,0.0
2025-12-11,230.0,230.0,228.0,228.0,1562082.0,0.0
2025-12-12,230.0,230.5,227.0,228.0,1634475.0,0.0
2025-12-15,227.5,227.5,226.0,226.5,1596340.0,0.0
2025-12-16,226.0,227.0,225.5,225.5,1663822.0,0.0
2025-12-17,226.5,226.5,222.0,222.0,2794342.0,0.0
2025-12-18,222.0,222.5,220.5,221.5,2078678.0,0.0
2025-12-19,221.5,225.5,221.5,224.0,2019980.0,0.0
2025-12-22,224.5,225.0,221.0,221.5,2171505.0,0.0
2025-12-23,221.5,226.0,221.5,221.5,2090115.0,0.0
2025-12-24,221.5,223.0,220.5,221.5,2203293.0,0.0
2025-12-26,221.5,226.5,221.5,223.0,2090323.0,0.0
2025-12-29,223.0,226.5,223.0,225.0,1493004.0,0.0
2025-12-30,226.0,226.0,223.5,223.5,1498651.0,0.0
2025-12-31,224.0,225.5,221.5,221.5,1999003.0,0.0
2026-01-02,223.0,225.5,221.5,221.5,2632473.0,0.0
2026-01-05,222.5,222.5,220.5,220.5,2194920.0,0.0
2026-01-06,221.0,221.5,218.5,219.0,2842232.0,0.0
2026-01-07,218.0,221.0,216.0,220.0,2510265.0,0.0
2026-01-08,220.0,221.0,218.5,218.5,3564264.0,0.0
2026-01-09,218.5,221.0,218.5,221.0,772599.0,0.0
2026-01-12,221.5,224.5,221.5,223.0,1313507.0,0.0
2026-01-13,224.0,226.0,223.5,223.5,2792247.0,0.0
2026-01-14,225.0,225.5,222.5,223.0,2403951.0,0.0
2026-01-15,224.0,226.0,223.0,224.5,2655387.0,0.0
2026-01-16,223.0,223.5,218.5,220.0,5038755.0,0.0
2026-01-19,218.5,219.5,217.0,217.0,2790771.0,0.0
2026-01-20,217.0,219.0,217.0,217.5,3617274.0,0.0
2026-01-21,217.5,218.0,216.0,217.0,3423775.0,0.0
2026-01-22,217.5,217.5,212.0,213.5,6971045.0,0.0
2026-01-23,213.5,214.5,210.0,211.5,4835150.0,0.0
2026-01-26,211.0,214.5,211.0,214.0,3245041.0,0.0
2026-01-27,215.0,215.0,211.0,211.0,3252319.0,0.0
2026-01-28,211.0,211.5,207.0,208.5,5295238.0,0.0
2026-01-29,208.0,215.5,208.0,214.0,3962629.0,0.0
2026-01-30,214.0,214.0,211.5,213.5,3736529.0,0.0
2026-02-02,213.5,213.5,210.5,212.0,1425335.0,0.0
2026-02-03,212.0,215.0,212.0,214.5,1713557.0,0.0
2026-02-04,214.5,215.5,214.0,214.0,1089777.0,0.0
2026-02-05,214.0,220.0,213.5,219.0,2680756.0,0.0
2026-02-06,221.0,224.0,218.5,224.0,4517923.0,0.0
2026-02-09,225.0,225.0,220.0,220.5,1937289.0,0.0
2026-02-10,220.5,223.0,219.0,222.5,1210533.0,0.0
2026-02-11,223.5,223.5,221.5,223.0,1889587.0,0.0
2026-02-23,224.5,224.5,221.5,223.0,3197177.0,0.0
2026-02-24,223.0,223.5,220.5,222.0,2645088.0,0.0
2026-02-25,222.0,223.0,220.5,222.5,2583155.0,0.0
2026-02-26,223.0,224.0,220.5,223.0,5264315.0,0.0
2026-03-02,224.0,224.0,220.0,221.5,2156656.0,0.0
2026-03-03,221.0,224.5,220.5,223.5,2200196.0,0.0
2026-03-04,221.0,222.5,218.5,219.5,2761012.0,0.0
2026-03-05,220.0,221.5,219.0,220.0,1157341.0,0.0
2026-03-06,219.0,220.5,217.5,218.5,1470210.0,0.0
2026-03-09,215.0,219.0,214.0,219.0,2925702.0,0.0
2026-03-10,218.5,219.0,216.0,217.5,2280025.0,0.0
2026-03-11,217.0,217.5,216.0,216.5,2383000.0,0.0
2026-03-12,216.0,217.0,213.0,215.0,2773753.0,0.0
2026-03-13,215.0,218.5,215.0,218.5,3150746.0,0.0
2026-03-16,218.5,220.0,216.0,220.0,2338359.0,0.0
2026-03-17,220.0,220.5,219.0,220.0,1438861.0,0.0
2026-03-18,221.0,221.0,217.5,219.5,1880146.0,0.0
2026-03-19,217.0,217.5,213.0,214.5,4734202.0,0.0
2026-03-20,215.0,217.0,211.5,217.0,17996826.0,0.0
2026-03-23,215.0,215.5,210.0,210.0,5190431.0,0.0
2026-03-24,212.0,216.0,211.0,216.0,2292603.0,0.0
2026-03-25,219.5,219.5,213.5,216.0,1817116.0,0.0
2026-03-26,217.0,221.0,216.0,220.0,2680972.0,0.0
2026-03-27,220.5,224.0,220.5,223.5,3077444.0,0.0
2026-03-30,222.0,226.0,222.0,223.5,3403216.0,0.0
2026-03-31,224.0,225.5,223.0,224.5,3229931.0,0.0
2026-04-01,224.0,227.0,224.0,225.5,1761178.0,0.0
2026-04-02,226.5,230.0,225.5,227.0,2703679.0,0.0
2026-04-07,228.0,232.5,226.5,231.0,1980305.0,0.0
2026-04-08,231.0,231.0,226.5,229.0,2071114.0,0.0
2026-04-09,229.0,231.0,227.0,231.0,1939078.0,0.0
2026-04-10,231.0,231.0,226.0,227.5,1304536.0,0.0
2026-04-13,227.5,227.5,223.0,225.0,2258589.0,0.0
2026-04-14,225.0,228.0,224.5,227.5,1655985.0,0.0
2026-04-15,227.5,231.5,226.5,231.5,2529033.0,0.0
2026-04-16,231.5,234.0,231.0,234.0,3015857.0,0.0
2026-04-17,235.0,237.5,234.0,237.5,3642511.0,0.0
2026-04-20,237.5,239.0,236.0,238.0,3301625.0,0.0
2026-04-21,238.0,238.0,235.0,236.5,3237676.0,0.0
2026-04-22,236.5,239.5,236.5,238.5,3403960.0,0.0
2026-04-23,236.0,236.5,233.5,234.5,2619408.0,0.0
2026-04-24,232.5,234.0,227.5,228.0,3385433.0,0.0
2026-04-27,226.0,231.0,226.0,226.0,1931102.0,0.0
2026-04-28,226.0,226.5,223.5,224.0,1998218.0,0.0
2026-04-29,224.0,225.0,223.5,224.5,2211789.0,0.0
2026-04-30,224.0,226.5,224.0,224.0,2576970.0,0.0
2026-05-04,225.0,227.5,224.0,225.5,1971635.0,0.0
2026-05-05,225.0,226.5,224.0,224.0,1734468.0,0.0
2026-05-06,225.5,228.0,225.0,227.0,2133510.0,0.0
2026-05-07,226.0,230.0,226.0,228.5,2926849.0,0.0
2026-05-08,229.5,233.5,229.0,232.0,3013095.0,0.0
2026-05-11,231.5,231.5,226.0,227.5,2300967.0,0.0
2026-05-12,227.5,230.0,226.0,226.0,1462533.0,0.0
2026-05-13,225.0,227.0,224.5,225.5,1936912.0,0.0
2026-05-14,225.5,229.5,225.5,226.5,1370508.0,0.0
2026-05-15,227.0,229.0,227.0,227.5,1742126.0,0.0
2026-05-18,228.0,228.0,225.0,225.5,1744625.0,0.0
2026-05-19,225.5,229.5,225.0,227.5,2861487.0,0.0
2026-05-20,228.5,229.5,221.5,222.0,5252984.0,0.0
2026-05-21,223.0,224.0,218.5,221.0,6258447.0,0.0
2026-05-22,221.0,222.0,219.5,220.0,6221169.0,0.0
2026-05-25,221.0,221.0,212.5,212.5,8704729.0,0.0
2026-05-26,215.5,219.0,209.5,209.5,11439660.0,0.0
2026-05-27,210.5,210.5,206.5,206.5,13298912.0,0.0
2026-05-28,207.5,211.5,203.5,207.0,15176782.0,0.0
2026-05-29,209.0,218.0,205.0,214.0,17162107.0,0.0
2026-06-01,217.0,230.5,215.5,227.5,14714999.0,0.0
2026-06-02,225.5,233.5,220.0,233.0,13502952.0,0.0
2026-06-03,233.0,240.0,226.0,239.0,12405055.0,0.0
2026-06-04,236.5,250.0,234.0,246.0,13143582.0,0.0
2026-06-05,242.5,247.0,232.0,232.0,5369485.0,0.0
2026-06-08,225.5,229.5,221.5,222.0,5846896.0,0.0
2026-06-09,221.0,225.5,221.0,224.0,3838408.0,0.0
2026-06-10,222.0,228.0,221.0,227.5,3393734.0,0.0
2026-06-11,230.5,231.5,225.0,229.0,3233534.0,0.0
2026-06-12,229.0,230.5,227.0,230.0,1628591.0,0.0
2026-06-15,232.0,232.0,228.0,228.0,3537468.0,0.0
2026-06-16,230.0,230.5,227.5,228.0,2386404.0,0.0
2026-06-17,228.5,230.0,227.0,229.0,2533563.0,0.0
2026-06-18,229.0,229.0,223.5,223.5,6553856.0,0.0
2026-06-22,224.5,225.5,221.0,221.0,3269502.0,0.0
2026-06-23,221.0,228.0,221.0,227.0,4400207.0,0.0
2026-06-24,227.0,229.0,225.0,225.0,3786724.0,0.0
2026-06-25,225.5,230.5,225.5,226.0,4836564.0,0.0
2026-06-26,226.0,227.5,222.5,223.0,3408117.0,0.0
2026-06-29,225.5,226.5,223.5,224.0,2515169.0,0.0
2026-06-30,225.0,225.0,223.0,223.0,1931466.0,0.0
2026-07-01,223.5,225.0,221.5,223.5,2453080.0,0.0
2026-07-02,224.5,229.5,224.0,228.5,3862808.0,0.0
2026-07-03,227.0,237.5,227.0,231.0,3524745.0,0.0
2026-07-06,231.5,241.0,231.5,240.0,4169831.0,0.0
2026-07-07,240.0,243.0,239.0,240.0,3285302.0,0.0
2026-07-08,240.0,242.0,239.5,241.0,2301775.0,0.0
2026-07-09,240.0,244.5,240.0,241.0,2861708.0,0.0
2026-07-10,241.0,241.0,241.0,241.0,0.0,0.0
2026-07-13,240.0,244.0,239.0,239.5,2315080.0,0.0
2026-07-14,242.0,242.0,238.5,242.0,2652026.0,0.0
2026-07-15,242.5,244.5,241.0,244.5,3672480.0,0.0
2026-07-16,244.5,249.0,243.0,245.5,4999177.0,0.0
2026-07-17,245.0,246.5,240.5,243.0,5551606.0,0.0
2026-07-20,244.5,246.5,238.0,243.5,5493984.0,0.0
2026-07-21,243.0,245.0,242.0,243.0,4880768.0,0.0
2026-07-22,243.0,243.0,237.0,239.5,5252040.0,0.0
2026-07-23,239.5,239.5,232.0,237.0,4178197.0,0.0
2026-07-24,234.0,241.0,234.0,241.0,2785443.0,0.0
2026-07-27,240.5,241.5,237.5,239.5,3379693.0,0.0
2026-07-28,239.0,239.0,237.0,237.5,2413683.0,0.0
2026-07-29,239.5,242.0,237.5,241.0,4910221.0,0.0
2026-07-30,232.5,235.0,224.0,230.0,6920225.0,9.0
2026-07-31,226.5,230.5,223.0,224.0,6208356.0,0.0
2026-08-03,225.0,225.0,220.0,220.5,2709697.0,0.0
2026-08-04,218.0,222.0,218.0,221.5,3713491.0,0.0
2026-08-05,222.0,222.0,218.5,221.5,3328393.0,0.0
2026-08-06,220.0,224.0,219.5,220.0,2040045.0,0.0
2026-08-07,221.5,222.0,219.5,221.0,2353774.0,0.0
2026-08-10,222.0,222.0,219.0,219.5,1433910.0,0.0
2026-08-11,219.0,220.0,217.0,219.0,3057041.0,0.0
2026-08-12,219.5,221.0,219.0,219.5,1160636.0,0.0
2026-08-13,220.0,220.0,216.0,217.0,3807175.0,0.0
2026-08-14,217.0,217.0,214.0,214.5,2611515.0,0.0
2026-08-17,214.5,214.5,212.0,213.0,2285313.0,0.0
2026-08-18,213.0,216.0,212.5,215.0,1638820.0,0.0
2026-08-19,215.0,218.5,213.5,218.5,2583056.0,0.0
2026-08-20,219.0,220.0,217.5,220.0,1939856.0,0.0
2026-08-21,219.0,225.5,219.0,223.5,5408800.0,0.0
2026-08-24,222.5,224.0,220.0,223.5,2456966.0,0.0
2026-08-25,222.5,225.5,222.0,224.0,1343195.0,0.0
2026-08-26,223.5,224.0,222.0,223.0,568909.0,0.0
2026-08-27,223.5,223.5,220.0,220.5,924771.0,0.0
2026-08-28,220.5,220.5,218.0,218.5,1043752.0,0.0
2026-08-31,219.0,219.5,216.5,216.5,2602581.0,0.0
2026-09-01,216.5,218.0,215.5,216.0,1728780.0,0.0
2026-09-02,215.5,218.0,215.0,217.0,1145898.0,0.0
2026-09-03,217.5,217.5,216.5,216.5,867765.0,0.0
2026-09-04,216.5,217.0,215.5,216.0,784961.0,0.0
2026-09-07,217.5,217.5,214.0,215.0,1274312.0,0.0
2026-09-08,215.5,218.5,215.0,217.0,1917892.0,0.0
2026-09-09,216.0,218.5,216.0,217.5,1190520.0,0.0
2026-09-10,217.0,219.0,217.0,218.5,1286888.0,0.0
2026-09-11,217.0,218.0,216.0,216.5,1073428.0,0.0
2026-09-14,216.0,217.0,215.5,216.5,997378.0,0.0
2026-09-15,216.0,217.0,215.0,215.5,1088484.0,0.0
2026-09-16,216.0,216.5,214.5,215.0,1469859.0,0.0
2026-09-17,215.0,217.5,215.0,217.5,868884.0,0.0
2026-09-18,217.5,217.5,214.5,216.5,2733461.0,0.0
2026-09-21,216.0,216.0,214.5,215.0,1125160.0,0.0
2026-09-22,216.0,216.0,214.0,214.0,933269.0,0.0
2026-09-23,214.5,214.5,213.0,213.0,2205261.0,0.0
2026-09-24,213.0,213.5,212.0,212.5,2111314.0,0.0
2026-09-29,213.0,213.0,211.5,212.0,1428141.0,0.0
2026-09-30,214.0,214.0,212.0,212.5,1620458.0,0.0
2026-10-01,212.0,212.5,210.5,212.5,2110618.0,0.0
2026-10-02,212.5,212.5,210.0,210.5,2884558.0,0.0
2026-10-05,211.5,212.0,210.0,211.0,1098497.0,0.0
2026-10-06,210.5,212.0,210.0,210.5,1460001.0,0.0
2026-10-07,211.0,214.0,210.5,213.5,1874223.0,0.0
