date,open,high,low,close,volume,dividend
2015-01-05,178.0,178.0,175.0,176.0,4784000.0,0.0
2015-01-06,174.5,177.0,174.0,176.0,3852000.0,0.0
2015-01-07,177.0,177.0,171.5,174.5,3471000.0,0.0
2015-01-08,176.5,181.0,174.5,179.5,4727000.0,0.0
2015-01-09,179.5,186.0,179.0,182.0,6469000.0,0.0
2015-01-12,182.0,182.0,178.5,179.5,2395000.0,0.0
2015-01-13,179.5,182.0,177.5,180.0,3343000.0,0.0
2015-01-14,179.0,185.0,178.5,182.5,3078000.0,0.0
2015-01-15,184.0,185.5,181.5,185.0,2066000.0,0.0
2015-01-16,185.0,186.5,182.5,184.0,2160000.0,0.0
2015-01-19,188.0,188.5,185.0,186.0,1190000.0,0.0
2015-01-20,188.0,188.0,184.5,184.5,1547000.0,0.0
2015-01-21,186.0,186.0,181.5,182.0,3031000.0,0.0
2015-01-22,184.0,191.5,184.0,189.0,4162000.0,0.0
2015-01-23,191.5,199.5,191.0,194.0,5965000.0,0.0
2015-01-26,196.5,196.5,192.0,193.0,4047000.0,0.0
2015-01-27,193.5,193.5,184.5,186.5,7348000.0,0.0
2015-01-28,184.0,185.0,181.0,184.5,4520000.0,0.0
2015-01-29,179.0,179.5,172.0,177.5,9112000.0,0.0
2015-01-30,174.5,178.5,174.5,175.5,6017000.0,0.0
2015-02-02,172.0,172.5,166.5,171.0,12087000.0,0.0
2015-02-03,171.0,174.0,170.0,174.0,6326000.0,0.0
2015-02-04,176.0,179.0,175.0,178.0,6227000.0,0.0
2015-02-05,178.5,178.5,171.5,175.5,4932000.0,0.0
2015-02-06,170.5,171.5,166.0,166.0,8618000.0,0.0
2015-02-09,167.0,171.0,166.0,170.0,6690000.0,0.0
2015-02-10,170.5,170.5,167.0,168.0,4533000.0,0.0
2015-02-11,170.5,173.5,170.0,173.0,4661000.0,0.0
2015-02-12,173.0,174.5,171.5,173.0,4478000.0,0.0
2015-02-13,173.0,175.0,173.0,173.0,2641000.0,0.0
2015-02-24,176.0,176.0,171.0,171.0,4825000.0,0.0
2015-02-25,171.0,172.5,168.5,169.0,4449000.0,0.0
2015-02-26,170.0,172.0,169.0,169.0,3881000.0,0.0
2015-03-02,169.0,173.5,167.5,173.0,5060000.0,0.0
2015-03-03,174.0,174.5,170.0,171.0,4080000.0,0.0
2015-03-04,169.0,173.5,169.0,171.5,3632000.0,0.0
2015-03-05,173.0,174.0,170.5,173.0,3208000.0,0.0
2015-03-06,174.0,175.0,171.5,174.0,3695000.0,0.0
2015-03-09,174.0,176.5,172.5,174.5,3345000.0,0.0
2015-03-10,173.0,177.0,172.0,172.0,4626000.0,0.0
2015-03-11,171.0,173.0,170.0,170.0,2721000.0,0.0
2015-03-12,169.0,174.0,169.0,172.5,3040000.0,0.0
2015-03-13,172.0,173.0,170.5,171.5,2108000.0,0.0
2015-03-16,170.5,172.5,170.0,170.0,2898000.0,0.0
2015-03-17,171.5,172.5,169.5,170.5,4715000.0,0.0
2015-03-18,170.5,172.0,169.5,170.0,5837000.0,0.0
2015-03-19,171.0,175.5,170.5,173.0,5480000.0,0.0
2015-03-20,173.0,176.5,172.5,172.5,4272000.0,0.0
2015-03-23,174.0,175.0,171.0,171.5,3053000.0,0.0
2015-03-24,171.5,173.0,170.0,170.0,3242000.0,0.0
2015-03-25,170.0,171.0,164.5,164.5,5310000.0,0.0
2015-03-26,163.0,163.5,158.0,160.0,8678000.0,0.0
2015-03-27,160.0,162.5,154.0,155.0,8836000.0,0.0
2015-03-30,156.5,157.0,153.5,155.0,4764000.0,0.0
2015-03-31,157.0,162.0,157.0,162.0,3781000.0,0.0
2015-04-01,162.0,162.5,160.0,161.5,2867000.0,0.0
2015-04-02,162.5,165.0,162.0,164.0,3912000.0,0.0
2015-04-07,165.5,166.0,163.0,164.0,2531000.0,0.0
2015-04-08,163.0,163.5,156.5,156.5,4043000.0,0.0
2015-04-09,155.0,155.0,148.5,152.5,10647000.0,0.0
2015-04-10,153.0,155.0,150.0,152.0,4872000.0,0.0
2015-04-13,153.5,158.0,153.0,158.0,4361000.0,0.0
2015-04-14,156.5,158.0,155.0,157.0,2203000.0,0.0
2015-04-15,157.0,157.5,152.0,154.0,2918000.0,0.0
2015-04-16,154.5,156.0,151.5,156.0,3498000.0,0.0
2015-04-17,156.0,156.5,154.0,155.0,2909000.0,0.0
2015-04-20,156.0,157.5,154.0,154.5,3223000.0,0.0
2015-04-21,154.5,156.0,152.0,152.0,1928000.0,0.0
2015-04-22,150.5,152.0,146.5,148.0,7998000.0,0.0
2015-04-23,150.5,158.0,149.0,158.0,6634000.0,0.0
2015-04-24,159.0,160.5,157.0,160.5,4517000.0,0.0
2015-04-27,161.5,163.0,160.0,161.5,2796000.0,0.0
2015-04-28,163.5,166.0,162.0,164.0,5740000.0,0.0
2015-04-29,164.5,164.5,159.5,159.5,3424000.0,0.0
2015-04-30,159.5,161.5,156.5,161.0,4277000.0,0.0
2015-05-04,162.5,163.0,157.0,157.0,4982000.0,0.0
2015-05-05,156.0,157.0,150.5,151.0,6408000.0,0.0
2015-05-06,148.0,159.0,145.5,154.0,11554000.0,0.0
2015-05-07,152.5,155.0,150.0,150.0,6388000.0,0.0
2015-05-08,152.0,154.5,151.0,151.5,3252000.0,0.0
2015-05-11,154.0,154.5,152.5,153.5,2889000.0,0.0
2015-05-12,151.0,153.0,149.0,151.0,4559000.0,0.0
2015-05-13,153.0,161.0,152.0,158.5,7115000.0,0.0
2015-05-14,158.0,158.5,154.5,155.5,3754000.0,0.0
2015-05-15,156.5,160.0,156.0,158.0,2948000.0,0.0
2015-05-18,159.0,159.0,156.5,157.5,2174000.0,0.0
2015-05-19,159.0,161.0,157.5,160.0,3097000.0,0.0
2015-05-20,160.0,162.5,160.0,162.0,2820000.0,0.0
2015-05-21,162.0,162.0,158.5,160.0,3049000.0,0.0
2015-05-22,162.0,162.0,159.0,160.5,3317000.0,0.0
2015-05-25,160.5,161.0,159.5,161.0,1580000.0,0.0
2015-05-26,162.5,166.0,162.5,166.0,4882000.0,0.0
2015-05-27,165.0,165.5,162.5,164.0,5643000.0,0.0
2015-05-28,166.0,167.0,165.0,165.0,6794000.0,0.0
2015-05-29,167.5,169.0,166.0,167.5,5762000.0,0.0
2015-06-01,168.5,169.0,163.0,167.5,4957000.0,0.0
2015-06-02,166.5,167.0,164.5,165.0,3283000.0,0.0
2015-06-03,165.0,166.5,163.5,165.5,2946000.0,0.0
2015-06-04,165.5,166.0,163.5,163.5,3380000.0,0.0
2015-06-05,163.0,163.0,154.0,157.5,5718000.0,0.0
2015-06-08,155.0,156.5,154.0,154.5,5415000.0,0.0
2015-06-09,154.0,155.0,147.5,149.0,6537000.0,0.0
2015-06-10,152.0,154.0,149.5,153.0,3106000.0,0.0
2015-06-11,153.0,153.5,148.0,148.5,3997000.0,0.0
2015-06-12,149.0,153.0,148.5,151.5,2662000.0,0.0
2015-06-15,151.0,151.5,149.0,150.0,1985000.0,0.0
2015-06-16,149.0,150.0,147.0,148.5,3070000.0,0.0
2015-06-17,149.0,152.5,148.0,148.5,5420000.0,0.0
2015-06-18,147.0,151.0,146.0,149.0,4821000.0,0.0
2015-06-22,152.0,156.5,151.0,153.5,4675000.0,0.0
2015-06-23,155.0,155.5,151.0,151.0,2410000.0,0.0
2015-06-24,152.0,154.0,151.0,151.0,1521000.0,0.0
2015-06-25,152.0,154.0,151.0,151.5,2373000.0,0.0
2015-06-26,152.0,153.0,152.0,152.0,1163000.0,0.0
2015-06-29,150.0,150.5,148.0,148.0,2369000.0,0.0
2015-06-30,149.0,151.0,148.0,149.0,2306000.0,0.0
2015-07-01,150.0,152.5,149.5,151.0,2826000.0,0.0
2015-07-02,151.0,152.0,150.0,150.0,1646000.0,0.0
2015-07-03,149.5,151.5,149.0,150.5,1611000.0,0.0
2015-07-06,149.5,152.5,148.0,148.0,2619000.0,0.0
2015-07-07,148.5,150.0,147.0,147.0,2515000.0,0.0
2015-07-08,146.0,147.0,136.0,140.0,5338000.0,0.0
2015-07-09,135.0,141.0,133.5,138.5,4201000.0,0.0
2015-07-10,138.5,138.5,138.5,138.5,0.0,0.0
2015-07-13,141.0,142.5,139.0,141.0,4507000.0,0.0
2015-07-14,133.5,134.0,126.0,127.5,8362000.0,10.0
2015-07-15,129.0,130.0,126.5,128.5,6089000.0,0.0
2015-07-16,130.0,131.0,125.5,127.5,6109000.0,0.0
2015-07-17,129.0,129.5,126.0,129.5,4496000.0,0.0
2015-07-20,130.0,130.5,126.0,126.5,3489000.0,0.0
2015-07-21,125.5,127.0,125.0,126.5,2261000.0,0.0
2015-07-22,126.5,128.0,126.0,127.5,2410000.0,0.0
2015-07-23,126.5,127.0,122.0,124.0,3855000.0,0.0
2015-07-24,122.5,125.5,118.0,125.5,5222000.0,0.0
2015-07-27,122.5,125.0,113.0,114.5,6616000.0,0.0
2015-07-28,114.5,118.0,111.5,117.0,6979000.0,0.0
2015-07-29,116.5,117.0,113.5,114.0,6400000.0,0.0
2015-07-30,112.5,116.0,112.5,114.0,4230000.0,0.0
2015-07-31,115.5,117.5,114.5,114.5,7431000.0,0.0
2015-08-03,115.0,115.0,110.0,112.0,4761000.0,0.0
2015-08-04,112.0,113.0,105.0,107.0,6947000.0,0.0
2015-08-05,106.0,108.5,104.0,107.5,4124000.0,0.0
2015-08-06,110.5,116.0,109.0,114.0,9510000.0,0.0
2015-08-07,112.5,113.0,108.5,109.0,5900000.0,0.0
2015-08-10,108.0,113.5,107.0,113.0,4153000.0,0.0
2015-08-11,115.0,116.0,113.5,114.5,5493000.0,0.0
2015-08-12,114.0,115.5,111.0,115.0,4118000.0,0.0
2015-08-13,115.0,119.0,113.5,119.0,3413000.0,0.0
2015-08-14,117.0,118.5,112.5,113.0,3882000.0,0.0
2015-08-17,113.0,113.0,110.0,110.5,2184000.0,0.0
2015-08-18,110.5,113.5,110.5,112.0,3820000.0,0.0
2015-08-19,113.0,113.0,108.0,110.0,3765000.0,0.0
2015-08-20,110.0,112.5,108.0,111.0,4408000.0,0.0
2015-08-21,108.5,109.0,105.0,106.0,5063000.0,0.0
2015-08-24,103.0,104.5,95.7,102.0,6945000.0,0.0
2015-08-25,98.0,106.5,98.0,106.5,3553000.0,0.0
2015-08-26,106.5,108.5,104.5,106.0,3314000.0,0.0
2015-08-27,105.0,108.0,103.5,104.0,4739000.0,0.0
2015-08-28,106.0,108.0,105.0,105.0,4282000.0,0.0
2015-08-31,106.5,109.0,105.0,109.0,4346000.0,0.0
2015-09-01,108.0,109.0,106.0,108.5,1880000.0,0.0
2015-09-02,106.5,108.0,106.0,106.5,2236000.0,0.0
2015-09-03,108.0,108.5,106.5,108.0,2513000.0,0.0
2015-09-04,108.0,112.5,107.5,109.0,3953000.0,0.0
2015-09-07,109.5,111.5,108.0,110.5,2865000.0,0.0
2015-09-08,111.5,114.5,111.0,113.0,4124000.0,0.0
2015-09-09,116.0,121.0,115.0,120.5,6285000.0,0.0
2015-09-10,120.0,121.5,118.5,121.5,4079000.0,0.0
2015-09-11,122.0,122.0,120.0,122.0,2589000.0,0.0
2015-09-14,122.0,124.0,120.0,120.0,2625000.0,0.0
2015-09-15,121.0,121.0,118.0,119.0,2598000.0,0.0
2015-09-16,120.0,120.5,117.5,117.5,2566000.0,0.0
2015-09-17,119.0,120.0,117.0,118.0,4127000.0,0.0
2015-09-18,118.0,118.0,115.5,118.0,3238000.0,0.0
2015-09-21,115.5,116.5,111.5,111.5,4298000.0,0.0
2015-09-22,111.5,113.0,109.0,112.0,4782000.0,0.0
2015-09-23,110.5,112.0,110.0,111.0,2119000.0,0.0
2015-09-24,112.0,113.0,107.0,107.0,3774000.0,0.0
2015-09-25,107.5,109.0,106.0,107.0,2110000.0,0.0
2015-09-29,107.0,107.0,107.0,107.0,0.0,0.0
2015-09-30,102.5,104.0,101.5,103.0,6885000.0,0.0
2015-10-01,103.5,108.5,103.0,107.0,4971000.0,0.0
2015-10-02,106.5,109.0,105.5,108.0,2520000.0,0.0
2015-10-05,110.0,113.5,109.0,111.5,4659000.0,0.0
2015-10-06,114.0,114.0,111.5,112.0,2330000.0,0.0
2015-10-07,110.5,111.5,108.5,111.5,4469000.0,0.0
2015-10-08,113.0,114.0,111.0,113.5,4011000.0,0.0
2015-10-12,114.5,117.5,113.0,117.0,5318000.0,0.0
2015-10-13,119.0,119.5,117.0,118.0,4826000.0,0.0
2015-10-14,117.5,119.0,115.5,115.5,2900000.0,0.0
2015-10-15,117.0,118.0,116.0,116.0,4332000.0,0.0
2015-10-16,117.5,118.0,116.0,117.0,4620000.0,0.0
2015-10-19,117.5,118.0,114.0,114.5,3142000.0,0.0
2015-10-20,114.5,116.0,114.5,115.5,2326000.0,0.0
2015-10-21,115.5,116.5,113.5,113.5,3556000.0,0.0
2015-10-22,113.5,116.0,113.0,115.0,3094000.0,0.0
2015-10-23,118.0,119.0,116.5,117.0,4061000.0,0.0
2015-10-26,118.5,119.0,117.0,118.0,1828000.0,0.0
2015-10-27,119.0,119.0,117.0,118.0,2593000.0,0.0
2015-10-28,118.0,118.5,114.5,115.0,2130000.0,0.0
2015-10-29,116.0,116.5,112.5,112.5,2185000.0,0.0
2015-10-30,112.0,113.0,109.5,111.0,3181000.0,0.0
2015-11-02,109.5,113.0,109.5,112.5,3876000.0,0.0
2015-11-03,114.0,119.5,113.0,118.0,5664000.0,0.0
2015-11-04,118.0,129.5,117.5,129.5,13651000.0,0.0
2015-11-05,129.5,131.5,127.0,130.5,6954000.0,0.0
2015-11-06,130.0,130.0,124.0,124.0,5342000.0,0.0
2015-11-09,123.5,126.0,119.5,120.0,4763000.0,0.0
2015-11-10,119.0,123.0,117.5,120.0,4260000.0,0.0
2015-11-11,120.0,120.5,115.0,115.5,3511000.0,0.0
2015-11-12,116.0,118.5,114.5,118.5,3117000.0,0.0
2015-11-13,116.0,120.0,116.0,117.0,2018000.0,0.0
2015-11-16,116.0,119.0,115.0,118.0,1922000.0,0.0
2015-11-17,120.0,121.0,116.0,116.5,2394000.0,0.0
2015-11-18,115.5,118.0,115.5,116.5,1950000.0,0.0
2015-11-19,118.0,119.0,116.0,118.0,1667000.0,0.0
2015-11-20,117.5,118.0,116.0,116.5,1921000.0,0.0
2015-11-23,117.5,119.0,116.0,119.0,2509000.0,0.0
2015-11-24,119.5,125.5,118.0,122.5,6912000.0,0.0
2015-11-25,125.0,125.0,120.5,121.5,3458000.0,0.0
2015-11-26,123.5,125.0,122.5,124.0,2595000.0,0.0
2015-11-27,125.0,125.0,121.5,122.0,1513000.0,0.0
2015-11-30,120.0,121.0,118.0,118.5,3851000.0,0.0
2015-12-01,119.5,123.0,119.5,123.0,3385000.0,0.0
2015-12-02,125.5,131.0,125.0,131.0,8072000.0,0.0
2015-12-03,128.0,135.0,127.5,135.0,7818000.0,0.0
2015-12-04,133.0,134.5,131.0,133.0,3740000.0,0.0
2015-12-07,136.0,138.0,134.5,137.5,4412000.0,0.0
2015-12-08,131.5,133.0,129.0,131.0,7314000.0,0.0
2015-12-09,128.0,133.0,127.0,130.0,4114000.0,0.0
2015-12-10,127.0,132.5,123.5,131.0,5103000.0,0.0
2015-12-11,128.5,131.0,126.0,126.0,2459000.0,0.0
2015-12-14,124.0,127.5,123.5,126.5,1779000.0,0.0
2015-12-15,128.0,131.0,128.0,129.5,2499000.0,0.0
2015-12-16,132.5,132.5,126.5,127.0,2471000.0,0.0
2015-12-17,128.0,133.0,128.0,133.0,3565000.0,0.0
2015-12-18,131.0,135.0,130.0,134.0,3545000.0,0.0
2015-12-21,133.5,135.5,132.5,135.0,2840000.0,0.0
2015-12-22,136.5,140.0,133.5,135.0,4541000.0,0.0
2015-12-23,135.0,136.0,134.5,135.0,986000.0,0.0
2015-12-24,136.0,137.0,133.5,135.5,946000.0,0.0
2015-12-25,137.0,137.0,134.5,136.5,1011000.0,0.0
2015-12-28,137.0,138.5,136.0,136.5,1156000.0,0.0
2015-12-29,136.5,136.5,131.0,132.0,2937000.0,0.0
2015-12-30,133.0,133.5,130.5,131.0,1677000.0,0.0
2015-12-31,131.0,132.5,129.0,129.0,1381000.0,0.0
2016-01-04,130.0,130.5,125.0,126.5,2430000.0,0.0
2016-01-05,126.0,127.0,123.0,125.5,3006000.0,0.0
2016-01-06,125.5,126.0,121.0,123.0,3056000.0,0.0
2016-01-07,122.5,123.0,115.5,117.0,4209000.0,0.0
2016-01-08,115.0,121.5,114.5,121.5,3635000.0,0.0
2016-01-11,118.0,118.5,114.5,115.5,3330000.0,0.0
2016-01-12,117.0,119.0,116.0,116.0,2302000.0,0.0
2016-01-13,118.0,119.0,116.5,117.0,1047000.0,0.0
2016-01-14,113.0,115.0,112.0,114.5,2043000.0,0.0
2016-01-15,115.0,117.0,114.5,115.5,2035000.0,0.0
2016-01-18,113.0,124.0,113.0,123.5,2981000.0,0.0
2016-01-19,123.5,124.0,120.0,122.0,2278000.0,0.0
2016-01-20,120.5,122.0,118.0,120.0,3587000.0,0.0
2016-01-21,120.5,121.5,115.5,115.5,3020000.0,0.0
2016-01-22,118.0,119.5,116.5,118.0,2306000.0,0.0
2016-01-25,119.5,122.0,118.0,121.5,1798000.0,0.0
2016-01-26,121.5,124.0,119.0,124.0,2546000.0,0.0
2016-01-27,124.0,124.5,121.5,122.0,1131000.0,0.0
2016-01-28,121.5,129.5,121.5,129.0,3218000.0,0.0
2016-01-29,133.0,138.0,132.0,138.0,8794000.0,0.0
2016-02-01,137.0,138.5,134.5,136.0,4175000.0,0.0
2016-02-02,136.0,136.0,131.0,132.0,3349000.0,0.0
2016-02-03,128.5,133.5,127.5,131.0,4025000.0,0.0
2016-02-15,131.0,140.0,130.0,135.5,6185000.0,0.0
2016-02-16,135.5,137.5,134.5,135.5,3292000.0,0.0
2016-02-17,137.5,138.5,133.0,133.0,4122000.0,0.0
2016-02-18,134.0,137.0,133.5,133.5,3963000.0,0.0
2016-02-19,135.0,139.0,134.5,138.0,3189000.0,0.0
2016-02-22,139.0,139.0,136.0,137.0,1483000.0,0.0
2016-02-23,138.0,138.5,135.5,135.5,1321000.0,0.0
2016-02-24,137.0,137.5,133.5,134.5,1636000.0,0.0
2016-02-25,135.5,137.5,135.0,136.5,2208000.0,0.0
2016-02-26,139.0,140.5,136.0,138.0,2669000.0,0.0
2016-03-01,136.0,137.0,134.0,135.5,4133000.0,0.0
2016-03-02,138.0,141.0,135.0,135.5,5527000.0,0.0
2016-03-03,138.0,138.5,135.5,136.0,3864000.0,0.0
2016-03-04,137.0,137.0,134.0,135.0,2953000.0,0.0
2016-03-07,135.5,137.0,134.0,135.0,3900000.0,0.0
2016-03-08,135.0,136.0,134.0,135.0,1795000.0,0.0
2016-03-09,134.5,135.0,132.5,134.0,2163000.0,0.0
2016-03-10,134.0,135.5,134.0,135.0,2113000.0,0.0
2016-03-11,135.0,135.5,132.5,135.0,1735000.0,0.0
2016-03-14,135.5,136.5,134.5,136.0,1945000.0,0.0
2016-03-15,136.0,136.5,131.5,131.5,3551000.0,0.0
2016-03-16,131.5,133.0,129.5,130.5,3177000.0,0.0
2016-03-17,133.0,134.5,130.5,130.5,2577000.0,0.0
2016-03-18,131.5,134.0,131.0,132.5,3932000.0,0.0
2016-03-21,135.0,135.5,132.0,134.5,5790000.0,0.0
2016-03-22,132.0,134.0,125.0,126.5,9285000.0,0.0
2016-03-23,126.0,127.0,120.5,121.5,6370000.0,0.0
2016-03-24,121.0,122.5,119.0,119.0,4839000.0,0.0
2016-03-25,120.5,123.5,120.5,122.5,3525000.0,0.0
2016-03-28,123.5,124.0,121.5,124.0,2041000.0,0.0
2016-03-29,124.5,127.0,124.0,126.0,4371000.0,0.0
2016-03-30,128.0,128.5,127.0,128.0,4022000.0,0.0
2016-03-31,130.0,130.5,126.0,129.5,3980000.0,0.0
2016-04-01,127.5,128.0,122.0,125.0,4199000.0,0.0
2016-04-06,123.0,123.5,120.5,121.5,2773000.0,0.0
2016-04-07,121.0,122.5,118.0,120.0,3316000.0,0.0
2016-04-08,119.0,122.0,118.5,120.0,2573000.0,0.0
2016-04-11,120.0,123.5,118.0,123.5,2569000.0,0.0
2016-04-12,123.0,123.5,121.5,122.5,2525000.0,0.0
2016-04-13,121.5,122.0,117.0,117.5,5282000.0,0.0
2016-04-14,118.0,119.0,116.0,116.5,4063000.0,0.0
2016-04-15,115.5,116.5,113.0,116.0,4669000.0,0.0
2016-04-18,114.0,116.5,113.5,115.5,3345000.0,0.0
2016-04-19,116.0,116.5,109.0,109.0,11237000.0,0.0
2016-04-20,110.0,111.5,108.5,109.0,7613000.0,0.0
2016-04-21,110.0,110.0,106.5,106.5,5388000.0,0.0
2016-04-22,108.0,111.0,107.5,111.0,5131000.0,0.0
2016-04-25,111.0,113.0,109.5,112.0,2570000.0,0.0
2016-04-26,114.5,117.0,113.0,114.0,6946000.0,0.0
2016-04-27,114.0,114.5,112.5,112.5,2399000.0,0.0
2016-04-28,113.0,113.5,111.0,111.5,2138000.0,0.0
2016-04-29,111.0,113.5,110.5,113.0,2257000.0,0.0
2016-05-03,113.0,113.0,110.0,110.0,3077000.0,0.0
2016-05-04,110.0,110.5,108.0,109.0,2528000.0,0.0
2016-05-05,109.0,110.0,107.5,108.5,2413000.0,0.0
2016-05-06,108.0,109.0,107.0,107.0,3266000.0,0.0
2016-05-09,108.5,110.5,108.0,110.0,4110000.0,0.0
2016-05-10,109.0,109.5,107.0,108.5,2653000.0,0.0
2016-05-11,108.5,109.5,108.0,108.0,2685000.0,0.0
2016-05-12,108.0,109.0,107.0,108.5,2263000.0,0.0
2016-05-13,107.5,107.5,102.0,103.5,6651000.0,0.0
2016-05-16,103.5,105.0,102.5,104.0,2373000.0,0.0
2016-05-17,104.0,106.5,103.5,105.5,3530000.0,0.0
2016-05-18,104.5,105.5,103.5,104.0,2709000.0,0.0
2016-05-19,104.0,104.5,102.5,103.0,1650000.0,0.0
2016-05-20,103.5,104.0,102.0,102.5,2403000.0,0.0
2016-05-23,103.0,106.5,102.5,105.0,5162000.0,0.0
2016-05-24,110.0,112.0,109.0,109.0,10211000.0,0.0
2016-05-25,111.0,111.0,109.0,109.5,5518000.0,0.0
2016-05-26,111.0,113.5,110.5,112.5,5184000.0,0.0
2016-05-27,113.0,113.0,109.5,109.5,4918000.0,0.0
2016-05-30,109.5,110.5,108.5,109.5,3983000.0,0.0
2016-05-31,109.0,110.0,108.0,108.5,6690000.0,0.0
2016-06-01,108.5,111.5,108.5,110.0,3578000.0,0.0
2016-06-02,110.0,111.5,109.0,109.0,3181000.0,0.0
2016-06-03,109.0,109.5,104.0,106.0,6052000.0,0.0
2016-06-06,107.5,108.5,106.5,107.5,2818000.0,0.0
2016-06-07,108.0,109.0,107.0,109.0,2400000.0,0.0
2016-06-08,109.5,111.0,109.5,110.0,2383000.0,0.0
2016-06-13,109.0,109.0,107.5,109.0,2239000.0,0.0
2016-06-14,109.0,110.0,108.5,110.0,1438000.0,0.0
2016-06-15,110.0,111.0,109.0,110.5,1441000.0,0.0
2016-06-16,110.0,110.0,108.0,108.5,1761000.0,0.0
2016-06-17,112.0,114.5,112.0,113.5,8311000.0,0.0
2016-06-20,115.0,115.5,112.5,114.0,4162000.0,0.0
2016-06-21,114.0,116.0,113.5,116.0,3106000.0,0.0
2016-06-22,116.0,116.0,114.5,116.0,2256000.0,0.0
2016-06-23,116.0,116.5,114.0,114.5,2079000.0,0.0
2016-06-24,115.0,115.5,109.0,111.5,3908000.0,0.0
2016-06-27,110.0,113.0,110.0,112.0,2487000.0,0.0
2016-06-28,111.0,112.5,110.0,112.5,7602000.0,0.0
2016-06-29,113.0,115.0,112.5,115.0,4608000.0,0.0
2016-06-30,116.0,119.5,115.0,119.5,9189000.0,0.0
2016-07-01,121.0,122.5,120.0,120.0,5371000.0,0.0
2016-07-04,120.0,121.0,120.0,120.0,3205000.0,0.0
2016-07-05,120.0,120.5,118.0,119.5,3513000.0,0.0
2016-07-06,118.5,119.0,116.5,118.0,3283000.0,0.0
2016-07-07,119.0,122.5,118.5,122.0,5365000.0,0.0
2016-07-08,122.0,122.0,122.0,122.0,0.0,0.0
2016-07-11,125.0,128.0,124.0,126.5,14928000.0,0.0
2016-07-12,119.5,120.0,114.0,114.5,12509000.0,9.0
2016-07-13,116.0,116.5,112.0,112.5,6538000.0,0.0
2016-07-14,111.5,112.0,109.5,111.0,7240000.0,0.0
2016-07-15,112.0,114.0,112.0,113.0,5576000.0,0.0
2016-07-18,114.0,114.5,111.0,111.5,4306000.0,0.0
2016-07-19,112.5,113.5,111.0,112.5,4077000.0,0.0
2016-07-20,112.5,113.5,111.0,111.0,4737000.0,0.0
2016-07-21,112.5,113.5,111.5,113.0,4147000.0,0.0
2016-07-22,113.0,113.5,111.5,112.0,3012000.0,0.0
2016-07-25,112.5,113.0,110.0,110.5,2339000.0,0.0
2016-07-26,110.5,113.5,110.5,113.0,3564000.0,0.0
2016-07-27,113.5,115.5,113.0,115.5,5118000.0,0.0
2016-07-28,116.0,116.5,114.0,115.5,5573000.0,0.0
2016-07-29,115.0,115.5,112.0,112.0,5050000.0,0.0
2016-08-01,112.0,113.5,112.0,113.0,3062000.0,0.0
2016-08-02,112.0,113.5,111.5,112.5,4242000.0,0.0
2016-08-03,111.0,112.0,110.0,110.5,3246000.0,0.0
2016-08-04,111.0,112.0,110.0,111.5,3643000.0,0.0
2016-08-05,112.0,112.5,110.5,112.0,3334000.0,0.0
2016-08-08,113.0,113.0,111.0,111.5,3820000.0,0.0
2016-08-09,112.0,112.5,109.0,110.5,4137000.0,0.0
2016-08-10,111.0,111.0,108.5,109.0,2710000.0,0.0
2016-08-11,109.0,110.0,108.5,109.0,3105000.0,0.0
2016-08-12,109.0,109.5,107.5,107.5,2392000.0,0.0
2016-08-15,108.0,110.0,107.5,109.5,3583000.0,0.0
2016-08-16,109.5,110.0,108.0,108.0,1826000.0,0.0
2016-08-17,108.0,109.0,107.5,108.0,1960000.0,0.0
2016-08-18,108.5,109.5,108.0,108.5,1233000.0,0.0
2016-08-19,109.0,109.5,107.5,108.0,2406000.0,0.0
2016-08-22,108.0,108.5,106.5,106.5,1208000.0,0.0
2016-08-23,106.5,108.5,106.5,107.5,2219000.0,0.0
2016-08-24,107.5,109.0,107.5,108.0,1498000.0,0.0
2016-08-25,109.0,111.0,108.0,110.0,3103000.0,0.0
2016-08-26,110.0,110.0,109.0,109.5,1302000.0,0.0
2016-08-29,109.5,110.5,108.5,110.0,1584000.0,0.0
2016-08-30,111.0,111.0,109.5,109.5,959000.0,0.0
2016-08-31,110.0,110.5,108.5,109.0,2099000.0,0.0
2016-09-01,108.5,109.0,108.0,109.0,1542000.0,0.0
2016-09-02,109.5,109.5,106.5,106.5,1881000.0,0.0
2016-09-05,108.0,109.0,107.5,108.5,2204000.0,0.0
2016-09-06,108.5,109.5,107.5,109.0,1903000.0,0.0
2016-09-07,110.0,111.0,109.0,110.5,4936000.0,0.0
2016-09-08,111.0,112.0,110.0,111.5,2834000.0,0.0
2016-09-09,112.0,112.0,110.0,110.5,1512000.0,0.0
2016-09-12,108.5,109.5,108.0,108.5,2092000.0,0.0
2016-09-13,109.0,110.5,107.5,109.5,2685000.0,0.0
2016-09-14,109.5,109.5,108.0,108.5,1828000.0,0.0
2016-09-19,108.5,111.0,108.0,110.0,3848000.0,0.0
2016-09-20,110.5,112.0,110.5,111.5,5663000.0,0.0
2016-09-21,111.5,114.0,110.5,113.5,9154000.0,0.0
2016-09-22,114.5,114.5,112.5,114.0,3899000.0,0.0
2016-09-23,114.0,114.0,112.5,113.5,2606000.0,0.0
2016-09-26,114.0,114.0,111.0,112.0,2370000.0,0.0
2016-09-27,112.0,112.0,112.0,112.0,0.0,0.0
2016-09-28,112.0,112.0,112.0,112.0,0.0,0.0
2016-09-29,112.0,112.5,109.5,111.5,4752000.0,0.0
2016-09-30,110.0,111.5,110.0,111.5,1689000.0,0.0
2016-10-03,111.5,112.5,111.0,112.0,2054000.0,0.0
2016-10-04,112.0,113.5,111.5,113.5,2574000.0,0.0
2016-10-05,112.5,113.5,112.0,113.0,1538000.0,0.0
2016-10-06,113.5,115.0,112.5,114.5,3395000.0,0.0
2016-10-07,115.0,115.0,113.5,114.5,1618000.0,0.0
2016-10-11,115.5,116.5,114.0,116.5,5826000.0,0.0
2016-10-12,115.5,116.0,114.5,115.5,1560000.0,0.0
2016-10-13,116.5,118.0,116.0,116.5,3346000.0,0.0
2016-10-14,116.5,117.0,115.5,116.5,2558000.0,0.0
2016-10-17,116.5,119.0,116.5,118.0,3832000.0,0.0
2016-10-18,118.5,119.0,116.5,118.5,2608000.0,0.0
2016-10-19,119.0,121.0,118.5,120.5,4434000.0,0.0
2016-10-20,120.5,121.5,119.5,120.0,2904000.0,0.0
2016-10-21,120.0,121.0,118.0,118.5,2610000.0,0.0
2016-10-24,119.0,119.5,117.5,119.0,2216000.0,0.0
2016-10-25,118.5,121.0,118.0,120.0,2365000.0,0.0
2016-10-26,120.5,120.5,119.0,119.5,1418000.0,0.0
2016-10-27,119.5,119.5,117.5,119.5,1671000.0,0.0
2016-10-28,119.5,120.0,118.5,119.5,2107000.0,0.0
2016-10-31,119.0,120.0,117.5,118.5,2161000.0,0.0
2016-11-01,118.0,119.0,117.0,117.0,955000.0,0.0
2016-11-02,116.0,116.0,113.5,113.5,3125000.0,0.0
2016-11-03,113.5,115.0,113.0,113.5,1873000.0,0.0
2016-11-04,113.5,115.0,113.0,114.5,1898000.0,0.0
2016-11-07,115.0,116.0,114.5,114.5,2065000.0,0.0
2016-11-08,114.0,115.0,113.0,115.0,1262000.0,0.0
2016-11-09,112.0,112.5,105.0,106.0,7063000.0,0.0
2016-11-10,109.0,110.0,108.0,108.0,2151000.0,0.0
2016-11-11,106.0,106.5,104.0,104.5,2540000.0,0.0
2016-11-14,104.5,105.5,104.0,104.5,1853000.0,0.0
2016-11-15,103.5,104.5,102.0,102.5,3001000.0,0.0
2016-11-16,103.0,105.0,103.0,104.0,1759000.0,0.0
2016-11-17,104.5,106.5,104.0,106.0,2342000.0,0.0
2016-11-18,106.0,107.0,105.0,106.0,1425000.0,0.0
2016-11-21,107.0,107.0,105.5,106.5,620000.0,0.0
2016-11-22,107.0,109.5,106.0,109.5,2921000.0,0.0
2016-11-23,109.5,109.5,107.0,107.5,2211000.0,0.0
2016-11-24,107.5,108.5,107.0,107.5,1004000.0,0.0
2016-11-25,108.0,108.5,107.5,107.5,434000.0,0.0
2016-11-28,107.5,109.0,107.5,109.0,943000.0,0.0
2016-11-29,109.0,109.0,107.0,107.0,1374000.0,0.0
2016-11-30,108.0,108.0,106.0,106.0,2159000.0,0.0
2016-12-01,107.0,109.0,106.5,108.0,1290000.0,0.0
2016-12-02,108.5,108.5,107.0,107.0,1043000.0,0.0
2016-12-05,107.0,108.0,106.5,107.0,593000.0,0.0
2016-12-06,108.5,108.5,107.5,108.0,855000.0,0.0
2016-12-07,107.5,108.5,107.0,108.5,832000.0,0.0
2016-12-08,108.5,109.0,106.5,108.0,2164000.0,0.0
2016-12-09,108.0,108.5,107.5,108.0,866000.0,0.0
2016-12-12,108.0,108.0,106.0,106.5,1159000.0,0.0
2016-12-13,106.5,107.0,105.0,106.5,1662000.0,0.0
2016-12-14,107.0,107.0,105.5,107.0,683000.0,0.0
2016-12-15,106.0,107.0,105.5,106.5,1195000.0,0.0
2016-12-16,107.5,110.0,107.5,109.0,3664000.0,0.0
2016-12-19,107.0,107.5,105.0,105.5,2072000.0,0.0
2016-12-20,106.0,107.0,106.0,106.5,831000.0,0.0
2016-12-21,106.5,106.5,105.0,105.0,1668000.0,0.0
2016-12-22,105.0,105.0,103.5,103.5,2066000.0,0.0
2016-12-23,103.5,104.5,103.0,103.5,1231000.0,0.0
2016-12-26,104.0,105.0,103.5,104.5,679000.0,0.0
2016-12-27,104.0,104.5,103.5,104.0,641000.0,0.0
2016-12-28,104.0,105.5,103.5,104.5,1115000.0,0.0
2016-12-29,104.5,106.0,104.0,105.5,1528000.0,0.0
2016-12-30,106.5,107.0,105.0,106.5,1608000.0,0.0
2017-01-03,106.5,107.0,106.0,107.0,847000.0,0.0
2017-01-04,107.5,107.5,106.0,107.5,1426000.0,0.0
2017-01-05,108.0,109.0,107.5,109.0,1844000.0,0.0
2017-01-06,109.5,111.5,109.5,110.0,2762000.0,0.0
2017-01-09,110.0,110.0,107.0,107.0,1770000.0,0.0
2017-01-10,107.5,110.0,107.0,110.0,1361000.0,0.0
2017-01-11,110.0,110.5,108.5,110.0,1288000.0,0.0
2017-01-12,110.5,111.5,110.0,111.5,2131000.0,0.0
2017-01-13,111.5,112.5,110.5,112.5,1760000.0,0.0
2017-01-16,112.0,112.5,111.0,112.0,1544000.0,0.0
2017-01-17,112.0,112.5,110.5,111.0,1227000.0,0.0
2017-01-18,110.5,112.0,110.5,111.0,1834000.0,0.0
2017-01-19,112.0,112.0,108.0,108.5,2818000.0,0.0
2017-01-20,109.0,109.5,108.5,108.5,1201000.0,0.0
2017-01-23,109.5,111.0,109.5,111.0,1647000.0,0.0
2017-01-24,110.5,111.5,110.5,110.5,1216000.0,0.0
2017-02-02,112.0,112.0,109.0,110.0,2659000.0,0.0
2017-02-03,110.5,111.0,109.0,111.0,1974000.0,0.0
2017-02-06,111.0,115.5,110.5,115.0,4646000.0,0.0
2017-02-07,115.0,116.5,114.0,115.5,3339000.0,0.0
2017-02-08,117.5,120.0,116.5,118.5,5159000.0,0.0
2017-02-09,119.0,119.0,116.5,118.0,3201000.0,0.0
2017-02-10,118.5,119.0,115.0,115.0,4150000.0,0.0
2017-02-13,115.0,118.5,115.0,118.0,1667000.0,0.0
2017-02-14,118.5,119.5,117.5,119.0,2143000.0,0.0
2017-02-15,119.0,120.0,117.5,119.5,2201000.0,0.0
2017-02-16,119.0,119.5,116.0,116.5,2681000.0,0.0
2017-02-17,117.5,119.0,116.5,117.0,2278000.0,0.0
2017-02-20,117.5,118.5,116.5,116.5,1396000.0,0.0
2017-02-21,118.0,118.0,116.0,117.5,1895000.0,0.0
2017-02-22,118.5,118.5,116.5,118.0,1315000.0,0.0
2017-02-23,118.0,118.0,116.0,117.5,2152000.0,0.0
2017-02-24,116.5,117.5,115.0,115.0,2960000.0,0.0
2017-03-01,115.0,117.5,114.5,117.0,2029000.0,0.0
2017-03-02,117.0,117.5,114.0,115.0,2535000.0,0.0
2017-03-03,115.0,115.5,114.0,115.0,885000.0,0.0
2017-03-06,114.5,116.0,114.0,116.0,814000.0,0.0
2017-03-07,116.0,117.0,115.5,116.5,1446000.0,0.0
2017-03-08,117.0,117.5,115.5,116.5,1726000.0,0.0
2017-03-09,116.5,117.0,114.5,115.5,1444000.0,0.0
2017-03-10,115.5,115.5,113.5,114.0,1031000.0,0.0
2017-03-13,114.5,115.0,112.0,112.0,2870000.0,0.0
2017-03-14,113.0,115.0,113.0,114.5,2769000.0,0.0
2017-03-15,115.0,115.0,113.5,114.5,1262000.0,0.0
2017-03-16,115.0,115.5,114.5,115.0,869000.0,0.0
2017-03-17,115.5,116.0,115.0,116.0,2074000.0,0.0
2017-03-20,116.5,117.5,116.0,117.0,1075000.0,0.0
2017-03-21,118.0,118.0,117.0,118.0,2022000.0,0.0
2017-03-22,116.5,118.0,116.5,117.0,1340000.0,0.0
2017-03-23,117.5,118.5,117.0,118.5,1938000.0,0.0
2017-03-24,118.5,118.5,116.0,117.0,1371000.0,0.0
2017-03-27,117.0,118.0,116.5,117.5,922000.0,0.0
2017-03-28,118.0,118.0,116.0,116.5,1718000.0,0.0
2017-03-29,117.0,117.5,116.5,117.5,1107000.0,0.0
2017-03-30,118.0,118.0,116.5,117.5,1063000.0,0.0
2017-03-31,118.5,118.5,117.0,117.5,1117000.0,0.0
2017-04-05,117.0,118.0,115.0,116.0,3283000.0,0.0
2017-04-06,116.0,117.0,115.0,115.5,1397000.0,0.0
2017-04-07,115.5,117.0,115.0,117.0,710000.0,0.0
2017-04-10,117.0,117.0,116.0,116.5,529000.0,0.0
2017-04-11,116.0,117.0,115.5,116.5,641000.0,0.0
2017-04-12,115.5,116.0,114.0,114.5,1259000.0,0.0
2017-04-13,114.0,116.0,114.0,115.5,624000.0,0.0
2017-04-14,114.5,115.5,113.5,113.5,442000.0,0.0
2017-04-17,113.0,114.5,113.0,114.5,396000.0,0.0
2017-04-18,114.0,115.0,114.0,114.0,495000.0,0.0
2017-04-19,112.5,113.0,111.5,111.5,1613000.0,0.0
2017-04-20,112.5,112.5,111.0,111.5,1186000.0,0.0
2017-04-21,112.5,113.5,112.0,113.0,1345000.0,0.0
2017-04-24,114.0,114.0,110.5,111.0,1335000.0,0.0
2017-04-25,112.5,114.5,111.5,114.5,1588000.0,0.0
2017-04-26,114.5,116.0,114.0,116.0,1604000.0,0.0
2017-04-27,114.5,115.0,113.5,115.0,1170000.0,0.0
2017-04-28,115.0,116.0,114.5,116.0,891000.0,0.0
2017-05-02,116.0,117.0,115.0,117.0,1703000.0,0.0
2017-05-03,116.5,117.0,116.0,116.5,652000.0,0.0
2017-05-04,117.5,121.0,117.0,118.5,3604000.0,0.0
2017-05-05,120.5,122.0,119.0,121.5,4620000.0,0.0
2017-05-08,124.0,129.0,123.0,125.5,12376000.0,0.0
2017-05-09,127.0,127.0,122.0,123.5,5594000.0,0.0
2017-05-10,125.0,125.0,119.0,120.0,4726000.0,0.0
2017-05-11,120.0,120.0,117.0,119.0,5705000.0,0.0
2017-05-12,120.5,121.0,118.0,119.0,2074000.0,0.0
2017-05-15,119.0,120.5,118.5,120.0,2270000.0,0.0
2017-05-16,120.0,120.5,119.0,119.5,2733000.0,0.0
2017-05-17,119.0,119.5,117.5,119.0,2887000.0,0.0
2017-05-18,118.0,119.5,118.0,119.0,1864000.0,0.0
2017-05-19,118.5,119.5,118.0,118.5,1132000.0,0.0
2017-05-22,119.5,122.0,119.0,120.5,2882000.0,0.0
2017-05-23,122.5,123.0,120.0,120.5,2505000.0,0.0
2017-05-24,120.0,120.0,118.0,118.5,2978000.0,0.0
2017-05-25,119.0,120.5,118.5,120.0,2761000.0,0.0
2017-05-26,120.0,120.5,118.5,118.5,1700000.0,0.0
2017-05-31,119.5,119.5,118.0,119.5,2826000.0,0.0
2017-06-01,119.5,120.0,118.5,119.0,1598000.0,0.0
2017-06-02,120.0,121.0,119.5,120.5,1818000.0,0.0
2017-06-05,120.5,122.0,120.5,122.0,1176000.0,0.0
2017-06-06,122.0,123.0,121.5,122.0,1448000.0,0.0
2017-06-07,124.0,126.0,122.0,123.0,4219000.0,0.0
2017-06-08,123.5,125.0,123.0,123.5,2403000.0,0.0
2017-06-09,124.0,125.0,123.5,124.5,2748000.0,0.0
2017-06-12,123.0,124.0,122.0,123.0,1382000.0,0.0
2017-06-13,123.5,124.0,121.0,123.0,1556000.0,0.0
2017-06-14,123.0,123.0,119.5,120.0,2472000.0,0.0
2017-06-15,119.5,121.0,119.5,120.0,1497000.0,0.0
2017-06-16,119.5,122.0,119.5,120.5,2374000.0,0.0
2017-06-19,120.5,123.0,120.5,123.0,2021000.0,0.0
2017-06-20,122.5,123.0,122.0,122.5,1413000.0,0.0
2017-06-21,121.5,124.0,121.5,123.0,2595000.0,0.0
2017-06-22,123.5,125.0,123.0,124.0,2008000.0,0.0
2017-06-23,124.0,124.0,123.0,123.5,673000.0,0.0
2017-06-26,124.0,124.5,123.5,124.5,1517000.0,0.0
2017-06-27,124.5,125.0,124.0,124.5,1169000.0,0.0
2017-06-28,123.5,125.5,123.5,125.5,1835000.0,0.0
2017-06-29,126.0,127.5,125.0,125.0,2632000.0,0.0
2017-06-30,124.5,124.5,123.0,123.0,1152000.0,0.0
2017-07-03,123.5,124.5,123.0,124.5,992000.0,0.0
2017-07-04,124.5,124.5,123.0,123.5,1891000.0,0.0
2017-07-05,123.5,124.5,122.0,124.5,1268000.0,0.0
2017-07-06,124.5,125.0,123.5,124.5,2059000.0,0.0
2017-07-07,123.5,124.0,122.5,122.5,1829000.0,0.0
2017-07-10,123.0,123.5,122.5,123.0,3432000.0,0.0
2017-07-11,117.0,117.5,116.5,117.0,3076000.0,7.0
2017-07-12,118.0,118.0,117.0,118.0,1900000.0,0.0
2017-07-13,118.5,121.0,118.5,120.0,2309000.0,0.0
2017-07-14,120.0,121.0,119.0,120.5,668000.0,0.0
2017-07-17,120.5,121.0,118.0,119.0,1193000.0,0.0
2017-07-18,119.0,120.5,119.0,120.5,1125000.0,0.0
2017-07-19,120.0,121.0,119.0,120.0,1297000.0,0.0
2017-07-20,120.0,123.0,120.0,120.5,2697000.0,0.0
2017-07-21,120.0,120.5,118.5,119.0,1389000.0,0.0
2017-07-24,119.0,123.0,119.0,123.0,2522000.0,0.0
2017-07-25,122.0,123.0,121.0,121.5,702000.0,0.0
2017-07-26,122.0,122.5,121.0,121.5,1651000.0,0.0
2017-07-27,121.5,121.5,117.5,117.5,4278000.0,0.0
2017-07-28,116.5,117.0,112.0,113.0,5172000.0,0.0
2017-07-31,112.5,115.0,112.0,115.0,2030000.0,0.0
2017-08-01,115.0,115.5,113.0,114.5,2585000.0,0.0
2017-08-02,115.5,115.5,113.0,113.5,4269000.0,0.0
2017-08-03,113.0,114.5,112.5,113.5,3531000.0,0.0
2017-08-04,114.0,115.0,113.5,114.5,1829000.0,0.0
2017-08-07,115.5,115.5,113.0,113.5,2840000.0,0.0
2017-08-08,114.0,114.0,110.5,111.5,4053000.0,0.0
2017-08-09,111.0,111.5,110.0,110.5,2264000.0,0.0
2017-08-10,111.0,111.0,109.0,110.0,1855000.0,0.0
2017-08-11,109.5,110.5,109.0,110.0,1135000.0,0.0
2017-08-14,110.0,111.0,109.5,110.0,1026000.0,0.0
2017-08-15,111.0,111.5,109.0,110.0,1498000.0,0.0
2017-08-16,109.5,111.5,109.5,111.0,1582000.0,0.0
2017-08-17,111.0,112.5,110.0,111.5,1385000.0,0.0
2017-08-18,111.0,112.0,110.0,112.0,1051000.0,0.0
2017-08-21,112.0,112.0,110.0,110.0,1035749.0,0.0
2017-08-22,110.0,111.5,110.0,111.0,777466.0,0.0
2017-08-23,111.0,111.5,110.0,110.0,1134854.0,0.0
2017-08-24,111.0,111.0,110.0,110.5,923227.0,0.0
2017-08-25,111.0,111.0,109.5,110.0,1322020.0,0.0
2017-08-28,110.0,111.0,110.0,111.0,1129254.0,0.0
2017-08-29,111.0,111.0,109.5,110.0,1046597.0,0.0
2017-08-30,111.0,113.5,111.0,112.5,3992079.0,0.0
2017-08-31,113.0,117.5,113.0,117.5,5228773.0,0.0
2017-09-01,117.0,117.0,114.5,115.0,2416723.0,0.0
2017-09-04,114.5,116.5,114.0,115.5,1632049.0,0.0
2017-09-05,116.0,116.0,115.0,115.5,963325.0,0.0
2017-09-06,115.0,116.0,114.0,115.5,1669097.0,0.0
2017-09-07,115.5,117.0,115.0,115.0,2186202.0,0.0
2017-09-08,115.0,117.0,115.0,117.0,2382381.0,0.0
2017-09-11,117.0,117.5,116.0,116.0,1384408.0,0.0
2017-09-12,117.0,117.5,115.5,116.5,1542285.0,0.0
2017-09-13,116.5,117.0,115.5,116.0,1680595.0,0.0
2017-09-14,116.5,117.5,116.0,117.0,1708114.0,0.0
2017-09-15,116.5,119.0,116.5,117.0,2218036.0,0.0
2017-09-18,117.0,117.5,116.0,117.0,1111895.0,0.0
2017-09-19,117.5,118.5,116.0,116.0,2204750.0,0.0
2017-09-20,116.0,116.5,113.5,114.0,1920979.0,0.0
2017-09-21,114.0,115.5,114.0,115.5,927446.0,0.0
2017-09-22,114.5,115.0,112.5,113.0,1057676.0,0.0
2017-09-25,113.0,113.0,109.0,111.5,2448172.0,0.0
2017-09-26,111.5,112.0,110.5,111.5,1285963.0,0.0
2017-09-27,111.0,112.5,111.0,112.0,1061560.0,0.0
2017-09-28,111.0,112.5,111.0,112.0,1570849.0,0.0
2017-09-29,113.0,114.0,112.0,114.0,1918040.0,0.0
2017-10-02,115.5,115.5,114.0,114.5,1113622.0,0.0
2017-10-03,114.5,115.0,112.5,114.0,1486560.0,0.0
2017-10-05,113.5,114.5,113.0,114.5,854131.0,0.0
2017-10-06,114.5,114.5,112.5,113.5,1026939.0,0.0
2017-10-11,114.0,114.5,113.0,114.0,1721535.0,0.0
2017-10-12,114.0,114.5,113.0,114.0,1355077.0,0.0
2017-10-13,113.5,114.5,113.0,114.5,1167916.0,0.0
2017-10-16,114.5,115.5,113.5,115.0,1302473.0,0.0
2017-10-17,115.0,115.0,113.0,114.0,1718127.0,0.0
2017-10-18,114.0,114.0,112.5,114.0,1708425.0,0.0
2017-10-19,114.0,114.5,113.0,114.0,537059.0,0.0
2017-10-20,113.5,115.0,113.5,115.0,1138436.0,0.0
2017-10-23,115.5,116.0,114.5,115.0,1072659.0,0.0
2017-10-24,114.5,115.5,114.5,115.0,813745.0,0.0
2017-10-25,115.5,116.0,114.0,115.5,1266102.0,0.0
2017-10-26,113.5,113.5,112.5,113.0,1046936.0,0.0
2017-10-27,113.5,114.0,112.5,113.5,964458.0,0.0
2017-10-30,113.0,113.5,111.0,111.5,1700358.0,0.0
2017-10-31,111.5,112.5,111.5,111.5,1077327.0,0.0
2017-11-01,112.0,114.0,112.0,114.0,863666.0,0.0
2017-11-02,113.5,114.5,113.0,114.5,733287.0,0.0
2017-11-03,114.5,114.5,113.0,114.5,639222.0,0.0
2017-11-06,114.0,114.5,112.0,112.5,1332275.0,0.0
2017-11-07,113.0,114.0,112.5,113.0,893812.0,0.0
2017-11-08,114.0,116.5,113.5,116.0,5651434.0,0.0
2017-11-09,116.0,117.0,115.0,117.0,3391999.0,0.0
2017-11-10,117.0,119.0,115.0,118.5,2990594.0,0.0
2017-11-13,119.0,119.0,116.0,116.0,1681560.0,0.0
2017-11-14,115.5,117.5,115.0,117.5,1452564.0,0.0
2017-11-15,117.5,117.5,115.0,116.5,1298251.0,0.0
2017-11-16,116.0,117.5,116.0,117.0,915035.0,0.0
2017-11-17,117.0,117.5,115.5,115.5,1092354.0,0.0
2017-11-20,116.0,117.0,115.0,116.0,1202129.0,0.0
2017-11-21,116.5,117.5,116.0,117.0,1732859.0,0.0
2017-11-22,117.5,118.0,117.0,118.0,2337182.0,0.0
2017-11-23,119.0,121.0,118.0,118.0,3203146.0,0.0
2017-11-24,118.5,119.0,117.5,117.5,1337645.0,0.0
2017-11-27,118.0,118.5,117.5,118.0,1090587.0,0.0
2017-11-28,118.0,118.5,117.5,118.5,1175332.0,0.0
2017-11-29,119.0,119.5,117.5,118.0,1026505.0,0.0
2017-11-30,118.0,118.0,114.5,114.5,3553784.0,0.0
2017-12-01,115.0,118.0,114.0,117.5,3206675.0,0.0
2017-12-04,117.0,117.0,115.0,116.0,1244176.0,0.0
2017-12-05,115.5,116.0,114.0,115.0,1802079.0,0.0
2017-12-06,115.0,115.0,111.0,112.5,2869231.0,0.0
2017-12-07,113.0,113.5,111.5,112.0,1646419.0,0.0
2017-12-08,113.0,113.5,112.0,113.0,1479189.0,0.0
2017-12-11,113.0,114.5,113.0,114.5,1038670.0,0.0
2017-12-12,113.5,114.5,113.0,114.0,966639.0,0.0
2017-12-13,114.0,114.0,112.0,112.5,1053329.0,0.0
2017-12-14,113.0,116.5,113.0,115.5,1751101.0,0.0
2017-12-15,115.5,115.5,112.0,112.0,2358730.0,0.0
2017-12-18,113.0,113.0,112.0,113.0,395757.0,0.0
2017-12-19,113.0,114.0,112.5,113.5,1052431.0,0.0
2017-12-20,113.5,114.5,113.5,113.5,584905.0,0.0
2017-12-21,113.5,115.0,112.5,112.5,756837.0,0.0
2017-12-22,112.5,114.0,112.5,113.5,973149.0,0.0
2017-12-25,114.0,114.5,113.5,114.0,296704.0,0.0
2017-12-26,114.0,115.0,112.5,113.0,756843.0,0.0
2017-12-27,113.0,114.0,112.5,113.0,280501.0,0.0
2017-12-28,113.0,115.0,113.0,115.0,813434.0,0.0
2017-12-29,114.5,115.0,113.5,113.5,667008.0,0.0
2018-01-02,114.0,115.0,113.5,115.0,559894.0,0.0
2018-01-03,115.0,116.0,114.0,115.5,1112465.0,0.0
2018-01-04,115.5,116.5,115.0,116.5,1129382.0,0.0
2018-01-05,117.0,119.5,116.0,117.5,2789781.0,0.0
2018-01-08,118.5,118.5,116.0,116.0,1805734.0,0.0
2018-01-09,116.0,116.5,115.0,115.5,1072129.0,0.0
2018-01-10,116.0,116.5,114.5,115.5,1724164.0,0.0
2018-01-11,116.5,117.0,115.5,116.0,1064419.0,0.0
2018-01-12,116.0,117.0,115.5,116.5,1261723.0,0.0
2018-01-15,117.0,122.0,117.0,120.5,6921141.0,0.0
2018-01-16,126.5,131.0,125.0,126.0,15059826.0,0.0
2018-01-17,127.5,129.0,125.0,126.5,5090748.0,0.0
2018-01-18,126.5,130.5,125.5,128.0,8082493.0,0.0
2018-01-19,130.0,131.0,122.5,123.5,7737801.0,0.0
2018-01-22,123.5,125.0,122.0,125.0,4425301.0,0.0
2018-01-23,125.0,125.0,122.5,125.0,4000038.0,0.0
2018-01-24,125.0,125.5,123.0,124.5,3418977.0,0.0
2018-01-25,125.0,126.0,122.0,123.0,2825909.0,0.0
2018-01-26,123.0,126.0,121.0,125.5,5329871.0,0.0
2018-01-29,126.5,127.5,123.0,124.0,3961140.0,0.0
2018-01-30,124.0,124.5,121.0,122.0,4002329.0,0.0
2018-01-31,124.0,126.0,121.0,122.5,9008777.0,0.0
2018-02-01,124.0,125.0,121.0,122.5,8404402.0,0.0
2018-02-02,123.0,131.5,122.5,130.5,17698744.0,0.0
2018-02-05,126.0,133.0,125.0,131.0,11773482.0,0.0
2018-02-06,125.0,126.5,120.0,124.5,9782134.0,0.0
2018-02-07,123.0,124.5,120.0,121.5,11576312.0,0.0
2018-02-08,123.0,123.0,120.5,122.0,3761311.0,0.0
2018-02-09,118.0,122.5,116.0,121.0,4216711.0,0.0
2018-02-12,122.0,122.5,120.0,121.0,2169780.0,0.0
2018-02-21,123.5,125.5,122.0,125.5,3477187.0,0.0
2018-02-22,125.0,128.0,125.0,126.0,5214071.0,0.0
2018-02-23,127.0,127.5,126.0,127.5,3089615.0,0.0
2018-02-26,128.5,130.0,128.0,129.0,3545349.0,0.0
2018-02-27,130.0,130.0,126.5,126.5,4687853.0,0.0
2018-03-01,126.0,129.5,125.0,128.0,3153193.0,0.0
2018-03-02,125.5,129.5,125.5,128.5,2429372.0,0.0
2018-03-05,130.0,130.5,127.0,128.0,2842443.0,0.0
2018-03-06,129.0,130.0,128.5,129.5,2949489.0,0.0
2018-03-07,128.0,131.0,128.0,129.0,3130579.0,0.0
2018-03-08,130.0,134.0,129.0,130.0,6304840.0,0.0
2018-03-09,130.0,131.5,129.5,131.0,1319511.0,0.0
2018-03-12,133.0,133.0,130.5,131.5,2632033.0,0.0
2018-03-13,132.0,135.5,131.5,135.0,4572440.0,0.0
2018-03-14,134.5,138.5,134.0,138.5,6042746.0,0.0
2018-03-15,138.0,141.0,136.5,138.0,3308734.0,0.0
2018-03-16,139.0,141.0,137.0,139.5,6044104.0,0.0
2018-03-19,138.5,139.0,137.0,138.0,1877472.0,0.0
2018-03-20,137.0,138.0,135.0,135.5,1976972.0,0.0
2018-03-21,136.0,136.5,134.0,134.0,4372482.0,0.0
2018-03-22,134.0,141.0,134.0,136.5,7183561.0,0.0
2018-03-23,133.5,135.5,132.0,133.0,2709844.0,0.0
2018-03-26,133.0,135.5,133.0,135.0,1371149.0,0.0
2018-03-27,136.0,137.5,134.0,135.5,1255984.0,0.0
2018-03-28,132.5,133.0,129.0,129.5,3975709.0,0.0
2018-03-29,130.0,134.0,130.0,132.0,3021092.0,0.0
2018-03-30,132.5,133.5,130.5,132.0,1401412.0,0.0
2018-04-02,132.5,133.0,131.0,131.5,583003.0,0.0
2018-04-03,130.5,131.5,128.0,128.5,1795073.0,0.0
2018-04-09,131.0,131.5,128.5,130.5,2806513.0,0.0
2018-04-10,130.5,131.5,130.0,130.5,2333465.0,0.0
2018-04-11,130.5,131.0,128.0,129.0,1904049.0,0.0
2018-04-12,129.0,129.5,127.5,128.5,1874839.0,0.0
2018-04-13,129.0,129.5,127.5,129.0,1361030.0,0.0
2018-04-16,128.5,129.0,126.0,126.0,2186024.0,0.0
2018-04-17,126.0,127.0,125.0,126.0,2400501.0,0.0
2018-04-18,127.0,127.5,124.5,125.5,1875015.0,0.0
2018-04-19,127.0,129.0,127.0,128.0,4772563.0,0.0
2018-04-20,128.5,128.5,126.5,127.0,2320591.0,0.0
2018-04-23,128.0,128.0,124.5,126.0,1941593.0,0.0
2018-04-24,127.0,127.0,122.0,124.5,2607572.0,0.0
2018-04-25,123.5,125.5,122.5,125.5,1195225.0,0.0
2018-04-26,126.0,126.0,122.5,124.0,1479429.0,0.0
2018-04-27,124.5,125.5,122.5,125.0,1301769.0,0.0
2018-04-30,124.0,125.0,123.5,125.0,1397657.0,0.0
2018-05-02,124.5,125.0,124.0,124.5,867641.0,0.0
2018-05-03,124.0,124.5,122.0,122.0,1979656.0,0.0
2018-05-04,124.0,125.0,122.0,125.0,2370067.0,0.0
2018-05-07,125.0,125.5,120.0,121.5,2934612.0,0.0
2018-05-08,122.5,123.0,121.0,122.0,2521800.0,0.0
2018-05-09,128.0,134.0,127.5,133.5,7649153.0,0.0
2018-05-10,134.0,135.0,132.5,133.5,4336435.0,0.0
2018-05-11,134.5,137.0,134.0,136.5,4091704.0,0.0
2018-05-14,137.5,138.0,136.0,137.0,1841448.0,0.0
2018-05-15,138.0,139.0,136.0,137.0,2000162.0,0.0
2018-05-16,138.0,138.5,136.5,138.0,2579659.0,0.0
2018-05-17,138.5,140.0,138.0,138.0,2242181.0,0.0
2018-05-18,138.0,139.0,135.5,135.5,1655054.0,0.0
2018-05-21,136.5,137.0,135.5,136.5,1613293.0,0.0
2018-05-22,137.0,137.5,136.0,136.0,957494.0,0.0
2018-05-23,137.0,138.5,136.5,136.5,3099756.0,0.0
2018-05-24,138.0,138.0,133.5,136.0,2304108.0,0.0
2018-05-25,137.0,138.5,135.5,137.0,1777443.0,0.0
2018-05-28,137.0,138.0,136.0,138.0,860681.0,0.0
2018-05-29,138.0,138.0,135.0,136.0,1591989.0,0.0
2018-05-30,136.0,138.0,135.0,135.5,2040573.0,0.0
2018-05-31,136.0,137.0,133.0,135.5,4064589.0,0.0
2018-06-01,135.0,138.0,134.0,137.0,2264328.0,0.0
2018-06-04,138.0,138.0,136.0,137.5,1475436.0,0.0
2018-06-05,137.5,140.0,136.5,139.0,1953915.0,0.0
2018-06-06,140.0,143.0,139.0,142.0,3699686.0,0.0
2018-06-07,145.0,149.0,143.0,147.0,7637497.0,0.0
2018-06-08,146.0,148.0,144.0,145.5,2694009.0,0.0
2018-06-11,147.0,147.5,144.0,145.0,2769328.0,0.0
2018-06-12,145.0,145.5,140.5,143.5,2789776.0,0.0
2018-06-13,143.5,146.0,142.5,146.0,2495309.0,0.0
2018-06-14,147.5,154.0,145.0,145.0,9332423.0,0.0
2018-06-15,146.0,147.0,142.0,146.0,9914248.0,0.0
2018-06-19,142.0,142.5,135.0,141.5,5759804.0,0.0
2018-06-20,139.5,142.0,137.5,140.5,2870909.0,0.0
2018-06-21,141.0,143.0,141.0,142.0,1735221.0,0.0
2018-06-22,139.0,139.5,136.5,136.5,2474621.0,0.0
2018-06-25,136.5,139.5,135.5,137.5,2041041.0,0.0
2018-06-26,136.0,140.0,135.0,139.5,1546892.0,0.0
2018-06-27,138.5,140.0,136.5,136.5,1611120.0,0.0
2018-06-28,135.0,135.0,132.0,133.0,2999521.0,0.0
2018-06-29,133.0,137.5,133.0,137.5,2143873.0,0.0
2018-07-02,136.5,137.5,134.5,135.5,1513985.0,0.0
2018-07-03,135.0,138.0,135.0,136.0,1357317.0,0.0
2018-07-04,136.5,139.0,136.0,138.5,1420515.0,0.0
2018-07-05,139.5,139.5,135.0,136.5,1962880.0,0.0
2018-07-06,135.0,138.5,135.0,137.0,1928925.0,0.0
2018-07-09,137.0,139.5,137.0,138.0,2101020.0,0.0
2018-07-10,139.0,141.0,137.0,140.0,2468143.0,0.0
2018-07-11,138.5,138.5,134.0,138.5,2604798.0,0.0
2018-07-12,129.5,135.0,129.5,135.0,3388515.0,7.1
2018-07-13,133.0,135.5,133.0,134.0,2025122.0,0.0
2018-07-16,133.0,137.5,132.5,136.5,2400282.0,0.0
2018-07-17,138.0,139.0,137.5,138.5,2915656.0,0.0
2018-07-18,140.0,145.0,139.5,144.0,4415290.0,0.0
2018-07-19,145.0,146.0,142.5,144.5,2974772.0,0.0
2018-07-20,146.0,146.0,141.0,143.0,1928228.0,0.0
2018-07-23,145.0,145.0,141.0,143.0,1660122.0,0.0
2018-07-24,143.5,144.5,142.5,143.5,1175053.0,0.0
2018-07-25,143.5,145.0,142.5,143.0,1268802.0,0.0
2018-07-26,144.0,145.5,143.0,144.5,1484700.0,0.0
2018-07-27,145.0,149.0,143.0,146.5,3337781.0,0.0
2018-07-30,145.0,148.0,144.0,146.5,1885520.0,0.0
2018-07-31,146.5,148.0,144.0,148.0,2055557.0,0.0
2018-08-01,147.5,147.5,143.0,143.5,2576643.0,0.0
2018-08-02,143.0,144.0,141.0,143.0,2439233.0,0.0
2018-08-03,143.0,145.0,142.0,143.0,1800364.0,0.0
2018-08-06,144.5,147.0,142.0,145.0,2857912.0,0.0
2018-08-07,144.0,145.0,141.0,142.0,2812931.0,0.0
2018-08-08,145.0,155.5,145.0,152.0,13218495.0,0.0
2018-08-09,153.0,155.5,150.5,154.5,8009058.0,0.0
2018-08-10,153.0,160.5,153.0,159.0,8243050.0,0.0
2018-08-13,158.0,159.0,152.5,155.0,5672032.0,0.0
2018-08-14,157.0,159.0,152.0,155.0,6745097.0,0.0
2018-08-15,155.5,155.5,149.5,150.0,4082608.0,0.0
2018-08-16,147.0,151.5,146.5,149.0,5114206.0,0.0
2018-08-17,150.5,151.5,148.0,149.5,3112056.0,0.0
2018-08-20,152.5,152.5,147.5,150.0,3360970.0,0.0
2018-08-21,151.5,155.0,150.5,152.0,4488807.0,0.0
2018-08-22,152.0,152.5,149.5,151.5,2203426.0,0.0
2018-08-23,151.5,152.0,149.0,152.0,3234057.0,0.0
2018-08-24,150.5,152.0,145.5,147.0,3838706.0,0.0
2018-08-27,148.0,151.0,147.0,151.0,1524479.0,0.0
2018-08-28,152.5,155.0,150.5,155.0,4039608.0,0.0
2018-08-29,153.5,154.5,151.0,153.5,4414366.0,0.0
2018-08-30,149.5,153.0,148.0,151.5,4806715.0,0.0
2018-08-31,151.0,152.0,149.0,150.5,4017410.0,0.0
2018-09-03,152.5,152.5,146.0,147.0,5510103.0,0.0
2018-09-04,148.0,148.0,144.5,145.0,2578278.0,0.0
2018-09-05,149.0,150.0,147.0,147.0,4218277.0,0.0
2018-09-06,150.0,156.0,149.0,153.5,11471079.0,0.0
2018-09-07,161.0,161.5,153.0,154.5,9859505.0,0.0
2018-09-10,155.0,157.5,152.0,156.5,3817386.0,0.0
2018-09-11,157.0,159.0,156.0,158.5,4904398.0,0.0
2018-09-12,155.5,156.0,143.5,146.0,9999103.0,0.0
2018-09-13,148.5,150.0,146.5,150.0,4459361.0,0.0
2018-09-14,151.0,151.5,148.0,150.0,2537635.0,0.0
2018-09-17,149.0,149.5,147.0,147.5,1539327.0,0.0
2018-09-18,146.5,151.0,146.0,148.5,3497962.0,0.0
2018-09-19,150.5,151.0,147.5,149.0,2948947.0,0.0
2018-09-20,150.0,150.5,147.0,147.5,2954734.0,0.0
2018-09-21,149.5,153.5,148.5,153.5,6312229.0,0.0
2018-09-25,148.0,149.5,145.5,147.0,4438325.0,0.0
2018-09-26,146.0,148.0,146.0,146.0,1908301.0,0.0
2018-09-27,146.0,148.5,146.0,148.0,1961757.0,0.0
2018-09-28,148.5,152.0,147.5,151.0,4759058.0,0.0
2018-10-01,151.0,151.5,146.5,147.5,2690709.0,0.0
2018-10-02,147.5,147.5,144.0,144.0,3062563.0,0.0
2018-10-03,146.0,146.0,142.5,142.5,2369326.0,0.0
2018-10-04,142.5,147.0,142.0,146.0,4556112.0,0.0
2018-10-05,145.0,146.0,141.0,143.0,5544883.0,0.0
2018-10-08,141.0,143.0,131.0,133.0,6598855.0,0.0
2018-10-09,134.0,137.5,133.5,137.0,3282220.0,0.0
2018-10-11,131.5,131.5,123.5,123.5,7681521.0,0.0
2018-10-12,123.5,128.5,122.0,127.0,4254466.0,0.0
2018-10-15,125.0,130.0,124.5,129.0,3710129.0,0.0
2018-10-16,127.0,131.5,126.5,127.0,2808020.0,0.0
2018-10-17,132.0,134.0,130.5,132.0,3297641.0,0.0
2018-10-18,133.0,140.0,132.0,134.5,6487600.0,0.0
2018-10-19,134.5,139.5,133.5,139.5,8787301.0,0.0
2018-10-22,136.5,141.0,135.0,139.5,3748463.0,0.0
2018-10-23,136.0,137.5,134.0,135.0,2928923.0,0.0
2018-10-24,135.0,142.0,133.0,137.5,5236867.0,0.0
2018-10-25,133.0,137.5,132.0,133.0,6202616.0,0.0
2018-10-26,136.0,137.5,133.0,133.0,4823787.0,0.0
2018-10-29,135.5,136.0,125.0,126.5,7879922.0,0.0
2018-10-30,128.0,137.0,128.0,135.0,5979392.0,0.0
2018-10-31,135.5,140.0,134.0,136.5,5424059.0,0.0
2018-11-01,136.5,139.5,135.5,138.0,5118461.0,0.0
2018-11-02,140.0,140.0,136.5,138.5,5082447.0,0.0
2018-11-05,136.0,142.5,135.5,138.5,4851871.0,0.0
2018-11-06,136.5,137.0,130.0,133.0,8239874.0,0.0
2018-11-07,131.0,136.5,131.0,133.0,5387729.0,0.0
2018-11-08,134.5,136.0,130.0,130.0,5699830.0,0.0
2018-11-09,129.5,133.5,127.5,133.5,3581906.0,0.0
2018-11-12,131.0,133.0,129.0,130.0,2700548.0,0.0
2018-11-13,126.5,130.5,126.0,130.0,2654432.0,0.0
2018-11-14,130.0,131.0,129.5,131.0,1472775.0,0.0
2018-11-15,131.0,131.0,127.5,129.0,2207140.0,0.0
2018-11-16,127.0,129.5,124.5,129.0,6124837.0,0.0
2018-11-19,127.5,129.5,126.0,129.0,3323633.0,0.0
2018-11-20,127.0,128.0,126.0,126.0,1905743.0,0.0
2018-11-21,126.0,128.0,123.0,127.0,4778501.0,0.0
2018-11-22,126.5,127.5,125.0,125.0,2606004.0,0.0
2018-11-23,126.0,127.0,124.0,126.0,1216568.0,0.0
2018-11-26,126.5,129.5,126.5,127.5,1978449.0,0.0
2018-11-27,127.0,128.5,125.5,128.0,4024605.0,0.0
2018-11-28,128.5,132.0,127.0,131.5,3522327.0,0.0
2018-11-29,132.5,133.0,127.0,127.0,6769106.0,0.0
2018-11-30,128.0,131.5,128.0,130.0,7298215.0,0.0
2018-12-03,132.5,143.0,132.0,143.0,8970322.0,0.0
2018-12-04,150.0,152.5,139.0,140.5,11533001.0,0.0
2018-12-05,138.0,143.0,137.0,142.0,4023469.0,0.0
2018-12-06,141.0,142.5,134.0,135.0,5123373.0,0.0
2018-12-07,136.5,139.0,136.5,137.5,2295609.0,0.0
2018-12-10,137.0,140.0,136.0,138.0,2766455.0,0.0
2018-12-11,136.5,138.5,135.5,137.0,2570806.0,0.0
2018-12-12,139.0,140.0,137.5,138.5,1734252.0,0.0
2018-12-13,138.5,141.0,136.5,138.0,2391080.0,0.0
2018-12-14,137.0,138.5,136.5,138.0,1466993.0,0.0
2018-12-17,138.5,140.0,137.5,137.5,1253164.0,0.0
2018-12-18,137.5,138.5,136.5,137.5,1432605.0,0.0
2018-12-19,138.5,141.0,137.5,139.0,1892394.0,0.0
2018-12-20,137.5,145.0,137.5,142.0,4148442.0,0.0
2018-12-21,142.0,142.0,138.0,139.0,2768967.0,0.0
2018-12-24,139.5,142.5,138.5,141.5,1022786.0,0.0
2018-12-25,139.0,140.0,136.5,136.5,2011049.0,0.0
2018-12-26,138.0,139.0,137.0,138.0,1383490.0,0.0
2018-12-27,140.5,143.5,138.0,142.0,4035872.0,0.0
2018-12-28,141.5,143.0,140.0,142.0,2009563.0,0.0
2019-01-02,141.5,142.0,138.5,138.5,1686658.0,0.0
2019-01-03,138.5,139.0,132.5,134.0,7021774.0,0.0
2019-01-04,132.0,134.5,130.5,133.5,3329477.0,0.0
2019-01-07,135.5,141.0,134.5,140.0,3901828.0,0.0
2019-01-08,140.0,143.5,140.0,142.0,4806848.0,0.0
2019-01-09,143.5,147.0,141.5,146.0,5086676.0,0.0
2019-01-10,145.5,145.5,142.5,145.0,2166393.0,0.0
2019-01-11,144.0,146.0,142.5,144.0,2134149.0,0.0
2019-01-14,144.0,145.0,143.0,143.0,1016296.0,0.0
2019-01-15,145.0,149.0,144.0,148.0,3417164.0,0.0
2019-01-16,147.0,151.0,146.5,148.0,4053436.0,0.0
2019-01-17,150.0,151.5,148.0,150.0,3277815.0,0.0
2019-01-18,151.5,155.5,149.5,150.5,5406875.0,0.0
2019-01-21,156.0,158.5,155.0,155.5,5493640.0,0.0
2019-01-22,155.5,156.5,151.5,155.0,3607575.0,0.0
2019-01-23,152.5,154.0,152.0,154.0,2677720.0,0.0
2019-01-24,152.0,152.0,148.0,150.0,10204523.0,0.0
2019-01-25,153.0,155.0,152.5,154.5,3931481.0,0.0
2019-01-28,154.5,156.5,152.5,153.0,2882127.0,0.0
2019-01-29,154.0,158.5,153.5,157.0,5955874.0,0.0
2019-01-30,158.0,159.5,156.0,158.0,3080823.0,0.0
2019-02-11,159.0,160.0,157.0,159.5,3906655.0,0.0
2019-02-12,161.0,162.5,158.5,161.0,3372631.0,0.0
2019-02-13,161.0,161.5,158.5,159.5,3389079.0,0.0
2019-02-14,160.0,164.0,159.5,163.5,6020472.0,0.0
2019-02-15,168.0,178.0,168.0,174.5,13850049.0,0.0
2019-02-18,177.0,181.5,173.5,174.5,6900938.0,0.0
2019-02-19,174.5,178.0,173.0,174.5,2972622.0,0.0
2019-02-20,177.0,179.5,174.0,175.0,5132865.0,0.0
2019-02-21,175.5,176.5,173.0,176.0,4942249.0,0.0
2019-02-22,177.0,177.5,171.0,173.0,3840739.0,0.0
2019-02-25,175.0,175.0,171.0,173.5,5089647.0,0.0
2019-02-26,175.0,176.0,171.0,173.5,3766983.0,0.0
2019-02-27,175.0,175.0,170.0,171.0,3413265.0,0.0
2019-03-04,169.0,172.0,168.5,171.0,4546152.0,0.0
2019-03-05,170.0,170.5,168.0,169.0,2845044.0,0.0
2019-03-06,170.0,176.0,169.5,176.0,5314372.0,0.0
2019-03-07,176.5,178.0,171.0,172.5,5832545.0,0.0
2019-03-08,171.5,175.5,171.5,173.0,4195950.0,0.0
2019-03-11,172.0,179.5,172.0,178.5,5250656.0,0.0
2019-03-12,178.5,179.5,174.0,174.0,6262623.0,0.0
2019-03-13,176.0,178.0,174.5,176.5,3112525.0,0.0
2019-03-14,174.5,177.5,174.5,176.0,4308366.0,0.0
2019-03-15,177.0,182.0,175.0,179.0,9332931.0,0.0
2019-03-18,179.0,188.5,179.0,188.5,6078500.0,0.0
2019-03-19,189.0,191.5,184.0,187.0,5523930.0,0.0
2019-03-20,185.5,191.5,185.0,186.0,4086260.0,0.0
2019-03-21,187.5,191.0,186.5,190.5,2475937.0,0.0
2019-03-22,192.0,194.0,189.5,191.0,3506231.0,0.0
2019-03-25,182.5,190.0,182.5,190.0,2049693.0,0.0
2019-03-26,192.5,193.5,186.5,191.0,3090025.0,0.0
2019-03-27,191.5,191.5,188.5,191.0,1651398.0,0.0
2019-03-28,189.0,191.5,187.0,190.0,2450364.0,0.0
2019-03-29,193.5,199.0,192.5,198.0,5905757.0,0.0
2019-04-01,198.5,199.0,195.0,196.0,3289181.0,0.0
2019-04-02,200.0,202.5,198.5,200.5,2744049.0,0.0
2019-04-03,204.0,204.5,197.5,200.0,2735042.0,0.0
2019-04-08,200.0,200.0,192.0,193.0,5666377.0,0.0
2019-04-09,194.0,197.0,191.0,196.5,5451496.0,0.0
2019-04-10,194.5,198.5,192.0,197.5,5704878.0,0.0
2019-04-11,198.5,202.0,197.5,200.0,3560368.0,0.0
2019-04-12,201.5,204.0,195.5,201.0,5661076.0,0.0
2019-04-15,199.5,200.0,194.0,196.0,5259275.0,0.0
2019-04-16,196.0,197.0,194.0,195.0,4053187.0,0.0
2019-04-17,194.0,200.0,192.0,195.5,7398398.0,0.0
2019-04-18,196.0,201.0,195.5,198.5,6358477.0,0.0
2019-04-19,199.5,201.0,196.5,199.5,4130425.0,0.0
2019-04-22,199.5,200.5,197.0,198.0,2273757.0,0.0
2019-04-23,197.5,198.0,192.5,195.5,3448589.0,0.0
2019-04-24,199.0,200.0,197.0,198.0,4009612.0,0.0
2019-04-25,201.0,206.0,199.5,204.5,6413562.0,0.0
2019-04-26,205.5,208.0,199.0,199.0,4674395.0,0.0
2019-04-29,201.0,202.0,196.0,200.0,2092164.0,0.0
2019-04-30,198.5,202.0,197.0,201.5,2229103.0,0.0
2019-05-02,201.5,202.5,199.0,200.0,2558317.0,0.0
2019-05-03,199.5,207.0,198.5,207.0,5321768.0,0.0
2019-05-06,200.0,207.0,200.0,203.5,4848526.0,0.0
2019-05-07,203.0,221.5,203.0,221.5,8304155.0,0.0
2019-05-08,216.5,223.0,213.0,217.0,8025884.0,0.0
2019-05-09,218.5,224.0,214.0,217.5,6376451.0,0.0
2019-05-10,219.5,220.0,209.5,211.0,6481710.0,0.0
2019-05-13,209.0,209.0,198.0,200.0,7163618.0,0.0
2019-05-14,195.0,203.5,194.5,202.5,5754247.0,0.0
2019-05-15,203.0,204.5,197.5,200.5,4981732.0,0.0
2019-05-16,201.0,201.0,195.0,195.0,5278366.0,0.0
2019-05-17,197.5,199.0,184.0,187.5,9110306.0,0.0
2019-05-20,184.5,184.5,178.5,180.0,8653072.0,0.0
2019-05-21,176.5,177.5,167.5,173.5,13822453.0,0.0
2019-05-22,175.0,180.5,175.0,178.0,12227136.0,0.0
2019-05-23,166.5,171.0,163.0,167.0,10963582.0,0.0
2019-05-24,167.0,169.0,162.0,165.0,9285101.0,0.0
2019-05-27,167.0,169.0,159.5,163.5,5039493.0,0.0
2019-05-28,162.0,165.5,161.5,162.0,7347120.0,0.0
2019-05-29,162.0,164.0,158.0,164.0,6176288.0,0.0
2019-05-30,163.5,167.5,160.5,163.0,7854726.0,0.0
2019-05-31,163.0,168.5,162.5,167.5,9931326.0,0.0
2019-06-03,165.0,167.5,162.0,164.0,5790951.0,0.0
2019-06-04,165.0,171.0,161.0,162.0,9189656.0,0.0
2019-06-05,166.0,166.5,163.5,166.0,5119826.0,0.0
2019-06-06,163.5,164.0,149.5,149.5,18097822.0,0.0
2019-06-10,155.0,160.5,154.5,159.5,13707459.0,0.0
2019-06-11,159.5,163.0,157.0,160.5,11054170.0,0.0
2019-06-12,160.5,167.0,158.5,165.5,10968257.0,0.0
2019-06-13,165.0,165.5,160.5,163.0,8113419.0,0.0
2019-06-14,163.5,164.5,162.0,164.0,4623716.0,0.0
2019-06-17,163.0,164.0,162.0,162.5,4288073.0,0.0
2019-06-18,162.5,164.5,160.0,161.0,4954303.0,0.0
2019-06-19,167.0,174.5,166.5,171.0,13521022.0,0.0
2019-06-20,169.5,171.0,167.0,170.0,8419207.0,0.0
2019-06-21,172.0,172.0,169.0,170.5,6450127.0,0.0
2019-06-24,171.5,172.0,167.0,171.0,5186100.0,0.0
2019-06-25,172.0,172.0,168.0,168.0,3785097.0,0.0
2019-06-26,167.0,169.0,165.0,167.0,3835651.0,0.0
2019-06-27,170.0,172.0,168.5,169.5,6190196.0,0.0
2019-06-28,172.0,175.0,170.0,173.0,5843859.0,0.0
2019-07-01,190.0,190.0,190.0,190.0,8457562.0,0.0
2019-07-02,190.0,190.5,184.0,185.0,16334425.0,0.0
2019-07-03,183.0,184.0,175.5,175.5,11682150.0,0.0
2019-07-04,177.0,179.5,173.0,175.5,7544127.0,0.0
2019-07-05,177.0,178.0,172.5,176.0,5927461.0,0.0
2019-07-08,175.0,175.5,172.0,172.5,5186998.0,0.0
2019-07-09,172.5,175.0,171.5,172.0,5894392.0,0.0
2019-07-10,173.5,177.0,173.0,175.0,6954329.0,0.0
2019-07-11,178.5,186.0,178.0,183.0,16255757.0,0.0
2019-07-12,176.0,177.5,173.5,173.5,14702446.0,8.8
2019-07-15,173.5,181.0,173.5,180.0,14878272.0,0.0
2019-07-16,183.0,184.0,178.0,178.0,16231669.0,0.0
2019-07-17,176.0,176.0,170.5,171.0,16339817.0,0.0
2019-07-18,169.0,169.0,161.5,163.0,17319938.0,0.0
2019-07-19,167.0,172.0,166.0,172.0,14519650.0,0.0
2019-07-22,172.5,174.5,169.0,174.5,11277662.0,0.0
2019-07-23,175.0,176.5,171.0,174.0,11655982.0,0.0
2019-07-24,173.0,173.0,170.5,171.5,7447042.0,0.0
2019-07-25,172.0,174.0,168.5,172.5,7804635.0,0.0
2019-07-26,170.5,172.5,169.0,171.0,4676438.0,0.0
2019-07-29,170.5,172.0,170.0,171.0,2816974.0,0.0
2019-07-30,172.5,173.0,166.0,167.0,6031362.0,0.0
2019-07-31,166.5,167.0,165.0,166.0,5316191.0,0.0
2019-08-01,164.0,168.0,164.0,168.0,3678800.0,0.0
2019-08-02,164.5,166.0,162.0,164.5,6166208.0,0.0
2019-08-05,163.5,164.5,156.5,157.0,8325648.0,0.0
2019-08-06,150.5,160.0,150.0,157.0,7887051.0,0.0
2019-08-07,165.5,167.5,161.0,163.5,13328322.0,0.0
2019-08-08,161.5,166.5,161.0,165.0,7957956.0,0.0
2019-08-12,165.5,167.5,164.0,166.0,4951894.0,0.0
2019-08-13,164.0,164.0,161.0,161.0,6307785.0,0.0
2019-08-14,164.0,166.0,163.0,163.5,5340345.0,0.0
2019-08-15,159.5,163.0,159.0,162.5,3350320.0,0.0
2019-08-16,164.0,167.0,163.0,165.0,4716115.0,0.0
2019-08-19,167.0,174.0,165.5,173.0,11846311.0,0.0
2019-08-20,175.0,175.0,171.5,174.5,12002999.0,0.0
2019-08-21,173.0,174.0,170.0,171.5,6196739.0,0.0
2019-08-22,173.0,177.0,172.0,172.5,10156825.0,0.0
2019-08-23,172.0,176.0,171.0,174.0,9014838.0,0.0
2019-08-26,169.5,172.5,168.0,169.0,7997916.0,0.0
2019-08-27,172.0,173.5,170.0,170.5,9393245.0,0.0
2019-08-28,171.5,174.5,170.5,174.5,7805497.0,0.0
2019-08-29,176.0,185.0,176.0,181.0,20066969.0,0.0
2019-08-30,183.5,189.5,183.5,186.0,18547203.0,0.0
2019-09-02,189.0,194.5,188.0,193.0,18501983.0,0.0
2019-09-03,192.0,193.0,188.5,188.5,9681304.0,0.0
2019-09-04,187.0,190.5,184.5,186.0,10847051.0,0.0
2019-09-05,187.5,189.5,185.5,188.5,6883430.0,0.0
2019-09-06,190.5,193.5,188.5,189.5,11241279.0,0.0
2019-09-10,186.0,188.0,183.0,184.0,6960559.0,0.0
2019-09-11,185.5,188.5,185.5,188.0,5927758.0,0.0
2019-09-12,189.0,190.0,186.0,187.5,5284654.0,0.0
2019-09-16,184.0,186.5,182.0,185.5,5829466.0,0.0
2019-09-17,185.0,187.5,185.0,186.5,3989265.0,0.0
2019-09-18,187.5,190.0,186.0,186.5,5455918.0,0.0
2019-09-19,187.0,191.0,186.5,189.0,9990618.0,0.0
2019-09-20,189.0,189.5,185.0,185.0,5504693.0,0.0
2019-09-23,185.0,186.5,183.0,184.0,4459833.0,0.0
2019-09-24,184.5,186.5,183.5,184.5,5083554.0,0.0
2019-09-25,183.5,186.0,183.5,186.0,4405221.0,0.0
2019-09-26,187.0,189.0,179.0,182.0,9813048.0,0.0
2019-09-27,180.0,181.5,177.0,178.0,7466012.0,0.0
2019-10-01,181.5,184.5,179.0,184.5,7941536.0,0.0
2019-10-02,184.0,187.5,183.0,187.0,6430669.0,0.0
2019-10-03,184.5,190.0,183.5,190.0,8005635.0,0.0
2019-10-04,192.0,194.0,188.0,191.0,10154838.0,0.0
2019-10-07,192.5,193.5,188.0,188.5,3942201.0,0.0
2019-10-08,188.5,189.5,183.5,187.0,7554062.0,0.0
2019-10-09,184.5,185.5,181.0,181.0,5630797.0,0.0
2019-10-14,184.5,186.5,184.0,185.5,3745805.0,0.0
2019-10-15,185.0,185.5,181.5,183.0,3462721.0,0.0
2019-10-16,184.5,187.0,183.5,183.5,4662363.0,0.0
2019-10-17,183.5,188.0,183.5,188.0,4647947.0,0.0
2019-10-18,189.0,191.0,187.0,187.5,4703942.0,0.0
2019-10-21,187.0,187.5,185.5,186.5,1999080.0,0.0
2019-10-22,187.5,188.5,187.0,188.0,1835999.0,0.0
2019-10-23,189.0,205.0,188.5,204.5,26913809.0,0.0
2019-10-24,205.5,210.0,202.0,208.0,17882495.0,0.0
2019-10-25,206.0,207.5,196.0,196.0,16262262.0,0.0
2019-10-28,198.0,201.5,195.0,195.5,9818192.0,0.0
2019-10-29,196.5,198.0,190.0,192.5,9641151.0,0.0
2019-10-30,193.0,197.0,190.5,196.5,8247878.0,0.0
2019-10-31,197.5,199.5,196.0,196.0,6375886.0,0.0
2019-11-01,197.0,203.0,196.0,202.0,10586225.0,0.0
2019-11-04,205.5,213.0,203.5,209.0,15191661.0,0.0
2019-11-05,214.5,219.5,211.5,219.0,12328058.0,0.0
2019-11-06,220.0,220.0,209.5,214.5,10204593.0,0.0
2019-11-07,218.0,221.5,212.0,215.0,17082008.0,0.0
2019-11-08,218.5,218.5,209.5,212.0,7139982.0,0.0
2019-11-11,211.0,211.5,207.5,208.5,4089092.0,0.0
2019-11-12,209.5,216.0,209.5,216.0,5472190.0,0.0
2019-11-13,214.0,221.0,213.0,216.0,8069598.0,0.0
2019-11-14,217.0,218.5,214.0,216.5,4294483.0,0.0
2019-11-15,215.5,216.5,209.5,212.5,7055420.0,0.0
2019-11-18,210.5,216.0,208.0,214.5,4028226.0,0.0
2019-11-19,212.5,219.0,212.5,219.0,4197855.0,0.0
2019-11-20,220.0,221.5,216.0,218.0,7692215.0,0.0
2019-11-21,215.0,216.5,213.5,216.0,5491815.0,0.0
2019-11-22,218.0,237.5,217.5,237.5,31741226.0,0.0
2019-11-25,235.0,237.0,226.0,227.0,15832833.0,0.0
2019-11-26,228.0,231.0,224.5,225.5,9807297.0,0.0
2019-11-27,225.0,230.0,223.5,227.0,7206495.0,0.0
2019-11-28,229.5,232.5,223.0,223.5,8459165.0,0.0
2019-11-29,224.0,226.0,222.5,223.5,3362622.0,0.0
2019-12-02,228.0,228.5,218.0,220.5,8051259.0,0.0
2019-12-03,219.0,221.5,218.5,219.5,3048927.0,0.0
2019-12-04,218.0,218.5,215.0,216.0,5191750.0,0.0
2019-12-05,218.5,222.5,218.0,221.5,5645259.0,0.0
2019-12-06,223.0,226.0,219.0,220.0,4592738.0,0.0
2019-12-09,223.0,228.0,221.0,225.5,6497182.0,0.0
2019-12-10,222.5,229.0,222.5,227.5,4574677.0,0.0
2019-12-11,229.0,231.0,225.5,230.0,7073232.0,0.0
2019-12-12,233.0,233.5,226.5,230.5,9494772.0,0.0
2019-12-13,233.5,239.0,228.0,229.0,9657054.0,0.0
2019-12-16,231.0,236.0,228.0,235.0,17488.0,0.0
2019-12-17,233.5,238.0,233.5,238.0,5291960.0,0.0
2019-12-18,234.0,236.0,229.0,229.0,8372519.0,0.0
2019-12-19,229.0,230.0,221.0,225.5,10637951.0,0.0
2019-12-20,218.5,220.5,208.0,212.5,26881393.0,0.0
2019-12-23,214.5,217.5,212.0,216.0,9375709.0,0.0
2019-12-24,216.0,218.5,214.5,216.0,5535405.0,0.0
2019-12-25,216.0,220.0,215.5,219.0,3656144.0,0.0
2019-12-26,220.5,221.0,219.5,221.0,2991902.0,0.0
2019-12-27,223.0,228.5,223.0,227.0,7753630.0,0.0
2019-12-30,227.0,227.0,221.5,222.0,3662282.0,0.0
2019-12-31,222.0,224.0,219.0,219.0,3194400.0,0.0
2020-01-02,219.5,223.0,219.0,222.5,4608951.0,0.0
2020-01-03,224.0,224.0,214.0,215.5,10225777.0,0.0
2020-01-06,212.0,213.5,210.0,211.0,8175366.0,0.0
2020-01-07,218.5,219.5,215.0,218.0,9373352.0,0.0
2020-01-08,216.0,223.5,213.0,220.5,8539370.0,0.0
2020-01-09,225.0,229.0,224.5,227.5,9817365.0,0.0
2020-01-10,228.0,229.5,224.0,227.5,4557016.0,0.0
2020-01-13,230.0,233.5,227.5,232.5,8892521.0,0.0
2020-01-14,234.0,237.0,228.0,232.0,8004937.0,0.0
2020-01-15,233.0,233.5,225.5,227.5,7249683.0,0.0
2020-01-16,225.5,230.0,224.0,230.0,7396864.0,0.0
2020-01-17,230.0,230.5,227.0,228.5,3308363.0,0.0
2020-01-20,229.0,230.5,228.0,230.5,2685418.0,0.0
2020-01-30,227.0,227.0,214.0,214.5,9988747.0,0.0
2020-01-31,215.0,219.5,213.5,218.0,5526956.0,0.0
2020-02-03,212.0,216.5,203.0,213.0,6910796.0,0.0
2020-02-04,231.0,231.0,218.0,218.0,3696161.0,0.0
2020-02-05,220.0,220.0,211.5,212.0,5499307.0,0.0
2020-02-06,214.5,219.0,214.0,218.5,4839008.0,0.0
2020-02-07,217.5,218.0,213.5,214.0,5360672.0,0.0
2020-02-10,210.0,212.5,208.0,208.5,6107422.0,0.0
2020-02-11,211.0,217.5,210.5,216.5,5299318.0,0.0
2020-02-12,219.0,223.0,218.0,220.5,9727023.0,0.0
2020-02-13,219.5,222.0,219.0,220.5,3965677.0,0.0
2020-02-14,219.0,220.0,217.0,219.5,5694019.0,0.0
2020-02-17,218.0,219.0,216.0,216.5,3009421.0,0.0
2020-02-18,215.5,216.0,211.0,212.0,4236327.0,0.0
2020-02-19,211.5,213.5,210.5,213.0,3635867.0,0.0
2020-02-20,211.5,212.0,207.5,208.5,8945266.0,0.0
2020-02-21,205.5,206.5,202.0,205.0,10336669.0,0.0
2020-02-24,200.0,204.0,200.0,203.5,4412799.0,0.0
2020-02-25,201.0,205.5,200.0,203.5,3222617.0,0.0
2020-02-26,200.5,204.5,200.0,203.5,5074633.0,0.0
2020-02-27,202.0,204.5,195.5,195.5,8020851.0,0.0
2020-03-02,191.0,201.5,189.0,197.5,6633352.0,0.0
2020-03-03,202.0,204.5,201.5,201.5,3685972.0,0.0
2020-03-04,200.0,203.5,198.5,203.5,4153697.0,0.0
2020-03-05,205.0,206.0,204.0,204.5,3938769.0,0.0
2020-03-06,204.0,205.5,203.0,203.5,3910770.0,0.0
2020-03-09,199.0,202.0,195.0,195.0,5129251.0,0.0
2020-03-10,193.0,199.0,191.5,194.0,6242723.0,0.0
2020-03-11,196.0,199.0,192.5,193.0,3548941.0,0.0
2020-03-12,191.0,191.0,179.5,185.5,8710563.0,0.0
2020-03-13,168.0,185.0,168.0,178.5,8983157.0,0.0
2020-03-16,180.0,183.0,171.5,171.5,5326445.0,0.0
2020-03-17,168.0,178.5,168.0,170.0,7106128.0,0.0
2020-03-18,171.0,173.5,168.0,168.5,5443470.0,0.0
2020-03-19,163.0,164.5,152.0,152.0,11182671.0,0.0
2020-03-20,154.5,164.0,145.5,152.0,14674590.0,0.0
2020-03-23,152.0,157.0,143.0,153.5,7724182.0,0.0
2020-03-24,158.5,168.0,158.0,161.5,9003773.0,0.0
2020-03-25,166.5,171.5,165.0,169.0,7656911.0,0.0
2020-03-26,173.0,173.0,167.0,171.0,5429897.0,0.0
2020-03-27,173.5,175.5,171.0,172.0,6026545.0,0.0
2020-03-30,168.5,174.0,166.0,173.5,3369429.0,0.0
2020-03-31,176.0,176.0,170.5,172.0,4838529.0,0.0
2020-04-01,175.0,176.0,172.0,175.0,3716545.0,0.0
2020-04-06,175.0,185.0,174.5,185.0,5571263.0,0.0
2020-04-07,191.0,192.0,184.0,184.0,5574845.0,0.0
2020-04-08,186.0,190.5,184.0,184.5,5963682.0,0.0
2020-04-09,187.0,189.0,185.0,187.0,5519505.0,0.0
2020-04-10,187.0,188.0,184.5,185.0,2622184.0,0.0
2020-04-13,184.0,185.0,180.5,181.0,4008375.0,0.0
2020-04-14,182.5,186.5,181.5,185.5,4595688.0,0.0
2020-04-15,187.0,188.0,184.0,186.0,5465536.0,0.0
2020-04-16,183.0,185.5,182.0,183.0,4630162.0,0.0
2020-04-17,186.0,187.5,182.5,185.0,6895128.0,0.0
2020-04-20,183.5,184.5,182.0,183.0,2832500.0,0.0
2020-04-21,182.5,183.5,178.0,179.0,4673199.0,0.0
2020-04-22,174.5,177.5,172.5,177.0,5564067.0,0.0
2020-04-23,178.0,182.0,176.5,178.5,4350155.0,0.0
2020-04-24,177.5,179.0,175.5,176.0,3701576.0,0.0
2020-04-27,177.5,179.0,176.0,178.0,6797938.0,0.0
2020-04-28,178.0,179.5,174.0,179.5,6440741.0,0.0
2020-04-29,177.5,186.5,177.5,183.5,8440877.0,0.0
2020-04-30,183.5,187.5,183.0,186.5,5939812.0,0.0
2020-05-04,181.0,189.0,179.0,187.0,6160613.0,0.0
2020-05-05,187.5,191.5,186.0,189.0,6408390.0,0.0
2020-05-06,190.0,199.0,187.5,195.5,10115421.0,0.0
2020-05-07,205.0,208.0,200.0,200.0,13811438.0,0.0
2020-05-08,203.0,207.0,203.0,203.5,5801500.0,0.0
2020-05-11,207.0,207.0,203.5,204.0,2677779.0,0.0
2020-05-12,204.5,208.5,203.0,204.0,4942307.0,0.0
2020-05-13,204.0,211.0,203.5,210.0,7531121.0,0.0
2020-05-14,209.5,210.0,203.0,203.5,7088235.0,0.0
2020-05-15,204.5,206.0,201.0,204.0,2617288.0,0.0
2020-05-18,199.0,203.5,194.0,195.0,10855830.0,0.0
2020-05-19,198.0,200.0,196.0,197.0,6187817.0,0.0
2020-05-20,197.0,200.5,195.0,198.0,4504553.0,0.0
2020-05-21,198.0,203.5,198.0,203.5,5371661.0,0.0
2020-05-22,200.0,200.5,197.0,198.5,3760891.0,0.0
2020-05-25,200.0,203.0,195.5,202.5,2526362.0,0.0
2020-05-26,204.0,209.5,203.0,208.0,6052700.0,0.0
2020-05-27,210.0,210.5,207.0,207.0,3522724.0,0.0
2020-05-28,209.0,209.0,205.0,208.0,3002959.0,0.0
2020-05-29,204.0,209.5,204.0,205.0,3854446.0,0.0
2020-06-01,210.0,214.5,208.0,208.5,4410095.0,0.0
2020-06-02,210.0,212.0,209.0,210.5,3109009.0,0.0
2020-06-03,213.5,215.5,212.0,213.0,4318043.0,0.0
2020-06-04,215.0,216.0,213.0,216.0,3985054.0,0.0
2020-06-05,216.0,217.0,213.0,215.0,3306234.0,0.0
2020-06-08,217.0,217.5,215.5,217.5,3667453.0,0.0
2020-06-09,217.5,218.0,215.5,217.0,1994762.0,0.0
2020-06-10,215.0,216.5,213.5,214.0,4120050.0,0.0
2020-06-11,215.0,218.0,213.0,213.5,2865484.0,0.0
2020-06-12,208.5,214.0,206.0,213.5,2984217.0,0.0
2020-06-15,213.5,215.0,210.5,211.0,2561016.0,0.0
2020-06-16,215.5,215.5,213.0,215.0,1668698.0,0.0
2020-06-17,215.0,216.0,212.0,214.0,4288411.0,0.0
2020-06-18,213.0,216.0,212.5,215.5,3699424.0,0.0
2020-06-19,217.0,226.0,216.5,222.0,10815712.0,0.0
2020-06-22,223.0,231.5,223.0,224.0,7635629.0,0.0
2020-06-23,227.0,230.0,223.0,228.0,5382899.0,0.0
2020-06-24,231.0,231.5,227.5,228.0,4193835.0,0.0
2020-06-29,227.0,232.0,225.5,227.5,4187629.0,0.0
2020-06-30,232.0,234.0,228.0,228.0,4294834.0,0.0
2020-07-01,229.5,236.0,229.0,234.5,5511068.0,0.0
2020-07-02,237.5,238.0,232.0,237.0,3669720.0,0.0
2020-07-03,240.5,260.5,238.5,260.5,13001698.0,0.0
2020-07-06,266.0,282.0,265.0,281.5,13321764.0,0.0
2020-07-07,278.0,280.0,259.0,265.0,15010085.0,0.0
2020-07-08,264.0,271.5,263.0,268.0,7942844.0,0.0
2020-07-09,290.0,291.0,280.5,284.5,13755108.0,0.0
2020-07-10,289.0,295.0,281.0,285.5,8410732.0,0.0
2020-07-13,279.0,281.0,270.0,271.5,9054734.0,10.5
2020-07-14,270.0,276.0,265.0,267.0,5823169.0,0.0
2020-07-15,270.0,275.0,261.0,262.5,6579842.0,0.0
2020-07-16,263.0,270.0,262.0,263.5,5029014.0,0.0
2020-07-17,264.0,267.0,260.5,262.0,3179331.0,0.0
2020-07-20,261.5,265.0,257.5,260.0,3701026.0,0.0
2020-07-21,262.5,266.0,261.0,265.5,5617545.0,0.0
2020-07-22,268.5,280.0,268.5,279.5,11211903.0,0.0
2020-07-23,278.5,281.5,275.5,281.5,7132514.0,0.0
2020-07-24,279.5,281.5,269.5,271.5,6244836.0,0.0
2020-07-27,272.5,278.0,272.0,277.0,4224380.0,0.0
2020-07-28,279.5,286.0,269.0,269.5,9233120.0,0.0
2020-07-29,270.5,280.0,270.5,277.5,5268303.0,0.0
2020-07-30,280.5,281.5,276.0,279.5,3469288.0,0.0
2020-07-31,282.0,304.0,282.0,290.0,19468700.0,0.0
2020-08-03,295.0,298.5,291.0,296.0,7964273.0,0.0
2020-08-04,296.5,301.5,293.5,297.5,6297591.0,0.0
2020-08-05,301.0,305.0,298.5,303.5,7086200.0,0.0
2020-08-06,312.0,322.5,307.0,316.0,13426123.0,0.0
2020-08-07,315.5,317.0,292.0,294.0,18595413.0,0.0
2020-08-10,291.5,298.0,284.5,287.0,8441383.0,0.0
2020-08-11,288.0,293.0,282.0,289.5,6661275.0,0.0
2020-08-12,290.0,290.0,280.0,282.0,7563044.0,0.0
2020-08-13,284.5,288.5,282.0,284.5,3542397.0,0.0
2020-08-14,282.5,285.0,276.0,285.0,5774949.0,0.0
2020-08-17,285.0,289.0,281.5,289.0,3113671.0,0.0
2020-08-18,270.0,274.0,263.0,265.5,16256638.0,0.0
2020-08-19,265.5,272.0,261.5,268.5,8689653.0,0.0
2020-08-20,267.0,268.5,248.0,256.0,8347373.0,0.0
2020-08-21,266.0,270.0,260.0,263.0,5977375.0,0.0
2020-08-24,260.0,264.5,260.0,264.0,2964799.0,0.0
2020-08-25,265.5,268.0,261.0,262.0,3620268.0,0.0
2020-08-26,260.5,261.0,249.0,254.0,10642519.0,0.0
2020-08-27,256.0,257.0,242.0,248.0,10413762.0,0.0
2020-08-28,250.5,250.5,243.5,248.0,6613921.0,0.0
2020-08-31,252.5,255.5,240.0,240.0,9741170.0,0.0
2020-09-01,239.5,247.5,238.5,246.5,7070958.0,0.0
2020-09-02,251.5,254.5,248.0,249.5,7612609.0,0.0
2020-09-03,254.0,254.0,248.5,251.0,6671878.0,0.0
2020-09-04,247.0,247.5,242.0,243.0,6163672.0,0.0
2020-09-07,243.0,247.0,240.0,241.0,3435563.0,0.0
2020-09-08,244.0,246.0,239.0,242.0,4352230.0,0.0
2020-09-09,238.5,238.5,232.5,237.5,5921563.0,0.0
2020-09-10,240.0,247.0,239.5,243.5,6404911.0,0.0
2020-09-11,246.0,246.5,239.0,243.5,3829923.0,0.0
2020-09-14,245.0,251.0,241.0,250.5,5298224.0,0.0
2020-09-15,251.0,253.0,248.0,252.0,3459225.0,0.0
2020-09-16,254.5,258.0,252.5,255.5,6270834.0,0.0
2020-09-17,255.0,259.0,253.0,253.0,5343693.0,0.0
2020-09-18,255.0,258.0,253.0,257.0,3062828.0,0.0
2020-09-21,256.5,258.0,250.0,253.0,3969192.0,0.0
2020-09-22,258.0,260.0,254.5,259.0,8433808.0,0.0
2020-09-23,260.0,263.0,252.0,259.5,4535480.0,0.0
2020-09-24,255.5,258.5,254.0,258.0,3416039.0,0.0
2020-09-25,257.0,258.0,241.5,243.5,5875189.0,0.0
2020-09-28,246.0,259.5,246.0,258.5,5542243.0,0.0
2020-09-29,259.0,266.0,258.5,264.0,6549418.0,0.0
2020-09-30,264.0,267.5,261.0,265.5,3948700.0,0.0
2020-10-05,265.0,267.0,258.5,260.0,5430377.0,0.0
2020-10-06,264.0,270.5,264.0,269.5,6022585.0,0.0
2020-10-07,269.0,280.0,267.0,277.0,8065697.0,0.0
2020-10-08,282.5,286.5,277.0,282.0,10710575.0,0.0
2020-10-12,283.5,290.0,280.5,285.0,6124215.0,0.0
2020-10-13,285.0,286.5,279.0,281.5,3678588.0,0.0
2020-10-14,282.0,285.0,278.5,280.5,4711447.0,0.0
2020-10-15,282.0,287.5,277.0,279.5,7898304.0,0.0
2020-10-16,278.5,281.0,275.0,278.5,3896559.0,0.0
2020-10-19,280.0,281.0,276.0,277.0,2665039.0,0.0
2020-10-20,280.0,284.0,277.5,282.0,4627011.0,0.0
2020-10-21,282.0,285.0,280.5,281.5,4070054.0,0.0
2020-10-22,281.0,282.5,276.0,277.0,3383914.0,0.0
2020-10-23,277.5,282.0,276.5,279.0,1824132.0,0.0
2020-10-26,278.5,280.5,277.5,278.5,1469930.0,0.0
2020-10-27,276.0,279.0,275.5,278.0,1966506.0,0.0
2020-10-28,276.5,281.5,275.0,278.5,4051156.0,0.0
2020-10-29,275.0,277.5,269.5,274.5,3036999.0,0.0
2020-10-30,274.0,276.0,267.0,267.0,3596286.0,0.0
2020-11-02,268.0,271.0,259.0,264.0,5912982.0,0.0
2020-11-03,267.5,269.0,260.5,263.5,5024470.0,0.0
2020-11-04,264.0,274.0,262.5,273.0,5473453.0,0.0
2020-11-05,274.5,274.5,267.5,270.0,5281798.0,0.0
2020-11-06,273.0,277.5,271.0,273.0,5330280.0,0.0
2020-11-09,290.0,299.5,290.0,293.0,17499838.0,0.0
2020-11-10,294.5,296.0,287.5,291.5,9799249.0,0.0
2020-11-11,295.0,295.0,284.0,286.0,8987012.0,0.0
2020-11-12,286.5,288.0,283.5,286.0,4356835.0,0.0
2020-11-13,288.0,291.5,286.0,291.5,3975942.0,0.0
2020-11-16,293.5,294.0,287.5,291.0,5007800.0,0.0
2020-11-17,293.5,297.0,290.0,291.0,5080714.0,0.0
2020-11-18,294.0,302.0,293.0,300.0,10277506.0,0.0
2020-11-19,299.5,305.0,295.5,297.5,6052031.0,0.0
2020-11-20,298.0,304.0,296.0,301.5,4202238.0,0.0
2020-11-23,302.5,308.0,302.5,304.0,3779670.0,0.0
2020-11-24,305.0,306.5,297.0,298.5,4333644.0,0.0
2020-11-25,296.0,300.0,290.5,293.0,6053114.0,0.0
2020-11-26,295.5,297.5,292.5,297.0,3625008.0,0.0
2020-11-27,299.0,304.5,296.5,304.0,5104347.0,0.0
2020-11-30,306.0,309.0,299.0,299.0,7934610.0,0.0
2020-12-01,304.0,307.0,301.5,303.0,3648015.0,0.0
2020-12-02,304.0,312.0,302.5,308.0,6524524.0,0.0
2020-12-03,308.0,314.5,306.0,312.5,6134013.0,0.0
2020-12-04,315.0,317.0,310.5,315.0,4835514.0,0.0
2020-12-07,318.0,319.0,301.0,306.0,8326080.0,0.0
2020-12-08,306.5,318.0,306.0,316.5,7817481.0,0.0
2020-12-09,317.0,327.5,316.0,321.5,6821300.0,0.0
2020-12-10,324.0,324.5,315.0,317.5,4207929.0,0.0
2020-12-11,320.5,323.0,308.0,315.5,5709392.0,0.0
2020-12-14,318.0,322.0,315.5,318.0,4461024.0,0.0
2020-12-15,318.0,320.0,309.0,312.5,4204762.0,0.0
2020-12-16,314.5,321.0,314.0,314.0,4338951.0,0.0
2020-12-17,318.0,328.0,315.0,323.0,7915776.0,0.0
2020-12-18,326.0,328.0,317.0,323.0,7225724.0,0.0
2020-12-21,322.0,329.5,319.0,324.5,6642909.0,0.0
2020-12-22,326.0,331.0,318.0,318.0,5556538.0,0.0
2020-12-23,320.0,330.0,318.5,325.0,6246147.0,0.0
2020-12-24,330.0,338.5,329.0,333.0,7678819.0,0.0
2020-12-25,338.0,362.5,335.0,351.5,10924179.0,0.0
2020-12-28,351.5,356.5,343.5,348.5,4903264.0,0.0
2020-12-29,350.0,357.5,349.0,352.5,3250716.0,0.0
2020-12-30,354.0,357.0,351.0,357.0,2542063.0,0.0
2020-12-31,370.0,375.0,363.5,369.0,6472707.0,0.0
2021-01-04,366.0,368.5,358.0,363.5,5030745.0,0.0
2021-01-05,360.0,362.0,355.0,359.5,4036905.0,0.0
2021-01-06,372.5,391.0,372.0,384.0,13454366.0,0.0
2021-01-07,378.0,383.5,371.0,378.0,8438422.0,0.0
2021-01-08,385.0,386.5,380.5,384.0,5935272.0,0.0
2021-01-11,384.0,388.0,380.0,387.5,4076865.0,0.0
2021-01-12,388.0,397.0,382.0,383.0,6354044.0,0.0
2021-01-13,391.0,404.0,388.0,403.0,6255821.0,0.0
2021-01-14,399.0,400.0,392.0,393.0,5275598.0,0.0
2021-01-15,397.0,413.0,393.5,400.0,9445412.0,0.0
2021-01-18,400.0,402.5,385.0,395.0,4283306.0,0.0
2021-01-19,404.0,416.0,397.0,410.0,5672841.0,0.0
2021-01-20,409.5,409.5,398.5,401.0,8239972.0,0.0
2021-01-21,406.0,417.0,406.0,408.5,5144200.0,0.0
2021-01-22,409.0,435.0,408.5,423.0,7544696.0,0.0
2021-01-25,418.0,425.0,408.0,417.5,5999699.0,0.0
2021-01-26,438.0,445.0,407.0,408.0,11396375.0,0.0
2021-01-27,414.5,422.0,406.0,414.0,7491615.0,0.0
2021-01-28,401.0,410.0,398.0,401.0,6832930.0,0.0
2021-01-29,401.0,408.5,394.0,394.0,6639139.0,0.0
2021-02-01,393.5,412.0,387.5,408.5,6853611.0,0.0
2021-02-02,423.0,424.5,415.5,423.5,7311713.0,0.0
2021-02-03,426.5,435.5,418.0,430.5,7532654.0,0.0
2021-02-04,430.5,444.5,423.0,435.5,8104896.0,0.0
2021-02-05,469.0,479.0,468.0,479.0,6165528.0,0.0
2021-02-17,526.0,526.0,511.0,526.0,15745574.0,0.0
2021-02-18,526.0,547.0,516.0,544.0,15575543.0,0.0
2021-02-19,542.0,554.0,527.0,528.0,13178776.0,0.0
2021-02-22,534.0,536.0,517.0,531.0,8793445.0,0.0
2021-02-23,519.0,523.0,503.0,513.0,10527565.0,0.0
2021-02-24,504.0,527.0,504.0,506.0,8054142.0,0.0
2021-02-25,513.0,520.0,496.5,499.0,10990046.0,0.0
2021-02-26,479.0,489.0,471.0,474.0,13802109.0,0.0
2021-03-02,495.0,511.0,492.5,493.5,12008429.0,0.0
2021-03-03,496.0,499.0,478.0,494.0,7476274.0,0.0
2021-03-04,495.0,495.0,470.5,477.0,12300253.0,0.0
2021-03-05,462.5,472.0,460.5,469.5,10138799.0,0.0
2021-03-08,483.5,491.0,475.0,481.0,10933952.0,0.0
2021-03-09,483.0,492.5,471.0,473.5,12015458.0,0.0
2021-03-10,486.5,486.5,475.5,477.0,6813003.0,0.0
2021-03-11,479.0,503.0,475.0,499.0,10859980.0,0.0
2021-03-12,500.0,503.0,486.5,487.0,10213398.0,0.0
2021-03-15,487.0,507.0,481.5,496.5,13354794.0,0.0
2021-03-16,505.0,522.0,497.5,497.5,23540080.0,0.0
2021-03-17,505.0,516.0,498.0,508.0,10605587.0,0.0
2021-03-18,516.0,545.0,516.0,539.0,21070258.0,0.0
2021-03-19,530.0,552.0,525.0,542.0,18499566.0,0.0
2021-03-22,545.0,553.0,523.0,527.0,13056959.0,0.0
2021-03-23,537.0,544.0,526.0,533.0,8798909.0,0.0
2021-03-24,526.0,537.0,524.0,528.0,6053709.0,0.0
2021-03-25,524.0,540.0,519.0,536.0,8674080.0,0.0
2021-03-26,542.0,573.0,537.0,569.0,17113219.0,0.0
2021-03-29,574.0,579.0,557.0,560.0,12184728.0,0.0
2021-03-30,567.0,577.0,556.0,572.0,9017881.0,0.0
2021-03-31,574.0,598.0,570.0,575.0,13961995.0,0.0
2021-04-01,585.0,591.0,569.0,570.0,7793489.0,0.0
2021-04-07,603.0,627.0,593.0,619.0,8725896.0,0.0
2021-04-08,611.0,644.0,607.0,629.0,11837841.0,0.0
2021-04-09,620.0,633.0,611.0,611.0,10757661.0,0.0
2021-04-12,615.0,619.0,576.0,585.0,14657762.0,0.0
2021-04-13,580.0,607.0,580.0,586.0,11833491.0,0.0
2021-04-14,586.0,596.0,562.0,591.0,11856554.0,0.0
2021-04-15,597.0,610.0,590.0,610.0,9511751.0,0.0
2021-04-16,617.0,627.0,610.0,611.0,9989867.0,0.0
2021-04-19,607.0,612.0,592.0,592.0,6870041.0,0.0
2021-04-20,592.0,604.0,587.0,596.0,5626270.0,0.0
2021-04-21,597.0,600.0,586.0,589.0,6245223.0,0.0
2021-04-22,597.0,606.0,587.0,588.0,8845272.0,0.0
2021-04-23,589.0,615.0,588.0,614.0,8140233.0,0.0
2021-04-26,624.0,627.0,614.0,616.0,7244448.0,0.0
2021-04-27,646.0,656.0,618.0,620.0,19217863.0,0.0
2021-04-28,628.0,647.0,620.0,624.0,13212834.0,0.0
2021-04-29,629.0,634.0,620.0,624.0,9792142.0,0.0
2021-05-03,621.0,623.0,582.0,588.0,13748966.0,0.0
2021-05-04,588.0,594.0,540.0,581.0,16569508.0,0.0
2021-05-05,580.0,586.0,532.0,533.0,14884653.0,0.0
2021-05-06,543.0,555.0,528.0,553.0,14820719.0,0.0
2021-05-07,575.0,585.0,555.0,578.0,19839382.0,0.0
2021-05-10,587.0,589.0,543.0,545.0,14057140.0,0.0
2021-05-11,510.0,530.0,490.5,491.0,26960830.0,0.0
2021-05-12,493.5,509.0,443.5,491.5,31974140.0,0.0
2021-05-13,493.5,505.0,476.0,479.0,19962319.0,0.0
2021-05-14,492.0,508.0,476.0,480.0,16067110.0,0.0
2021-05-17,452.0,491.0,451.5,466.5,14572120.0,0.0
2021-05-18,484.0,513.0,473.0,513.0,21575030.0,0.0
2021-05-19,515.0,525.0,492.0,494.5,19150753.0,0.0
2021-05-20,474.0,486.5,456.0,460.0,21342589.0,0.0
2021-05-21,472.0,478.0,462.0,470.5,13551875.0,0.0
2021-05-24,470.0,492.5,464.0,487.5,11209860.0,0.0
2021-05-25,500.0,507.0,491.0,491.0,14219957.0,0.0
2021-05-26,493.0,495.5,482.5,487.0,7070672.0,0.0
2021-05-27,484.0,495.5,480.5,495.5,8319280.0,0.0
2021-05-28,505.0,516.0,501.0,505.0,11998353.0,0.0
2021-05-31,512.0,536.0,507.0,534.0,12320519.0,0.0
2021-06-01,536.0,540.0,515.0,516.0,14143617.0,0.0
2021-06-02,515.0,521.0,497.0,498.0,11056836.0,0.0
2021-06-03,503.0,505.0,489.0,505.0,8654985.0,0.0
2021-06-04,498.0,503.0,493.0,500.0,4219892.0,0.0
2021-06-07,502.0,520.0,491.0,519.0,8411905.0,0.0
2021-06-08,526.0,526.0,510.0,512.0,7773040.0,0.0
2021-06-09,508.0,522.0,506.0,513.0,5160580.0,0.0
2021-06-10,519.0,528.0,513.0,515.0,7121626.0,0.0
2021-06-11,519.0,523.0,506.0,506.0,5828552.0,0.0
2021-06-15,511.0,522.0,511.0,522.0,6517105.0,0.0
2021-06-16,521.0,522.0,506.0,510.0,6144631.0,0.0
2021-06-17,506.0,510.0,502.0,509.0,5400264.0,0.0
2021-06-18,513.0,516.0,503.0,503.0,6557952.0,0.0
2021-06-21,498.0,498.0,480.5,483.0,11669746.0,0.0
2021-06-22,483.5,491.0,472.0,476.5,12171424.0,0.0
2021-06-23,482.0,491.0,482.0,490.0,7325088.0,0.0
2021-06-24,494.5,499.0,491.5,497.0,5483198.0,0.0
2021-06-25,498.0,501.0,489.0,489.0,5598700.0,0.0
2021-06-28,488.5,496.5,481.0,496.5,4896521.0,0.0
2021-06-29,498.0,499.0,487.5,487.5,3433208.0,0.0
2021-06-30,505.0,510.0,495.0,499.0,10303679.0,0.0
2021-07-01,504.0,507.0,497.5,503.0,4961763.0,0.0
2021-07-02,503.0,504.0,492.0,493.5,5866783.0,0.0
2021-07-05,499.0,509.0,496.0,504.0,7384849.0,0.0
2021-07-06,506.0,513.0,500.0,500.0,4546658.0,0.0
2021-07-07,505.0,508.0,491.0,494.0,8559900.0,0.0
2021-07-08,499.5,508.0,499.0,506.0,6836189.0,0.0
2021-07-09,497.0,500.0,492.0,492.5,8856268.0,0.0
2021-07-12,502.0,503.0,497.0,500.0,5971985.0,0.0
2021-07-13,503.0,509.0,493.0,495.0,7739536.0,0.0
2021-07-14,494.0,497.0,490.0,490.5,7722338.0,0.0
2021-07-15,492.5,499.5,492.0,499.5,5079644.0,0.0
2021-07-16,497.0,506.0,494.0,499.5,4890516.0,0.0
2021-07-19,499.5,505.0,494.0,503.0,4514275.0,0.0
2021-07-20,493.0,494.0,481.0,483.0,10818178.0,0.0
2021-07-21,490.0,492.5,477.0,478.5,7964483.0,0.0
2021-07-22,484.5,503.0,484.5,497.5,12133463.0,0.0
2021-07-23,502.0,506.0,489.0,489.0,6918305.0,0.0
2021-07-26,490.5,502.0,490.5,492.0,5165403.0,0.0
2021-07-27,499.0,536.0,497.0,522.0,20488708.0,0.0
2021-07-28,520.0,525.0,485.0,490.0,16324859.0,0.0
2021-07-29,497.0,512.0,492.5,503.0,10660088.0,0.0
2021-07-30,500.0,524.0,500.0,511.0,12040969.0,0.0
2021-08-02,534.0,562.0,522.0,541.0,29607097.0,0.0
2021-08-03,544.0,555.0,541.0,545.0,11900164.0,0.0
2021-08-04,545.0,562.0,537.0,562.0,12504577.0,0.0
2021-08-05,565.0,582.0,563.0,570.0,14321785.0,0.0
2021-08-06,560.0,575.0,557.0,560.0,12319509.0,0.0
2021-08-09,555.0,558.0,538.0,538.0,9433574.0,0.0
2021-08-10,540.0,547.0,525.0,531.0,8386543.0,0.0
2021-08-11,532.0,534.0,512.0,519.0,8069580.0,0.0
2021-08-12,521.0,533.0,521.0,527.0,4191573.0,0.0
2021-08-13,531.0,533.0,509.0,509.0,5994813.0,0.0
2021-08-16,509.0,515.0,499.0,506.0,7175864.0,0.0
2021-08-17,506.0,506.0,506.0,506.0,0.0,15.6
2021-08-18,463.0,492.0,456.0,491.5,11266958.0,0.0
2021-08-19,487.0,495.0,470.5,470.5,8915055.0,0.0
2021-08-20,477.0,483.0,469.5,470.0,5621950.0,0.0
2021-08-23,474.5,486.5,472.0,480.5,5640275.0,0.0
2021-08-24,487.5,488.5,461.0,461.0,8795481.0,0.0
2021-08-25,459.0,469.5,454.5,469.0,9313079.0,0.0
2021-08-26,470.5,474.0,458.0,459.5,6180970.0,0.0
2021-08-27,456.0,458.5,445.0,446.0,10282864.0,0.0
2021-08-30,451.0,454.5,442.0,454.5,8586661.0,0.0
2021-08-31,458.0,459.0,446.0,449.0,7401772.0,0.0
2021-09-01,447.0,463.0,447.0,463.0,7025783.0,0.0
2021-09-02,461.5,471.5,456.0,456.5,6719476.0,0.0
2021-09-03,462.0,463.5,456.0,456.5,4140769.0,0.0
2021-09-06,448.0,448.0,430.0,430.0,11147651.0,0.0
2021-09-07,437.0,441.5,431.0,431.0,5813759.0,0.0
2021-09-08,429.0,438.0,423.0,425.5,5931057.0,0.0
2021-09-09,423.5,437.5,423.5,433.5,3985057.0,0.0
2021-09-10,436.5,454.5,435.0,454.0,8924911.0,0.0
2021-09-13,449.0,453.0,443.0,444.0,4281830.0,0.0
2021-09-14,440.5,449.0,438.5,440.0,4511631.0,0.0
2021-09-15,438.5,444.5,430.5,431.0,4722123.0,0.0
2021-09-16,434.0,440.5,425.5,429.0,5021648.0,0.0
2021-09-17,432.5,437.0,427.0,428.5,4916134.0,0.0
2021-09-22,415.0,422.0,411.0,422.0,5234712.0,0.0
2021-09-23,429.0,436.0,426.0,426.5,5612406.0,0.0
2021-09-24,434.0,434.0,426.0,426.0,4381113.0,0.0
2021-09-27,426.5,436.0,422.0,434.5,4632883.0,0.0
2021-09-28,431.5,432.5,424.0,424.0,4623648.0,0.0
2021-09-29,415.0,419.0,406.5,406.5,6679550.0,0.0
2021-09-30,407.0,412.5,398.0,410.0,7280788.0,0.0
2021-10-01,405.0,412.5,401.0,404.5,5074870.0,0.0
2021-10-04,406.0,411.0,398.0,399.5,3703485.0,0.0
2021-10-05,390.0,399.0,384.0,397.5,6508520.0,0.0
2021-10-06,402.5,404.5,389.5,391.0,4111481.0,0.0
2021-10-07,399.0,407.0,396.0,396.0,5602184.0,0.0
2021-10-08,398.5,402.0,389.0,389.0,3960966.0,0.0
2021-10-12,384.0,388.0,372.0,372.0,7145322.0,0.0
2021-10-13,377.0,379.5,369.0,371.5,5174214.0,0.0
2021-10-14,376.5,377.0,364.0,372.0,5344888.0,0.0
2021-10-15,381.0,391.0,379.0,390.5,6106929.0,0.0
2021-10-18,388.5,395.0,385.5,387.0,4576424.0,0.0
2021-10-19,389.0,403.0,389.0,401.0,4374799.0,0.0
2021-10-20,404.5,406.0,397.0,399.0,5066421.0,0.0
2021-10-21,395.0,414.0,393.5,395.5,8126483.0,0.0
2021-10-22,396.0,405.0,391.0,405.0,4821159.0,0.0
2021-10-25,403.0,406.5,397.5,400.0,3355553.0,0.0
2021-10-26,404.0,413.5,403.5,409.0,4315017.0,0.0
2021-10-27,409.0,411.5,405.5,408.5,2693217.0,0.0
2021-10-28,409.0,423.5,408.5,410.5,7301792.0,0.0
2021-10-29,415.0,422.0,411.0,415.5,5753283.0,0.0
2021-11-01,427.0,429.5,417.0,418.5,5798863.0,0.0
2021-11-02,419.5,421.0,405.5,405.5,4908967.0,0.0
2021-11-03,407.5,415.5,407.0,413.5,3856973.0,0.0
2021-11-04,417.5,420.0,407.5,407.5,4080310.0,0.0
2021-11-05,418.0,448.0,413.0,448.0,23435787.0,0.0
2021-11-08,452.5,467.5,448.5,456.5,16911932.0,0.0
2021-11-09,450.0,462.0,450.0,461.0,9415436.0,0.0
2021-11-10,459.0,461.0,450.0,452.0,5826017.0,0.0
2021-11-11,446.0,448.0,437.0,443.0,5556734.0,0.0
2021-11-12,447.5,459.5,442.0,451.5,7582002.0,0.0
2021-11-15,459.0,477.0,458.5,470.0,14179227.0,0.0
2021-11-16,470.0,477.5,465.0,470.0,8436184.0,0.0
2021-11-17,480.0,498.5,479.0,490.5,16411359.0,0.0
2021-11-18,494.0,504.0,488.5,493.5,10486502.0,0.0
2021-11-19,500.0,502.0,482.0,483.0,9171415.0,0.0
2021-11-22,484.5,495.0,482.5,489.5,5808803.0,0.0
2021-11-23,484.0,489.5,475.0,485.5,6517518.0,0.0
2021-11-24,482.0,490.5,478.5,480.5,3923173.0,0.0
2021-11-25,482.0,482.5,472.0,473.0,5460841.0,0.0
2021-11-26,470.5,475.5,461.5,462.5,7637533.0,0.0
2021-11-29,456.0,473.0,456.0,470.0,7041785.0,0.0
2021-11-30,472.0,477.5,465.5,465.5,7843431.0,0.0
2021-12-01,465.5,483.0,465.5,482.5,8431308.0,0.0
2021-12-02,483.0,493.0,476.0,486.0,8280532.0,0.0
2021-12-03,491.5,497.5,488.0,493.0,6177360.0,0.0
2021-12-06,500.0,505.0,495.5,505.0,7830736.0,0.0
2021-12-07,508.0,515.0,506.0,513.0,9900400.0,0.0
2021-12-08,525.0,525.0,515.0,519.0,9253127.0,0.0
2021-12-09,521.0,523.0,508.0,512.0,5981292.0,0.0
2021-12-10,508.0,515.0,503.0,508.0,4658288.0,0.0
2021-12-13,512.0,530.0,512.0,520.0,7506127.0,0.0
2021-12-14,516.0,520.0,502.0,502.0,6640543.0,0.0
2021-12-15,503.0,514.0,495.5,512.0,5415150.0,0.0
2021-12-16,517.0,535.0,516.0,534.0,10959606.0,0.0
2021-12-17,525.0,533.0,523.0,531.0,7766114.0,0.0
2021-12-20,526.0,528.0,516.0,528.0,7333994.0,0.0
2021-12-21,528.0,535.0,521.0,535.0,6878652.0,0.0
2021-12-22,535.0,537.0,530.0,532.0,5331512.0,0.0
2021-12-23,535.0,539.0,531.0,538.0,6219793.0,0.0
2021-12-24,540.0,544.0,530.0,530.0,3931064.0,0.0
2021-12-27,531.0,536.0,526.0,531.0,2488818.0,0.0
2021-12-28,536.0,539.0,531.0,537.0,3100836.0,0.0
2021-12-29,539.0,539.0,532.0,534.0,1447004.0,0.0
2021-12-30,534.0,543.0,534.0,539.0,3803965.0,0.0
2022-01-03,545.0,546.0,532.0,538.0,3508350.0,0.0
2022-01-04,540.0,542.0,528.0,532.0,4611317.0,0.0
2022-01-05,529.0,531.0,516.0,520.0,6759990.0,0.0
2022-01-06,516.0,523.0,508.0,517.0,6159423.0,0.0
2022-01-07,523.0,526.0,505.0,507.0,5942815.0,0.0
2022-01-10,505.0,511.0,501.0,510.0,3404442.0,0.0
2022-01-11,515.0,519.0,506.0,508.0,4430656.0,0.0
2022-01-12,514.0,514.0,501.0,508.0,3905091.0,0.0
2022-01-13,508.0,511.0,495.5,498.0,4684933.0,0.0
2022-01-14,493.5,497.0,485.0,494.5,5119746.0,0.0
2022-01-17,494.5,503.0,492.0,501.0,3407215.0,0.0
2022-01-18,505.0,517.0,503.0,510.0,4819764.0,0.0
2022-01-19,502.0,509.0,501.0,506.0,3171337.0,0.0
2022-01-20,502.0,505.0,497.5,503.0,3056435.0,0.0
2022-01-21,498.5,500.0,492.0,494.5,4028357.0,0.0
2022-01-24,490.0,490.5,472.0,490.5,6061720.0,0.0
2022-01-25,482.5,484.5,472.0,473.0,6156737.0,0.0
2022-01-26,475.0,479.0,470.0,471.0,4143058.0,0.0
2022-02-07,460.0,472.5,454.0,456.5,7521495.0,0.0
2022-02-08,461.5,461.5,452.0,453.0,7129542.0,0.0
2022-02-09,458.0,466.0,456.5,462.0,8165149.0,0.0
2022-02-10,467.0,471.0,463.5,467.0,6842117.0,0.0
2022-02-11,463.5,470.5,457.0,468.0,6070863.0,0.0
2022-02-14,466.0,467.0,450.0,454.5,9979758.0,0.0
2022-02-15,454.0,458.5,452.0,453.0,5997464.0,0.0
2022-02-16,460.5,462.0,453.5,456.0,6852963.0,0.0
2022-02-17,456.0,456.5,450.0,450.5,7101904.0,0.0
2022-02-18,441.5,448.5,440.5,446.5,6913527.0,0.0
2022-02-21,443.0,454.5,441.5,453.5,4873530.0,0.0
2022-02-22,450.0,453.0,447.0,452.0,5513169.0,0.0
2022-02-23,457.5,469.0,456.5,463.5,8689750.0,0.0
2022-02-24,457.5,465.0,454.0,456.0,8135984.0,0.0
2022-02-25,464.0,466.0,456.0,456.5,6526676.0,0.0
2022-03-01,469.0,481.0,463.5,481.0,8608986.0,0.0
2022-03-02,473.0,480.0,471.0,477.0,4577243.0,0.0
2022-03-03,482.5,485.5,475.0,480.0,4639655.0,0.0
2022-03-04,475.0,480.0,473.5,474.0,2876789.0,0.0
2022-03-07,468.0,468.0,452.0,456.5,5822903.0,0.0
2022-03-08,450.0,462.0,448.5,452.5,5847273.0,0.0
2022-03-09,456.0,459.0,452.0,452.5,3384150.0,0.0
2022-03-10,462.0,468.0,459.0,468.0,4070669.0,0.0
2022-03-11,461.0,472.0,460.0,466.5,3768228.0,0.0
2022-03-14,469.5,472.5,460.5,463.0,3404812.0,0.0
2022-03-15,465.0,465.5,450.0,451.5,4215235.0,0.0
2022-03-16,457.0,457.5,445.0,452.5,4828204.0,0.0
2022-03-17,462.5,469.0,461.5,467.0,6385615.0,0.0
2022-03-18,468.0,468.5,454.0,456.5,7243847.0,0.0
2022-03-21,454.5,458.0,448.5,450.5,6460990.0,0.0
2022-03-22,445.0,446.0,431.5,434.5,10159469.0,0.0
2022-03-23,442.5,445.0,436.5,445.0,5286230.0,0.0
2022-03-24,440.0,442.0,432.0,434.5,6696133.0,0.0
2022-03-25,436.5,442.0,435.5,435.5,3853606.0,0.0
2022-03-28,430.5,430.5,420.0,425.0,4516805.0,0.0
2022-03-29,424.0,427.0,419.0,420.5,3861066.0,0.0
2022-03-30,430.5,430.5,422.0,424.5,4102524.0,0.0
2022-03-31,425.0,430.0,422.5,426.5,2566579.0,0.0
2022-04-01,425.0,427.5,420.5,427.5,2109453.0,0.0
2022-04-06,421.5,422.0,415.0,415.0,5507001.0,0.0
2022-04-07,407.5,412.5,400.0,400.0,6217186.0,0.0
2022-04-08,403.5,406.5,400.0,403.0,4151581.0,0.0
2022-04-11,404.0,406.5,390.0,390.5,4540939.0,0.0
2022-04-12,386.0,400.0,383.5,398.0,6035170.0,0.0
2022-04-13,401.0,410.0,397.5,410.0,3963139.0,0.0
2022-04-14,417.0,417.0,409.0,414.0,4139587.0,0.0
2022-04-15,408.5,408.5,399.5,400.0,2724901.0,0.0
2022-04-18,397.5,407.0,393.0,405.5,1899450.0,0.0
2022-04-19,410.5,411.5,402.0,402.0,2396816.0,0.0
2022-04-20,403.5,407.0,402.0,405.5,3067987.0,0.0
2022-04-21,401.0,403.0,396.5,401.5,4318044.0,0.0
2022-04-22,391.0,396.0,386.5,387.0,6345938.0,0.0
2022-04-25,378.5,380.5,372.5,374.5,5288457.0,0.0
2022-04-26,379.0,379.0,374.0,376.0,3538788.0,0.0
2022-04-27,360.0,367.0,350.5,363.5,8848734.0,0.0
2022-04-28,365.0,384.0,364.5,382.5,7152641.0,0.0
2022-04-29,417.5,417.5,397.0,398.5,13336524.0,0.0
2022-05-03,402.0,405.0,399.0,403.5,4703761.0,0.0
2022-05-04,402.0,402.5,390.0,395.0,7204092.0,0.0
2022-05-05,399.0,401.0,396.0,401.0,5619451.0,0.0
2022-05-06,390.5,394.5,388.0,391.0,5132950.0,0.0
2022-05-09,382.0,384.5,377.5,378.0,5626487.0,0.0
2022-05-10,373.5,392.5,372.0,390.5,7020392.0,0.0
2022-05-11,386.0,393.5,384.0,391.5,3832771.0,0.0
2022-05-12,387.0,394.0,385.5,388.5,5438750.0,0.0
2022-05-13,393.0,399.0,391.0,399.0,4410479.0,0.0
2022-05-16,408.0,408.0,391.5,391.5,5437663.0,0.0
2022-05-17,392.5,398.0,390.5,394.5,4078198.0,0.0
2022-05-18,397.0,399.5,395.0,395.0,4505156.0,0.0
2022-05-19,387.0,402.5,386.5,402.5,5009904.0,0.0
2022-05-20,405.5,406.0,401.0,401.5,3512702.0,0.0
2022-05-23,399.5,401.5,390.5,393.0,5761967.0,0.0
2022-05-24,394.0,395.0,384.0,384.5,3936282.0,0.0
2022-05-25,384.5,391.5,382.5,389.0,4100571.0,0.0
2022-05-26,391.5,395.0,386.0,387.5,3425996.0,0.0
2022-05-27,395.0,400.0,393.0,400.0,5310790.0,0.0
2022-05-30,405.5,405.5,401.0,404.0,4418464.0,0.0
2022-05-31,402.5,408.5,400.5,406.0,5313371.0,0.0
2022-06-01,406.0,417.5,404.0,410.0,5966389.0,0.0
2022-06-02,405.5,406.0,399.5,401.0,4814061.0,0.0
2022-06-06,404.5,407.0,397.5,406.5,2984355.0,0.0
2022-06-07,402.0,404.0,400.0,401.0,3138143.0,0.0
2022-06-08,403.5,407.5,402.5,405.0,2572216.0,0.0
2022-06-09,401.5,403.5,398.0,398.5,4353911.0,0.0
2022-06-10,396.0,396.5,392.0,393.0,3350733.0,0.0
2022-06-13,382.0,383.5,378.0,379.5,4476253.0,0.0
2022-06-14,375.5,379.0,370.0,379.0,3871706.0,0.0
2022-06-15,376.0,380.0,372.0,372.5,3991991.0,0.0
2022-06-16,378.0,381.0,366.0,366.5,3311897.0,0.0
2022-06-17,356.5,360.0,351.0,352.0,8937232.0,0.0
2022-06-20,352.5,353.5,338.5,341.5,7921903.0,0.0
2022-06-21,342.0,346.0,337.5,346.0,6423715.0,0.0
2022-06-22,340.5,341.0,317.5,321.0,11561857.0,0.0
2022-06-23,323.5,328.0,318.0,326.0,7766508.0,0.0
2022-06-24,325.0,328.0,319.0,325.0,4603832.0,0.0
2022-06-27,326.5,335.0,326.0,330.0,4838251.0,0.0
2022-06-28,326.0,327.0,314.0,315.0,6731077.0,0.0
2022-06-29,301.0,317.5,301.0,310.0,7082708.0,0.0
2022-06-30,305.0,307.5,301.0,302.0,6522858.0,0.0
2022-07-01,300.0,307.0,288.0,288.5,9424754.0,0.0
2022-07-04,294.0,297.0,285.5,296.0,9064585.0,0.0
2022-07-05,302.0,302.5,287.0,292.0,7094865.0,0.0
2022-07-06,291.5,294.0,278.0,278.0,10308285.0,0.0
2022-07-07,272.5,283.0,270.5,279.5,8351777.0,0.0
2022-07-08,285.5,302.0,284.5,300.0,12469607.0,0.0
2022-07-11,300.5,302.5,297.0,300.5,11521331.0,0.0
2022-07-12,243.5,244.0,234.5,234.5,16834231.0,45.075
2022-07-13,247.0,247.5,238.0,238.5,7617433.0,0.0
2022-07-14,235.0,241.5,230.5,241.0,6360312.0,0.0
2022-07-15,239.0,250.5,236.0,245.0,7593815.0,0.0
2022-07-18,245.0,251.0,244.5,249.0,4569947.0,0.0
2022-07-19,246.5,251.5,245.5,250.5,4155264.0,0.0
2022-07-20,257.0,260.0,256.0,258.0,8743474.0,0.0
2022-07-21,260.0,269.5,259.0,269.5,6017988.0,0.0
2022-07-22,271.0,271.5,263.0,266.0,7316822.0,0.0
2022-07-25,262.5,264.0,260.5,262.0,3024609.0,0.0
2022-07-26,260.5,265.0,257.0,261.5,4218273.0,0.0
2022-07-27,259.0,265.0,257.0,264.5,3454044.0,0.0
2022-07-28,268.0,270.5,260.5,262.5,4465732.0,0.0
2022-07-29,264.0,266.5,260.0,265.0,4349934.0,0.0
2022-08-01,261.5,264.0,257.5,262.0,5358746.0,0.0
2022-08-02,254.0,255.5,247.0,250.5,8231423.0,0.0
2022-08-03,249.0,251.0,246.0,249.5,4684173.0,0.0
2022-08-04,250.5,251.0,242.0,247.0,6465091.0,0.0
2022-08-05,248.0,251.5,247.0,247.5,4451915.0,0.0
2022-08-08,243.0,257.0,242.5,256.5,10592177.0,0.0
2022-08-09,256.5,262.5,253.5,260.0,5240412.0,0.0
2022-08-10,256.0,256.0,245.0,245.5,7040715.0,0.0
2022-08-11,251.0,261.0,250.5,257.5,7654683.0,0.0
2022-08-12,258.0,263.5,255.0,261.5,5172158.0,0.0
2022-08-15,264.0,267.5,260.5,267.5,5168511.0,0.0
2022-08-16,268.5,269.0,261.0,262.0,4706186.0,0.0
2022-08-17,262.5,266.5,260.5,265.0,5146152.0,0.0
2022-08-18,262.0,269.0,260.5,267.0,4104301.0,0.0
2022-08-19,266.5,273.5,266.0,270.0,5209869.0,0.0
2022-08-22,267.5,272.0,266.0,268.0,2602000.0,0.0
2022-08-23,263.5,266.0,261.0,261.0,3005810.0,0.0
2022-08-24,262.0,263.5,260.0,260.0,2787950.0,0.0
2022-08-25,262.0,269.5,262.0,269.5,4097032.0,0.0
2022-08-26,271.0,273.5,265.0,265.0,3907533.0,0.0
2022-08-29,256.5,262.0,255.0,259.0,3159849.0,0.0
2022-08-30,259.5,261.5,257.5,258.5,2546399.0,0.0
2022-08-31,256.5,263.5,254.5,263.5,3913929.0,0.0
2022-09-01,260.0,262.5,257.0,258.5,4049709.0,0.0
2022-09-02,258.5,264.0,258.0,258.5,3656260.0,0.0
2022-09-05,257.5,259.5,247.0,252.5,5598099.0,0.0
2022-09-06,252.0,255.0,250.0,251.5,2622102.0,0.0
2022-09-07,246.5,256.0,243.5,254.5,5373479.0,0.0
2022-09-08,254.5,260.0,247.0,259.0,5118840.0,0.0
2022-09-12,261.0,267.5,261.0,266.5,3727622.0,0.0
2022-09-13,266.0,269.0,262.0,263.0,3096572.0,0.0
2022-09-14,255.5,258.5,255.0,258.0,3238377.0,0.0
2022-09-15,257.5,264.5,257.0,260.5,3023516.0,0.0
2022-09-16,258.0,259.0,253.0,253.0,4958459.0,0.0
2022-09-19,252.0,255.5,248.5,249.5,3878236.0,0.0
2022-09-20,250.5,253.0,243.5,243.5,6058629.0,0.0
2022-09-21,243.0,247.0,242.0,243.5,4873500.0,0.0
2022-09-22,238.5,244.5,233.0,239.5,6939328.0,0.0
2022-09-23,236.0,241.5,235.0,235.5,3088543.0,0.0
2022-09-26,231.0,233.0,220.5,222.5,5578410.0,0.0
2022-09-27,224.5,227.0,221.5,223.5,4521322.0,0.0
2022-09-28,223.5,224.0,214.0,214.5,6426273.0,0.0
2022-09-29,218.0,219.5,212.0,213.5,4397175.0,0.0
2022-09-30,208.0,219.5,208.0,219.0,4184182.0,0.0
2022-10-03,215.5,220.5,213.5,217.5,3193070.0,0.0
2022-10-04,224.0,230.5,224.0,228.0,4621484.0,0.0
2022-10-05,232.5,241.5,231.5,238.5,6651054.0,0.0
2022-10-06,240.5,242.5,236.0,240.5,4613582.0,0.0
2022-10-07,238.5,241.0,235.0,238.5,3262859.0,0.0
2022-10-11,231.5,238.0,226.0,236.5,5115340.0,0.0
2022-10-12,234.5,241.0,231.5,237.0,5973667.0,0.0
2022-10-13,235.0,242.5,232.0,233.0,4703342.0,0.0
2022-10-14,240.0,245.5,239.5,242.5,5045407.0,0.0
2022-10-17,239.5,249.0,237.0,249.0,6376114.0,0.0
2022-10-18,252.5,252.5,241.5,243.0,7923065.0,0.0
2022-10-19,244.5,248.0,243.5,244.0,4559713.0,0.0
2022-10-20,239.5,245.5,239.5,245.5,4603092.0,0.0
2022-10-21,245.5,249.0,244.0,246.0,2907956.0,0.0
2022-10-24,251.0,253.0,245.5,246.0,4002343.0,0.0
2022-10-25,246.0,248.0,235.5,235.5,4655338.0,0.0
2022-10-26,235.5,240.0,234.0,235.0,3173459.0,0.0
2022-10-27,237.0,242.0,236.5,241.0,2822863.0,0.0
2022-10-28,239.0,239.5,228.0,237.0,4476979.0,0.0
2022-10-31,237.5,243.0,235.5,241.0,2818366.0,0.0
2022-11-01,242.5,246.0,240.5,243.5,2074199.0,0.0
2022-11-02,243.5,247.5,241.0,246.0,2561305.0,0.0
2022-11-03,240.5,246.0,239.0,245.0,2924024.0,0.0
2022-11-04,244.0,248.0,242.0,247.5,2504627.0,0.0
2022-11-07,251.0,257.5,248.5,255.5,4859112.0,0.0
2022-11-08,257.5,268.0,257.0,259.5,8026695.0,0.0
2022-11-09,277.5,285.0,275.0,285.0,10604257.0,0.0
2022-11-10,285.5,293.5,283.5,290.0,19709959.0,0.0
2022-11-11,310.0,312.5,297.0,298.0,14295127.0,0.0
2022-11-14,301.0,301.5,293.5,298.0,7589675.0,0.0
2022-11-15,296.0,301.5,294.0,301.0,5055045.0,0.0
2022-11-16,303.0,308.5,297.0,307.0,8304116.0,0.0
2022-11-17,321.0,321.5,301.0,307.0,10372869.0,0.0
2022-11-18,308.0,314.0,299.0,301.5,8144216.0,0.0
2022-11-21,302.0,303.5,295.5,298.0,4134108.0,0.0
2022-11-22,296.0,297.0,290.0,295.0,4963668.0,0.0
2022-11-23,297.0,297.5,291.0,291.0,3580908.0,0.0
2022-11-24,295.0,302.5,293.0,302.0,4534734.0,0.0
2022-11-25,302.0,302.5,294.0,294.5,3802800.0,0.0
2022-11-28,291.0,295.5,290.0,291.5,2155657.0,0.0
2022-11-29,290.5,294.0,288.5,293.0,2816453.0,0.0
2022-11-30,291.5,298.5,290.0,298.5,5895308.0,0.0
2022-12-01,300.5,302.5,297.0,297.0,5223104.0,0.0
2022-12-02,294.5,299.0,293.5,299.0,3553145.0,0.0
2022-12-05,295.0,302.0,294.0,300.5,5353898.0,0.0
2022-12-06,296.0,298.5,292.5,298.5,7714397.0,0.0
2022-12-07,296.0,305.0,296.0,305.0,9492306.0,0.0
2022-12-08,303.5,303.5,295.0,297.5,6062334.0,0.0
2022-12-09,299.0,302.5,298.0,299.0,3452544.0,0.0
2022-12-12,299.0,299.0,292.0,296.5,3136736.0,0.0
2022-12-13,296.0,299.0,295.0,295.5,3013647.0,0.0
2022-12-14,297.0,307.0,296.5,307.0,5951718.0,0.0
2022-12-15,305.0,308.5,303.0,308.5,4683270.0,0.0
2022-12-16,302.5,314.5,301.0,314.5,11154851.0,0.0
2022-12-19,310.0,311.5,301.5,309.0,12556876.0,0.0
2022-12-20,306.0,312.0,300.0,300.0,10739461.0,0.0
2022-12-21,300.0,304.0,296.5,298.0,9331648.0,0.0
2022-12-22,298.5,305.0,297.0,302.0,8827957.0,0.0
2022-12-23,299.0,303.5,297.0,301.5,2959910.0,0.0
2022-12-26,303.5,307.5,300.5,306.5,2756680.0,0.0
2022-12-27,311.5,329.0,311.5,319.0,13604843.0,0.0
2022-12-28,315.0,316.5,307.0,309.0,5918380.0,0.0
2022-12-29,306.0,317.5,302.0,317.5,5190825.0,0.0
2022-12-30,321.0,324.0,315.0,315.5,5145862.0,0.0
2023-01-03,313.0,334.5,312.5,334.5,11578219.0,0.0
2023-01-04,330.5,338.0,328.0,335.5,9147772.0,0.0
2023-01-05,340.0,344.5,336.5,339.0,7949263.0,0.0
2023-01-06,342.0,352.0,339.0,352.0,10259143.0,0.0
2023-01-09,357.0,357.5,343.0,348.5,9852115.0,0.0
2023-01-10,347.0,353.5,340.0,347.0,9834504.0,0.0
2023-01-11,349.5,351.0,346.0,350.5,6227477.0,0.0
2023-01-12,347.0,350.0,342.0,344.5,6493278.0,0.0
2023-01-13,346.0,348.0,342.5,346.0,5659360.0,0.0
2023-01-16,350.0,351.0,343.0,345.0,3698374.0,0.0
2023-01-17,347.0,348.0,344.0,348.0,3037580.0,0.0
2023-01-30,356.5,357.5,349.0,351.0,7243225.0,0.0
2023-01-31,353.0,364.5,351.0,355.0,10327033.0,0.0
2023-02-01,355.0,362.0,352.0,353.5,7981477.0,0.0
2023-02-02,357.0,363.5,356.0,361.0,7491884.0,0.0
2023-02-03,361.5,363.5,357.0,363.0,6427821.0,0.0
2023-02-06,360.5,364.5,356.0,356.0,5008562.0,0.0
2023-02-07,360.0,366.5,358.0,364.0,8905044.0,0.0
2023-02-08,374.5,398.0,373.5,390.0,20304425.0,0.0
2023-02-09,383.0,392.5,381.5,381.5,8363072.0,0.0
2023-02-10,380.5,385.0,376.0,383.5,7283777.0,0.0
2023-02-13,383.0,386.5,378.5,380.5,5144723.0,0.0
2023-02-14,386.0,398.5,384.5,398.5,10439171.0,0.0
2023-02-15,395.5,404.5,392.0,398.0,7988882.0,0.0
2023-02-16,398.0,402.5,394.0,402.0,5983898.0,0.0
2023-02-17,408.0,408.0,400.5,404.5,5479438.0,0.0
2023-02-20,406.0,415.0,405.0,407.5,5801186.0,0.0
2023-02-21,411.5,425.0,410.5,425.0,9461501.0,0.0
2023-02-22,421.0,422.0,406.0,409.0,7787623.0,0.0
2023-02-23,410.5,416.5,409.0,409.0,6202617.0,0.0
2023-02-24,414.5,420.0,401.5,407.5,10031976.0,0.0
2023-03-01,407.0,419.0,402.0,415.5,7514105.0,0.0
2023-03-02,415.0,415.0,406.5,409.5,5318611.0,0.0
2023-03-03,413.5,414.5,407.0,410.5,4097229.0,0.0
2023-03-06,415.5,426.0,415.5,422.0,7610417.0,0.0
2023-03-07,422.5,430.5,419.5,430.5,6093807.0,0.0
2023-03-08,424.0,431.0,422.5,429.5,5009799.0,0.0
2023-03-09,431.0,433.0,426.5,428.0,3693032.0,0.0
2023-03-10,424.0,430.0,421.0,424.0,5260400.0,0.0
2023-03-13,420.5,428.0,417.5,428.0,5240029.0,0.0
2023-03-14,423.0,426.0,419.0,420.0,3552333.0,0.0
2023-03-15,424.0,435.0,417.0,418.0,6777222.0,0.0
2023-03-16,408.0,419.0,408.0,417.5,6375744.0,0.0
2023-03-17,422.0,434.5,421.0,434.5,7329207.0,0.0
2023-03-20,434.5,436.0,428.5,430.0,3497973.0,0.0
2023-03-21,433.0,434.0,428.5,429.0,2077566.0,0.0
2023-03-22,433.5,435.0,429.5,430.5,4909220.0,0.0
2023-03-23,434.5,435.0,429.5,433.0,4471996.0,0.0
2023-03-24,434.0,437.0,433.0,436.5,4335802.0,0.0
2023-03-27,437.0,437.5,430.5,430.5,2952647.0,0.0
2023-03-28,434.0,434.5,423.0,425.5,3843509.0,0.0
2023-03-29,426.0,428.5,409.0,414.0,7868124.0,0.0
2023-03-30,416.5,419.5,411.0,415.0,4753911.0,0.0
2023-03-31,422.0,432.0,420.0,431.5,8917547.0,0.0
2023-04-06,433.5,441.0,432.0,435.5,7771433.0,0.0
2023-04-07,435.5,442.0,435.5,439.0,2979650.0,0.0
2023-04-10,444.0,452.0,443.0,447.5,4484813.0,0.0
2023-04-11,453.0,464.0,452.0,463.5,7102189.0,0.0
2023-04-12,463.5,464.0,454.0,455.5,4828444.0,0.0
2023-04-13,456.0,458.0,449.0,450.0,4162774.0,0.0
2023-04-14,455.0,461.0,449.5,459.0,3485509.0,0.0
2023-04-17,457.0,460.5,453.0,458.0,2233653.0,0.0
2023-04-18,458.0,458.0,450.0,451.0,2792891.0,0.0
2023-04-19,451.0,455.0,448.0,450.0,3532966.0,0.0
2023-04-20,449.0,452.0,443.5,445.0,2579285.0,0.0
2023-04-21,445.0,450.0,436.0,436.0,3692201.0,0.0
2023-04-24,433.0,443.0,432.0,438.5,2714935.0,0.0
2023-04-25,436.0,437.0,409.0,409.0,7487619.0,0.0
2023-04-26,405.0,413.0,397.5,412.0,6164241.0,0.0
2023-04-27,410.0,418.0,402.5,410.5,5371996.0,0.0
2023-04-28,414.0,421.5,414.0,418.5,4767039.0,0.0
2023-05-02,425.0,429.0,421.0,425.5,3048812.0,0.0
2023-05-03,422.5,427.0,418.5,426.5,2095350.0,0.0
2023-05-04,423.0,426.5,420.0,423.0,2454706.0,0.0
2023-05-05,424.5,428.0,423.0,428.0,1173917.0,0.0
2023-05-08,434.0,435.0,428.5,429.0,3219388.0,0.0
2023-05-09,429.0,429.5,412.5,417.0,5586842.0,0.0
2023-05-10,430.0,444.0,423.5,424.0,12963448.0,0.0
2023-05-11,423.0,427.0,415.0,415.5,5077646.0,0.0
2023-05-12,413.0,414.5,407.0,411.0,4929555.0,0.0
2023-05-15,407.5,408.0,396.0,400.5,7523744.0,0.0
2023-05-16,405.0,410.0,403.5,406.0,3291922.0,0.0
2023-05-17,404.0,406.0,396.0,400.5,7282808.0,0.0
2023-05-18,406.0,409.5,403.5,407.5,3961677.0,0.0
2023-05-19,411.0,413.0,404.0,407.0,3159937.0,0.0
2023-05-22,408.5,414.0,404.0,408.0,4166809.0,0.0
2023-05-23,408.0,410.0,405.0,409.0,2431056.0,0.0
2023-05-24,406.5,408.0,400.0,407.5,4005958.0,0.0
2023-05-25,415.0,419.0,411.5,414.0,5926840.0,0.0
2023-05-26,416.0,421.0,416.0,416.5,3474328.0,0.0
2023-05-29,420.5,425.0,418.5,423.5,3380906.0,0.0
2023-05-30,424.5,425.0,416.0,423.5,4229974.0,0.0
2023-05-31,420.5,428.0,420.5,425.5,5540000.0,0.0
2023-06-01,422.0,426.0,418.0,424.0,3106488.0,0.0
2023-06-02,427.0,431.5,426.0,431.0,4161632.0,0.0
2023-06-05,433.0,442.0,431.0,438.0,4036696.0,0.0
2023-06-06,439.5,444.5,436.0,444.5,3263440.0,0.0
2023-06-07,450.0,456.5,448.0,456.0,5406915.0,0.0
2023-06-08,453.5,456.5,448.0,455.5,4401186.0,0.0
2023-06-09,462.0,467.5,460.0,463.0,5949120.0,0.0
2023-06-12,469.0,469.0,455.0,455.0,3859876.0,0.0
2023-06-13,463.0,467.0,458.5,466.5,4125986.0,0.0
2023-06-14,461.0,464.5,459.5,460.5,3975391.0,0.0
2023-06-15,457.0,457.5,448.0,450.0,5781287.0,0.0
2023-06-16,453.0,461.5,451.0,458.0,6199512.0,0.0
2023-06-19,457.0,461.0,450.5,455.0,4590379.0,0.0
2023-06-20,456.0,457.0,449.0,449.0,2995673.0,0.0
2023-06-21,445.0,451.5,441.0,450.0,4816780.0,0.0
2023-06-26,445.0,454.5,443.0,450.0,2371531.0,0.0
2023-06-27,449.0,456.5,447.0,452.0,3432754.0,0.0
2023-06-28,455.5,460.5,450.5,459.0,3406846.0,0.0
2023-06-29,463.0,466.0,454.5,456.0,3355496.0,0.0
2023-06-30,442.5,443.0,424.5,426.5,13689718.0,0.0
2023-07-03,425.0,427.0,419.0,425.0,6737804.0,0.0
2023-07-04,430.0,441.5,428.5,440.5,6427416.0,0.0
2023-07-05,442.5,445.0,436.0,438.5,5022033.0,0.0
2023-07-06,437.5,438.5,431.0,435.5,7064506.0,0.0
2023-07-07,431.5,438.0,428.5,435.5,5014924.0,0.0
2023-07-10,439.0,439.5,430.5,430.5,7219070.0,0.0
2023-07-11,394.5,404.0,394.5,397.0,11141774.0,37.0
2023-07-12,398.0,398.5,391.0,394.5,4935392.0,0.0
2023-07-13,395.0,402.5,395.0,399.0,4881803.0,0.0
2023-07-14,404.0,413.5,401.5,409.0,4399737.0,0.0
2023-07-17,409.0,412.0,404.0,406.0,4076470.0,0.0
2023-07-18,409.5,415.5,407.0,410.0,3904273.0,0.0
2023-07-19,408.0,415.0,404.5,404.5,4803330.0,0.0
2023-07-20,406.5,411.5,403.0,409.5,2389184.0,0.0
2023-07-21,407.5,409.0,401.5,408.0,3008510.0,0.0
2023-07-24,405.5,411.0,403.5,405.5,3103911.0,0.0
2023-07-25,409.5,413.0,407.0,408.0,2932150.0,0.0
2023-07-26,410.5,414.5,406.0,406.5,2399643.0,0.0
2023-07-27,406.5,415.0,404.5,415.0,2983222.0,0.0
2023-07-28,413.0,417.0,411.0,416.5,2683381.0,0.0
2023-07-31,425.0,439.0,422.5,424.0,6709668.0,0.0
2023-08-01,432.0,439.5,428.5,437.0,6727458.0,0.0
2023-08-02,434.0,440.5,428.5,432.0,4138351.0,0.0
2023-08-04,430.0,431.0,425.0,425.0,2804956.0,0.0
2023-08-07,426.5,429.0,421.0,427.5,3281273.0,0.0
2023-08-08,428.0,429.0,413.0,417.5,5027529.0,0.0
2023-08-09,406.0,408.0,391.0,397.0,11634619.0,0.0
2023-08-10,395.0,399.0,392.5,393.5,4970843.0,0.0
2023-08-11,394.0,400.0,392.0,395.0,3301693.0,0.0
2023-08-14,393.0,394.0,388.0,390.5,2955544.0,0.0
2023-08-15,392.5,393.0,389.5,390.0,2720851.0,0.0
2023-08-16,388.0,391.0,385.0,389.5,4768742.0,0.0
2023-08-17,386.0,390.0,382.5,388.5,4059763.0,0.0
2023-08-18,385.0,392.0,385.0,386.0,4340622.0,0.0
2023-08-21,384.0,386.0,380.0,381.5,4385988.0,0.0
2023-08-22,383.5,387.5,380.5,382.5,2452523.0,0.0
2023-08-23,382.0,386.0,381.0,385.0,1323489.0,0.0
2023-08-24,387.0,392.5,386.0,390.0,2079431.0,0.0
2023-08-25,389.0,394.0,388.5,392.5,2529059.0,0.0
2023-08-28,394.0,397.5,391.5,393.5,1853453.0,0.0
2023-08-29,398.0,398.5,393.0,395.5,1730844.0,0.0
2023-08-30,398.0,399.0,395.5,397.0,1465826.0,0.0
2023-08-31,397.0,404.0,396.5,399.5,2702437.0,0.0
2023-09-01,400.5,404.5,400.5,403.0,1742179.0,0.0
2023-09-04,405.0,412.0,399.0,410.5,3071281.0,0.0
2023-09-05,408.0,423.0,406.0,422.0,5208546.0,0.0
2023-09-06,423.5,427.0,420.0,425.0,3785319.0,0.0
2023-09-07,423.5,430.5,423.5,427.0,3556975.0,0.0
2023-09-08,424.5,428.0,418.5,427.5,3428223.0,0.0
2023-09-11,427.5,433.0,427.0,428.5,3021017.0,0.0
2023-09-12,431.5,434.0,422.5,434.0,3436740.0,0.0
2023-09-13,432.0,439.0,432.0,438.5,4319666.0,0.0
2023-09-14,440.0,450.0,438.0,449.5,6484158.0,0.0
2023-09-15,451.0,464.0,451.0,464.0,9142625.0,0.0
2023-09-18,455.0,461.5,446.5,447.5,5562219.0,0.0
2023-09-19,450.0,451.5,435.5,445.5,5620583.0,0.0
2023-09-20,439.0,442.5,431.0,431.5,4350765.0,0.0
2023-09-21,424.5,433.5,422.0,433.0,3187350.0,0.0
2023-09-22,429.0,437.5,429.0,437.5,1910724.0,0.0
2023-09-25,435.0,444.5,434.5,440.0,3028180.0,0.0
2023-09-26,437.0,438.0,426.0,427.0,3174861.0,0.0
2023-09-27,424.5,429.5,422.5,429.5,3610243.0,0.0
2023-09-28,427.5,427.5,420.5,423.0,5526545.0,0.0
2023-10-02,424.5,429.0,420.0,428.0,2542501.0,0.0
2023-10-03,428.0,438.0,426.5,431.0,2671785.0,0.0
2023-10-04,427.5,434.0,423.0,431.5,2535648.0,0.0
2023-10-05,433.5,441.5,431.0,440.5,3852744.0,0.0
2023-10-06,438.5,440.0,431.0,431.5,4123400.0,0.0
2023-10-11,433.0,440.5,433.0,437.0,4582020.0,0.0
2023-10-12,439.5,439.5,429.0,432.0,3158182.0,0.0
2023-10-13,433.0,438.0,431.5,436.5,2391489.0,0.0
2023-10-16,434.0,434.0,427.5,431.5,2370628.0,0.0
2023-10-17,433.5,437.5,427.0,430.0,3010849.0,0.0
2023-10-18,430.5,439.5,429.5,436.0,4249199.0,0.0
2023-10-19,432.5,440.0,430.5,438.5,2981623.0,0.0
2023-10-20,439.5,443.0,433.5,440.0,3484051.0,0.0
2023-10-23,440.0,444.0,429.0,430.5,3463286.0,0.0
2023-10-24,430.0,433.0,425.5,429.5,1707793.0,0.0
2023-10-25,431.5,440.5,431.5,435.5,2923891.0,0.0
2023-10-26,432.5,433.0,426.0,429.5,3204056.0,0.0
2023-10-27,431.5,432.5,429.0,432.0,1839455.0,0.0
2023-10-30,437.5,459.0,437.0,452.0,10745407.0,0.0
2023-10-31,453.5,459.0,449.5,454.5,6633900.0,0.0
2023-11-01,457.0,470.5,455.0,470.0,11117748.0,0.0
2023-11-02,476.0,485.0,471.0,485.0,8989254.0,0.0
2023-11-03,486.0,487.0,478.0,478.0,4190173.0,0.0
2023-11-06,485.5,499.5,481.0,496.0,8223645.0,0.0
2023-11-07,493.5,504.0,491.5,499.0,6109585.0,0.0
2023-11-08,471.0,481.5,466.5,477.5,12603561.0,0.0
2023-11-09,479.0,491.0,478.0,483.0,5036655.0,0.0
2023-11-10,480.0,486.5,477.0,481.5,3482416.0,0.0
2023-11-13,486.0,492.5,483.5,487.5,3377869.0,0.0
2023-11-14,490.0,492.0,486.5,489.0,3915437.0,0.0
2023-11-15,493.5,498.0,491.0,491.5,4682902.0,0.0
2023-11-16,495.0,495.5,479.0,485.0,4208864.0,0.0
2023-11-17,483.5,495.0,483.5,495.0,3661490.0,0.0
2023-11-20,497.5,502.0,487.5,491.5,3857915.0,0.0
2023-11-21,497.0,497.0,490.5,492.5,2973834.0,0.0
2023-11-22,492.5,499.0,489.0,499.0,2898045.0,0.0
2023-11-23,500.0,501.0,494.0,496.0,2244162.0,0.0
2023-11-24,497.0,502.0,495.5,500.0,2494793.0,0.0
2023-11-27,502.0,517.0,501.0,503.0,6997363.0,0.0
2023-11-28,504.0,507.0,496.5,502.0,3933981.0,0.0
2023-11-29,502.0,514.0,502.0,512.0,4663919.0,0.0
2023-11-30,512.0,513.0,505.0,511.0,3983607.0,0.0
2023-12-01,506.0,515.0,506.0,510.0,2207829.0,0.0
2023-12-04,510.0,518.0,506.0,514.0,3773841.0,0.0
2023-12-05,510.0,510.0,501.0,503.0,3403338.0,0.0
2023-12-06,503.0,513.0,503.0,511.0,2490174.0,0.0
2023-12-07,507.0,512.0,505.0,509.0,1812691.0,0.0
2023-12-08,511.0,512.0,507.0,508.0,1823914.0,0.0
2023-12-11,508.0,511.0,504.0,510.0,2216496.0,0.0
2023-12-12,510.0,516.0,508.0,514.0,3864167.0,0.0
2023-12-13,513.0,517.0,511.0,517.0,3719894.0,0.0
2023-12-14,517.0,518.0,508.0,516.0,5362320.0,0.0
2023-12-15,518.0,522.0,512.0,515.0,4998995.0,0.0
2023-12-18,515.0,522.0,511.0,519.0,4077341.0,0.0
2023-12-19,518.0,521.0,508.0,510.0,5372934.0,0.0
2023-12-20,513.0,515.0,508.0,514.0,4515560.0,0.0
2023-12-21,508.0,508.0,491.5,494.5,8704185.0,0.0
2023-12-22,497.0,506.0,497.0,506.0,4353096.0,0.0
2023-12-25,506.0,508.0,499.5,504.0,1789107.0,0.0
2023-12-26,506.0,510.0,505.0,510.0,2029743.0,0.0
2023-12-27,512.0,516.0,507.0,511.0,2606561.0,0.0
2023-12-28,512.0,513.0,507.0,510.0,1551641.0,0.0
2023-12-29,513.0,517.0,508.0,517.0,2185370.0,0.0
2024-01-02,518.0,521.0,506.0,510.0,3228130.0,0.0
2024-01-03,505.0,507.0,498.0,499.5,3819475.0,0.0
2024-01-04,498.5,502.0,492.0,495.0,3356943.0,0.0
2024-01-05,491.5,494.0,488.5,490.0,4679415.0,0.0
2024-01-08,497.5,504.0,496.5,500.0,4094005.0,0.0
2024-01-09,505.0,505.0,498.0,500.0,3139370.0,0.0
2024-01-10,500.0,502.0,495.5,502.0,2479638.0,0.0
2024-01-11,506.0,507.0,500.0,502.0,1625124.0,0.0
2024-01-12,501.0,512.0,500.0,510.0,4917846.0,0.0
2024-01-15,524.0,538.0,524.0,534.0,9799661.0,0.0
2024-01-16,535.0,536.0,528.0,533.0,5027623.0,0.0
2024-01-17,521.0,522.0,508.0,511.0,9082334.0,0.0
2024-01-18,510.0,513.0,505.0,513.0,3181443.0,0.0
2024-01-19,516.0,517.0,509.0,515.0,3191991.0,0.0
2024-01-22,514.0,519.0,513.0,518.0,2791508.0,0.0
2024-01-23,517.0,526.0,516.0,523.0,3695127.0,0.0
2024-01-24,523.0,526.0,522.0,526.0,1931193.0,0.0
2024-01-25,523.0,528.0,523.0,528.0,1998705.0,0.0
2024-01-26,525.0,525.0,514.0,520.0,4071664.0,0.0
2024-01-29,516.0,521.0,513.0,520.0,1649293.0,0.0
2024-01-30,520.0,520.0,508.0,508.0,4939683.0,0.0
2024-01-31,508.0,512.0,504.0,511.0,4441682.0,0.0
2024-02-01,509.0,517.0,508.0,515.0,2906887.0,0.0
2024-02-02,515.0,516.0,511.0,515.0,2242803.0,0.0
2024-02-05,505.0,506.0,492.0,506.0,7828943.0,0.0
2024-02-15,506.0,512.0,496.5,506.0,7241308.0,0.0
2024-02-16,508.0,516.0,504.0,514.0,4547207.0,0.0
2024-02-19,516.0,558.0,515.0,550.0,13705811.0,0.0
2024-02-20,588.0,605.0,580.0,587.0,18024267.0,0.0
2024-02-21,575.0,579.0,564.0,569.0,7384554.0,0.0
2024-02-22,573.0,587.0,567.0,584.0,7123439.0,0.0
2024-02-23,589.0,595.0,580.0,580.0,6305426.0,0.0
2024-02-26,579.0,590.0,577.0,584.0,3535174.0,0.0
2024-02-27,586.0,611.0,586.0,605.0,12446548.0,0.0
2024-02-29,594.0,607.0,589.0,601.0,7989189.0,0.0
2024-03-01,600.0,616.0,599.0,599.0,7347561.0,0.0
2024-03-04,602.0,605.0,589.0,592.0,7091883.0,0.0
2024-03-05,590.0,595.0,586.0,593.0,3845807.0,0.0
2024-03-06,588.0,596.0,582.0,594.0,6288640.0,0.0
2024-03-07,590.0,603.0,589.0,598.0,7365255.0,0.0
2024-03-08,611.0,624.0,588.0,592.0,14925195.0,0.0
2024-03-11,585.0,589.0,578.0,582.0,5903192.0,0.0
2024-03-12,582.0,594.0,582.0,594.0,3393345.0,0.0
2024-03-13,592.0,599.0,578.0,584.0,6417179.0,0.0
2024-03-14,580.0,582.0,568.0,576.0,5730242.0,0.0
2024-03-15,571.0,578.0,569.0,570.0,3922390.0,0.0
2024-03-18,609.0,609.0,587.0,605.0,10761755.0,0.0
2024-03-19,596.0,603.0,590.0,596.0,6835950.0,0.0
2024-03-20,600.0,615.0,594.0,595.0,7276860.0,0.0
2024-03-21,601.0,605.0,591.0,596.0,5190000.0,0.0
2024-03-22,596.0,598.0,584.0,594.0,4025092.0,0.0
2024-03-25,592.0,594.0,584.0,589.0,3624552.0,0.0
2024-03-26,590.0,593.0,575.0,583.0,4680856.0,0.0
2024-03-27,583.0,594.0,580.0,591.0,3614920.0,0.0
2024-03-28,591.0,596.0,586.0,589.0,4127962.0,0.0
2024-03-29,590.0,600.0,588.0,599.0,2317000.0,0.0
2024-04-01,605.0,605.0,589.0,589.0,3900369.0,0.0
2024-04-02,589.0,595.0,589.0,594.0,2261787.0,0.0
2024-04-03,588.0,597.0,586.0,596.0,1807560.0,0.0
2024-04-08,591.0,601.0,590.0,591.0,3062433.0,0.0
2024-04-09,598.0,601.0,590.0,596.0,4816153.0,0.0
2024-04-10,596.0,612.0,595.0,606.0,4909628.0,0.0
2024-04-11,606.0,615.0,601.0,615.0,4400682.0,0.0
2024-04-12,616.0,639.0,615.0,630.0,8660667.0,0.0
2024-04-15,629.0,629.0,613.0,618.0,4267157.0,0.0
2024-04-16,613.0,614.0,602.0,602.0,5454348.0,0.0
2024-04-17,608.0,624.0,606.0,621.0,4209838.0,0.0
2024-04-18,616.0,627.0,614.0,615.0,3434266.0,0.0
2024-04-19,606.0,607.0,578.0,588.0,7380205.0,0.0
2024-04-22,584.0,591.0,573.0,574.0,5551253.0,0.0
2024-04-23,582.0,588.0,571.0,583.0,3832884.0,0.0
2024-04-24,588.0,605.0,586.0,601.0,4440575.0,0.0
2024-04-25,598.0,605.0,595.0,597.0,3465502.0,0.0
2024-04-26,598.0,614.0,598.0,603.0,3430886.0,0.0
2024-04-29,609.0,625.0,608.0,625.0,5632228.0,0.0
2024-04-30,619.0,625.0,615.0,618.0,3625665.0,0.0
2024-05-02,610.0,623.0,606.0,616.0,4702259.0,0.0
2024-05-03,623.0,635.0,619.0,634.0,4628445.0,0.0
2024-05-06,640.0,642.0,633.0,635.0,4022745.0,0.0
2024-05-07,640.0,646.0,633.0,640.0,3431857.0,0.0
2024-05-08,593.0,611.0,591.0,605.0,12704635.0,0.0
2024-05-09,598.0,600.0,585.0,592.0,7719104.0,0.0
2024-05-10,593.0,597.0,587.0,588.0,6810077.0,0.0
2024-05-13,589.0,592.0,579.0,587.0,6185550.0,0.0
2024-05-14,587.0,591.0,578.0,583.0,6761317.0,0.0
2024-05-15,583.0,588.0,579.0,579.0,5066549.0,0.0
2024-05-16,585.0,592.0,582.0,591.0,3943562.0,0.0
2024-05-17,591.0,603.0,588.0,603.0,4268045.0,0.0
2024-05-20,605.0,612.0,602.0,612.0,5700690.0,0.0
2024-05-21,610.0,611.0,602.0,606.0,5112651.0,0.0
2024-05-22,612.0,614.0,601.0,614.0,5341346.0,0.0
2024-05-23,610.0,624.0,608.0,624.0,7735432.0,0.0
2024-05-24,605.0,619.0,605.0,610.0,6805530.0,0.0
2024-05-27,612.0,632.0,607.0,607.0,10577755.0,0.0
2024-05-28,621.0,630.0,608.0,623.0,10576794.0,0.0
2024-05-29,623.0,629.0,611.0,611.0,7412928.0,0.0
2024-05-30,608.0,613.0,604.0,605.0,7077840.0,0.0
2024-05-31,601.0,610.0,593.0,593.0,10624331.0,0.0
2024-06-03,596.0,603.0,592.0,598.0,7147036.0,0.0
2024-06-04,594.0,604.0,592.0,595.0,7035365.0,0.0
2024-06-05,596.0,608.0,595.0,605.0,5518721.0,0.0
2024-06-06,606.0,611.0,597.0,606.0,4025348.0,0.0
2024-06-07,606.0,606.0,600.0,606.0,1636960.0,0.0
2024-06-11,598.0,602.0,595.0,595.0,3771109.0,0.0
2024-06-12,595.0,610.0,595.0,607.0,4431967.0,0.0
2024-06-13,614.0,617.0,607.0,608.0,4823492.0,0.0
2024-06-14,611.0,615.0,608.0,614.0,2374636.0,0.0
2024-06-17,615.0,622.0,614.0,622.0,2792131.0,0.0
2024-06-18,628.0,630.0,613.0,617.0,3877348.0,0.0
2024-06-19,622.0,630.0,618.0,629.0,6101661.0,0.0
2024-06-20,626.0,627.0,615.0,619.0,6209747.0,0.0
2024-06-21,614.0,618.0,611.0,618.0,3850804.0,0.0
2024-06-24,614.0,617.0,605.0,617.0,5916052.0,0.0
2024-06-25,617.0,617.0,600.0,604.0,4587778.0,0.0
2024-06-26,600.0,613.0,595.0,613.0,7008860.0,0.0
2024-06-27,606.0,608.0,602.0,606.0,3274904.0,0.0
2024-06-28,606.0,611.0,604.0,606.0,3392794.0,0.0
2024-07-01,608.0,620.0,608.0,620.0,5345064.0,0.0
2024-07-02,617.0,628.0,612.0,624.0,7835263.0,0.0
2024-07-03,620.0,620.0,609.0,619.0,7839382.0,0.0
2024-07-04,616.0,620.0,610.0,620.0,7012923.0,0.0
2024-07-05,620.0,622.0,616.0,618.0,2349811.0,0.0
2024-07-08,616.0,620.0,610.0,612.0,4326081.0,0.0
2024-07-09,612.0,616.0,602.0,604.0,5737897.0,0.0
2024-07-10,569.0,578.0,568.0,570.0,9165418.0,32.0
2024-07-11,575.0,584.0,572.0,579.0,4177996.0,0.0
2024-07-12,575.0,575.0,566.0,567.0,4737458.0,0.0
2024-07-15,570.0,571.0,561.0,563.0,4250137.0,0.0
2024-07-16,564.0,564.0,555.0,558.0,3605826.0,0.0
2024-07-17,559.0,562.0,552.0,554.0,3356858.0,0.0
2024-07-18,549.0,554.0,540.0,554.0,6356579.0,0.0
2024-07-19,552.0,553.0,543.0,543.0,3684155.0,0.0
2024-07-22,543.0,547.0,524.0,524.0,5008434.0,0.0
2024-07-23,550.0,550.0,533.0,541.0,2834800.0,0.0
2024-07-26,525.0,548.0,524.0,544.0,4814990.0,0.0
2024-07-29,551.0,555.0,529.0,530.0,3366522.0,0.0
2024-07-30,526.0,532.0,520.0,531.0,4896133.0,0.0
2024-07-31,520.0,529.0,516.0,523.0,4437971.0,0.0
2024-08-01,530.0,540.0,523.0,536.0,3524058.0,0.0
2024-08-02,524.0,526.0,516.0,521.0,4863308.0,0.0
2024-08-05,505.0,511.0,481.5,490.0,8927746.0,0.0
2024-08-06,506.0,509.0,487.0,499.5,7955805.0,0.0
2024-08-07,485.0,498.0,480.5,495.5,9297473.0,0.0
2024-08-08,485.0,499.5,485.0,495.5,3139347.0,0.0
2024-08-09,502.0,516.0,501.0,506.0,6132892.0,0.0
2024-08-12,512.0,529.0,510.0,525.0,3536941.0,0.0
2024-08-13,521.0,531.0,521.0,525.0,3206490.0,0.0
2024-08-14,531.0,531.0,524.0,529.0,2668127.0,0.0
2024-08-15,534.0,534.0,525.0,527.0,1607141.0,0.0
2024-08-16,536.0,536.0,527.0,533.0,3083402.0,0.0
2024-08-19,535.0,548.0,532.0,547.0,2276620.0,0.0
2024-08-20,550.0,554.0,546.0,552.0,2483167.0,0.0
2024-08-21,547.0,549.0,540.0,545.0,2094637.0,0.0
2024-08-22,545.0,552.0,543.0,549.0,1568717.0,0.0
2024-08-23,544.0,547.0,539.0,547.0,2302602.0,0.0
2024-08-26,548.0,552.0,545.0,549.0,2405410.0,0.0
2024-08-27,545.0,547.0,539.0,547.0,1858203.0,0.0
2024-08-28,547.0,548.0,539.0,541.0,1513364.0,0.0
2024-08-29,537.0,553.0,537.0,551.0,3120351.0,0.0
2024-08-30,550.0,554.0,540.0,540.0,2954922.0,0.0
2024-09-02,540.0,543.0,535.0,540.0,2384301.0,0.0
2024-09-03,539.0,542.0,532.0,532.0,2702440.0,0.0
2024-09-04,510.0,529.0,503.0,521.0,5045367.0,0.0
2024-09-05,527.0,530.0,517.0,519.0,2694215.0,0.0
2024-09-06,518.0,527.0,513.0,526.0,2078102.0,0.0
2024-09-09,512.0,524.0,510.0,518.0,3569357.0,0.0
2024-09-10,521.0,528.0,518.0,523.0,2011440.0,0.0
2024-09-11,523.0,534.0,522.0,534.0,2423255.0,0.0
2024-09-12,538.0,540.0,530.0,533.0,1903741.0,0.0
2024-09-13,534.0,537.0,529.0,534.0,2294207.0,0.0
2024-09-16,533.0,535.0,522.0,532.0,4466143.0,0.0
2024-09-18,530.0,530.0,498.0,499.5,5760500.0,0.0
2024-09-19,502.0,514.0,501.0,506.0,3976135.0,0.0
2024-09-20,512.0,518.0,509.0,509.0,3050617.0,0.0
2024-09-23,513.0,524.0,513.0,522.0,3540920.0,0.0
2024-09-24,520.0,523.0,517.0,519.0,1625342.0,0.0
2024-09-25,524.0,529.0,514.0,514.0,2557410.0,0.0
2024-09-26,519.0,528.0,515.0,523.0,2940620.0,0.0
2024-09-27,528.0,528.0,510.0,510.0,2039323.0,0.0
2024-09-30,515.0,523.0,513.0,518.0,2725593.0,0.0
2024-10-01,518.0,523.0,517.0,517.0,2394516.0,0.0
2024-10-04,513.0,529.0,513.0,524.0,3206292.0,0.0
2024-10-07,523.0,523.0,508.0,510.0,5852943.0,0.0
2024-10-08,510.0,513.0,501.0,509.0,3172206.0,0.0
2024-10-09,514.0,517.0,510.0,510.0,1886819.0,0.0
2024-10-11,511.0,514.0,507.0,511.0,1384329.0,0.0
2024-10-14,514.0,519.0,513.0,519.0,1081579.0,0.0
2024-10-15,519.0,520.0,513.0,513.0,1679021.0,0.0
2024-10-16,510.0,524.0,510.0,521.0,3607890.0,0.0
2024-10-17,522.0,527.0,521.0,523.0,1501474.0,0.0
2024-10-18,525.0,528.0,520.0,523.0,2678557.0,0.0
2024-10-21,528.0,534.0,523.0,533.0,3430373.0,0.0
2024-10-22,530.0,530.0,518.0,525.0,2606179.0,0.0
2024-10-23,521.0,524.0,518.0,518.0,1617831.0,0.0
2024-10-24,515.0,520.0,515.0,517.0,1581109.0,0.0
2024-10-25,519.0,521.0,510.0,514.0,1510054.0,0.0
2024-10-28,516.0,519.0,513.0,515.0,1508623.0,0.0
2024-10-29,511.0,512.0,501.0,504.0,3616736.0,0.0
2024-10-30,508.0,511.0,501.0,503.0,1944395.0,0.0
2024-11-01,493.5,503.0,490.0,501.0,3832235.0,0.0
2024-11-04,501.0,501.0,488.5,492.5,3200332.0,0.0
2024-11-05,490.5,492.0,487.0,489.5,2425460.0,0.0
2024-11-06,492.0,500.0,491.5,495.5,2261402.0,0.0
2024-11-07,486.0,495.0,486.0,495.0,3954047.0,0.0
2024-11-08,496.5,497.0,488.0,488.5,2813532.0,0.0
2024-11-11,487.0,496.0,484.5,496.0,2857715.0,0.0
2024-11-12,486.5,491.0,481.0,481.5,5184878.0,0.0
2024-11-13,481.0,493.5,480.5,491.0,3326942.0,0.0
2024-11-14,490.0,490.0,478.0,478.5,4608513.0,0.0
2024-11-15,479.0,491.0,479.0,484.5,2467794.0,0.0
2024-11-18,484.0,499.0,483.5,491.5,4983156.0,0.0
2024-11-19,491.5,496.0,485.5,485.5,4702610.0,0.0
2024-11-20,481.0,481.0,481.0,481.0,5142462.0,0.0
2024-11-21,481.5,490.0,481.5,483.5,3902019.0,0.0
2024-11-22,486.0,489.0,480.0,480.0,4291250.0,0.0
2024-11-25,486.0,495.5,486.0,491.0,5751873.0,0.0
2024-11-26,489.0,494.5,483.5,483.5,2552260.0,0.0
2024-11-27,486.0,487.0,478.5,481.5,2294195.0,0.0
2024-11-28,482.0,484.0,477.0,483.0,2555197.0,0.0
2024-11-29,480.0,489.0,477.0,484.0,2528610.0,0.0
2024-12-02,486.0,487.5,484.5,484.5,1342698.0,0.0
2024-12-03,486.0,488.0,479.5,479.5,3309378.0,0.0
2024-12-04,480.5,487.5,479.0,484.0,2760762.0,0.0
2024-12-05,486.0,489.5,482.0,487.5,2273871.0,0.0
2024-12-06,485.5,493.5,485.5,488.5,1753840.0,0.0
2024-12-09,489.0,492.0,486.0,487.5,1342267.0,0.0
2024-12-10,490.0,496.0,488.5,488.5,1648355.0,0.0
2024-12-11,488.5,492.5,485.0,485.0,1560220.0,0.0
2024-12-12,487.5,488.5,482.0,482.0,1257626.0,0.0
2024-12-13,482.0,488.0,478.5,487.5,1766523.0,0.0
2024-12-16,487.5,488.0,478.0,478.0,2033691.0,0.0
2024-12-17,478.0,489.0,478.0,480.0,3532656.0,0.0
2024-12-18,481.0,492.0,481.0,492.0,2998928.0,0.0
2024-12-19,483.0,489.5,483.0,485.0,3109343.0,0.0
2024-12-20,488.0,497.5,486.5,486.5,5330663.0,0.0
2024-12-23,496.0,502.0,494.5,500.0,3577192.0,0.0
2024-12-24,503.0,504.0,494.0,494.5,1648419.0,0.0
2024-12-25,497.0,499.0,492.5,499.0,1512007.0,0.0
2024-12-26,500.0,507.0,499.0,503.0,2233323.0,0.0
2024-12-27,502.0,506.0,501.0,502.0,1050638.0,0.0
2024-12-30,504.0,504.0,499.0,500.0,1320079.0,0.0
2024-12-31,498.0,504.0,497.5,502.0,1833883.0,0.0
2025-01-02,501.0,507.0,498.0,505.0,2391310.0,0.0
2025-01-03,505.0,505.0,494.5,494.5,2049238.0,0.0
2025-01-06,497.5,504.0,496.0,496.0,1977778.0,0.0
2025-01-07,499.0,509.0,499.0,503.0,2593580.0,0.0
2025-01-08,503.0,510.0,502.0,506.0,1739206.0,0.0
2025-01-09,504.0,505.0,493.0,493.0,2181984.0,0.0
2025-01-10,490.0,495.5,488.0,488.0,1816377.0,0.0
2025-01-13,486.0,488.0,481.0,484.0,2529544.0,0.0
2025-01-14,487.0,504.0,485.5,504.0,3469926.0,0.0
2025-01-15,504.0,510.0,502.0,507.0,3120978.0,0.0
2025-01-16,512.0,512.0,505.0,505.0,1931884.0,0.0
2025-01-17,505.0,511.0,501.0,506.0,3108284.0,0.0
2025-01-20,502.0,505.0,499.5,500.0,1637826.0,0.0
2025-01-21,499.5,523.0,499.5,518.0,3088671.0,0.0
2025-01-22,516.0,525.0,515.0,524.0,2968492.0,0.0
2025-02-03,521.0,534.0,515.0,534.0,5236013.0,0.0
2025-02-04,537.0,547.0,533.0,539.0,4277942.0,0.0
2025-02-05,543.0,543.0,531.0,539.0,4164187.0,0.0
2025-02-06,544.0,554.0,541.0,547.0,3992451.0,0.0
2025-02-07,542.0,548.0,542.0,544.0,1412599.0,0.0
2025-02-10,541.0,545.0,533.0,538.0,2781166.0,0.0
2025-02-11,539.0,544.0,536.0,538.0,1566462.0,0.0
2025-02-12,538.0,549.0,538.0,546.0,2470169.0,0.0
2025-02-13,548.0,557.0,540.0,550.0,6372246.0,0.0
2025-02-14,553.0,554.0,545.0,545.0,2724801.0,0.0
2025-02-17,545.0,549.0,541.0,543.0,2298430.0,0.0
2025-02-18,545.0,546.0,538.0,543.0,2502964.0,0.0
2025-02-19,545.0,546.0,538.0,542.0,2424441.0,0.0
2025-02-20,545.0,545.0,539.0,540.0,2067534.0,0.0
2025-02-21,545.0,551.0,541.0,545.0,3090086.0,0.0
2025-02-24,541.0,554.0,541.0,552.0,2165400.0,0.0
2025-02-25,549.0,555.0,549.0,552.0,2505011.0,0.0
2025-02-26,550.0,551.0,543.0,550.0,2442318.0,0.0
2025-02-27,553.0,553.0,545.0,545.0,2600481.0,0.0
2025-03-03,550.0,550.0,542.0,547.0,1770547.0,0.0
2025-03-04,538.0,543.0,534.0,540.0,3280723.0,0.0
2025-03-05,542.0,551.0,540.0,545.0,1714157.0,0.0
2025-03-06,545.0,547.0,544.0,544.0,1449758.0,0.0
2025-03-07,547.0,550.0,544.0,544.0,1760382.0,0.0
2025-03-10,548.0,548.0,542.0,542.0,1632769.0,0.0
2025-03-11,534.0,545.0,531.0,534.0,3968071.0,0.0
2025-03-12,539.0,547.0,539.0,544.0,2980573.0,0.0
2025-03-13,546.0,550.0,544.0,544.0,2083429.0,0.0
2025-03-14,545.0,545.0,535.0,539.0,2723504.0,0.0
2025-03-17,542.0,546.0,540.0,540.0,1176164.0,0.0
2025-03-18,544.0,547.0,544.0,545.0,1204303.0,0.0
2025-03-19,546.0,559.0,540.0,540.0,2818319.0,0.0
2025-03-20,547.0,553.0,542.0,551.0,1507348.0,0.0
2025-03-21,551.0,555.0,549.0,554.0,1990938.0,0.0
2025-03-24,555.0,558.0,553.0,556.0,2118350.0,0.0
2025-03-25,560.0,565.0,553.0,559.0,2424043.0,0.0
2025-03-26,560.0,560.0,556.0,558.0,1158803.0,0.0
2025-03-27,553.0,561.0,550.0,561.0,3197145.0,0.0
2025-03-28,555.0,562.0,552.0,560.0,3464800.0,0.0
2025-03-31,551.0,557.0,545.0,545.0,4454370.0,0.0
2025-04-01,548.0,559.0,548.0,552.0,3728718.0,0.0
2025-04-02,552.0,553.0,530.0,531.0,4229058.0,0.0
2025-04-07,478.0,478.0,478.0,478.0,948643.0,0.0
2025-04-08,478.0,484.5,457.0,475.0,6882501.0,0.0
2025-04-09,475.0,483.0,458.5,458.5,5528121.0,0.0
2025-04-10,504.0,504.0,504.0,504.0,1300278.0,0.0
2025-04-11,487.5,510.0,483.0,510.0,3713300.0,0.0
2025-04-14,508.0,517.0,501.0,503.0,3526779.0,0.0
2025-04-15,508.0,510.0,500.0,500.0,2729233.0,0.0
2025-04-16,498.0,498.5,491.0,491.0,2091699.0,0.0
2025-04-17,493.0,500.0,485.0,491.0,1109380.0,0.0
2025-04-18,491.0,501.0,490.0,499.0,1590368.0,0.0
2025-04-21,500.0,505.0,494.0,494.0,1676288.0,0.0
2025-04-22,490.0,496.5,478.0,478.0,1987590.0,0.0
2025-04-23,488.0,501.0,487.0,488.5,1857507.0,0.0
2025-04-24,491.0,496.5,482.0,482.0,1898062.0,0.0
2025-04-25,494.0,507.0,493.0,503.0,2814415.0,0.0
2025-04-28,503.0,520.0,502.0,513.0,2262601.0,0.0
2025-04-29,511.0,518.0,507.0,508.0,1361009.0,0.0
2025-04-30,510.0,523.0,510.0,519.0,2310719.0,0.0
2025-05-02,519.0,524.0,514.0,515.0,1470718.0,0.0
2025-05-05,519.0,526.0,506.0,520.0,2373087.0,0.0
2025-05-06,525.0,534.0,522.0,522.0,2485236.0,0.0
2025-05-07,522.0,532.0,516.0,519.0,1709239.0,0.0
2025-05-08,505.0,515.0,505.0,509.0,2508343.0,0.0
2025-05-09,510.0,517.0,510.0,512.0,1950640.0,0.0
2025-05-12,520.0,526.0,515.0,525.0,1449918.0,0.0
2025-05-13,527.0,539.0,527.0,538.0,2249928.0,0.0
2025-05-14,538.0,541.0,532.0,539.0,1700820.0,0.0
2025-05-15,543.0,543.0,530.0,530.0,1664428.0,0.0
2025-05-16,535.0,535.0,521.0,522.0,2131533.0,0.0
2025-05-19,522.0,526.0,515.0,515.0,1761953.0,0.0
2025-05-20,519.0,524.0,517.0,519.0,1923405.0,0.0
2025-05-21,524.0,526.0,519.0,524.0,1549324.0,0.0
2025-05-22,524.0,525.0,516.0,519.0,2603164.0,0.0
2025-05-23,523.0,523.0,514.0,515.0,2172306.0,0.0
2025-05-26,519.0,524.0,511.0,524.0,4193765.0,0.0
2025-05-27,522.0,523.0,513.0,513.0,4059423.0,0.0
2025-05-28,524.0,524.0,512.0,517.0,4451300.0,0.0
2025-05-29,519.0,520.0,510.0,516.0,8720552.0,0.0
2025-06-02,510.0,512.0,491.0,492.5,7751649.0,0.0
2025-06-03,499.5,499.5,487.0,495.0,7499486.0,0.0
2025-06-04,498.0,499.5,488.0,495.5,7689007.0,0.0
2025-06-05,496.0,496.5,490.5,495.5,4221124.0,0.0
2025-06-06,496.0,498.0,491.0,498.0,3896463.0,0.0
2025-06-09,500.0,501.0,494.0,497.0,3536469.0,0.0
2025-06-10,498.5,506.0,496.0,506.0,4105394.0,0.0
2025-06-11,508.0,514.0,505.0,514.0,4841117.0,0.0
2025-06-12,515.0,515.0,505.0,507.0,3835281.0,0.0
2025-06-13,507.0,513.0,504.0,510.0,2251509.0,0.0
2025-06-16,508.0,517.0,508.0,517.0,2222784.0,0.0
2025-06-17,520.0,524.0,517.0,518.0,2262391.0,0.0
2025-06-18,519.0,525.0,514.0,525.0,2407713.0,0.0
2025-06-19,522.0,523.0,512.0,512.0,2030006.0,0.0
2025-06-20,518.0,523.0,514.0,519.0,3719376.0,0.0
2025-06-23,515.0,527.0,514.0,525.0,3030661.0,0.0
2025-06-24,532.0,536.0,528.0,528.0,2717119.0,0.0
2025-06-25,531.0,539.0,531.0,535.0,2315909.0,0.0
2025-06-26,540.0,540.0,531.0,531.0,3550711.0,0.0
2025-06-27,528.0,543.0,528.0,539.0,3679239.0,0.0
2025-06-30,539.0,550.0,539.0,545.0,3598725.0,0.0
2025-07-01,545.0,552.0,536.0,540.0,3203213.0,0.0
2025-07-02,535.0,544.0,535.0,539.0,2199352.0,0.0
2025-07-03,540.0,548.0,540.0,547.0,2920719.0,0.0
2025-07-04,550.0,552.0,540.0,542.0,3690423.0,0.0
2025-07-07,540.0,543.0,533.0,541.0,3458162.0,0.0
2025-07-08,541.0,541.0,530.0,534.0,3769086.0,0.0
2025-07-09,505.0,511.0,500.0,509.0,4935456.0,28.0
2025-07-10,503.0,506.0,496.0,496.0,3183057.0,0.0
2025-07-11,500.0,502.0,496.0,496.0,2078749.0,0.0
2025-07-14,501.0,503.0,493.0,495.0,3021242.0,0.0
2025-07-15,494.0,499.0,493.5,498.0,1151662.0,0.0
2025-07-16,498.0,505.0,497.5,499.5,2023514.0,0.0
2025-07-17,503.0,503.0,495.5,499.5,1992282.0,0.0
2025-07-18,503.0,503.0,496.0,496.0,2020128.0,0.0
2025-07-21,496.0,500.0,492.5,493.0,2166125.0,0.0
2025-07-22,493.5,496.5,490.0,490.5,2586123.0,0.0
2025-07-23,494.5,497.0,491.5,497.0,2300508.0,0.0
2025-07-24,498.0,498.0,491.5,497.0,2571587.0,0.0
2025-07-25,494.5,496.0,491.0,494.0,1664665.0,0.0
2025-07-28,493.0,495.0,488.0,488.0,1975290.0,0.0
2025-07-29,489.0,491.0,485.0,485.5,1475849.0,0.0
2025-07-30,478.0,484.0,472.0,477.5,3929522.0,0.0
2025-07-31,475.0,480.5,474.0,475.0,2240588.0,0.0
2025-08-04,472.5,473.0,470.0,472.0,2054966.0,0.0
2025-08-05,473.0,474.5,469.5,472.0,2288958.0,0.0
2025-08-06,470.0,470.5,458.0,458.0,4426711.0,0.0
2025-08-07,450.0,457.0,445.0,445.0,5070707.0,0.0
2025-08-08,445.5,447.0,438.5,440.0,2855866.0,0.0
2025-08-11,440.0,440.0,428.5,432.0,3581324.0,0.0
2025-08-12,432.0,437.5,432.0,433.0,2753803.0,0.0
2025-08-13,436.0,442.0,436.0,439.0,2887760.0,0.0
2025-08-14,442.0,442.0,435.0,435.0,2025771.0,0.0
2025-08-15,437.0,437.0,429.0,430.0,2347300.0,0.0
2025-08-18,430.5,432.0,422.0,424.5,2234450.0,0.0
2025-08-19,423.5,430.0,420.5,428.0,2187123.0,0.0
2025-08-20,430.5,430.5,423.0,426.0,2166617.0,0.0
2025-08-21,426.0,428.5,422.5,425.5,1584916.0,0.0
2025-08-22,424.5,425.5,422.5,423.0,695327.0,0.0
2025-08-25,425.0,428.0,424.5,428.0,1179762.0,0.0
2025-08-26,428.0,430.5,426.0,430.5,2279674.0,0.0
2025-08-27,430.0,436.0,430.0,435.5,1666006.0,0.0
2025-08-28,436.0,437.5,434.0,435.0,1709337.0,0.0
2025-08-29,436.0,437.0,433.0,435.0,1546697.0,0.0
2025-09-01,435.0,436.5,427.0,428.0,993496.0,0.0
2025-09-02,429.0,432.0,429.0,432.0,595730.0,0.0
2025-09-03,435.5,435.5,433.0,433.0,811550.0,0.0
2025-09-04,435.5,439.5,433.5,438.0,1575387.0,0.0
2025-09-05,441.5,441.5,437.0,438.5,1090800.0,0.0
2025-09-08,438.5,445.0,434.5,437.0,2433210.0,0.0
2025-09-09,438.0,438.0,431.0,432.0,2486716.0,0.0
2025-09-10,432.0,432.5,424.5,424.5,2907477.0,0.0
2025-09-11,425.5,427.0,416.5,416.5,2834596.0,0.0
2025-09-12,419.0,422.5,416.5,417.0,2054502.0,0.0
2025-09-15,423.0,430.5,421.0,421.5,2479360.0,0.0
2025-09-16,422.0,425.0,419.5,422.0,1704570.0,0.0
2025-09-17,423.0,427.0,422.0,424.0,1759715.0,0.0
2025-09-18,426.0,444.0,426.0,438.5,5450972.0,0.0
2025-09-19,468.0,477.5,447.5,448.5,8909768.0,0.0
2025-09-22,450.0,450.0,436.5,436.5,3212861.0,0.0
2025-09-23,438.5,451.5,436.0,443.0,6528733.0,0.0
2025-09-24,443.5,447.5,441.5,441.5,3470138.0,0.0
2025-09-25,437.5,445.0,437.5,440.5,3224061.0,0.0
2025-09-26,440.0,442.0,433.0,434.5,2341398.0,0.0
2025-09-30,437.5,438.5,424.5,426.5,4777447.0,0.0
2025-10-01,428.5,429.0,416.0,416.0,5113517.0,0.0
2025-10-02,420.0,423.0,418.0,418.0,1832200.0,0.0
2025-10-03,420.0,421.5,417.5,418.5,1864060.0,0.0
2025-10-07,419.0,426.0,418.0,425.0,1662946.0,0.0
2025-10-08,426.0,428.0,423.5,425.0,1153151.0,0.0
2025-10-09,427.0,429.5,423.0,424.0,1587371.0,0.0
2025-10-13,420.0,421.0,410.0,414.0,3255459.0,0.0
2025-10-14,418.0,421.5,407.5,407.5,3271689.0,0.0
2025-10-15,408.0,410.5,403.0,406.5,1456473.0,0.0
2025-10-16,407.0,411.0,407.0,410.5,1348822.0,0.0
2025-10-17,412.0,414.5,405.0,405.5,2182064.0,0.0
2025-10-20,413.0,420.0,412.5,414.0,2637767.0,0.0
2025-10-21,417.0,421.0,417.0,417.0,2150417.0,0.0
2025-10-22,418.0,421.0,414.0,420.5,1521500.0,0.0
2025-10-23,419.5,421.0,415.5,415.5,1426505.0,0.0
2025-10-27,419.5,419.5,410.0,414.0,2265210.0,0.0
2025-10-28,416.0,416.0,406.0,406.0,2152129.0,0.0
2025-10-29,406.5,410.0,403.0,403.0,2716793.0,0.0
2025-10-30,403.0,405.0,398.0,401.5,2313476.0,0.0
2025-10-31,402.5,402.5,391.0,393.0,4323595.0,0.0
2025-11-03,392.0,397.0,390.0,394.0,2488756.0,0.0
2025-11-04,400.0,402.0,392.0,396.0,3205982.0,0.0
2025-11-05,386.0,393.5,381.5,393.5,3847808.0,0.0
2025-11-06,395.0,395.5,385.0,386.0,3152336.0,0.0
2025-11-07,378.0,383.0,368.0,380.5,5767394.0,0.0
2025-11-10,384.0,388.0,378.0,383.5,2848236.0,0.0
2025-11-11,386.0,391.0,384.5,389.5,2609204.0,0.0
2025-11-12,389.5,391.0,386.0,390.5,2304709.0,0.0
2025-11-13,391.5,393.5,386.0,392.0,2137782.0,0.0
2025-11-14,389.0,393.5,387.0,390.0,2782190.0,0.0
2025-11-17,393.5,395.0,389.0,393.5,2071800.0,0.0
2025-11-18,388.5,394.0,385.5,392.0,3306006.0,0.0
2025-11-19,392.0,393.5,386.0,392.0,2721345.0,0.0
2025-11-20,395.5,395.5,388.0,393.0,2173779.0,0.0
2025-11-21,387.5,394.0,385.5,389.0,2635495.0,0.0
2025-11-24,392.0,394.0,384.0,389.5,4614275.0,0.0
2025-11-25,388.0,394.0,386.0,393.0,2584626.0,0.0
2025-11-26,393.0,399.5,392.5,396.0,2536319.0,0.0
2025-11-27,393.5,395.5,389.5,393.5,2919523.0,0.0
2025-11-28,393.5,395.0,389.5,389.5,2190246.0,0.0
2025-12-01,388.5,393.5,388.0,392.5,1977976.0,0.0
2025-12-02,392.5,400.0,391.0,398.0,2048841.0,0.0
2025-12-03,398.0,398.0,390.0,390.0,2069350.0,0.0
2025-12-04,390.0,392.0,384.5,384.5,1896101.0,0.0
2025-12-05,386.5,389.0,383.5,387.0,1575700.0,0.0
2025-12-08,386.0,386.0,382.0,385.0,1571066.0,0.0
2025-12-09,384.0,386.0,378.5,379.5,2122719.0,0.0
2025-12-10,379.0,383.5,374.5,382.5,1828227.0,0.0
2025-12-11,384.0,384.5,373.5,377.5,2441348.0,0.0
2025-12-12,379.5,379.5,371.5,373.0,1947908.0,0.0
2025-12-15,369.0,373.0,367.5,371.0,1635691.0,0.0
2025-12-16,368.5,379.0,367.0,374.5,2630013.0,0.0
2025-12-17,375.0,382.5,374.5,377.0,3086703.0,0.0
2025-12-18,377.0,380.5,376.5,377.5,1815528.0,0.0
2025-12-19,378.5,380.0,373.0,376.0,1962797.0,0.0
2025-12-22,376.5,378.5,374.5,377.0,1778497.0,0.0
2025-12-23,379.0,379.0,373.0,374.5,1287254.0,0.0
2025-12-24,373.5,382.0,373.5,377.0,1437491.0,0.0
2025-12-26,379.5,379.5,372.0,373.5,1281757.0,0.0
2025-12-29,374.0,379.5,372.0,376.5,1968469.0,0.0
2025-12-30,377.0,380.5,373.0,374.5,3109093.0,0.0
2025-12-31,378.0,384.0,374.0,374.0,6331740.0,0.0
2026-01-02,378.5,379.0,367.0,367.0,5332645.0,0.0
2026-01-05,371.0,372.0,360.0,363.0,7256809.0,0.0
2026-01-06,365.5,378.0,365.5,378.0,4370405.0,0.0
2026-01-07,381.5,402.0,378.0,402.0,9258947.0,0.0
2026-01-08,398.5,398.5,381.5,385.0,7015870.0,0.0
2026-01-09,384.5,389.0,379.0,380.0,3814564.0,0.0
2026-01-12,383.0,384.5,377.0,383.0,2995362.0,0.0
2026-01-13,386.5,393.5,380.5,385.5,3201014.0,0.0
2026-01-14,387.0,387.5,380.0,383.0,3234419.0,0.0
2026-01-15,384.0,384.0,379.0,379.5,1850639.0,0.0
2026-01-16,382.0,382.0,376.5,378.0,2315326.0,0.0
2026-01-19,378.0,393.0,377.5,386.5,4928876.0,0.0
2026-01-20,387.0,395.0,383.5,392.0,3949331.0,0.0
2026-01-21,389.0,390.0,377.5,377.5,5136685.0,0.0
2026-01-22,382.0,384.5,381.0,383.5,2938804.0,0.0
2026-01-23,390.5,406.0,388.0,393.0,7789676.0,0.0
2026-01-26,390.0,403.5,388.5,396.0,4919348.0,0.0
2026-01-27,396.0,400.5,393.5,395.0,3904045.0,0.0
2026-01-28,396.0,400.0,390.5,393.0,3465336.0,0.0
2026-01-29,395.0,396.5,383.5,384.5,5618657.0,0.0
2026-01-30,385.0,385.0,368.0,375.0,6207275.0,0.0
2026-02-02,376.5,378.5,366.0,368.5,3683387.0,0.0
2026-02-03,373.0,374.5,368.0,373.5,2001073.0,0.0
2026-02-04,370.5,373.5,366.0,367.5,4079143.0,0.0
2026-02-05,363.0,368.5,360.0,361.0,3386394.0,0.0
2026-02-06,360.0,365.5,352.0,365.0,3527706.0,0.0
2026-02-09,370.5,375.5,367.5,372.0,3447502.0,0.0
2026-02-10,374.5,383.5,374.0,377.0,2896859.0,0.0
2026-02-11,377.0,381.0,374.0,375.0,2310146.0,0.0
2026-02-23,383.0,383.0,375.0,378.0,3401107.0,0.0
2026-02-24,378.0,385.0,375.5,385.0,3267474.0,0.0
2026-02-25,386.0,389.5,383.0,387.0,2961282.0,0.0
2026-02-26,389.0,393.0,387.5,393.0,6230899.0,0.0
2026-03-02,389.0,390.0,382.5,386.5,3761672.0,0.0
2026-03-03,387.5,387.5,375.5,379.5,3451266.0,0.0
2026-03-04,372.0,373.5,365.5,371.0,3761278.0,0.0
2026-03-05,377.0,379.0,371.5,374.5,3299326.0,0.0
2026-03-06,376.5,379.0,372.5,375.0,2246482.0,0.0
2026-03-09,359.0,380.5,353.5,379.0,4592363.0,0.0
2026-03-10,381.5,384.5,375.5,384.5,2968276.0,0.0
2026-03-11,381.0,388.5,380.0,388.5,3168916.0,0.0
2026-03-12,386.5,390.5,384.5,389.5,3362047.0,0.0
2026-03-13,385.5,390.0,385.5,388.0,2097296.0,0.0
2026-03-16,386.0,387.0,378.0,378.5,2795807.0,0.0
2026-03-17,383.0,388.0,377.5,381.0,3298796.0,0.0
2026-03-18,383.5,385.0,376.0,382.5,3456669.0,0.0
2026-03-19,381.0,381.0,369.5,373.5,4444074.0,0.0
2026-03-20,373.5,385.0,370.0,385.0,18338267.0,0.0
2026-03-23,378.5,388.5,372.0,372.0,4385777.0,0.0
2026-03-24,375.5,378.5,370.0,370.0,2166474.0,0.0
2026-03-25,377.5,379.0,374.0,377.5,1291485.0,0.0
2026-03-26,377.0,398.0,376.0,392.0,6972233.0,0.0
2026-03-27,392.0,406.5,390.0,399.0,9486218.0,0.0
2026-03-30,397.0,406.0,390.0,391.0,6557179.0,0.0
2026-03-31,390.0,393.0,379.5,379.5,4571088.0,0.0
2026-04-01,387.0,391.5,382.5,391.5,3300023.0,0.0
2026-04-02,392.5,396.0,382.0,382.0,2738224.0,0.0
2026-04-07,383.5,387.0,379.0,384.5,1961050.0,0.0
2026-04-08,389.5,393.5,387.5,391.5,2495960.0,0.0
2026-04-09,392.0,399.5,390.5,399.5,2764625.0,0.0
2026-04-10,401.5,401.5,393.5,394.0,2650500.0,0.0
2026-04-13,391.0,395.0,385.0,394.5,2254121.0,0.0
2026-04-14,395.0,399.5,394.0,398.5,2636984.0,0.0
2026-04-15,401.0,410.0,401.0,405.0,4336987.0,0.0
2026-04-16,409.5,414.0,406.5,412.0,3988582.0,0.0
2026-04-17,412.0,415.0,408.5,415.0,2956752.0,0.0
2026-04-20,418.0,421.0,409.0,415.0,6151480.0,0.0
2026-04-21,411.5,417.5,411.0,415.5,4050827.0,0.0
2026-04-22,416.0,434.5,416.0,432.5,7651409.0,0.0
2026-04-23,438.0,438.0,406.0,406.0,9274689.0,0.0
2026-04-24,412.5,428.0,411.5,418.0,6409518.0,0.0
2026-04-27,420.0,422.5,412.0,416.5,3317647.0,0.0
2026-04-28,418.5,420.0,410.0,412.5,3251042.0,0.0
2026-04-29,414.0,416.0,406.5,408.5,2376504.0,0.0
2026-04-30,409.5,413.0,407.0,409.0,2518301.0,0.0
2026-05-04,418.0,423.0,413.0,415.5,3402103.0,0.0
2026-05-05,415.0,422.5,412.5,420.0,3135326.0,0.0
2026-05-06,426.0,441.5,425.0,441.5,8430818.0,0.0
2026-05-07,448.0,453.0,440.0,453.0,6237195.0,0.0
2026-05-08,464.0,498.0,455.5,498.0,19363834.0,0.0
2026-05-11,500.0,503.0,486.0,496.5,14348265.0,0.0
2026-05-12,497.5,500.0,476.0,487.0,9236261.0,0.0
2026-05-13,490.0,494.5,481.5,486.5,5433502.0,0.0
2026-05-14,487.5,499.5,484.0,493.0,7436947.0,0.0
2026-05-15,498.0,499.5,463.0,466.5,8239688.0,0.0
2026-05-18,469.0,475.5,458.5,475.5,5100713.0,0.0
2026-05-19,471.5,479.5,463.0,466.0,5602456.0,0.0
2026-05-20,475.0,481.5,466.0,472.5,5304717.0,0.0
2026-05-21,478.0,487.5,475.0,484.5,5915507.0,0.0
2026-05-22,482.0,490.0,476.0,485.5,8120345.0,0.0
2026-05-25,489.5,498.0,487.5,489.0,4666747.0,0.0
2026-05-26,491.5,496.5,486.0,491.5,4246903.0,0.0
2026-05-27,491.0,495.5,484.0,485.0,6794240.0,0.0
2026-05-28,487.5,496.0,477.5,478.5,5893064.0,0.0
2026-05-29,480.5,485.5,475.0,477.0,7669991.0,0.0
2026-06-01,484.0,497.0,480.0,496.5,6720626.0,0.0
2026-06-02,498.0,510.0,493.0,507.0,10565944.0,0.0
2026-06-03,511.0,512.0,500.0,503.0,4985417.0,0.0
2026-06-04,502.0,502.0,489.0,489.0,4026037.0,0.0
2026-06-05,491.0,492.0,480.0,492.0,5346179.0,0.0
2026-06-08,460.0,475.0,456.0,473.0,4669660.0,0.0
2026-06-09,471.5,485.5,463.5,480.5,6183545.0,0.0
2026-06-10,478.0,494.0,477.0,478.5,4783050.0,0.0
2026-06-11,480.0,488.5,476.0,488.0,3770857.0,0.0
2026-06-12,497.0,507.0,488.5,488.5,4544687.0,0.0
2026-06-15,500.0,501.0,491.5,495.0,2783996.0,0.0
2026-06-16,498.0,504.0,493.0,500.0,3081641.0,0.0
2026-06-17,495.5,519.0,492.0,515.0,6796092.0,0.0
2026-06-18,518.0,540.0,514.0,516.0,9752706.0,0.0
2026-06-22,529.0,567.0,526.0,567.0,10695591.0,0.0
2026-06-23,600.0,606.0,543.0,544.0,14031390.0,0.0
2026-06-24,540.0,546.0,525.0,543.0,5120721.0,0.0
2026-06-25,545.0,572.0,543.0,561.0,6160117.0,0.0
2026-06-26,542.0,547.0,507.0,509.0,9422668.0,0.0
2026-06-29,519.0,530.0,514.0,523.0,5630607.0,0.0
2026-06-30,529.0,542.0,518.0,535.0,7331259.0,0.0
2026-07-01,543.0,551.0,535.0,538.0,5317746.0,0.0
2026-07-02,531.0,545.0,528.0,541.0,4476669.0,0.0
2026-07-03,534.0,546.0,534.0,538.0,2456624.0,0.0
2026-07-06,542.0,543.0,531.0,538.0,3432142.0,0.0
2026-07-07,539.0,553.0,531.0,531.0,5304564.0,0.0
2026-07-08,532.0,547.0,528.0,544.0,6021933.0,0.0
2026-07-09,549.0,549.0,535.0,542.0,6479060.0,0.0
2026-07-10,542.0,542.0,542.0,542.0,0.0,0.0
2026-07-13,494.0,505.0,467.5,467.5,12607890.0,23.0
2026-07-14,463.0,469.0,451.0,468.0,11573027.0,0.0
2026-07-15,473.5,480.5,462.0,472.0,4456539.0,0.0
2026-07-16,471.0,474.0,461.5,471.5,3958214.0,0.0
2026-07-17,461.0,473.0,456.0,460.5,5412715.0,0.0
2026-07-20,470.0,473.0,452.0,458.0,4141362.0,0.0
2026-07-21,462.5,479.5,462.5,476.0,4259407.0,0.0
2026-07-22,484.5,507.0,484.5,501.0,6454786.0,0.0
2026-07-23,501.0,509.0,495.0,503.0,4293335.0,0.0
2026-07-24,500.0,509.0,497.0,507.0,4122171.0,0.0
2026-07-27,510.0,525.0,507.0,518.0,3549204.0,0.0
2026-07-28,499.0,514.0,492.5,492.5,3264975.0,0.0
2026-07-29,505.0,522.0,493.0,505.0,6079553.0,0.0
2026-07-30,501.0,512.0,486.5,491.0,4180945.0,0.0
2026-07-31,530.0,531.0,504.0,519.0,7328135.0,0.0
2026-08-03,510.0,527.0,510.0,519.0,3349571.0,0.0
2026-08-04,515.0,532.0,514.0,524.0,4212328.0,0.0
2026-08-05,540.0,572.0,538.0,550.0,7520302.0,0.0
2026-08-06,547.0,556.0,540.0,543.0,2910134.0,0.0
2026-08-07,541.0,546.0,532.0,542.0,3411287.0,0.0
2026-08-10,546.0,557.0,541.0,544.0,2934118.0,0.0
2026-08-11,543.0,546.0,533.0,538.0,2364658.0,0.0
2026-08-12,538.0,544.0,532.0,537.0,2986746.0,0.0
2026-08-13,542.0,545.0,531.0,538.0,3595481.0,0.0
2026-08-14,538.0,538.0,507.0,512.0,3535274.0,0.0
2026-08-17,510.0,513.0,498.5,509.0,3138392.0,0.0
2026-08-18,502.0,508.0,499.5,505.0,2511501.0,0.0
2026-08-19,504.0,535.0,501.0,534.0,4552410.0,0.0
2026-08-20,545.0,553.0,520.0,527.0,4111253.0,0.0
2026-08-21,528.0,531.0,526.0,530.0,1406200.0,0.0
2026-08-24,530.0,545.0,528.0,542.0,3851735.0,0.0
2026-08-25,552.0,562.0,536.0,555.0,5879058.0,0.0
2026-08-26,556.0,567.0,550.0,557.0,4729241.0,0.0
2026-08-27,559.0,560.0,541.0,548.0,3272662.0,0.0
2026-08-28,548.0,550.0,539.0,545.0,2782859.0,0.0
2026-08-31,543.0,544.0,533.0,540.0,5438970.0,0.0
2026-09-01,539.0,554.0,539.0,552.0,4230865.0,0.0
2026-09-02,558.0,563.0,540.0,543.0,3112654.0,0.0
2026-09-03,548.0,549.0,522.0,527.0,2517203.0,0.0
2026-09-04,527.0,530.0,519.0,524.0,1992657.0,0.0
2026-09-07,534.0,540.0,525.0,540.0,2232451.0,0.0
2026-09-08,543.0,543.0,524.0,534.0,1990180.0,0.0
2026-09-09,532.0,552.0,532.0,543.0,3641962.0,0.0
2026-09-10,538.0,551.0,534.0,545.0,2471046.0,0.0
2026-09-11,536.0,547.0,536.0,547.0,2373763.0,0.0
2026-09-14,545.0,561.0,537.0,556.0,3409487.0,0.0
2026-09-15,556.0,559.0,526.0,541.0,3543970.0,0.0
2026-09-16,548.0,553.0,543.0,548.0,2939726.0,0.0
2026-09-17,553.0,558.0,543.0,545.0,2166288.0,0.0
2026-09-18,550.0,558.0,544.0,558.0,4614405.0,0.0
2026-09-21,557.0,557.0,545.0,548.0,2849151.0,0.0
2026-09-22,553.0,567.0,549.0,557.0,3711061.0,0.0
2026-09-23,561.0,561.0,542.0,545.0,2734843.0,0.0
2026-09-24,539.0,543.0,525.0,543.0,3458555.0,0.0
2026-09-29,550.0,550.0,538.0,540.0,2740790.0,0.0
2026-09-30,543.0,556.0,537.0,546.0,4413207.0,0.0
2026-10-01,546.0,551.0,541.0,547.0,2397397.0,0.0
2026-10-02,541.0,543.0,533.0,537.0,2731765.0,0.0
2026-10-05,543.0,546.0,538.0,543.0,2344601.0,0.0
2026-10-06,543.0,543.0,536.0,537.0,1634339.0,0.0
