date,open,high,low,close,volume,dividend
2015-01-05,103.5,104.5,102.0,104.0,5257000.0,0.0
2015-01-06,104.0,104.0,101.5,101.5,3756000.0,0.0
2015-01-07,100.5,101.5,100.0,100.5,4395000.0,0.0
2015-01-08,101.5,104.5,100.5,104.5,3431000.0,0.0
2015-01-09,104.5,106.0,104.5,105.5,3472000.0,0.0
2015-01-12,105.0,110.0,104.5,108.0,5524000.0,0.0
2015-01-13,108.5,113.0,108.0,110.5,9245000.0,0.0
2015-01-14,108.5,110.5,106.5,108.0,6383000.0,0.0
2015-01-15,107.0,107.5,104.0,105.5,5415000.0,0.0
2015-01-16,105.0,108.0,105.0,108.0,4508000.0,0.0
2015-01-19,108.5,108.5,107.0,108.0,4064000.0,0.0
2015-01-20,106.5,107.5,106.0,106.0,3011000.0,0.0
2015-01-21,106.0,108.0,105.5,108.0,3877000.0,0.0
2015-01-22,106.5,108.0,106.5,108.0,2445000.0,0.0
2015-01-23,108.0,108.5,107.0,108.0,3741000.0,0.0
2015-01-26,107.0,108.0,107.0,108.0,3170000.0,0.0
2015-01-27,108.0,108.0,107.5,108.0,1755000.0,0.0
2015-01-28,107.0,108.5,107.0,108.5,2417000.0,0.0
2015-01-29,108.0,108.5,107.0,107.5,2584000.0,0.0
2015-01-30,106.5,107.0,104.0,104.0,5641000.0,0.0
2015-02-02,104.0,106.5,103.5,106.0,4657000.0,0.0
2015-02-03,104.5,105.5,104.0,104.5,5051000.0,0.0
2015-02-04,104.5,106.0,104.0,105.0,5779000.0,0.0
2015-02-05,104.5,106.5,104.0,106.5,4090000.0,0.0
2015-02-06,105.5,107.0,105.0,107.0,2651000.0,0.0
2015-02-09,107.0,107.5,106.0,107.0,3011000.0,0.0
2015-02-10,106.0,107.0,106.0,107.0,4001000.0,0.0
2015-02-11,107.5,108.0,106.0,107.5,2930000.0,0.0
2015-02-12,107.0,107.5,106.5,107.0,2205000.0,0.0
2015-02-13,106.5,107.5,106.0,107.5,4311000.0,0.0
2015-02-24,108.5,109.0,108.0,109.0,4635000.0,0.0
2015-02-25,110.0,110.5,109.0,110.5,4502000.0,0.0
2015-02-26,110.5,110.5,107.5,107.5,5111000.0,0.0
2015-03-02,108.0,110.0,107.5,110.0,4591000.0,0.0
2015-03-03,110.5,110.5,109.0,110.0,3081000.0,0.0
2015-03-04,110.0,110.0,108.5,109.0,2379000.0,0.0
2015-03-05,110.0,110.0,108.0,108.5,3008000.0,0.0
2015-03-06,109.0,109.0,107.0,108.0,3072000.0,0.0
2015-03-09,107.0,108.0,106.0,106.0,2179000.0,0.0
2015-03-10,106.0,109.0,105.5,108.5,3773000.0,0.0
2015-03-11,107.0,110.0,107.0,108.5,4293000.0,0.0
2015-03-12,108.5,109.0,107.0,108.5,2916000.0,0.0
2015-03-13,108.0,110.0,108.0,110.0,3451000.0,0.0
2015-03-16,108.5,110.0,108.0,108.0,2602000.0,0.0
2015-03-17,108.5,110.0,108.0,109.5,3369000.0,0.0
2015-03-18,108.5,109.5,108.0,108.5,3645000.0,0.0
2015-03-19,109.5,111.0,109.0,109.5,5001000.0,0.0
2015-03-20,109.5,111.5,109.5,111.5,2978000.0,0.0
2015-03-23,111.5,111.5,110.0,110.5,1816000.0,0.0
2015-03-24,110.0,111.0,109.5,111.0,3091000.0,0.0
2015-03-25,111.0,111.0,109.5,110.5,3005000.0,0.0
2015-03-26,109.5,110.5,109.0,110.0,3206000.0,0.0
2015-03-27,109.5,110.5,109.5,110.0,3506000.0,0.0
2015-03-30,109.5,110.0,109.5,110.0,2498000.0,0.0
2015-03-31,110.0,110.0,108.0,109.5,5955000.0,0.0
2015-04-01,110.0,110.0,109.0,109.0,2073000.0,0.0
2015-04-02,109.0,111.0,109.0,111.0,3448000.0,0.0
2015-04-07,110.5,111.0,109.0,110.0,3762000.0,0.0
2015-04-08,109.5,110.0,108.0,108.0,2491000.0,0.0
2015-04-09,108.0,110.5,108.0,110.5,1985000.0,0.0
2015-04-10,111.0,111.0,108.0,108.0,3883000.0,0.0
2015-04-13,108.5,110.5,108.5,110.5,2838000.0,0.0
2015-04-14,110.5,111.0,109.0,109.0,5144000.0,0.0
2015-04-15,108.5,109.0,104.0,104.5,14409000.0,0.0
2015-04-16,104.5,105.5,102.5,104.0,9457000.0,0.0
2015-04-17,104.0,104.5,102.5,103.5,6325000.0,0.0
2015-04-20,103.0,104.5,103.0,103.5,2886000.0,0.0
2015-04-21,103.5,106.0,103.0,106.0,2273000.0,0.0
2015-04-22,106.5,107.5,105.0,106.5,4247000.0,0.0
2015-04-23,107.5,109.0,106.5,108.0,3412000.0,0.0
2015-04-24,108.0,110.0,108.0,109.5,3382000.0,0.0
2015-04-27,108.0,110.0,108.0,109.5,2791000.0,0.0
2015-04-28,109.5,109.5,108.0,109.0,2372000.0,0.0
2015-04-29,108.0,109.5,107.5,108.5,2778000.0,0.0
2015-04-30,109.0,109.5,107.0,108.0,3459000.0,0.0
2015-05-04,108.5,109.0,107.5,108.5,1338000.0,0.0
2015-05-05,108.0,108.5,107.0,108.0,2082000.0,0.0
2015-05-06,107.0,110.0,107.0,109.0,2639000.0,0.0
2015-05-07,108.0,109.5,108.0,109.5,2263000.0,0.0
2015-05-08,109.5,110.0,108.5,108.5,1761000.0,0.0
2015-05-11,108.5,109.5,108.0,109.5,2300000.0,0.0
2015-05-12,108.5,109.5,107.5,108.0,2867000.0,0.0
2015-05-13,108.0,108.5,106.5,106.5,3796000.0,0.0
2015-05-14,107.5,108.0,106.0,107.5,2580000.0,0.0
2015-05-15,107.5,107.5,106.0,106.0,2583000.0,0.0
2015-05-18,106.5,107.5,106.0,107.0,1698000.0,0.0
2015-05-19,108.0,109.0,107.5,108.5,2363000.0,0.0
2015-05-20,108.5,109.0,107.0,108.5,1890000.0,0.0
2015-05-21,107.5,107.5,106.0,106.0,4701000.0,0.0
2015-05-22,107.0,107.0,106.0,106.5,2347000.0,0.0
2015-05-25,107.0,107.5,106.0,107.5,1318000.0,0.0
2015-05-26,107.5,108.0,107.0,107.0,2804000.0,0.0
2015-05-27,106.5,108.0,106.5,107.5,1969000.0,0.0
2015-05-28,107.0,108.0,106.0,106.0,3873000.0,0.0
2015-05-29,106.5,108.0,106.0,108.0,5613000.0,0.0
2015-06-01,108.0,108.0,106.0,106.0,2717000.0,0.0
2015-06-02,106.0,107.0,104.0,105.0,4699000.0,0.0
2015-06-03,105.0,106.0,105.0,105.5,3286000.0,0.0
2015-06-04,104.5,105.5,103.5,104.0,6001000.0,0.0
2015-06-05,103.5,104.5,103.5,103.5,3974000.0,0.0
2015-06-08,103.5,105.5,103.5,105.0,2500000.0,0.0
2015-06-09,104.0,105.0,104.0,104.5,2035000.0,0.0
2015-06-10,104.5,105.5,104.0,104.5,2552000.0,0.0
2015-06-11,105.5,106.0,105.0,106.0,3029000.0,0.0
2015-06-12,106.0,106.0,104.5,104.5,2261000.0,0.0
2015-06-15,105.0,105.5,104.0,104.5,2744000.0,0.0
2015-06-16,105.0,105.0,103.5,104.5,2499000.0,0.0
2015-06-17,104.0,104.0,103.0,103.0,5683000.0,0.0
2015-06-18,103.5,106.0,103.0,105.5,4664000.0,0.0
2015-06-22,106.0,106.5,105.0,106.0,4078000.0,0.0
2015-06-23,106.5,107.0,106.0,107.0,3427000.0,0.0
2015-06-24,107.0,107.5,106.5,107.0,3718000.0,0.0
2015-06-25,107.0,108.5,107.0,107.5,8450000.0,0.0
2015-06-26,102.0,103.5,102.0,103.0,4701000.0,5.6
2015-06-29,103.5,104.5,102.5,104.5,4330000.0,0.0
2015-06-30,104.5,105.0,102.5,103.0,5917000.0,0.0
2015-07-01,103.5,106.0,103.0,105.0,3435000.0,0.0
2015-07-02,105.5,105.5,103.0,103.0,2850000.0,0.0
2015-07-03,103.0,103.5,102.0,103.0,4121000.0,0.0
2015-07-06,103.5,103.5,102.0,102.0,3942000.0,0.0
2015-07-07,103.0,104.0,101.5,102.0,3279000.0,0.0
2015-07-08,102.0,102.5,101.0,102.0,4243000.0,0.0
2015-07-09,101.0,101.5,100.0,100.0,3645000.0,0.0
2015-07-10,100.0,100.0,100.0,100.0,0.0,0.0
2015-07-13,101.0,101.0,100.0,100.5,4810000.0,0.0
2015-07-14,101.5,103.0,101.5,103.0,2686000.0,0.0
2015-07-15,103.5,103.5,101.0,102.0,3410000.0,0.0
2015-07-16,102.5,103.0,102.0,102.5,2890000.0,0.0
2015-07-17,102.5,102.5,101.5,102.0,1594000.0,0.0
2015-07-20,102.5,102.5,100.0,100.5,4010000.0,0.0
2015-07-21,101.0,101.5,100.0,100.5,3147000.0,0.0
2015-07-22,100.5,101.5,99.9,101.0,4684000.0,0.0
2015-07-23,100.0,101.5,100.0,101.5,3481000.0,0.0
2015-07-24,100.5,103.5,100.5,103.5,2364000.0,0.0
2015-07-27,102.0,103.5,102.0,102.5,3229000.0,0.0
2015-07-28,103.0,103.5,102.5,102.5,2830000.0,0.0
2015-07-29,102.5,102.5,100.5,102.0,2940000.0,0.0
2015-07-30,102.0,103.0,101.0,103.0,2232000.0,0.0
2015-07-31,102.5,104.5,102.0,104.5,4719000.0,0.0
2015-08-03,104.0,104.0,102.0,103.5,4985000.0,0.0
2015-08-04,103.5,105.0,103.0,105.0,4600000.0,0.0
2015-08-05,105.0,106.0,104.5,105.5,3912000.0,0.0
2015-08-06,105.0,106.0,103.5,103.5,2728000.0,0.0
2015-08-07,103.0,104.5,103.0,104.5,1665000.0,0.0
2015-08-10,103.0,104.0,103.0,103.0,772000.0,0.0
2015-08-11,103.0,103.5,102.0,103.0,2824000.0,0.0
2015-08-12,103.0,103.0,101.5,102.0,2273000.0,0.0
2015-08-13,103.0,103.0,102.0,102.5,2118000.0,0.0
2015-08-14,102.0,103.5,102.0,102.5,1732000.0,0.0
2015-08-17,102.5,103.0,101.0,101.0,2857000.0,0.0
2015-08-18,101.0,101.5,100.5,100.5,2609000.0,0.0
2015-08-19,100.5,102.5,100.0,101.5,5374000.0,0.0
2015-08-20,101.5,102.0,100.0,100.5,4738000.0,0.0
2015-08-21,100.5,100.5,99.8,100.0,5341000.0,0.0
2015-08-24,99.8,100.0,95.0,97.4,8405000.0,0.0
2015-08-25,97.4,97.6,96.7,96.9,6979000.0,0.0
2015-08-26,97.0,97.6,96.2,97.0,5579000.0,0.0
2015-08-27,97.0,98.3,96.7,98.3,4928000.0,0.0
2015-08-28,98.6,98.6,97.2,98.2,4031000.0,0.0
2015-08-31,98.9,98.9,97.4,97.8,7996000.0,0.0
2015-09-01,98.3,100.0,97.8,99.5,3558000.0,0.0
2015-09-02,98.7,100.0,97.8,99.8,3841000.0,0.0
2015-09-03,100.5,102.0,100.0,101.5,2882000.0,0.0
2015-09-04,100.5,101.0,99.8,99.8,3001000.0,0.0
2015-09-07,99.5,101.0,99.5,101.0,3754000.0,0.0
2015-09-08,101.0,101.0,99.1,100.0,2664000.0,0.0
2015-09-09,102.0,102.0,99.6,100.0,6070000.0,0.0
2015-09-10,100.5,101.0,99.6,100.0,3733000.0,0.0
2015-09-11,100.0,101.0,99.8,101.0,2178000.0,0.0
2015-09-14,101.5,101.5,100.5,101.0,3519000.0,0.0
2015-09-15,101.0,101.5,100.5,101.5,2437000.0,0.0
2015-09-16,101.0,101.5,100.5,101.0,2528000.0,0.0
2015-09-17,101.5,102.0,100.5,101.0,4499000.0,0.0
2015-09-18,101.5,104.5,101.0,104.0,5165000.0,0.0
2015-09-21,103.0,104.0,101.5,102.5,3220000.0,0.0
2015-09-22,103.5,104.0,102.5,104.0,1910000.0,0.0
2015-09-23,103.0,103.0,100.0,101.0,3541000.0,0.0
2015-09-24,101.5,101.5,100.0,101.0,2263000.0,0.0
2015-09-25,101.0,101.5,100.0,100.0,1811000.0,0.0
2015-09-29,100.0,100.0,100.0,100.0,0.0,0.0
2015-09-30,99.5,101.0,99.5,100.5,8352000.0,0.0
2015-10-01,100.0,101.0,99.8,100.0,4104000.0,0.0
2015-10-02,101.0,101.5,100.0,100.5,3264000.0,0.0
2015-10-05,100.5,101.0,99.1,99.6,4972000.0,0.0
2015-10-06,100.0,100.5,99.6,100.0,2709000.0,0.0
2015-10-07,99.5,100.5,99.0,100.5,3777000.0,0.0
2015-10-08,100.5,101.0,100.0,100.5,2492000.0,0.0
2015-10-12,100.5,101.0,100.0,101.0,2093000.0,0.0
2015-10-13,101.0,101.5,100.0,101.5,3114000.0,0.0
2015-10-14,100.5,101.0,100.0,100.5,1828000.0,0.0
2015-10-15,101.0,102.0,101.0,101.5,2532000.0,0.0
2015-10-16,102.0,103.5,101.5,103.0,4597000.0,0.0
2015-10-19,103.0,103.5,101.5,102.0,2433000.0,0.0
2015-10-20,102.5,103.0,102.0,103.0,2037000.0,0.0
2015-10-21,103.5,104.0,100.5,101.0,3248000.0,0.0
2015-10-22,101.5,102.5,101.5,102.0,1294000.0,0.0
2015-10-23,103.0,103.5,101.5,102.0,2940000.0,0.0
2015-10-26,102.5,104.0,102.0,104.0,2758000.0,0.0
2015-10-27,103.5,103.5,102.0,103.0,2151000.0,0.0
2015-10-28,103.0,103.0,102.0,103.0,2261000.0,0.0
2015-10-29,102.5,103.5,102.0,102.5,2061000.0,0.0
2015-10-30,102.5,103.5,102.0,102.5,2662000.0,0.0
2015-11-02,102.0,102.5,101.0,101.5,2657000.0,0.0
2015-11-03,102.5,103.0,101.5,102.0,3292000.0,0.0
2015-11-04,103.0,103.5,102.0,102.0,3434000.0,0.0
2015-11-05,102.5,103.0,101.5,102.0,1201000.0,0.0
2015-11-06,102.0,103.0,101.5,102.5,3530000.0,0.0
2015-11-09,101.5,102.5,101.5,102.0,1615000.0,0.0
2015-11-10,101.5,101.5,100.5,100.5,2821000.0,0.0
2015-11-11,100.5,101.0,100.5,100.5,2186000.0,0.0
2015-11-12,101.0,101.5,100.5,100.5,2113000.0,0.0
2015-11-13,100.5,101.0,100.0,100.0,4133000.0,0.0
2015-11-16,100.5,100.5,99.6,100.0,2433000.0,0.0
2015-11-17,100.5,101.0,100.5,100.5,2018000.0,0.0
2015-11-18,100.5,101.5,100.0,101.5,2537000.0,0.0
2015-11-19,101.0,101.0,100.0,101.0,3669000.0,0.0
2015-11-20,101.0,101.0,100.5,101.0,1679000.0,0.0
2015-11-23,101.0,101.5,100.5,100.5,1243000.0,0.0
2015-11-24,100.5,101.5,100.5,101.0,1794000.0,0.0
2015-11-25,100.5,101.0,99.0,99.3,6770000.0,0.0
2015-11-26,99.5,100.0,98.5,99.2,7943000.0,0.0
2015-11-27,99.5,100.5,99.3,100.0,2377000.0,0.0
2015-11-30,99.0,99.0,97.2,98.6,9076000.0,0.0
2015-12-01,98.7,100.0,98.7,100.0,3475000.0,0.0
2015-12-02,99.5,100.0,99.0,99.3,2157000.0,0.0
2015-12-03,99.0,99.3,98.4,99.0,4289000.0,0.0
2015-12-04,99.0,99.2,98.5,98.8,3801000.0,0.0
2015-12-07,99.1,100.5,98.7,98.7,3690000.0,0.0
2015-12-08,98.9,99.2,98.0,98.0,5115000.0,0.0
2015-12-09,98.0,98.6,97.7,98.0,5272000.0,0.0
2015-12-10,97.9,98.0,97.2,97.5,4944000.0,0.0
2015-12-11,98.0,98.3,97.8,98.0,3612000.0,0.0
2015-12-14,97.8,97.8,97.0,97.3,2283000.0,0.0
2015-12-15,97.3,97.9,96.8,97.0,3466000.0,0.0
2015-12-16,97.7,98.8,97.1,97.1,3667000.0,0.0
2015-12-17,97.8,98.8,97.7,98.6,2190000.0,0.0
2015-12-18,98.1,98.5,97.7,97.7,2438000.0,0.0
2015-12-21,97.3,99.0,97.3,98.8,2266000.0,0.0
2015-12-22,98.8,99.0,97.9,98.1,2108000.0,0.0
2015-12-23,98.5,98.9,98.0,98.0,1253000.0,0.0
2015-12-24,98.7,98.7,98.2,98.5,581000.0,0.0
2015-12-25,98.4,98.7,98.1,98.7,398000.0,0.0
2015-12-28,98.9,99.1,98.6,99.1,1392000.0,0.0
2015-12-29,98.7,98.8,98.3,98.3,885000.0,0.0
2015-12-30,98.5,98.7,98.0,98.0,949000.0,0.0
2015-12-31,98.9,100.0,98.7,100.0,2350000.0,0.0
2016-01-04,99.1,99.6,97.8,98.0,4458000.0,0.0
2016-01-05,98.0,98.5,97.7,98.4,3299000.0,0.0
2016-01-06,98.1,98.3,97.0,97.5,4438000.0,0.0
2016-01-07,97.5,97.8,97.0,97.5,4205000.0,0.0
2016-01-08,97.7,97.8,96.7,97.5,3442000.0,0.0
2016-01-11,97.0,99.0,97.0,98.3,3131000.0,0.0
2016-01-12,98.6,99.7,97.6,99.5,4138000.0,0.0
2016-01-13,99.6,99.9,99.0,99.5,3444000.0,0.0
2016-01-14,98.5,99.8,98.5,99.4,2516000.0,0.0
2016-01-15,98.6,99.0,97.4,98.0,4404000.0,0.0
2016-01-18,97.1,98.5,96.9,98.0,3707000.0,0.0
2016-01-19,98.0,98.4,97.5,98.0,1667000.0,0.0
2016-01-20,98.0,98.1,96.4,97.0,5715000.0,0.0
2016-01-21,97.0,97.8,96.8,97.0,5667000.0,0.0
2016-01-22,97.8,99.4,97.4,99.3,3960000.0,0.0
2016-01-25,99.3,99.9,99.1,99.9,3265000.0,0.0
2016-01-26,99.5,99.5,98.0,98.3,3745000.0,0.0
2016-01-27,98.3,99.2,98.3,99.2,3493000.0,0.0
2016-01-28,99.1,99.8,98.1,99.6,3832000.0,0.0
2016-01-29,98.5,100.0,98.5,100.0,4217000.0,0.0
2016-02-01,99.5,99.9,98.5,99.9,3628000.0,0.0
2016-02-02,99.3,99.7,99.1,99.6,2709000.0,0.0
2016-02-03,99.0,99.8,99.0,99.6,4179000.0,0.0
2016-02-15,98.5,100.0,98.5,99.1,5251000.0,0.0
2016-02-16,99.6,101.0,99.6,100.0,3177000.0,0.0
2016-02-17,101.0,102.0,100.5,101.5,4388000.0,0.0
2016-02-18,102.0,102.5,101.5,102.0,4488000.0,0.0
2016-02-19,101.0,101.5,100.5,101.0,4118000.0,0.0
2016-02-22,101.5,102.0,100.5,101.0,1592000.0,0.0
2016-02-23,100.5,102.0,100.5,102.0,3470000.0,0.0
2016-02-24,101.0,102.0,100.0,100.0,2858000.0,0.0
2016-02-25,100.5,102.0,100.0,102.0,3824000.0,0.0
2016-02-26,102.5,103.0,102.0,102.5,3490000.0,0.0
2016-03-01,101.5,103.5,101.5,103.5,3153000.0,0.0
2016-03-02,103.5,104.0,103.0,103.5,3309000.0,0.0
2016-03-03,103.0,104.0,102.5,104.0,3970000.0,0.0
2016-03-04,104.0,104.0,102.0,102.0,3781000.0,0.0
2016-03-07,103.0,103.5,102.5,103.5,2730000.0,0.0
2016-03-08,103.5,103.5,102.0,103.0,2463000.0,0.0
2016-03-09,102.0,103.0,102.0,102.0,1892000.0,0.0
2016-03-10,102.5,103.0,102.0,102.5,1549000.0,0.0
2016-03-11,102.5,103.0,102.0,103.0,2316000.0,0.0
2016-03-14,103.5,103.5,102.5,103.0,2511000.0,0.0
2016-03-15,102.5,103.0,102.0,103.0,3475000.0,0.0
2016-03-16,103.0,103.5,102.5,102.5,2554000.0,0.0
2016-03-17,103.5,104.5,103.0,104.5,6069000.0,0.0
2016-03-18,104.0,105.0,103.0,103.0,7888000.0,0.0
2016-03-21,103.5,104.5,103.0,104.0,3938000.0,0.0
2016-03-22,103.5,105.0,103.5,105.0,3431000.0,0.0
2016-03-23,104.5,105.0,104.0,105.0,2325000.0,0.0
2016-03-24,104.0,105.5,104.0,105.0,2211000.0,0.0
2016-03-25,105.0,105.5,104.5,104.5,1550000.0,0.0
2016-03-28,104.5,104.5,104.0,104.5,1686000.0,0.0
2016-03-29,104.0,104.5,103.5,103.5,2128000.0,0.0
2016-03-30,104.0,104.5,103.5,104.5,4093000.0,0.0
2016-03-31,104.5,105.0,104.0,104.5,4664000.0,0.0
2016-04-01,104.0,104.5,104.0,104.5,2659000.0,0.0
2016-04-06,103.5,104.0,102.5,102.5,4880000.0,0.0
2016-04-07,102.5,104.0,102.5,104.0,2871000.0,0.0
2016-04-08,103.0,105.0,102.5,104.0,3718000.0,0.0
2016-04-11,104.0,106.0,104.0,106.0,3494000.0,0.0
2016-04-12,105.0,106.0,105.0,105.5,2291000.0,0.0
2016-04-13,106.0,106.5,105.0,105.5,3794000.0,0.0
2016-04-14,105.5,106.0,105.0,105.0,2758000.0,0.0
2016-04-15,106.0,106.5,105.5,106.5,2834000.0,0.0
2016-04-18,106.5,107.0,106.0,106.5,2644000.0,0.0
2016-04-19,106.5,107.5,106.5,106.5,3193000.0,0.0
2016-04-20,107.0,107.5,105.5,106.0,4246000.0,0.0
2016-04-21,105.5,106.0,105.0,106.0,1835000.0,0.0
2016-04-22,105.5,106.5,105.0,106.0,1896000.0,0.0
2016-04-25,105.5,106.0,105.0,106.0,2189000.0,0.0
2016-04-26,106.5,107.5,106.0,106.5,1978000.0,0.0
2016-04-27,106.5,107.0,105.5,106.5,2043000.0,0.0
2016-04-28,107.0,107.0,105.5,106.0,2193000.0,0.0
2016-04-29,106.0,106.5,105.0,106.5,2902000.0,0.0
2016-05-03,106.5,107.5,106.0,107.5,2821000.0,0.0
2016-05-04,107.5,108.0,106.5,107.5,4201000.0,0.0
2016-05-05,107.0,107.0,106.0,106.5,3015000.0,0.0
2016-05-06,106.0,107.0,105.5,107.0,2787000.0,0.0
2016-05-09,107.0,108.0,106.0,108.0,3818000.0,0.0
2016-05-10,108.0,111.0,107.5,110.5,7031000.0,0.0
2016-05-11,109.5,111.0,109.0,111.0,5471000.0,0.0
2016-05-12,111.0,111.5,110.0,111.0,2984000.0,0.0
2016-05-13,110.5,110.5,109.5,110.5,4344000.0,0.0
2016-05-16,110.0,111.0,110.0,110.5,2087000.0,0.0
2016-05-17,110.5,111.5,110.0,111.5,2893000.0,0.0
2016-05-18,110.5,112.0,110.5,112.0,5351000.0,0.0
2016-05-19,111.5,112.5,110.0,110.5,4457000.0,0.0
2016-05-20,110.5,112.0,110.0,111.0,3561000.0,0.0
2016-05-23,110.5,112.0,109.5,110.5,3735000.0,0.0
2016-05-24,110.0,112.0,110.0,111.0,3527000.0,0.0
2016-05-25,111.0,111.5,110.5,111.5,3197000.0,0.0
2016-05-26,111.5,111.5,108.5,110.0,4174000.0,0.0
2016-05-27,110.5,111.0,109.5,111.0,3614000.0,0.0
2016-05-30,110.0,112.0,110.0,111.5,2193000.0,0.0
2016-05-31,111.5,111.5,110.5,111.5,5056000.0,0.0
2016-06-01,110.5,111.0,110.0,110.5,4101000.0,0.0
2016-06-02,111.5,111.5,110.5,110.5,4071000.0,0.0
2016-06-03,110.5,112.0,110.0,112.0,1636000.0,0.0
2016-06-06,112.0,112.5,111.0,112.0,1674000.0,0.0
2016-06-07,112.0,113.0,111.5,113.0,2839000.0,0.0
2016-06-08,112.5,114.0,112.0,114.0,3195000.0,0.0
2016-06-13,114.0,114.0,112.5,113.5,3475000.0,0.0
2016-06-14,113.0,114.5,112.5,114.5,2229000.0,0.0
2016-06-15,114.0,116.0,113.5,115.5,4026000.0,0.0
2016-06-16,115.0,115.5,112.5,113.5,5262000.0,0.0
2016-06-17,114.0,114.5,113.5,114.5,4900000.0,0.0
2016-06-20,114.5,115.0,113.5,115.0,3550000.0,0.0
2016-06-21,115.0,115.0,113.0,114.0,4197000.0,0.0
2016-06-22,113.5,114.0,113.0,114.0,3554000.0,0.0
2016-06-23,114.0,114.5,113.5,114.0,2857000.0,0.0
2016-06-24,114.0,114.5,111.5,112.5,4751000.0,0.0
2016-06-27,112.0,113.5,111.5,113.0,3527000.0,0.0
2016-06-28,112.5,113.0,112.0,113.0,810000.0,0.0
2016-06-29,113.0,115.0,113.0,115.0,8598000.0,0.0
2016-06-30,111.0,112.5,110.0,112.5,7597000.0,5.6
2016-07-01,113.5,114.0,112.0,112.5,4770000.0,0.0
2016-07-04,113.0,113.0,110.5,111.0,3446000.0,0.0
2016-07-05,111.0,111.0,110.0,110.5,2477000.0,0.0
2016-07-06,111.0,111.0,109.0,110.5,3342000.0,0.0
2016-07-07,111.0,112.5,110.5,112.5,4980000.0,0.0
2016-07-08,112.5,112.5,112.5,112.5,0.0,0.0
2016-07-11,113.0,114.0,112.5,114.0,6502000.0,0.0
2016-07-12,114.0,114.0,113.0,113.0,7225000.0,0.0
2016-07-13,114.0,114.0,111.0,114.0,10748000.0,0.0
2016-07-14,113.5,113.5,111.0,111.5,5176000.0,0.0
2016-07-15,112.0,113.0,111.5,112.5,6387000.0,0.0
2016-07-18,113.5,114.0,112.5,114.0,8965000.0,0.0
2016-07-19,113.5,114.0,112.5,113.5,8591000.0,0.0
2016-07-20,113.5,114.0,112.5,113.0,8924000.0,0.0
2016-07-21,113.5,114.0,112.5,113.5,6596000.0,0.0
2016-07-22,113.5,113.5,110.5,111.0,6048000.0,0.0
2016-07-25,112.0,112.5,109.0,110.0,4604000.0,0.0
2016-07-26,110.0,110.5,109.5,110.0,4281000.0,0.0
2016-07-27,110.5,111.0,110.0,111.0,4586000.0,0.0
2016-07-28,112.0,112.0,110.5,112.0,6622000.0,0.0
2016-07-29,112.0,112.0,110.0,110.0,3055000.0,0.0
2016-08-01,111.0,112.0,110.0,111.0,4603000.0,0.0
2016-08-02,110.5,111.0,110.0,110.5,2235000.0,0.0
2016-08-03,109.5,111.0,109.5,110.5,2214000.0,0.0
2016-08-04,110.0,110.5,110.0,110.5,2004000.0,0.0
2016-08-05,110.0,111.0,110.0,111.0,2642000.0,0.0
2016-08-08,112.0,113.5,111.5,113.5,4723000.0,0.0
2016-08-09,113.0,115.0,112.5,115.0,4977000.0,0.0
2016-08-10,114.5,115.0,113.5,115.0,3523000.0,0.0
2016-08-11,115.0,116.0,114.0,115.5,4760000.0,0.0
2016-08-12,116.0,116.5,115.0,116.0,4378000.0,0.0
2016-08-15,116.0,116.5,115.0,116.0,1583000.0,0.0
2016-08-16,115.0,115.5,114.0,114.5,2397000.0,0.0
2016-08-17,114.5,115.0,113.5,114.0,2780000.0,0.0
2016-08-18,114.0,115.0,113.0,114.0,2872000.0,0.0
2016-08-19,113.5,114.0,111.0,111.5,4360000.0,0.0
2016-08-22,111.0,112.0,111.0,112.0,4108000.0,0.0
2016-08-23,112.0,112.5,111.5,112.5,4041000.0,0.0
2016-08-24,113.0,115.0,112.0,114.0,3814000.0,0.0
2016-08-25,113.5,114.5,113.5,114.0,2364000.0,0.0
2016-08-26,114.5,114.5,113.5,114.0,2220000.0,0.0
2016-08-29,114.5,114.5,113.0,113.5,3245000.0,0.0
2016-08-30,114.0,114.5,112.5,113.5,3023000.0,0.0
2016-08-31,113.0,114.0,111.5,111.5,4593000.0,0.0
2016-09-01,111.5,112.5,110.5,112.0,5350000.0,0.0
2016-09-02,111.5,112.5,111.0,111.5,3999000.0,0.0
2016-09-05,111.5,113.0,111.5,112.5,3141000.0,0.0
2016-09-06,112.0,112.5,111.5,112.0,4103000.0,0.0
2016-09-07,112.5,113.5,112.0,113.5,3044000.0,0.0
2016-09-08,113.5,114.0,112.5,113.5,4047000.0,0.0
2016-09-09,113.5,113.5,112.0,113.0,3191000.0,0.0
2016-09-12,111.5,113.0,111.5,112.0,4353000.0,0.0
2016-09-13,111.5,112.0,111.0,111.0,5051000.0,0.0
2016-09-14,110.5,112.0,110.5,111.5,7086000.0,0.0
2016-09-19,113.5,115.5,113.0,115.0,10662000.0,0.0
2016-09-20,114.0,114.5,113.0,114.0,3104000.0,0.0
2016-09-21,113.5,114.0,112.5,114.0,3929000.0,0.0
2016-09-22,114.0,114.5,113.0,113.5,3518000.0,0.0
2016-09-23,114.5,115.0,113.5,114.5,4056000.0,0.0
2016-09-26,113.5,114.0,113.0,113.5,3440000.0,0.0
2016-09-27,113.5,113.5,113.5,113.5,0.0,0.0
2016-09-28,113.5,113.5,113.5,113.5,0.0,0.0
2016-09-29,113.5,114.5,113.0,113.5,6337000.0,0.0
2016-09-30,113.0,114.0,112.5,113.5,5309000.0,0.0
2016-10-03,112.5,114.0,112.5,113.5,2437000.0,0.0
2016-10-04,114.0,114.0,112.5,113.0,3099000.0,0.0
2016-10-05,112.5,113.5,112.5,113.5,3101000.0,0.0
2016-10-06,113.5,113.5,112.0,112.5,1277000.0,0.0
2016-10-07,112.0,112.5,111.5,111.5,4238000.0,0.0
2016-10-11,112.0,112.5,111.0,111.5,5156000.0,0.0
2016-10-12,111.5,112.0,111.5,112.0,3981000.0,0.0
2016-10-13,112.0,112.5,112.0,112.5,4067000.0,0.0
2016-10-14,112.0,112.5,111.5,111.5,3826000.0,0.0
2016-10-17,111.0,111.5,110.0,111.0,4726000.0,0.0
2016-10-18,111.0,111.5,110.5,111.5,4895000.0,0.0
2016-10-19,111.0,112.0,111.0,111.0,4420000.0,0.0
2016-10-20,111.5,112.0,111.0,111.0,4762000.0,0.0
2016-10-21,111.0,112.0,111.0,111.5,3605000.0,0.0
2016-10-24,111.5,112.0,111.0,111.5,4034000.0,0.0
2016-10-25,111.5,112.5,111.5,112.0,3541000.0,0.0
2016-10-26,112.0,112.0,111.5,111.5,3298000.0,0.0
2016-10-27,111.5,112.0,110.5,110.5,4671000.0,0.0
2016-10-28,111.0,111.0,109.5,110.5,3543000.0,0.0
2016-10-31,110.0,111.0,109.5,110.5,5161000.0,0.0
2016-11-01,109.5,110.0,108.5,109.0,4471000.0,0.0
2016-11-02,108.0,109.5,108.0,109.0,3472000.0,0.0
2016-11-03,108.5,110.5,108.5,109.0,4493000.0,0.0
2016-11-04,109.0,109.5,108.0,108.0,3706000.0,0.0
2016-11-07,108.5,110.5,108.5,109.5,2975000.0,0.0
2016-11-08,110.0,110.0,108.5,110.0,4459000.0,0.0
2016-11-09,110.5,110.5,108.5,108.5,5016000.0,0.0
2016-11-10,110.0,110.0,108.5,108.5,4189000.0,0.0
2016-11-11,108.5,109.0,105.5,105.5,10184000.0,0.0
2016-11-14,105.5,106.5,105.0,105.5,9403000.0,0.0
2016-11-15,105.0,105.5,104.0,104.0,10726000.0,0.0
2016-11-16,104.0,105.5,104.0,105.0,10224000.0,0.0
2016-11-17,104.5,106.5,104.5,106.0,6610000.0,0.0
2016-11-18,105.5,107.0,105.0,106.0,4436000.0,0.0
2016-11-21,106.0,107.0,105.0,106.0,4666000.0,0.0
2016-11-22,106.0,106.5,106.0,106.0,5118000.0,0.0
2016-11-23,106.0,108.5,106.0,107.5,4707000.0,0.0
2016-11-24,107.0,108.0,106.5,107.0,5051000.0,0.0
2016-11-25,107.0,108.0,106.5,107.5,1548000.0,0.0
2016-11-28,107.5,108.5,107.0,108.0,2538000.0,0.0
2016-11-29,108.0,108.5,107.5,107.5,5087000.0,0.0
2016-11-30,107.5,108.5,107.5,107.5,6189000.0,0.0
2016-12-01,107.5,108.0,105.5,105.5,9164000.0,0.0
2016-12-02,106.0,106.5,105.5,105.5,5768000.0,0.0
2016-12-05,105.5,106.5,105.0,106.0,9880000.0,0.0
2016-12-06,106.5,107.0,105.5,106.0,7009000.0,0.0
2016-12-07,106.0,106.5,105.5,106.0,4328000.0,0.0
2016-12-08,106.5,107.0,105.5,107.0,7286000.0,0.0
2016-12-09,106.0,106.5,105.5,105.5,8407000.0,0.0
2016-12-12,106.5,106.5,104.5,105.0,7615000.0,0.0
2016-12-13,105.0,105.0,104.0,105.0,6769000.0,0.0
2016-12-14,105.0,105.5,103.5,104.0,9924000.0,0.0
2016-12-15,104.0,104.0,103.5,104.0,6345000.0,0.0
2016-12-16,104.0,104.0,103.0,103.0,6229000.0,0.0
2016-12-19,103.0,103.5,102.0,102.5,5082000.0,0.0
2016-12-20,102.0,103.5,102.0,103.5,6466000.0,0.0
2016-12-21,103.0,103.5,102.0,102.0,5349000.0,0.0
2016-12-22,102.5,102.5,102.0,102.5,4690000.0,0.0
2016-12-23,102.0,102.5,102.0,102.0,3084000.0,0.0
2016-12-26,102.5,103.0,102.0,102.0,2226000.0,0.0
2016-12-27,102.0,103.0,101.5,102.0,6422000.0,0.0
2016-12-28,102.0,102.5,101.5,101.5,7061000.0,0.0
2016-12-29,102.0,102.5,101.5,102.0,5968000.0,0.0
2016-12-30,103.0,104.5,102.5,104.0,3974000.0,0.0
2017-01-03,104.0,105.0,104.0,104.5,1589000.0,0.0
2017-01-04,104.5,106.5,104.5,106.5,4765000.0,0.0
2017-01-05,106.5,107.5,106.0,107.5,4828000.0,0.0
2017-01-06,107.5,107.5,105.0,106.0,4700000.0,0.0
2017-01-09,105.0,106.0,104.5,105.5,3715000.0,0.0
2017-01-10,106.0,106.0,105.0,105.5,3114000.0,0.0
2017-01-11,105.5,107.5,105.0,107.0,4468000.0,0.0
2017-01-12,107.0,107.5,106.0,106.5,3902000.0,0.0
2017-01-13,106.5,108.0,106.0,107.5,3635000.0,0.0
2017-01-16,107.5,107.5,106.5,107.0,3510000.0,0.0
2017-01-17,107.5,108.0,106.5,107.5,3700000.0,0.0
2017-01-18,107.0,108.0,106.5,107.0,3850000.0,0.0
2017-01-19,107.0,107.5,105.5,105.5,5938000.0,0.0
2017-01-20,105.0,105.5,104.0,105.0,3543000.0,0.0
2017-01-23,106.0,106.0,105.5,105.5,1979000.0,0.0
2017-01-24,105.5,106.0,104.5,104.5,4440000.0,0.0
2017-02-02,103.0,103.5,102.0,102.0,12674000.0,0.0
2017-02-03,102.0,103.0,102.0,102.5,4202000.0,0.0
2017-02-06,103.5,105.0,103.0,105.0,3726000.0,0.0
2017-02-07,103.5,105.0,103.5,104.5,4525000.0,0.0
2017-02-08,104.0,105.5,103.0,104.0,6912000.0,0.0
2017-02-09,104.5,105.0,104.0,105.0,4571000.0,0.0
2017-02-10,105.5,106.0,105.0,105.0,7915000.0,0.0
2017-02-13,105.5,105.5,104.5,105.0,4212000.0,0.0
2017-02-14,104.5,107.0,104.5,106.5,5425000.0,0.0
2017-02-15,105.5,107.0,105.5,106.0,6045000.0,0.0
2017-02-16,105.5,107.5,105.5,106.5,7988000.0,0.0
2017-02-17,106.5,107.0,106.0,106.5,9963000.0,0.0
2017-02-20,107.5,108.0,106.5,107.0,6456000.0,0.0
2017-02-21,107.0,108.0,106.5,108.0,4378000.0,0.0
2017-02-22,108.0,108.5,107.0,107.0,6606000.0,0.0
2017-02-23,107.0,108.0,107.0,108.0,3009000.0,0.0
2017-02-24,107.0,108.5,107.0,108.0,6678000.0,0.0
2017-03-01,107.5,108.5,107.0,108.0,7537000.0,0.0
2017-03-02,108.0,108.5,108.0,108.0,3908000.0,0.0
2017-03-03,108.0,108.5,107.5,108.5,5104000.0,0.0
2017-03-06,108.0,109.0,107.5,108.0,5040000.0,0.0
2017-03-07,108.0,109.0,108.0,109.0,4280000.0,0.0
2017-03-08,108.5,109.0,108.0,108.5,6561000.0,0.0
2017-03-09,108.0,109.5,108.0,108.5,7223000.0,0.0
2017-03-10,108.5,109.5,108.5,109.0,5203000.0,0.0
2017-03-13,109.0,110.0,109.0,109.5,7573000.0,0.0
2017-03-14,109.5,110.0,109.0,109.5,8782000.0,0.0
2017-03-15,109.5,110.0,109.5,110.0,6700000.0,0.0
2017-03-16,110.0,110.5,109.0,109.5,5815000.0,0.0
2017-03-17,109.5,110.5,109.5,110.0,7420000.0,0.0
2017-03-20,110.0,112.0,110.0,111.5,4073000.0,0.0
2017-03-21,111.0,113.0,111.0,112.0,7417000.0,0.0
2017-03-22,112.0,112.0,110.5,111.5,6500000.0,0.0
2017-03-23,111.5,112.0,110.5,111.5,4361000.0,0.0
2017-03-24,111.0,112.5,111.0,112.0,4628000.0,0.0
2017-03-27,112.5,113.5,112.0,113.5,4296000.0,0.0
2017-03-28,114.0,114.0,111.5,111.5,5779000.0,0.0
2017-03-29,112.0,113.0,111.5,111.5,5892000.0,0.0
2017-03-30,111.5,112.0,110.5,111.5,5803000.0,0.0
2017-03-31,111.5,112.5,111.0,111.5,3868000.0,0.0
2017-04-05,111.5,113.0,111.5,113.0,5003000.0,0.0
2017-04-06,112.5,114.0,112.0,113.5,5674000.0,0.0
2017-04-07,113.0,114.0,113.0,114.0,4017000.0,0.0
2017-04-10,114.0,114.5,113.0,113.0,3854000.0,0.0
2017-04-11,113.0,114.5,112.5,114.0,4590000.0,0.0
2017-04-12,113.0,114.0,113.0,113.0,4493000.0,0.0
2017-04-13,113.0,114.0,113.0,113.5,3912000.0,0.0
2017-04-14,113.0,114.0,113.0,113.0,2640000.0,0.0
2017-04-17,113.0,114.0,112.5,114.0,2578000.0,0.0
2017-04-18,113.5,114.5,113.0,113.5,2831000.0,0.0
2017-04-19,113.0,113.0,110.5,110.5,7803000.0,0.0
2017-04-20,111.0,112.0,110.0,110.0,6860000.0,0.0
2017-04-21,110.5,112.0,110.5,111.0,4948000.0,0.0
2017-04-24,112.0,112.0,110.5,110.5,4246000.0,0.0
2017-04-25,111.5,112.0,111.0,112.0,4240000.0,0.0
2017-04-26,111.5,112.0,111.0,112.0,4484000.0,0.0
2017-04-27,111.0,112.0,111.0,111.0,3688000.0,0.0
2017-04-28,111.0,112.0,111.0,111.5,4537000.0,0.0
2017-05-02,111.5,113.0,111.0,111.5,5043000.0,0.0
2017-05-03,111.5,114.0,111.5,113.0,3187000.0,0.0
2017-05-04,113.0,114.5,112.5,114.5,3838000.0,0.0
2017-05-05,114.5,114.5,112.5,112.5,5281000.0,0.0
2017-05-08,113.0,114.0,112.5,114.0,5305000.0,0.0
2017-05-09,113.5,114.0,112.5,112.5,4612000.0,0.0
2017-05-10,113.0,114.0,112.5,112.5,4796000.0,0.0
2017-05-11,113.5,114.0,112.5,114.0,4902000.0,0.0
2017-05-12,113.5,114.5,113.5,114.5,3027000.0,0.0
2017-05-15,114.0,114.5,113.5,114.0,3610000.0,0.0
2017-05-16,114.0,114.5,113.5,114.0,4487000.0,0.0
2017-05-17,114.0,114.0,112.5,113.5,5395000.0,0.0
2017-05-18,113.0,114.0,112.5,114.0,4225000.0,0.0
2017-05-19,113.5,114.5,113.5,113.5,3638000.0,0.0
2017-05-22,113.5,114.0,113.0,114.0,4828000.0,0.0
2017-05-23,113.5,114.0,113.0,113.5,3244000.0,0.0
2017-05-24,113.5,113.5,112.5,112.5,3148000.0,0.0
2017-05-25,112.5,113.0,112.0,112.5,4477000.0,0.0
2017-05-26,112.5,113.0,112.0,113.0,3694000.0,0.0
2017-05-31,113.5,113.5,112.0,112.0,5165000.0,0.0
2017-06-01,112.5,113.5,112.5,113.0,3144000.0,0.0
2017-06-02,113.0,113.5,112.5,113.0,2094000.0,0.0
2017-06-05,113.0,113.5,113.0,113.5,1914000.0,0.0
2017-06-06,113.0,113.5,112.5,113.0,2014000.0,0.0
2017-06-07,113.0,113.5,113.0,113.0,3305000.0,0.0
2017-06-08,113.0,113.5,113.0,113.0,1993000.0,0.0
2017-06-09,113.0,114.0,113.0,113.0,3009000.0,0.0
2017-06-12,113.0,113.5,112.5,112.5,3164000.0,0.0
2017-06-13,113.0,113.0,112.5,113.0,918000.0,0.0
2017-06-14,112.5,113.5,112.5,113.0,1875000.0,0.0
2017-06-15,113.0,113.5,112.5,112.5,2959000.0,0.0
2017-06-16,113.0,113.5,112.5,113.0,4554000.0,0.0
2017-06-19,113.0,113.5,113.0,113.5,2380000.0,0.0
2017-06-20,113.5,114.0,113.5,114.0,2739000.0,0.0
2017-06-21,114.0,115.0,113.5,114.5,5011000.0,0.0
2017-06-22,114.5,115.0,114.0,115.0,3262000.0,0.0
2017-06-23,115.0,115.0,114.0,114.5,1943000.0,0.0
2017-06-26,114.5,115.0,114.0,115.0,3394000.0,0.0
2017-06-27,115.0,115.0,114.5,115.0,3116000.0,0.0
2017-06-28,115.0,116.5,114.5,115.0,4559000.0,0.0
2017-06-29,115.0,115.5,113.5,114.0,3440000.0,0.0
2017-06-30,114.0,114.5,113.5,114.5,2526000.0,0.0
2017-07-03,115.0,115.0,114.0,115.0,4901000.0,0.0
2017-07-04,114.5,115.0,114.5,114.5,3367000.0,0.0
2017-07-05,114.5,115.0,114.5,115.0,2851000.0,0.0
2017-07-06,114.5,115.0,114.0,115.0,3403000.0,0.0
2017-07-07,115.0,115.0,114.0,114.5,3461000.0,0.0
2017-07-10,114.5,114.5,113.0,113.0,6324000.0,0.0
2017-07-11,107.5,108.0,106.5,107.0,6951000.0,5.208
2017-07-12,107.5,107.5,106.5,107.0,3948000.0,0.0
2017-07-13,107.5,107.5,106.5,107.5,3690000.0,0.0
2017-07-14,107.5,107.5,106.5,106.5,3085000.0,0.0
2017-07-17,107.0,107.0,106.0,106.0,3477000.0,0.0
2017-07-18,106.0,107.0,106.0,107.0,2865000.0,0.0
2017-07-19,107.0,107.0,106.0,106.5,2456000.0,0.0
2017-07-20,107.0,107.5,106.5,107.0,1208000.0,0.0
2017-07-21,107.5,107.5,107.0,107.0,1458000.0,0.0
2017-07-24,107.5,108.0,107.0,108.0,1761000.0,0.0
2017-07-25,108.0,108.0,107.0,107.0,1974000.0,0.0
2017-07-26,107.0,107.5,106.5,107.0,2349000.0,0.0
2017-07-27,107.0,108.0,106.5,108.0,2338000.0,0.0
2017-07-28,108.0,108.0,107.0,107.5,2788000.0,0.0
2017-07-31,107.0,108.0,107.0,108.0,2680000.0,0.0
2017-08-01,108.0,108.0,107.5,108.0,2954000.0,0.0
2017-08-02,108.0,108.5,107.5,108.0,1031000.0,0.0
2017-08-03,107.5,108.0,107.0,107.5,3046000.0,0.0
2017-08-04,107.5,108.0,107.0,107.5,1842000.0,0.0
2017-08-07,107.5,108.0,107.5,107.5,1428000.0,0.0
2017-08-08,107.5,108.0,107.5,107.5,1751000.0,0.0
2017-08-09,107.5,108.0,107.5,107.5,876000.0,0.0
2017-08-10,107.5,108.0,107.5,108.0,1778000.0,0.0
2017-08-11,107.5,107.5,107.0,107.0,989000.0,0.0
2017-08-14,107.5,108.0,107.0,107.5,1355000.0,0.0
2017-08-15,107.5,108.0,107.0,107.5,1888000.0,0.0
2017-08-16,107.5,108.0,107.0,107.5,2391000.0,0.0
2017-08-17,107.5,108.0,107.5,108.0,1260000.0,0.0
2017-08-18,107.5,108.0,107.0,107.0,1331000.0,0.0
2017-08-21,107.0,108.0,107.0,108.0,1124979.0,0.0
2017-08-22,108.0,108.0,107.0,107.0,1016808.0,0.0
2017-08-23,107.5,108.0,107.0,107.5,1461266.0,0.0
2017-08-24,107.5,108.0,107.5,107.5,1625130.0,0.0
2017-08-25,107.5,108.0,107.0,107.5,1463114.0,0.0
2017-08-28,108.0,108.5,107.5,108.5,1983608.0,0.0
2017-08-29,108.5,108.5,107.5,108.0,1280082.0,0.0
2017-08-30,108.0,108.0,107.5,107.5,2062627.0,0.0
2017-08-31,108.0,108.0,107.0,108.0,3321098.0,0.0
2017-09-01,108.0,108.0,107.5,108.0,1504256.0,0.0
2017-09-04,107.5,108.0,107.5,108.0,1078997.0,0.0
2017-09-05,108.0,108.0,107.5,107.5,1970070.0,0.0
2017-09-06,107.5,108.0,107.0,107.5,1801198.0,0.0
2017-09-07,107.5,108.0,106.5,107.0,1761067.0,0.0
2017-09-08,107.0,107.5,106.5,107.5,2205289.0,0.0
2017-09-11,107.5,107.5,107.0,107.0,1461778.0,0.0
2017-09-12,107.5,107.5,107.0,107.0,1652723.0,0.0
2017-09-13,107.0,107.5,107.0,107.0,1337720.0,0.0
2017-09-14,107.0,107.0,106.5,107.0,1658741.0,0.0
2017-09-15,106.5,108.0,106.5,108.0,4975016.0,0.0
2017-09-18,107.5,108.0,107.0,107.0,1650650.0,0.0
2017-09-19,107.0,108.0,107.0,108.0,2658936.0,0.0
2017-09-20,107.5,107.5,107.0,107.5,1702482.0,0.0
2017-09-21,107.5,107.5,106.5,107.0,1693181.0,0.0
2017-09-22,107.0,107.5,106.5,107.0,2176415.0,0.0
2017-09-25,107.0,107.5,106.5,107.0,2271988.0,0.0
2017-09-26,107.0,108.0,106.5,107.0,4619919.0,0.0
2017-09-27,108.0,108.0,107.0,107.0,1961102.0,0.0
2017-09-28,107.5,108.0,107.0,108.0,2963404.0,0.0
2017-09-29,107.5,108.0,107.5,108.0,3064447.0,0.0
2017-10-02,108.0,108.5,107.5,108.5,1843694.0,0.0
2017-10-03,108.5,108.5,107.0,107.0,2333409.0,0.0
2017-10-05,107.5,108.0,107.5,107.5,1870400.0,0.0
2017-10-06,107.5,108.5,107.5,108.0,2408502.0,0.0
2017-10-11,108.0,108.5,108.0,108.0,3617563.0,0.0
2017-10-12,108.0,108.0,107.5,107.5,3234527.0,0.0
2017-10-13,108.0,109.0,107.5,109.0,5582377.0,0.0
2017-10-16,108.5,108.5,108.0,108.0,3930717.0,0.0
2017-10-17,108.0,108.5,107.5,108.0,2688202.0,0.0
2017-10-18,108.0,108.5,107.5,108.0,2960587.0,0.0
2017-10-19,108.0,108.0,107.5,107.5,1443668.0,0.0
2017-10-20,108.0,108.0,107.5,107.5,3661688.0,0.0
2017-10-23,108.0,108.0,107.0,107.5,3096297.0,0.0
2017-10-24,107.5,108.0,107.0,107.5,2804875.0,0.0
2017-10-25,107.5,108.0,107.0,107.0,2091685.0,0.0
2017-10-26,107.0,107.5,107.0,107.5,1709945.0,0.0
2017-10-27,107.5,107.5,107.0,107.5,2062638.0,0.0
2017-10-30,107.5,107.5,107.0,107.0,2326488.0,0.0
2017-10-31,107.0,107.5,106.5,107.5,2600108.0,0.0
2017-11-01,107.0,107.5,106.0,106.5,7496318.0,0.0
2017-11-02,106.5,106.5,106.0,106.0,2770861.0,0.0
2017-11-03,106.0,106.5,105.5,106.0,4370538.0,0.0
2017-11-06,106.0,106.5,106.0,106.5,4293776.0,0.0
2017-11-07,106.5,107.0,106.0,107.0,4479418.0,0.0
2017-11-08,107.0,107.5,107.0,107.0,2257725.0,0.0
2017-11-09,107.5,108.0,107.0,108.0,3725228.0,0.0
2017-11-10,108.0,108.0,107.5,107.5,2685265.0,0.0
2017-11-13,107.5,108.0,107.0,107.0,4174961.0,0.0
2017-11-14,107.0,107.5,106.5,107.0,2168320.0,0.0
2017-11-15,107.5,108.0,107.0,107.0,6133876.0,0.0
2017-11-16,107.0,108.0,107.0,107.0,3180824.0,0.0
2017-11-17,107.5,108.0,107.5,107.5,2594561.0,0.0
2017-11-20,107.5,108.0,107.5,108.0,2347325.0,0.0
2017-11-21,108.0,108.0,107.5,107.5,3024596.0,0.0
2017-11-22,108.0,108.5,108.0,108.5,4201438.0,0.0
2017-11-23,108.5,108.5,108.0,108.5,3538808.0,0.0
2017-11-24,108.5,108.5,108.0,108.5,2782674.0,0.0
2017-11-27,108.5,108.5,108.0,108.5,3546217.0,0.0
2017-11-28,108.5,109.0,108.0,108.5,4913579.0,0.0
2017-11-29,108.5,109.0,108.0,108.0,4179953.0,0.0
2017-11-30,107.5,108.5,107.5,107.5,6128235.0,0.0
2017-12-01,108.0,108.5,107.5,108.5,3892513.0,0.0
2017-12-04,108.5,108.5,108.0,108.0,3079002.0,0.0
2017-12-05,107.5,108.0,107.5,108.0,3897004.0,0.0
2017-12-06,107.5,108.0,106.5,107.5,6877353.0,0.0
2017-12-07,107.0,107.5,106.5,107.0,6537778.0,0.0
2017-12-08,107.5,107.5,106.0,106.5,11248960.0,0.0
2017-12-11,106.5,107.0,106.0,106.5,11475730.0,0.0
2017-12-12,106.5,107.0,106.0,106.5,6526961.0,0.0
2017-12-13,106.5,106.5,105.5,106.5,11365810.0,0.0
2017-12-14,106.5,107.0,106.0,106.5,6710172.0,0.0
2017-12-15,106.5,107.0,106.0,106.0,12597921.0,0.0
2017-12-18,106.0,107.5,106.0,107.0,4687345.0,0.0
2017-12-19,107.0,107.5,106.0,106.0,11808669.0,0.0
2017-12-20,106.5,107.0,106.0,106.5,3968107.0,0.0
2017-12-21,107.0,107.0,106.0,106.5,10313282.0,0.0
2017-12-22,106.5,107.0,106.0,106.5,5512352.0,0.0
2017-12-25,106.5,107.0,106.5,106.5,7182529.0,0.0
2017-12-26,107.0,107.0,106.5,106.5,4267000.0,0.0
2017-12-27,107.0,108.0,106.5,108.0,3019105.0,0.0
2017-12-28,108.0,108.5,108.0,108.5,2115635.0,0.0
2017-12-29,108.5,108.5,107.0,107.5,9889906.0,0.0
2018-01-02,107.0,108.5,107.0,108.0,9607638.0,0.0
2018-01-03,108.0,108.5,107.5,108.5,6043021.0,0.0
2018-01-04,108.5,109.0,108.0,108.5,8543889.0,0.0
2018-01-05,109.0,110.0,108.0,108.5,11394706.0,0.0
2018-01-08,108.5,110.0,108.5,110.0,10288775.0,0.0
2018-01-09,109.5,111.5,109.5,111.0,8589441.0,0.0
2018-01-10,111.0,111.5,110.0,110.0,4597981.0,0.0
2018-01-11,109.5,111.0,109.0,111.0,3413041.0,0.0
2018-01-12,110.5,111.5,110.5,111.0,1958572.0,0.0
2018-01-15,111.0,112.0,111.0,112.0,1789105.0,0.0
2018-01-16,111.5,111.5,110.0,111.0,4388631.0,0.0
2018-01-17,111.0,111.5,110.5,111.0,6256241.0,0.0
2018-01-18,110.5,111.0,108.5,109.5,11046355.0,0.0
2018-01-19,109.0,109.5,108.5,109.5,6311520.0,0.0
2018-01-22,109.0,110.5,109.0,109.5,3280210.0,0.0
2018-01-23,110.0,110.0,109.0,109.5,4945403.0,0.0
2018-01-24,109.5,110.0,109.0,110.0,1918701.0,0.0
2018-01-25,110.0,110.5,109.5,110.0,3439102.0,0.0
2018-01-26,110.0,111.0,109.5,110.5,3511407.0,0.0
2018-01-29,110.5,112.0,110.5,111.5,3325514.0,0.0
2018-01-30,111.0,112.0,110.5,111.0,5334518.0,0.0
2018-01-31,110.5,111.5,109.5,111.5,4418255.0,0.0
2018-02-01,111.0,112.0,111.0,111.5,3687775.0,0.0
2018-02-02,111.5,111.5,108.5,109.0,7900974.0,0.0
2018-02-05,108.0,110.0,107.5,109.0,6590852.0,0.0
2018-02-06,107.5,108.5,105.5,106.0,12341170.0,0.0
2018-02-07,107.5,108.5,107.0,108.0,7743359.0,0.0
2018-02-08,108.0,108.5,107.0,107.0,6131926.0,0.0
2018-02-09,105.5,108.0,105.0,107.0,6126045.0,0.0
2018-02-12,107.0,108.0,106.5,107.5,3894679.0,0.0
2018-02-21,108.0,109.0,107.5,108.0,5141976.0,0.0
2018-02-22,107.5,108.0,106.5,107.0,7659519.0,0.0
2018-02-23,107.0,107.5,106.5,107.5,5364684.0,0.0
2018-02-26,107.5,108.5,107.5,107.5,4200202.0,0.0
2018-02-27,108.0,108.0,107.0,107.5,6310170.0,0.0
2018-03-01,107.0,107.5,106.5,106.5,6339120.0,0.0
2018-03-02,106.5,107.5,106.5,107.0,3097304.0,0.0
2018-03-05,107.0,107.5,106.5,106.5,3317945.0,0.0
2018-03-06,107.5,108.0,107.0,107.5,2686912.0,0.0
2018-03-07,107.5,108.0,107.0,107.0,3104275.0,0.0
2018-03-08,107.0,107.5,107.0,107.0,4124801.0,0.0
2018-03-09,107.0,107.0,106.5,106.5,3205269.0,0.0
2018-03-12,106.5,107.0,106.0,106.0,8683463.0,0.0
2018-03-13,106.0,106.5,106.0,106.0,9872416.0,0.0
2018-03-14,106.5,106.5,106.0,106.0,12673751.0,0.0
2018-03-15,106.0,106.5,105.5,106.0,10166515.0,0.0
2018-03-16,106.0,106.5,105.5,105.5,15656928.0,0.0
2018-03-19,105.5,106.5,105.5,106.0,8301039.0,0.0
2018-03-20,106.0,107.0,106.0,106.0,5354522.0,0.0
2018-03-21,106.5,107.5,106.5,107.0,3372644.0,0.0
2018-03-22,107.0,108.5,107.0,108.0,8664163.0,0.0
2018-03-23,107.5,108.0,107.0,107.0,6337866.0,0.0
2018-03-26,107.5,108.5,107.0,108.0,3659899.0,0.0
2018-03-27,108.0,108.5,108.0,108.5,3054853.0,0.0
2018-03-28,108.5,109.0,108.0,108.5,2322599.0,0.0
2018-03-29,109.0,109.0,108.0,109.0,4920004.0,0.0
2018-03-30,108.5,109.5,108.5,109.5,3820338.0,0.0
2018-04-02,110.0,110.5,109.5,110.0,1577967.0,0.0
2018-04-03,109.5,110.5,109.5,109.5,3286743.0,0.0
2018-04-09,109.0,110.5,109.0,110.0,3811625.0,0.0
2018-04-10,109.5,110.0,109.0,110.0,3582104.0,0.0
2018-04-11,110.0,110.5,109.5,110.0,3218581.0,0.0
2018-04-12,110.0,110.5,109.5,109.5,4096999.0,0.0
2018-04-13,109.5,110.0,109.0,109.0,3214342.0,0.0
2018-04-16,109.0,110.5,109.0,110.5,2204188.0,0.0
2018-04-17,110.0,110.5,109.0,109.5,4538295.0,0.0
2018-04-18,109.0,110.0,109.0,110.0,4447899.0,0.0
2018-04-19,110.0,111.0,109.5,110.0,4388369.0,0.0
2018-04-20,110.0,110.5,109.5,110.0,2209690.0,0.0
2018-04-23,110.0,110.5,110.0,110.0,1380980.0,0.0
2018-04-24,110.0,110.0,109.0,109.0,2956767.0,0.0
2018-04-25,109.0,109.5,108.5,108.5,3434883.0,0.0
2018-04-26,108.5,109.5,108.5,109.0,2942546.0,0.0
2018-04-27,109.0,110.0,108.5,109.0,2476201.0,0.0
2018-04-30,109.5,110.0,109.5,109.5,2852326.0,0.0
2018-05-02,110.0,112.0,110.0,111.0,8702641.0,0.0
2018-05-03,111.0,111.5,110.0,110.0,5726449.0,0.0
2018-05-04,110.0,110.0,109.5,109.5,3453704.0,0.0
2018-05-07,110.0,110.0,109.0,109.0,2747414.0,0.0
2018-05-08,109.0,110.0,109.0,110.0,1849410.0,0.0
2018-05-09,110.0,110.0,108.5,108.5,5140221.0,0.0
2018-05-10,108.5,109.5,107.5,108.0,10889764.0,0.0
2018-05-11,108.0,108.0,107.0,107.0,7584558.0,0.0
2018-05-14,107.5,108.0,107.0,107.0,3679692.0,0.0
2018-05-15,107.0,108.0,107.0,107.0,3740436.0,0.0
2018-05-16,107.5,108.0,107.0,107.5,4944538.0,0.0
2018-05-17,107.5,108.0,107.0,107.5,4913223.0,0.0
2018-05-18,108.0,108.5,107.5,108.5,3515888.0,0.0
2018-05-21,108.5,109.5,108.0,108.5,3689743.0,0.0
2018-05-22,108.5,109.0,108.5,108.5,3968789.0,0.0
2018-05-23,108.5,109.5,108.0,108.5,6743800.0,0.0
2018-05-24,109.0,109.5,108.0,109.0,5150426.0,0.0
2018-05-25,109.5,110.0,109.0,109.5,3901802.0,0.0
2018-05-28,109.5,110.5,109.5,110.0,6000632.0,0.0
2018-05-29,110.0,110.5,110.0,110.0,3649988.0,0.0
2018-05-30,109.5,110.0,109.0,109.5,3786218.0,0.0
2018-05-31,109.5,110.5,109.5,110.0,7887954.0,0.0
2018-06-01,110.0,110.5,109.5,110.5,2537276.0,0.0
2018-06-04,110.5,110.5,110.0,110.5,3042648.0,0.0
2018-06-05,110.5,110.5,110.0,110.0,4213939.0,0.0
2018-06-06,110.0,110.0,109.5,109.5,3370412.0,0.0
2018-06-07,109.5,110.5,109.5,110.5,2771684.0,0.0
2018-06-08,110.5,111.0,110.0,110.5,5217729.0,0.0
2018-06-11,110.5,111.0,110.0,110.0,4459123.0,0.0
2018-06-12,110.5,110.5,110.0,110.5,3407980.0,0.0
2018-06-13,110.5,111.5,110.5,111.0,5341767.0,0.0
2018-06-14,110.5,111.5,110.0,110.0,3796119.0,0.0
2018-06-15,110.5,111.0,109.5,109.5,5783712.0,0.0
2018-06-19,109.5,111.0,109.5,109.5,9973104.0,0.0
2018-06-20,110.0,111.0,109.5,110.0,6744292.0,0.0
2018-06-21,110.5,111.5,110.0,111.0,4638366.0,0.0
2018-06-22,110.5,111.5,110.0,111.0,4126975.0,0.0
2018-06-25,110.5,111.5,110.5,110.5,2763595.0,0.0
2018-06-26,110.0,111.0,110.0,110.5,3786409.0,0.0
2018-06-27,110.5,111.0,110.0,110.5,5006422.0,0.0
2018-06-28,110.5,111.0,110.0,111.0,4271344.0,0.0
2018-06-29,110.0,111.0,110.0,110.5,4160814.0,0.0
2018-07-02,110.5,111.0,110.0,110.0,2683266.0,0.0
2018-07-03,110.0,111.0,110.0,110.5,3575502.0,0.0
2018-07-04,110.5,111.0,110.5,111.0,2593727.0,0.0
2018-07-05,111.0,111.5,110.5,110.5,3665255.0,0.0
2018-07-06,110.5,111.5,110.5,111.0,5153915.0,0.0
2018-07-09,111.0,112.0,110.5,111.5,7728721.0,0.0
2018-07-10,107.0,107.0,105.0,106.0,13572349.0,5.6
2018-07-11,106.0,106.5,105.5,106.0,4533833.0,0.0
2018-07-12,105.5,106.0,105.0,105.0,2529431.0,0.0
2018-07-13,105.0,105.5,105.0,105.0,2293834.0,0.0
2018-07-16,105.5,106.0,105.0,105.5,982617.0,0.0
2018-07-17,105.5,105.5,105.0,105.5,2326809.0,0.0
2018-07-18,105.5,105.5,105.0,105.5,2464491.0,0.0
2018-07-19,105.5,105.5,104.5,105.0,7718665.0,0.0
2018-07-20,105.0,105.5,104.5,105.0,2041742.0,0.0
2018-07-23,105.0,105.5,105.0,105.5,3631858.0,0.0
2018-07-24,105.5,106.0,105.0,106.0,2671740.0,0.0
2018-07-25,106.0,106.0,105.0,105.5,1944336.0,0.0
2018-07-26,105.5,106.0,105.0,105.5,2394751.0,0.0
2018-07-27,105.5,105.5,105.0,105.5,1665850.0,0.0
2018-07-30,105.5,105.5,105.0,105.5,1718391.0,0.0
2018-07-31,105.5,106.0,105.5,105.5,2989153.0,0.0
2018-08-01,105.5,106.0,105.5,106.0,1752637.0,0.0
2018-08-02,105.5,106.0,105.0,105.0,1585730.0,0.0
2018-08-03,105.0,105.5,105.0,105.0,2663124.0,0.0
2018-08-06,105.5,106.0,105.0,105.5,1194468.0,0.0
2018-08-07,105.5,106.0,105.0,105.0,2189951.0,0.0
2018-08-08,105.0,105.5,105.0,105.0,3188697.0,0.0
2018-08-09,105.5,105.5,105.0,105.0,1319486.0,0.0
2018-08-10,105.5,106.0,105.0,106.0,1970056.0,0.0
2018-08-13,106.0,106.0,105.5,105.5,1466943.0,0.0
2018-08-14,106.0,106.0,105.5,106.0,2033277.0,0.0
2018-08-15,106.0,106.0,105.5,105.5,1381444.0,0.0
2018-08-16,105.5,106.0,105.0,105.0,4462511.0,0.0
2018-08-17,105.5,106.0,105.0,106.0,1615331.0,0.0
2018-08-20,106.0,106.0,105.5,106.0,3001830.0,0.0
2018-08-21,106.0,106.5,105.5,106.5,2711918.0,0.0
2018-08-22,106.5,107.0,106.5,107.0,2539611.0,0.0
2018-08-23,107.0,107.5,106.5,107.5,2892748.0,0.0
2018-08-24,107.0,107.5,106.5,107.0,2855667.0,0.0
2018-08-27,107.0,107.5,107.0,107.5,2425213.0,0.0
2018-08-28,107.5,107.5,107.0,107.5,1875056.0,0.0
2018-08-29,107.0,107.5,107.0,107.5,1889806.0,0.0
2018-08-30,107.5,107.5,106.5,107.0,3814752.0,0.0
2018-08-31,107.0,107.5,106.5,107.0,4349918.0,0.0
2018-09-03,107.5,107.5,106.5,107.5,1264723.0,0.0
2018-09-04,107.0,108.0,107.0,107.5,2663043.0,0.0
2018-09-05,107.0,108.0,107.0,107.0,2983697.0,0.0
2018-09-06,106.5,107.5,106.5,107.0,2104219.0,0.0
2018-09-07,107.0,107.5,106.5,107.5,2398201.0,0.0
2018-09-10,107.5,108.0,107.0,107.5,3776390.0,0.0
2018-09-11,108.0,108.5,107.5,108.5,3219031.0,0.0
2018-09-12,108.0,109.5,108.0,109.0,5574394.0,0.0
2018-09-13,108.5,109.5,108.5,109.0,6174146.0,0.0
2018-09-14,109.0,110.0,109.0,109.5,5089381.0,0.0
2018-09-17,109.5,109.5,108.5,109.0,2845583.0,0.0
2018-09-18,109.0,109.5,108.5,109.0,3919617.0,0.0
2018-09-19,109.0,109.5,109.0,109.5,2388535.0,0.0
2018-09-20,109.0,110.0,109.0,109.0,3118376.0,0.0
2018-09-21,109.5,109.5,109.0,109.5,4133534.0,0.0
2018-09-25,109.0,109.5,109.0,109.0,1239515.0,0.0
2018-09-26,109.0,110.0,109.0,109.0,1936319.0,0.0
2018-09-27,109.0,109.5,109.0,109.5,2191252.0,0.0
2018-09-28,109.0,109.5,109.0,109.5,1977814.0,0.0
2018-10-01,109.5,110.0,109.0,109.5,1520631.0,0.0
2018-10-02,109.5,110.0,109.0,109.0,1936195.0,0.0
2018-10-03,109.0,109.5,108.5,109.5,1570870.0,0.0
2018-10-04,109.5,109.5,108.0,108.0,2389493.0,0.0
2018-10-05,108.0,108.5,107.0,108.5,4620211.0,0.0
2018-10-08,108.5,109.0,108.0,109.0,3440112.0,0.0
2018-10-09,108.5,109.5,108.5,109.0,5139961.0,0.0
2018-10-11,107.5,109.5,107.5,108.0,12649681.0,0.0
2018-10-12,107.5,108.5,107.0,108.5,7433875.0,0.0
2018-10-15,107.5,108.5,107.0,107.5,5545327.0,0.0
2018-10-16,107.0,108.0,107.0,107.5,3400181.0,0.0
2018-10-17,107.5,108.5,107.5,108.0,2348434.0,0.0
2018-10-18,107.5,108.0,107.5,108.0,2323612.0,0.0
2018-10-19,108.0,108.5,107.5,108.5,1528650.0,0.0
2018-10-22,107.5,108.0,107.0,108.0,2009889.0,0.0
2018-10-23,107.5,107.5,107.0,107.5,3316009.0,0.0
2018-10-24,107.0,108.5,107.0,108.5,6861254.0,0.0
2018-10-25,108.0,109.5,107.0,109.5,6551818.0,0.0
2018-10-26,108.5,110.0,108.0,110.0,7013234.0,0.0
2018-10-29,110.0,110.0,109.0,110.0,5006799.0,0.0
2018-10-30,110.0,110.5,109.5,110.0,5691162.0,0.0
2018-10-31,109.5,110.5,109.5,110.5,4334180.0,0.0
2018-11-01,109.5,110.0,109.0,109.5,3470905.0,0.0
2018-11-02,109.0,109.0,106.5,108.0,7934638.0,0.0
2018-11-05,107.0,108.5,107.0,108.5,1735340.0,0.0
2018-11-06,108.5,109.0,108.0,109.0,1567097.0,0.0
2018-11-07,109.0,110.0,109.0,110.0,2609330.0,0.0
2018-11-08,109.5,110.0,109.0,109.5,2747543.0,0.0
2018-11-09,109.5,110.0,109.0,109.0,2236642.0,0.0
2018-11-12,109.0,110.0,108.5,109.5,2007363.0,0.0
2018-11-13,109.0,110.0,108.5,110.0,3030144.0,0.0
2018-11-14,109.5,110.5,109.5,110.5,3293715.0,0.0
2018-11-15,110.5,110.5,109.5,110.5,3112479.0,0.0
2018-11-16,110.5,110.5,108.5,109.0,4752387.0,0.0
2018-11-19,109.0,109.5,108.5,109.5,4499594.0,0.0
2018-11-20,109.5,110.0,109.0,110.0,2605651.0,0.0
2018-11-21,110.0,110.0,109.0,109.5,2753051.0,0.0
2018-11-22,109.5,109.5,109.0,109.5,2621801.0,0.0
2018-11-23,109.5,110.0,109.0,110.0,3686491.0,0.0
2018-11-26,109.5,110.5,109.0,109.5,3842353.0,0.0
2018-11-27,109.5,109.5,109.0,109.5,2806466.0,0.0
2018-11-28,109.0,110.0,109.0,110.0,2979288.0,0.0
2018-11-29,110.0,110.5,109.0,109.0,2887486.0,0.0
2018-11-30,109.5,109.5,109.0,109.0,7864634.0,0.0
2018-12-03,109.0,109.5,107.0,108.0,11497536.0,0.0
2018-12-04,107.5,108.0,107.0,107.0,5237298.0,0.0
2018-12-05,107.5,108.0,107.0,107.5,2566545.0,0.0
2018-12-06,107.5,108.0,107.0,107.0,2765224.0,0.0
2018-12-07,107.5,108.0,107.0,108.0,1509993.0,0.0
2018-12-10,107.5,108.0,107.5,107.5,755662.0,0.0
2018-12-11,107.5,108.0,107.0,108.0,2085328.0,0.0
2018-12-12,108.5,108.5,107.0,107.0,3787625.0,0.0
2018-12-13,107.5,108.0,107.0,108.0,5024176.0,0.0
2018-12-14,107.0,107.5,107.0,107.5,4027970.0,0.0
2018-12-17,107.5,108.0,107.0,108.0,5090317.0,0.0
2018-12-18,108.0,108.0,107.0,108.0,4095183.0,0.0
2018-12-19,108.0,108.0,107.0,108.0,6185015.0,0.0
2018-12-20,108.0,108.0,107.0,108.0,1878949.0,0.0
2018-12-21,108.0,108.0,107.0,108.0,3046932.0,0.0
2018-12-24,108.0,108.0,107.0,108.0,1845032.0,0.0
2018-12-25,108.0,108.0,107.0,107.5,1821999.0,0.0
2018-12-26,107.5,108.0,106.0,106.5,9536865.0,0.0
2018-12-27,106.5,107.0,106.0,106.5,4713675.0,0.0
2018-12-28,107.0,107.5,105.0,106.5,25873237.0,0.0
2019-01-02,107.0,107.0,106.5,107.0,2711453.0,0.0
2019-01-03,107.0,107.0,106.0,106.5,2647126.0,0.0
2019-01-04,106.5,106.5,106.0,106.5,3747029.0,0.0
2019-01-07,107.5,108.0,107.0,108.0,3806832.0,0.0
2019-01-08,107.5,107.5,107.0,107.5,2668931.0,0.0
2019-01-09,107.5,108.0,107.0,108.0,5793849.0,0.0
2019-01-10,107.5,108.0,107.0,108.0,6534794.0,0.0
2019-01-11,107.5,109.0,107.5,108.5,7271812.0,0.0
2019-01-14,108.5,108.5,108.0,108.5,1755504.0,0.0
2019-01-15,108.5,109.0,107.0,108.0,3225546.0,0.0
2019-01-16,108.0,108.5,107.5,108.5,1739408.0,0.0
2019-01-17,108.5,109.0,108.0,109.0,2708187.0,0.0
2019-01-18,109.0,109.0,108.0,109.0,3584031.0,0.0
2019-01-21,109.0,109.0,108.0,108.0,3259957.0,0.0
2019-01-22,108.5,109.0,108.0,109.0,3665297.0,0.0
2019-01-23,108.5,109.0,108.0,109.0,2698534.0,0.0
2019-01-24,109.0,109.0,108.5,109.0,3188044.0,0.0
2019-01-25,108.5,109.5,108.5,109.5,2885757.0,0.0
2019-01-28,109.5,109.5,108.0,108.0,5318086.0,0.0
2019-01-29,108.5,109.0,108.0,109.0,3388428.0,0.0
2019-01-30,109.0,109.5,108.0,109.5,5980038.0,0.0
2019-02-11,109.0,110.0,109.0,109.5,8200744.0,0.0
2019-02-12,109.5,110.0,108.5,108.5,5753296.0,0.0
2019-02-13,108.5,109.0,108.0,108.0,4051852.0,0.0
2019-02-14,108.0,108.5,107.0,107.0,3676446.0,0.0
2019-02-15,107.0,108.5,107.0,108.5,2362229.0,0.0
2019-02-18,108.5,109.0,108.0,109.0,3127511.0,0.0
2019-02-19,109.0,109.0,108.5,108.5,1539884.0,0.0
2019-02-20,108.5,108.5,108.0,108.5,3963823.0,0.0
2019-02-21,108.0,110.0,108.0,109.5,5166604.0,0.0
2019-02-22,109.5,110.0,109.0,110.0,3835796.0,0.0
2019-02-25,110.0,110.0,109.5,109.5,2539845.0,0.0
2019-02-26,109.5,110.0,109.0,110.0,5113301.0,0.0
2019-02-27,110.0,110.0,109.5,110.0,3134349.0,0.0
2019-03-04,109.5,110.0,109.5,110.0,5326206.0,0.0
2019-03-05,109.5,110.0,109.5,110.0,3142437.0,0.0
2019-03-06,109.5,110.5,109.5,109.5,2819579.0,0.0
2019-03-07,110.0,110.5,109.5,109.5,3963765.0,0.0
2019-03-08,109.5,110.0,109.5,109.5,3531268.0,0.0
2019-03-11,109.5,110.0,109.5,110.0,2424416.0,0.0
2019-03-12,109.5,110.0,109.5,109.5,3343122.0,0.0
2019-03-13,110.0,110.5,109.5,110.0,3528533.0,0.0
2019-03-14,109.5,110.0,109.0,109.0,4016859.0,0.0
2019-03-15,109.0,110.5,109.0,110.5,5037218.0,0.0
2019-03-18,110.0,110.5,109.5,110.0,2770667.0,0.0
2019-03-19,110.0,110.5,109.5,110.5,4461267.0,0.0
2019-03-20,110.0,110.5,109.5,110.5,2374099.0,0.0
2019-03-21,110.5,110.5,110.0,110.5,1664645.0,0.0
2019-03-22,110.5,110.5,110.0,110.0,3306590.0,0.0
2019-03-25,110.0,110.5,110.0,110.5,1177316.0,0.0
2019-03-26,110.5,111.5,110.5,111.5,3773920.0,0.0
2019-03-27,111.0,111.5,110.5,111.0,1467249.0,0.0
2019-03-28,111.0,112.0,110.5,112.0,2886360.0,0.0
2019-03-29,111.5,112.0,111.0,111.5,2502092.0,0.0
2019-04-01,111.5,111.5,111.0,111.0,2898953.0,0.0
2019-04-02,111.0,111.5,110.5,110.5,1175915.0,0.0
2019-04-03,111.0,111.0,110.5,111.0,1470502.0,0.0
2019-04-08,111.0,111.0,110.0,110.5,2170662.0,0.0
2019-04-09,110.0,111.0,110.0,111.0,1843248.0,0.0
2019-04-10,111.0,111.0,110.5,111.0,1858958.0,0.0
2019-04-11,110.5,111.0,110.0,111.0,2829387.0,0.0
2019-04-12,110.5,111.0,110.5,111.0,2407643.0,0.0
2019-04-15,111.0,111.5,111.0,111.0,2303929.0,0.0
2019-04-16,111.0,112.0,111.0,111.5,2469476.0,0.0
2019-04-17,111.5,112.0,111.0,111.5,1535471.0,0.0
2019-04-18,111.5,112.5,111.5,112.0,3675452.0,0.0
2019-04-19,112.0,112.0,111.5,111.5,1931838.0,0.0
2019-04-22,112.0,112.0,111.5,111.5,632664.0,0.0
2019-04-23,112.0,112.5,111.5,112.5,1863116.0,0.0
2019-04-24,112.5,112.5,112.0,112.0,3463098.0,0.0
2019-04-25,112.0,113.0,112.0,112.5,2877215.0,0.0
2019-04-26,112.5,113.0,112.0,113.0,3230377.0,0.0
2019-04-29,112.5,113.0,112.0,113.0,4528209.0,0.0
2019-04-30,113.0,113.0,112.5,113.0,4182064.0,0.0
2019-05-02,113.5,115.0,113.0,114.5,6195338.0,0.0
2019-05-03,114.5,114.5,114.0,114.5,3816579.0,0.0
2019-05-06,114.0,114.0,112.5,113.0,6228208.0,0.0
2019-05-07,113.0,114.0,113.0,114.0,4215935.0,0.0
2019-05-08,114.0,114.0,113.5,113.5,2091500.0,0.0
2019-05-09,113.5,114.0,113.5,114.0,3504668.0,0.0
2019-05-10,114.0,114.5,114.0,114.0,1801503.0,0.0
2019-05-13,114.0,114.5,114.0,114.5,1649024.0,0.0
2019-05-14,114.0,115.0,113.5,114.0,4604072.0,0.0
2019-05-15,114.0,115.0,114.0,114.5,3775968.0,0.0
2019-05-16,114.5,115.0,114.0,114.0,2316014.0,0.0
2019-05-17,114.5,115.0,114.5,115.0,3888578.0,0.0
2019-05-20,115.0,116.0,115.0,115.5,4652741.0,0.0
2019-05-21,115.5,118.0,115.5,118.0,9556665.0,0.0
2019-05-22,118.0,118.0,116.5,117.0,3291921.0,0.0
2019-05-23,117.0,117.5,116.5,117.5,3060671.0,0.0
2019-05-24,117.5,118.0,117.0,117.5,4077182.0,0.0
2019-05-27,117.5,118.0,117.5,118.0,1798747.0,0.0
2019-05-28,118.0,118.0,116.0,116.0,7298717.0,0.0
2019-05-29,116.0,117.5,116.0,117.5,3709315.0,0.0
2019-05-30,118.0,118.0,117.0,118.0,2966672.0,0.0
2019-05-31,117.0,118.0,117.0,118.0,4715317.0,0.0
2019-06-03,118.0,118.0,117.5,118.0,2184446.0,0.0
2019-06-04,118.0,118.0,117.5,118.0,3215116.0,0.0
2019-06-05,118.0,118.5,117.5,118.5,3847739.0,0.0
2019-06-06,118.5,118.5,118.0,118.5,2009555.0,0.0
2019-06-10,118.5,119.5,118.5,119.5,3378773.0,0.0
2019-06-11,119.5,119.5,119.0,119.0,2909595.0,0.0
2019-06-12,119.5,120.0,119.0,120.0,4465201.0,0.0
2019-06-13,120.0,120.5,119.5,120.5,4026876.0,0.0
2019-06-14,120.0,120.5,119.5,120.5,5356085.0,0.0
2019-06-17,120.0,120.5,119.5,119.5,2448915.0,0.0
2019-06-18,119.5,119.5,119.0,119.5,2100452.0,0.0
2019-06-19,119.5,121.0,119.0,121.0,6134932.0,0.0
2019-06-20,121.0,121.0,120.5,121.0,2797231.0,0.0
2019-06-21,121.0,122.0,120.5,122.0,5124604.0,0.0
2019-06-24,121.5,122.5,121.5,122.5,2642999.0,0.0
2019-06-25,122.5,122.5,121.5,122.5,4542006.0,0.0
2019-06-26,122.5,123.0,122.0,122.5,3344256.0,0.0
2019-06-27,122.5,123.0,122.0,122.5,4839978.0,0.0
2019-06-28,122.0,122.5,122.0,122.5,2300324.0,0.0
2019-07-01,122.0,122.0,120.5,121.0,4935463.0,0.0
2019-07-02,121.5,122.5,121.0,122.5,3695966.0,0.0
2019-07-03,122.0,122.5,121.5,122.5,2356511.0,0.0
2019-07-04,122.5,123.0,121.5,122.0,3997935.0,0.0
2019-07-05,122.0,122.5,121.5,122.5,3595079.0,0.0
2019-07-08,122.5,122.5,121.0,122.0,4443427.0,0.0
2019-07-09,115.5,115.5,113.0,113.0,11394730.0,5.549
2019-07-10,113.0,113.5,113.0,113.5,3762979.0,0.0
2019-07-11,113.5,113.5,111.5,112.0,3344740.0,0.0
2019-07-12,112.0,112.0,111.0,111.5,4747176.0,0.0
2019-07-15,112.0,112.0,110.5,110.5,2492454.0,0.0
2019-07-16,110.5,111.0,108.5,109.5,11655910.0,0.0
2019-07-17,109.5,111.0,109.0,111.0,4128198.0,0.0
2019-07-18,111.0,111.0,110.0,110.5,1793203.0,0.0
2019-07-19,110.5,111.0,110.0,111.0,2839451.0,0.0
2019-07-22,111.0,111.5,110.5,111.0,4788585.0,0.0
2019-07-23,111.0,111.0,110.5,110.5,2364678.0,0.0
2019-07-24,110.5,111.0,109.5,109.5,5382869.0,0.0
2019-07-25,109.5,110.5,109.0,110.0,6365784.0,0.0
2019-07-26,110.0,110.0,109.0,109.0,4373560.0,0.0
2019-07-29,109.0,110.0,109.0,109.0,3113533.0,0.0
2019-07-30,109.5,110.0,109.0,109.0,5425000.0,0.0
2019-07-31,109.5,110.0,109.0,109.5,8665167.0,0.0
2019-08-01,109.0,109.5,108.5,108.5,3756623.0,0.0
2019-08-02,108.5,110.0,108.0,109.0,4033345.0,0.0
2019-08-05,109.0,110.0,109.0,110.0,2994573.0,0.0
2019-08-06,109.5,110.0,109.0,109.5,3178696.0,0.0
2019-08-07,109.5,109.5,109.0,109.5,2804703.0,0.0
2019-08-08,109.5,110.0,109.0,109.5,2672412.0,0.0
2019-08-12,109.5,110.5,109.5,110.0,2570073.0,0.0
2019-08-13,110.0,111.0,110.0,110.5,2372124.0,0.0
2019-08-14,110.5,111.0,110.5,110.5,2163226.0,0.0
2019-08-15,111.0,111.0,110.0,111.0,2485161.0,0.0
2019-08-16,110.5,110.5,110.0,110.0,2172034.0,0.0
2019-08-19,110.5,111.0,110.0,110.0,1526529.0,0.0
2019-08-20,110.5,110.5,110.0,110.0,2956297.0,0.0
2019-08-21,110.0,110.5,110.0,110.0,2100342.0,0.0
2019-08-22,110.0,111.0,110.0,111.0,2465715.0,0.0
2019-08-23,110.5,111.0,110.0,111.0,1919728.0,0.0
2019-08-26,110.0,110.5,110.0,110.0,2127991.0,0.0
2019-08-27,110.5,111.0,110.0,110.0,4984018.0,0.0
2019-08-28,110.5,111.0,110.0,111.0,1417948.0,0.0
2019-08-29,111.0,111.5,110.5,111.5,3063734.0,0.0
2019-08-30,111.5,112.0,111.0,112.0,3866501.0,0.0
2019-09-02,112.0,112.5,111.5,112.5,1692422.0,0.0
2019-09-03,112.5,112.5,111.5,111.5,2313604.0,0.0
2019-09-04,111.5,112.0,111.5,112.0,2395108.0,0.0
2019-09-05,111.5,112.0,111.5,112.0,2670135.0,0.0
2019-09-06,112.0,112.0,111.5,112.0,2349282.0,0.0
2019-09-10,113.0,113.5,112.5,113.5,3780675.0,0.0
2019-09-11,113.5,113.5,113.0,113.5,2686724.0,0.0
2019-09-12,113.5,113.5,113.0,113.5,2565359.0,0.0
2019-09-16,113.5,114.0,113.0,114.0,2768203.0,0.0
2019-09-17,114.0,114.5,113.5,114.0,2913904.0,0.0
2019-09-18,114.0,115.0,114.0,114.5,3242108.0,0.0
2019-09-19,114.5,114.5,114.0,114.5,1068509.0,0.0
2019-09-20,114.5,114.5,114.0,114.0,3412807.0,0.0
2019-09-23,114.0,114.5,113.5,113.5,1987323.0,0.0
2019-09-24,113.5,114.0,113.0,113.0,3060551.0,0.0
2019-09-25,113.0,113.5,112.5,113.0,2644328.0,0.0
2019-09-26,113.0,113.5,112.5,113.0,2221674.0,0.0
2019-09-27,112.5,113.0,112.0,112.0,2317091.0,0.0
2019-10-01,113.5,113.5,113.0,113.5,2146197.0,0.0
2019-10-02,113.5,114.0,113.0,113.5,2477233.0,0.0
2019-10-03,113.0,113.5,112.5,112.5,1634113.0,0.0
2019-10-04,113.0,113.5,112.5,113.5,2489791.0,0.0
2019-10-07,113.5,113.5,113.0,113.5,1308422.0,0.0
2019-10-08,113.5,113.5,113.0,113.5,1664394.0,0.0
2019-10-09,113.0,113.5,112.5,112.5,2231519.0,0.0
2019-10-14,113.0,113.5,112.5,113.5,2529045.0,0.0
2019-10-15,113.5,113.5,113.0,113.5,2547946.0,0.0
2019-10-16,113.5,113.5,113.0,113.5,2940132.0,0.0
2019-10-17,113.5,113.5,113.0,113.5,2563472.0,0.0
2019-10-18,113.5,113.5,113.0,113.0,2228864.0,0.0
2019-10-21,113.0,113.5,113.0,113.5,2942606.0,0.0
2019-10-22,113.5,113.5,113.0,113.5,2611138.0,0.0
2019-10-23,113.0,113.5,113.0,113.0,2452094.0,0.0
2019-10-24,113.5,113.5,113.0,113.0,2201367.0,0.0
2019-10-25,113.5,113.5,113.0,113.5,2609333.0,0.0
2019-10-28,114.0,114.0,113.5,114.0,1662751.0,0.0
2019-10-29,114.0,114.0,113.5,113.5,2887658.0,0.0
2019-10-30,113.5,114.0,113.0,114.0,3236341.0,0.0
2019-10-31,114.0,114.5,113.5,113.5,4521996.0,0.0
2019-11-01,114.0,114.0,113.5,114.0,3364376.0,0.0
2019-11-04,113.5,114.0,113.5,114.0,2640056.0,0.0
2019-11-05,114.0,115.0,113.5,115.0,2206352.0,0.0
2019-11-06,115.0,115.5,114.0,115.5,2233896.0,0.0
2019-11-07,116.0,116.0,115.0,116.0,2223751.0,0.0
2019-11-08,116.0,116.5,116.0,116.0,1850295.0,0.0
2019-11-11,116.0,116.5,115.5,116.5,1804972.0,0.0
2019-11-12,116.5,116.5,116.0,116.5,2402238.0,0.0
2019-11-13,116.0,116.0,115.0,115.0,3959676.0,0.0
2019-11-14,115.0,116.0,115.0,116.0,2268321.0,0.0
2019-11-15,116.0,116.0,115.0,115.5,2086646.0,0.0
2019-11-18,116.0,116.0,115.0,115.5,3494355.0,0.0
2019-11-19,115.0,115.0,114.5,115.0,2486850.0,0.0
2019-11-20,115.0,116.0,115.0,116.0,3001345.0,0.0
2019-11-21,116.0,116.0,115.5,115.5,2138549.0,0.0
2019-11-22,116.0,116.0,115.5,116.0,1801104.0,0.0
2019-11-25,116.0,116.5,115.5,116.5,2077082.0,0.0
2019-11-26,116.0,116.5,115.5,115.5,7984498.0,0.0
2019-11-27,115.5,115.5,115.0,115.5,2370914.0,0.0
2019-11-28,115.0,116.0,114.5,114.5,7176170.0,0.0
2019-11-29,114.5,115.5,114.5,114.5,1798191.0,0.0
2019-12-02,114.5,115.5,114.5,115.0,2346482.0,0.0
2019-12-03,115.0,115.5,114.5,115.0,2174246.0,0.0
2019-12-04,115.0,115.0,114.5,115.0,1114145.0,0.0
2019-12-05,115.5,115.5,115.0,115.5,3084258.0,0.0
2019-12-06,115.5,115.5,114.5,114.5,3761654.0,0.0
2019-12-09,115.0,115.0,114.0,114.0,4524131.0,0.0
2019-12-10,114.0,114.0,113.5,113.5,2115985.0,0.0
2019-12-11,114.0,114.0,113.5,113.5,1783251.0,0.0
2019-12-12,114.0,115.0,113.5,114.5,2590247.0,0.0
2019-12-13,115.0,115.0,114.0,114.5,5492140.0,0.0
2019-12-16,114.0,114.5,113.0,113.0,10328.0,0.0
2019-12-17,113.0,113.5,112.5,113.0,4189755.0,0.0
2019-12-18,113.0,114.0,113.0,113.5,4018627.0,0.0
2019-12-19,113.0,113.5,112.5,112.5,6701046.0,0.0
2019-12-20,113.0,114.0,112.5,113.5,4364111.0,0.0
2019-12-23,113.5,114.0,113.0,114.0,1613012.0,0.0
2019-12-24,113.5,113.5,113.0,113.0,1705300.0,0.0
2019-12-25,113.0,113.0,112.5,113.0,1704062.0,0.0
2019-12-26,113.5,113.5,112.5,113.0,2318815.0,0.0
2019-12-27,113.5,113.5,113.0,113.5,1376431.0,0.0
2019-12-30,113.5,113.5,113.0,113.0,3989125.0,0.0
2019-12-31,113.5,113.5,112.0,112.0,2697293.0,0.0
2020-01-02,112.5,113.0,111.5,112.5,2797693.0,0.0
2020-01-03,112.5,112.5,112.0,112.5,4297975.0,0.0
2020-01-06,112.0,112.0,110.5,110.5,4203858.0,0.0
2020-01-07,110.5,111.0,109.0,109.5,11932990.0,0.0
2020-01-08,109.5,110.0,108.5,109.5,6059571.0,0.0
2020-01-09,109.5,110.5,109.0,110.0,4924412.0,0.0
2020-01-10,110.0,110.0,109.5,109.5,3697896.0,0.0
2020-01-13,109.5,110.0,108.0,109.0,13509666.0,0.0
2020-01-14,108.5,109.0,108.0,108.5,5593979.0,0.0
2020-01-15,108.5,108.5,107.5,108.0,7583824.0,0.0
2020-01-16,108.0,108.5,107.5,108.0,4056168.0,0.0
2020-01-17,108.0,109.0,108.0,109.0,3290668.0,0.0
2020-01-20,109.0,109.0,108.5,108.5,2866907.0,0.0
2020-01-30,108.5,109.0,107.0,107.0,9538226.0,0.0
2020-01-31,107.0,108.5,107.0,107.0,6893194.0,0.0
2020-02-03,107.0,108.0,107.0,108.0,3786612.0,0.0
2020-02-04,114.0,114.5,107.5,107.5,3209736.0,0.0
2020-02-05,107.5,108.5,107.5,108.0,4594312.0,0.0
2020-02-06,108.5,109.0,108.0,108.5,3477076.0,0.0
2020-02-07,108.5,108.5,107.5,107.5,3251917.0,0.0
2020-02-10,108.0,108.0,107.5,108.0,3426491.0,0.0
2020-02-11,108.0,108.5,107.5,107.5,2712988.0,0.0
2020-02-12,107.5,108.0,107.0,107.0,7132170.0,0.0
2020-02-13,107.5,108.0,107.5,108.0,2611001.0,0.0
2020-02-14,108.0,109.0,107.5,109.0,2201294.0,0.0
2020-02-17,108.5,109.5,108.5,109.5,2302888.0,0.0
2020-02-18,109.5,109.5,108.5,108.5,3847643.0,0.0
2020-02-19,109.0,109.5,108.5,108.5,3114523.0,0.0
2020-02-20,109.0,109.5,108.5,108.5,4392107.0,0.0
2020-02-21,109.0,109.0,108.0,108.5,3985815.0,0.0
2020-02-24,108.0,108.5,106.5,106.5,10409416.0,0.0
2020-02-25,106.5,107.0,106.0,106.5,4708502.0,0.0
2020-02-26,106.0,106.5,105.0,105.5,7730537.0,0.0
2020-02-27,105.0,105.5,105.0,105.0,5159121.0,0.0
2020-03-02,104.5,104.5,102.5,103.0,10591409.0,0.0
2020-03-03,103.5,104.5,103.0,104.5,5190224.0,0.0
2020-03-04,104.0,107.0,104.0,107.0,5308465.0,0.0
2020-03-05,107.0,108.5,107.0,108.5,4649568.0,0.0
2020-03-06,107.5,107.5,105.0,106.0,6259884.0,0.0
2020-03-09,104.5,104.5,103.5,104.0,6704491.0,0.0
2020-03-10,103.0,106.5,103.0,106.0,6513824.0,0.0
2020-03-11,105.5,105.5,104.5,105.5,4511865.0,0.0
2020-03-12,104.5,105.5,103.5,105.5,6640280.0,0.0
2020-03-13,103.0,105.0,99.2,105.0,11906875.0,0.0
2020-03-16,104.5,104.5,103.0,103.5,4853727.0,0.0
2020-03-17,102.0,104.5,101.0,103.0,10298482.0,0.0
2020-03-18,102.5,102.5,99.8,101.0,11731057.0,0.0
2020-03-19,98.5,101.0,97.8,100.0,10029881.0,0.0
2020-03-20,100.5,101.5,99.8,99.9,12596060.0,0.0
2020-03-23,98.3,99.3,98.0,98.0,6926534.0,0.0
2020-03-24,98.1,100.5,98.0,98.7,8145744.0,0.0
2020-03-25,99.3,102.0,99.3,102.0,5358801.0,0.0
2020-03-26,102.0,102.5,100.5,100.5,4218637.0,0.0
2020-03-27,102.0,102.0,100.5,101.5,8286259.0,0.0
2020-03-30,100.0,101.0,99.5,100.0,4391956.0,0.0
2020-03-31,100.5,101.0,99.5,99.9,5206380.0,0.0
2020-04-01,99.7,99.8,98.1,98.1,7186030.0,0.0
2020-04-06,98.4,101.0,98.3,101.0,5379941.0,0.0
2020-04-07,101.5,102.5,101.0,102.5,6128088.0,0.0
2020-04-08,102.0,103.5,101.5,103.5,5399794.0,0.0
2020-04-09,103.5,104.0,103.0,104.0,4527740.0,0.0
2020-04-10,104.0,104.5,103.5,104.5,2295137.0,0.0
2020-04-13,104.5,105.0,104.0,104.0,2257974.0,0.0
2020-04-14,104.0,106.5,104.0,106.0,4659570.0,0.0
2020-04-15,106.0,107.0,106.0,106.5,4164973.0,0.0
2020-04-16,106.0,107.0,105.5,105.5,4452271.0,0.0
2020-04-17,106.0,107.5,106.0,106.0,3853859.0,0.0
2020-04-20,106.0,107.0,106.0,107.0,2694791.0,0.0
2020-04-21,106.5,107.0,106.0,106.0,4537835.0,0.0
2020-04-22,105.5,106.0,105.0,106.0,2365386.0,0.0
2020-04-23,106.0,106.5,104.5,105.5,3088110.0,0.0
2020-04-24,106.0,106.5,105.5,106.0,2064120.0,0.0
2020-04-27,107.0,108.0,107.0,108.0,3458968.0,0.0
2020-04-28,108.0,108.0,107.0,108.0,2553944.0,0.0
2020-04-29,107.0,107.5,106.5,106.5,4875198.0,0.0
2020-04-30,107.0,108.0,106.5,107.5,4142100.0,0.0
2020-05-04,105.5,108.0,105.0,108.0,6103029.0,0.0
2020-05-05,107.5,108.0,107.5,107.5,2665957.0,0.0
2020-05-06,107.5,107.5,107.0,107.0,3716509.0,0.0
2020-05-07,107.5,108.0,107.0,107.5,1259605.0,0.0
2020-05-08,107.5,108.5,107.5,107.5,2495770.0,0.0
2020-05-11,108.5,108.5,108.0,108.0,1690471.0,0.0
2020-05-12,107.5,108.0,107.0,107.0,2067017.0,0.0
2020-05-13,108.0,108.0,107.5,107.5,1861116.0,0.0
2020-05-14,107.5,107.5,107.0,107.0,1714338.0,0.0
2020-05-15,108.0,108.0,107.0,107.5,1802532.0,0.0
2020-05-18,107.0,108.0,107.0,107.5,3300171.0,0.0
2020-05-19,108.5,108.5,107.5,108.0,2929001.0,0.0
2020-05-20,108.0,108.5,107.5,107.5,2671887.0,0.0
2020-05-21,108.0,108.0,107.0,107.5,4041182.0,0.0
2020-05-22,107.5,108.0,106.5,106.5,2895207.0,0.0
2020-05-25,107.0,107.5,106.0,107.5,2630375.0,0.0
2020-05-26,107.5,108.0,107.0,107.5,2244451.0,0.0
2020-05-27,107.5,108.0,107.0,107.5,2495650.0,0.0
2020-05-28,107.5,107.5,107.0,107.5,2809452.0,0.0
2020-05-29,107.0,107.5,106.0,107.5,10176301.0,0.0
2020-06-01,107.5,108.0,106.5,106.5,5557707.0,0.0
2020-06-02,107.0,107.0,106.0,107.0,6177500.0,0.0
2020-06-03,107.0,108.5,107.0,108.5,4476015.0,0.0
2020-06-04,108.0,108.5,107.5,108.0,3014415.0,0.0
2020-06-05,108.0,108.5,107.5,107.5,3137140.0,0.0
2020-06-08,108.0,108.5,107.5,108.5,3071552.0,0.0
2020-06-09,108.0,108.5,107.5,107.5,2728445.0,0.0
2020-06-10,108.0,108.5,107.5,108.5,3046501.0,0.0
2020-06-11,108.0,108.5,107.0,107.5,3932442.0,0.0
2020-06-12,107.0,108.0,107.0,107.5,3548709.0,0.0
2020-06-15,107.5,108.0,106.0,106.0,5426823.0,0.0
2020-06-16,107.0,108.5,107.0,107.5,3999538.0,0.0
2020-06-17,107.5,108.0,107.5,108.0,3384557.0,0.0
2020-06-18,108.0,108.5,107.0,107.5,3352392.0,0.0
2020-06-19,107.5,108.5,106.5,107.0,11072114.0,0.0
2020-06-22,107.5,108.0,107.0,107.5,2459829.0,0.0
2020-06-23,107.5,108.0,107.0,107.0,4203377.0,0.0
2020-06-24,107.5,108.0,107.5,108.0,3891826.0,0.0
2020-06-29,107.5,108.5,107.5,108.5,2670513.0,0.0
2020-06-30,108.5,110.5,108.0,110.5,5751194.0,0.0
2020-07-01,111.0,113.0,111.0,112.0,6410949.0,0.0
2020-07-02,112.5,114.0,112.0,114.0,8671605.0,0.0
2020-07-03,114.5,115.5,114.0,115.0,6697273.0,0.0
2020-07-06,115.0,116.0,114.0,115.5,11195347.0,0.0
2020-07-07,115.5,116.0,115.0,115.0,7433286.0,0.0
2020-07-08,115.0,116.0,114.5,115.5,5467989.0,0.0
2020-07-09,115.5,116.0,115.0,115.5,5845239.0,0.0
2020-07-10,115.5,116.5,115.0,116.0,8564578.0,0.0
2020-07-13,116.0,116.5,115.5,116.0,7684664.0,0.0
2020-07-14,116.0,116.5,115.5,116.0,6454264.0,0.0
2020-07-15,116.0,116.5,115.5,116.0,10687010.0,0.0
2020-07-16,116.0,116.0,114.0,114.0,10485791.0,0.0
2020-07-17,109.0,109.0,107.5,107.5,8904851.0,4.75
2020-07-20,107.5,107.5,106.5,107.5,3709537.0,0.0
2020-07-21,107.5,108.0,106.5,106.5,4500150.0,0.0
2020-07-22,106.5,107.0,106.5,107.0,2511543.0,0.0
2020-07-23,106.5,107.0,106.0,106.5,3035505.0,0.0
2020-07-24,106.0,106.5,106.0,106.0,4411768.0,0.0
2020-07-27,106.0,106.5,105.0,105.0,4314945.0,0.0
2020-07-28,104.0,105.5,104.0,104.5,4373150.0,0.0
2020-07-29,104.5,105.0,104.5,105.0,2098463.0,0.0
2020-07-30,105.0,105.5,104.5,105.0,3596780.0,0.0
2020-07-31,105.5,105.5,104.5,105.0,2370584.0,0.0
2020-08-03,105.0,105.0,104.0,104.0,3193065.0,0.0
2020-08-04,104.5,105.0,104.0,104.0,3287446.0,0.0
2020-08-05,104.5,105.0,103.5,104.5,4133372.0,0.0
2020-08-06,104.5,105.0,103.5,104.0,4168198.0,0.0
2020-08-07,103.5,104.0,103.0,103.5,5666381.0,0.0
2020-08-10,103.5,104.0,103.0,103.0,6313168.0,0.0
2020-08-11,103.0,103.5,102.5,102.5,6114545.0,0.0
2020-08-12,103.0,103.0,102.5,103.0,5846554.0,0.0
2020-08-13,103.5,103.5,103.0,103.5,3182836.0,0.0
2020-08-14,103.0,103.5,102.5,103.0,5085673.0,0.0
2020-08-17,103.0,103.5,103.0,103.5,1344613.0,0.0
2020-08-18,103.5,103.5,103.0,103.0,2935713.0,0.0
2020-08-19,103.0,104.0,103.0,103.0,3985796.0,0.0
2020-08-20,103.0,103.5,102.5,102.5,3999006.0,0.0
2020-08-21,103.0,103.0,102.0,103.0,7118310.0,0.0
2020-08-24,103.0,103.0,102.5,102.5,1627348.0,0.0
2020-08-25,102.5,103.0,102.0,102.0,5021367.0,0.0
2020-08-26,102.0,103.0,102.0,102.5,3262546.0,0.0
2020-08-27,102.5,103.0,102.0,102.5,2394321.0,0.0
2020-08-28,102.5,103.0,102.0,102.5,1825588.0,0.0
2020-08-31,102.5,103.0,101.5,101.5,8829392.0,0.0
2020-09-01,102.0,102.0,101.0,101.5,6580573.0,0.0
2020-09-02,101.5,101.5,100.5,101.5,6116742.0,0.0
2020-09-03,101.5,101.5,100.5,101.0,3990727.0,0.0
2020-09-04,100.5,101.0,100.5,101.0,2128741.0,0.0
2020-09-07,101.0,101.0,100.5,101.0,2088685.0,0.0
2020-09-08,100.5,101.0,100.0,100.5,2174855.0,0.0
2020-09-09,100.5,101.0,99.7,100.0,6413868.0,0.0
2020-09-10,100.0,100.5,99.8,100.0,5484505.0,0.0
2020-09-11,100.0,101.0,99.8,100.5,4166596.0,0.0
2020-09-14,100.5,100.5,100.0,100.5,2793654.0,0.0
2020-09-15,100.0,100.5,99.6,100.0,5608814.0,0.0
2020-09-16,100.0,100.0,99.7,100.0,4298719.0,0.0
2020-09-17,100.0,100.5,99.7,99.7,3872654.0,0.0
2020-09-18,99.7,100.0,99.4,99.5,6828323.0,0.0
2020-09-21,99.5,99.5,98.9,98.9,4553803.0,0.0
2020-09-22,98.9,98.9,98.4,98.6,3790285.0,0.0
2020-09-23,98.3,98.4,97.8,97.8,5816103.0,0.0
2020-09-24,97.7,97.7,96.4,96.4,8621499.0,0.0
2020-09-25,96.5,97.0,96.3,96.7,3468011.0,0.0
2020-09-28,97.1,97.3,96.8,97.1,3354530.0,0.0
2020-09-29,97.5,97.8,96.9,97.0,3767684.0,0.0
2020-09-30,97.2,97.4,96.6,96.6,4206811.0,0.0
2020-10-05,97.0,97.1,96.5,96.5,2306291.0,0.0
2020-10-06,96.8,97.0,96.6,97.0,1897619.0,0.0
2020-10-07,97.2,97.4,96.8,96.8,2806916.0,0.0
2020-10-08,96.8,97.1,96.5,96.9,2806379.0,0.0
2020-10-12,97.0,97.1,96.2,96.6,2804615.0,0.0
2020-10-13,96.6,96.6,95.7,96.0,3562538.0,0.0
2020-10-14,96.2,96.6,96.0,96.4,1705180.0,0.0
2020-10-15,96.4,96.5,95.6,96.0,4052284.0,0.0
2020-10-16,96.0,96.3,95.0,95.0,3260149.0,0.0
2020-10-19,95.6,96.8,95.5,95.5,3790975.0,0.0
2020-10-20,96.1,96.3,95.5,95.6,2076131.0,0.0
2020-10-21,96.2,96.7,96.0,96.4,2590104.0,0.0
2020-10-22,96.4,98.5,96.4,98.5,5072672.0,0.0
2020-10-23,98.5,98.6,97.0,97.6,2788125.0,0.0
2020-10-26,97.7,98.4,97.7,98.4,1654755.0,0.0
2020-10-27,98.3,98.4,97.9,98.0,1635624.0,0.0
2020-10-28,98.0,98.1,97.7,98.1,1753275.0,0.0
2020-10-29,97.9,97.9,97.0,97.0,2077664.0,0.0
2020-10-30,97.5,97.8,96.0,97.7,3790164.0,0.0
2020-11-02,97.7,98.0,97.0,97.8,1211109.0,0.0
2020-11-03,98.1,98.4,97.3,97.8,2326203.0,0.0
2020-11-04,97.8,98.3,97.3,97.9,1394788.0,0.0
2020-11-05,98.3,98.9,97.9,98.6,2573836.0,0.0
2020-11-06,98.6,100.0,98.2,100.0,4263371.0,0.0
2020-11-09,100.5,101.0,100.0,100.5,2368171.0,0.0
2020-11-10,100.5,101.0,99.7,99.7,3474423.0,0.0
2020-11-11,100.0,100.0,99.3,99.5,4385190.0,0.0
2020-11-12,99.5,100.0,99.3,99.5,2617032.0,0.0
2020-11-13,99.5,99.5,98.9,99.1,3261096.0,0.0
2020-11-16,99.0,100.0,98.9,99.5,4312962.0,0.0
2020-11-17,99.3,99.7,98.4,99.0,5269702.0,0.0
2020-11-18,99.0,99.9,99.0,99.7,3735399.0,0.0
2020-11-19,99.7,100.5,99.4,99.5,4060190.0,0.0
2020-11-20,99.7,100.0,99.2,99.3,2811443.0,0.0
2020-11-23,100.0,100.5,99.3,99.5,3634114.0,0.0
2020-11-24,99.6,99.7,99.0,99.1,2482584.0,0.0
2020-11-25,99.5,99.5,98.5,98.7,4228442.0,0.0
2020-11-26,98.7,99.6,98.6,99.6,2205173.0,0.0
2020-11-27,99.4,99.6,99.0,99.2,3450329.0,0.0
2020-11-30,99.2,99.4,97.1,97.1,13824839.0,0.0
2020-12-01,97.8,98.3,97.8,98.3,2379061.0,0.0
2020-12-02,97.9,98.2,97.6,97.7,3446994.0,0.0
2020-12-03,97.6,97.6,97.0,97.0,5948405.0,0.0
2020-12-04,97.4,98.2,97.4,97.6,3107720.0,0.0
2020-12-07,98.3,98.3,97.6,97.6,3900408.0,0.0
2020-12-08,97.6,98.0,97.2,97.8,2934102.0,0.0
2020-12-09,97.8,98.3,97.6,97.8,3177336.0,0.0
2020-12-10,97.8,98.5,97.8,97.9,3050000.0,0.0
2020-12-11,98.3,98.8,98.0,98.6,3248800.0,0.0
2020-12-14,98.9,99.6,98.6,99.0,3386349.0,0.0
2020-12-15,98.9,99.0,98.0,98.5,2276950.0,0.0
2020-12-16,98.9,99.4,98.2,99.2,3508651.0,0.0
2020-12-17,99.1,99.2,98.7,99.2,2050549.0,0.0
2020-12-18,99.2,99.6,99.0,99.3,2808735.0,0.0
2020-12-21,99.5,99.5,98.7,99.4,1865907.0,0.0
2020-12-22,99.1,99.3,98.7,99.0,1760462.0,0.0
2020-12-23,98.6,98.8,98.3,98.6,1368256.0,0.0
2020-12-24,98.6,99.0,98.4,98.5,1714951.0,0.0
2020-12-25,98.6,99.0,98.5,98.8,1343817.0,0.0
2020-12-28,98.8,99.5,98.5,99.5,1805084.0,0.0
2020-12-29,99.5,99.5,98.9,99.0,1733674.0,0.0
2020-12-30,99.1,99.9,99.0,99.7,3121467.0,0.0
2020-12-31,99.7,99.7,98.9,98.9,2776069.0,0.0
2021-01-04,98.7,99.2,98.5,98.7,2581735.0,0.0
2021-01-05,99.1,99.4,98.6,99.2,2518560.0,0.0
2021-01-06,98.8,99.1,98.1,98.6,3355330.0,0.0
2021-01-07,98.2,99.0,98.1,98.3,2486073.0,0.0
2021-01-08,98.3,99.5,98.2,99.5,5394005.0,0.0
2021-01-11,99.4,99.4,98.8,99.4,4364230.0,0.0
2021-01-12,99.3,99.5,98.8,99.4,4418059.0,0.0
2021-01-13,99.4,99.7,99.2,99.5,4069677.0,0.0
2021-01-14,99.5,99.7,99.3,99.6,3720867.0,0.0
2021-01-15,99.3,99.5,98.8,99.1,4600727.0,0.0
2021-01-18,99.1,99.4,98.2,98.7,3489737.0,0.0
2021-01-19,98.4,98.6,98.2,98.2,2045927.0,0.0
2021-01-20,98.1,98.3,97.0,97.3,6230568.0,0.0
2021-01-21,97.4,97.7,97.2,97.2,3524412.0,0.0
2021-01-22,97.8,97.9,96.6,96.7,3830852.0,0.0
2021-01-25,96.7,98.1,96.7,97.8,2950013.0,0.0
2021-01-26,97.7,97.7,96.6,97.4,3757312.0,0.0
2021-01-27,97.7,97.9,96.6,96.6,2763453.0,0.0
2021-01-28,96.8,97.6,96.5,97.2,3421031.0,0.0
2021-01-29,96.5,96.8,96.0,96.2,5172423.0,0.0
2021-02-01,96.5,97.3,96.3,96.5,1874820.0,0.0
2021-02-02,96.3,97.1,96.0,96.8,1976814.0,0.0
2021-02-03,96.8,96.9,96.2,96.3,2199328.0,0.0
2021-02-04,96.1,96.8,96.0,96.3,2156736.0,0.0
2021-02-05,95.9,97.7,95.9,97.2,2411960.0,0.0
2021-02-17,96.3,97.0,96.0,96.6,5523928.0,0.0
2021-02-18,96.6,97.7,96.4,96.4,4193964.0,0.0
2021-02-19,96.4,96.6,96.0,96.2,3559119.0,0.0
2021-02-22,96.3,96.8,96.1,96.2,3486118.0,0.0
2021-02-23,96.2,98.1,96.2,98.0,4310073.0,0.0
2021-02-24,98.0,98.9,98.0,98.0,3224224.0,0.0
2021-02-25,98.3,99.0,98.2,99.0,3084570.0,0.0
2021-02-26,99.0,99.0,97.0,97.1,8433362.0,0.0
2021-03-02,97.5,98.0,97.3,97.3,3373428.0,0.0
2021-03-03,98.0,99.0,97.8,98.9,5354290.0,0.0
2021-03-04,98.6,98.8,97.1,98.0,5449060.0,0.0
2021-03-05,97.4,98.3,97.2,97.8,2625374.0,0.0
2021-03-08,98.0,98.7,97.5,97.6,2793435.0,0.0
2021-03-09,98.3,98.7,97.7,98.6,2952870.0,0.0
2021-03-10,98.8,99.2,98.6,99.2,3275655.0,0.0
2021-03-11,99.1,99.5,98.8,98.8,3540499.0,0.0
2021-03-12,99.5,99.5,98.8,98.9,1818950.0,0.0
2021-03-15,98.8,98.9,98.1,98.1,3364854.0,0.0
2021-03-16,98.5,99.2,98.4,98.8,3348148.0,0.0
2021-03-17,99.1,99.2,98.1,98.7,3931561.0,0.0
2021-03-18,98.8,99.3,98.3,98.6,3424141.0,0.0
2021-03-19,99.0,99.0,97.8,97.8,6319508.0,0.0
2021-03-22,97.8,98.0,97.3,97.8,2407032.0,0.0
2021-03-23,97.8,97.9,97.5,97.5,1546448.0,0.0
2021-03-24,97.5,98.0,97.4,97.5,2015705.0,0.0
2021-03-25,97.5,97.9,97.3,97.5,2418684.0,0.0
2021-03-26,97.5,98.5,97.5,98.5,1776001.0,0.0
2021-03-29,98.5,98.8,98.0,98.8,3399499.0,0.0
2021-03-30,98.7,98.9,98.3,98.9,3158378.0,0.0
2021-03-31,98.9,99.0,98.2,98.2,4012649.0,0.0
2021-04-01,98.2,98.9,98.2,98.2,1743975.0,0.0
2021-04-07,98.9,99.0,98.7,99.0,2341451.0,0.0
2021-04-08,98.7,98.9,98.2,98.3,3671829.0,0.0
2021-04-09,98.3,98.7,98.1,98.2,2346431.0,0.0
2021-04-12,98.2,98.2,98.0,98.0,2829702.0,0.0
2021-04-13,98.6,98.6,98.2,98.5,1778786.0,0.0
2021-04-14,98.7,99.0,98.5,98.7,3448269.0,0.0
2021-04-15,98.8,99.0,98.6,98.9,2305597.0,0.0
2021-04-16,99.0,99.2,98.9,99.2,2777733.0,0.0
2021-04-19,99.2,99.8,99.0,99.8,3122132.0,0.0
2021-04-20,100.0,101.5,99.9,101.5,4377057.0,0.0
2021-04-21,101.5,101.5,100.5,100.5,4063802.0,0.0
2021-04-22,101.0,101.5,100.5,101.0,3273962.0,0.0
2021-04-23,101.0,101.5,100.5,101.0,2813444.0,0.0
2021-04-26,101.0,101.5,100.5,101.0,2913305.0,0.0
2021-04-27,101.0,101.0,100.5,101.0,2860971.0,0.0
2021-04-28,101.0,101.0,100.0,100.5,4189990.0,0.0
2021-04-29,100.0,100.5,100.0,100.0,2686962.0,0.0
2021-05-03,100.0,100.5,99.3,99.8,2884738.0,0.0
2021-05-04,100.0,100.5,99.0,99.1,4921160.0,0.0
2021-05-05,99.5,99.6,98.7,99.0,3240460.0,0.0
2021-05-06,99.2,100.5,99.1,100.0,4780371.0,0.0
2021-05-07,100.5,101.0,100.0,100.5,3295043.0,0.0
2021-05-10,101.0,101.0,100.0,100.5,3544926.0,0.0
2021-05-11,100.5,101.0,100.0,100.5,4502535.0,0.0
2021-05-12,100.5,101.0,95.5,98.4,12362302.0,0.0
2021-05-13,98.4,98.7,97.0,97.3,10083712.0,0.0
2021-05-14,97.6,99.7,97.4,99.7,5326063.0,0.0
2021-05-17,98.0,99.6,98.0,99.6,7510148.0,0.0
2021-05-18,98.8,100.5,98.8,100.5,4756740.0,0.0
2021-05-19,99.1,100.5,99.1,100.5,3005136.0,0.0
2021-05-20,99.6,100.5,99.2,100.5,3645186.0,0.0
2021-05-21,101.0,101.0,100.0,101.0,2494932.0,0.0
2021-05-24,100.5,100.5,99.5,100.0,1614127.0,0.0
2021-05-25,99.7,100.5,99.5,100.0,2353846.0,0.0
2021-05-26,99.7,99.9,99.2,99.7,2440625.0,0.0
2021-05-27,99.2,99.2,98.0,98.0,10275318.0,0.0
2021-05-28,98.8,99.7,98.5,99.7,2817800.0,0.0
2021-05-31,100.0,100.5,99.4,100.5,3280880.0,0.0
2021-06-01,100.0,101.0,99.6,100.0,2447615.0,0.0
2021-06-02,100.0,101.0,99.8,101.0,2252979.0,0.0
2021-06-03,100.5,101.0,100.0,100.5,1803832.0,0.0
2021-06-04,100.5,101.5,100.0,101.0,2575493.0,0.0
2021-06-07,101.0,101.5,100.5,101.0,2051966.0,0.0
2021-06-08,101.5,102.5,101.5,102.5,3151850.0,0.0
2021-06-09,102.5,103.0,102.0,102.5,2170039.0,0.0
2021-06-10,102.5,103.5,102.0,103.5,2618203.0,0.0
2021-06-11,103.5,104.0,103.0,103.5,2601583.0,0.0
2021-06-15,103.5,104.0,102.5,102.5,1690909.0,0.0
2021-06-16,102.5,103.0,102.0,102.5,2963564.0,0.0
2021-06-17,102.5,102.5,102.0,102.5,1271476.0,0.0
2021-06-18,102.0,102.5,101.0,101.0,6538510.0,0.0
2021-06-21,101.0,102.0,101.0,101.5,1668828.0,0.0
2021-06-22,101.5,102.5,101.0,101.5,2195447.0,0.0
2021-06-23,102.0,103.0,102.0,102.0,2943910.0,0.0
2021-06-24,102.5,103.0,102.0,102.0,1701327.0,0.0
2021-06-25,102.5,103.0,102.0,102.5,2055739.0,0.0
2021-06-28,102.5,103.0,102.0,102.0,1334025.0,0.0
2021-06-29,102.0,102.5,101.5,102.5,2983787.0,0.0
2021-06-30,102.5,102.5,102.0,102.0,2137439.0,0.0
2021-07-01,102.0,103.0,101.5,102.0,3366625.0,0.0
2021-07-02,102.0,103.0,101.5,102.0,2974527.0,0.0
2021-07-05,102.5,103.0,102.0,102.5,1893463.0,0.0
2021-07-06,102.5,103.0,102.0,102.0,1749971.0,0.0
2021-07-07,102.0,102.5,101.5,102.5,1491577.0,0.0
2021-07-08,102.5,103.0,102.0,102.5,2112908.0,0.0
2021-07-09,102.0,103.0,102.0,103.0,2007270.0,0.0
2021-07-12,102.5,103.0,101.5,102.0,2802842.0,0.0
2021-07-13,102.5,103.0,102.0,103.0,2737329.0,0.0
2021-07-14,103.0,103.0,102.0,102.5,1103782.0,0.0
2021-07-15,103.0,103.0,102.0,102.5,1730015.0,0.0
2021-07-16,102.5,103.0,102.0,102.0,1950324.0,0.0
2021-07-19,102.0,102.5,102.0,102.5,1620562.0,0.0
2021-07-20,102.5,102.5,102.0,102.0,687029.0,0.0
2021-07-21,102.0,102.5,102.0,102.5,1270127.0,0.0
2021-07-22,102.5,103.5,102.0,103.5,3081054.0,0.0
2021-07-23,103.5,104.0,103.5,104.0,1639359.0,0.0
2021-07-26,104.0,104.5,103.5,103.5,1843215.0,0.0
2021-07-27,104.0,104.0,103.5,104.0,1422308.0,0.0
2021-07-28,104.0,104.0,103.0,104.0,2688976.0,0.0
2021-07-29,104.0,104.5,103.5,104.5,1792151.0,0.0
2021-07-30,104.5,104.5,104.0,104.0,1709677.0,0.0
2021-08-02,104.5,105.0,104.0,105.0,3033744.0,0.0
2021-08-03,105.5,106.0,105.0,106.0,2950792.0,0.0
2021-08-04,106.0,107.0,106.0,107.0,5468050.0,0.0
2021-08-05,107.0,109.5,107.0,108.5,13275754.0,0.0
2021-08-06,108.5,108.5,107.5,108.0,8310074.0,0.0
2021-08-09,108.0,108.0,106.5,107.0,4522808.0,0.0
2021-08-10,107.5,107.5,106.0,107.0,4040137.0,0.0
2021-08-11,106.5,107.0,106.0,107.0,4808758.0,0.0
2021-08-12,107.0,107.0,106.5,107.0,3484255.0,0.0
2021-08-13,106.5,106.5,105.0,106.0,5765140.0,0.0
2021-08-16,105.0,105.5,104.5,105.0,5202825.0,0.0
2021-08-17,105.0,105.0,105.0,105.0,0.0,0.0
2021-08-18,104.5,105.0,104.0,105.0,2978528.0,0.0
2021-08-19,104.0,104.5,103.0,103.0,5727238.0,0.0
2021-08-20,102.5,103.0,101.0,101.5,9094727.0,0.0
2021-08-23,96.1,96.9,96.0,96.9,18022940.0,4.2996
2021-08-24,97.5,98.0,96.9,98.0,8186215.0,0.0
2021-08-25,98.3,98.5,97.3,97.8,5194477.0,0.0
2021-08-26,98.0,98.6,97.7,98.5,3266020.0,0.0
2021-08-27,98.5,99.1,98.2,99.1,3227669.0,0.0
2021-08-30,99.4,99.8,98.6,99.7,3551304.0,0.0
2021-08-31,99.6,101.0,99.1,101.0,4955588.0,0.0
2021-09-01,100.0,100.5,98.4,99.0,4645552.0,0.0
2021-09-02,99.0,99.1,98.0,98.5,3510205.0,0.0
2021-09-03,98.8,99.0,98.2,98.9,2531512.0,0.0
2021-09-06,99.0,99.0,98.3,98.6,2881301.0,0.0
2021-09-07,98.5,98.9,98.4,98.5,2740016.0,0.0
2021-09-08,98.8,99.3,98.5,99.3,3419602.0,0.0
2021-09-09,99.0,99.0,98.4,98.5,2214969.0,0.0
2021-09-10,98.5,99.4,98.5,99.4,2275410.0,0.0
2021-09-13,99.4,99.4,98.7,99.3,1868938.0,0.0
2021-09-14,99.4,99.4,98.8,99.0,1959590.0,0.0
2021-09-15,99.0,99.4,98.9,99.2,1976401.0,0.0
2021-09-16,99.2,99.4,98.7,99.0,2330301.0,0.0
2021-09-17,99.0,100.5,99.0,99.5,6522480.0,0.0
2021-09-22,98.6,98.8,98.0,98.6,4109833.0,0.0
2021-09-23,98.8,99.8,98.6,99.6,2163820.0,0.0
2021-09-24,99.9,100.0,99.3,99.8,1458981.0,0.0
2021-09-27,99.7,99.8,99.1,99.7,2110145.0,0.0
2021-09-28,99.4,99.6,98.5,99.6,1846159.0,0.0
2021-09-29,99.1,99.3,98.5,99.3,3156586.0,0.0
2021-09-30,98.6,99.3,98.5,98.9,2828357.0,0.0
2021-10-01,98.5,98.7,98.1,98.6,4508149.0,0.0
2021-10-04,98.6,99.0,98.1,98.8,2543073.0,0.0
2021-10-05,98.7,99.5,98.3,99.2,3197096.0,0.0
2021-10-06,99.3,99.3,98.3,99.2,3461688.0,0.0
2021-10-07,99.2,99.6,98.8,99.2,3081003.0,0.0
2021-10-08,98.8,99.3,98.7,98.9,2552750.0,0.0
2021-10-12,98.5,99.0,97.6,99.0,4742236.0,0.0
2021-10-13,99.2,99.3,98.2,98.8,2845700.0,0.0
2021-10-14,99.0,99.0,98.3,98.3,1830250.0,0.0
2021-10-15,98.3,98.8,98.3,98.6,1939861.0,0.0
2021-10-18,98.6,98.7,98.1,98.3,2839550.0,0.0
2021-10-19,98.5,98.5,98.0,98.1,3735975.0,0.0
2021-10-20,98.2,98.4,97.8,98.4,4290999.0,0.0
2021-10-21,98.5,98.5,98.0,98.4,5606138.0,0.0
2021-10-22,98.3,98.4,98.0,98.4,2409370.0,0.0
2021-10-25,98.3,98.5,98.1,98.4,929833.0,0.0
2021-10-26,98.6,98.6,98.2,98.4,2183248.0,0.0
2021-10-27,98.3,98.4,98.0,98.1,2004097.0,0.0
2021-10-28,98.4,98.4,98.1,98.2,1513300.0,0.0
2021-10-29,98.2,98.4,97.9,98.1,3543996.0,0.0
2021-11-01,98.2,98.4,98.1,98.4,1567298.0,0.0
2021-11-02,98.5,98.5,98.0,98.0,2348762.0,0.0
2021-11-03,98.0,98.4,98.0,98.4,1806839.0,0.0
2021-11-04,98.4,98.5,98.1,98.4,1713593.0,0.0
2021-11-05,98.3,99.1,98.2,99.1,2903988.0,0.0
2021-11-08,98.9,98.9,98.3,98.8,2849496.0,0.0
2021-11-09,98.7,99.0,98.5,98.8,2859253.0,0.0
2021-11-10,98.8,99.1,98.7,99.1,1966210.0,0.0
2021-11-11,99.1,99.6,98.8,99.5,2114556.0,0.0
2021-11-12,99.5,99.7,99.1,99.7,1767327.0,0.0
2021-11-15,99.7,99.9,99.3,99.7,2160908.0,0.0
2021-11-16,99.8,100.0,99.3,100.0,2848577.0,0.0
2021-11-17,100.0,100.5,99.5,100.5,2441238.0,0.0
2021-11-18,100.5,100.5,99.9,100.5,2036400.0,0.0
2021-11-19,100.5,100.5,99.5,100.0,2606321.0,0.0
2021-11-22,100.0,100.0,99.1,99.1,1487531.0,0.0
2021-11-23,99.1,99.6,98.5,99.2,1828344.0,0.0
2021-11-24,99.1,99.4,98.7,98.7,1333816.0,0.0
2021-11-25,98.8,99.0,98.5,98.8,1455099.0,0.0
2021-11-26,98.5,98.8,98.1,98.1,2634189.0,0.0
2021-11-29,98.1,98.6,98.0,98.2,1715585.0,0.0
2021-11-30,98.2,98.5,97.0,97.0,12054274.0,0.0
2021-12-01,97.4,98.5,97.3,98.3,3045502.0,0.0
2021-12-02,98.1,99.0,98.0,98.8,2751973.0,0.0
2021-12-03,98.3,98.7,98.2,98.3,1622239.0,0.0
2021-12-06,98.0,98.3,97.5,98.0,1997221.0,0.0
2021-12-07,98.0,98.6,98.0,98.6,2343859.0,0.0
2021-12-08,99.0,99.0,98.4,98.6,1702358.0,0.0
2021-12-09,98.6,98.8,98.4,98.8,1472714.0,0.0
2021-12-10,98.5,98.6,98.2,98.3,1277054.0,0.0
2021-12-13,98.4,98.5,98.0,98.0,2218245.0,0.0
2021-12-14,98.0,98.4,97.9,98.1,1336978.0,0.0
2021-12-15,98.0,98.6,97.8,98.1,2775279.0,0.0
2021-12-16,98.3,98.8,98.0,98.6,2875749.0,0.0
2021-12-17,98.6,98.9,98.5,98.9,3387665.0,0.0
2021-12-20,98.5,98.8,98.3,98.4,2251753.0,0.0
2021-12-21,98.5,99.1,98.4,98.8,3519651.0,0.0
2021-12-22,99.0,99.5,99.0,99.2,2034543.0,0.0
2021-12-23,99.1,99.6,99.1,99.5,2062127.0,0.0
2021-12-24,99.6,99.8,99.3,99.8,2065660.0,0.0
2021-12-27,99.8,100.5,99.5,99.9,2495842.0,0.0
2021-12-28,99.9,100.5,99.8,100.5,2274257.0,0.0
2021-12-29,100.5,100.5,99.8,100.5,2414850.0,0.0
2021-12-30,100.5,100.5,99.8,100.0,1714321.0,0.0
2022-01-03,101.0,101.5,100.0,100.5,3517454.0,0.0
2022-01-04,100.0,100.5,99.0,99.2,3265897.0,0.0
2022-01-05,99.1,99.7,98.8,99.7,3186466.0,0.0
2022-01-06,99.7,99.7,99.0,99.2,2711073.0,0.0
2022-01-07,99.5,99.5,99.2,99.5,1294672.0,0.0
2022-01-10,99.8,100.0,99.3,99.8,1866797.0,0.0
2022-01-11,99.9,100.0,99.6,100.0,1994676.0,0.0
2022-01-12,100.0,100.5,99.8,100.5,1860822.0,0.0
2022-01-13,100.5,100.5,100.0,100.5,2732074.0,0.0
2022-01-14,100.5,101.0,100.0,101.0,2073104.0,0.0
2022-01-17,100.5,101.0,100.0,100.0,1631459.0,0.0
2022-01-18,100.5,100.5,100.0,100.0,1230941.0,0.0
2022-01-19,100.5,101.0,100.0,101.0,2225842.0,0.0
2022-01-20,100.5,101.0,99.6,99.9,3365330.0,0.0
2022-01-21,99.9,100.5,99.2,100.0,3843118.0,0.0
2022-01-24,99.6,100.5,99.4,100.5,1257435.0,0.0
2022-01-25,99.5,100.5,99.0,100.5,3816774.0,0.0
2022-01-26,100.0,100.5,99.7,99.7,1983706.0,0.0
2022-02-07,99.5,101.0,99.5,101.0,3804505.0,0.0
2022-02-08,100.5,101.0,100.0,100.5,2374886.0,0.0
2022-02-09,100.5,102.0,100.5,102.0,3029214.0,0.0
2022-02-10,102.0,103.5,102.0,103.5,3559625.0,0.0
2022-02-11,103.0,103.5,102.5,103.0,2958741.0,0.0
2022-02-14,103.0,104.0,102.0,103.0,2318184.0,0.0
2022-02-15,103.5,104.0,103.0,103.5,3105517.0,0.0
2022-02-16,103.5,105.0,103.5,105.0,3476817.0,0.0
2022-02-17,105.0,106.0,104.5,105.0,4636431.0,0.0
2022-02-18,105.0,105.5,104.5,105.0,2311195.0,0.0
2022-02-21,104.5,106.0,104.0,106.0,2881569.0,0.0
2022-02-22,105.5,106.0,104.5,106.0,4178539.0,0.0
2022-02-23,106.0,107.0,105.5,107.0,3660971.0,0.0
2022-02-24,106.5,107.0,104.0,105.0,6230193.0,0.0
2022-02-25,104.5,106.0,103.5,103.5,11077349.0,0.0
2022-03-01,104.5,106.5,104.5,105.5,5169276.0,0.0
2022-03-02,106.0,106.5,104.5,106.0,3695898.0,0.0
2022-03-03,106.0,106.0,105.0,106.0,2083573.0,0.0
2022-03-04,105.5,106.0,105.0,105.5,1693152.0,0.0
2022-03-07,104.5,106.0,103.5,105.0,4890920.0,0.0
2022-03-08,104.5,105.5,104.0,105.0,4031030.0,0.0
2022-03-09,105.0,105.5,104.5,105.5,2207578.0,0.0
2022-03-10,105.0,106.5,105.0,106.5,2688016.0,0.0
2022-03-11,106.0,106.0,105.0,106.0,2046881.0,0.0
2022-03-14,105.5,106.0,105.5,106.0,2100316.0,0.0
2022-03-15,106.0,106.0,105.5,106.0,2362089.0,0.0
2022-03-16,106.0,107.0,105.5,107.0,5259803.0,0.0
2022-03-17,107.5,108.5,105.5,106.0,6606885.0,0.0
2022-03-18,106.0,107.0,105.0,105.0,7590843.0,0.0
2022-03-21,106.0,106.0,104.5,105.5,1608405.0,0.0
2022-03-22,105.0,105.5,104.0,105.0,2891108.0,0.0
2022-03-23,105.0,105.5,104.0,105.0,2450994.0,0.0
2022-03-24,104.5,107.0,104.5,106.5,5322728.0,0.0
2022-03-25,106.0,106.0,105.5,106.0,1909106.0,0.0
2022-03-28,105.0,105.5,104.5,105.5,2957155.0,0.0
2022-03-29,105.5,105.5,105.0,105.5,936245.0,0.0
2022-03-30,105.5,106.0,105.0,105.5,1985060.0,0.0
2022-03-31,105.5,106.0,105.0,105.0,1717846.0,0.0
2022-04-01,105.0,105.5,104.5,105.5,1791710.0,0.0
2022-04-06,105.5,105.5,104.5,105.5,2482798.0,0.0
2022-04-07,105.0,106.0,105.0,105.5,3017178.0,0.0
2022-04-08,106.0,106.5,105.5,106.0,2358219.0,0.0
2022-04-11,106.0,107.0,106.0,106.5,5372595.0,0.0
2022-04-12,106.5,107.0,106.0,107.0,3272094.0,0.0
2022-04-13,107.0,107.0,106.0,106.5,2403828.0,0.0
2022-04-14,106.5,107.0,106.0,106.0,1325510.0,0.0
2022-04-15,106.0,106.5,105.0,105.5,1641278.0,0.0
2022-04-18,105.0,106.5,105.0,106.0,2391828.0,0.0
2022-04-19,106.0,107.0,106.0,106.0,4338898.0,0.0
2022-04-20,106.5,108.5,106.0,108.5,8666216.0,0.0
2022-04-21,108.0,108.5,107.5,108.0,2592932.0,0.0
2022-04-22,107.0,108.5,107.0,108.5,2452489.0,0.0
2022-04-25,107.5,108.0,107.0,107.5,3123477.0,0.0
2022-04-26,107.5,109.0,107.5,109.0,4547422.0,0.0
2022-04-27,108.5,109.0,108.0,108.0,3864489.0,0.0
2022-04-28,108.0,109.0,108.0,109.0,6229524.0,0.0
2022-04-29,108.5,109.0,108.0,108.5,2296995.0,0.0
2022-05-03,108.0,108.5,106.5,107.0,2903399.0,0.0
2022-05-04,107.0,107.0,105.0,105.5,3188283.0,0.0
2022-05-05,106.0,106.5,105.0,105.5,1876107.0,0.0
2022-05-06,105.0,106.5,105.0,106.0,3064561.0,0.0
2022-05-09,105.0,106.0,105.0,105.5,2668752.0,0.0
2022-05-10,105.5,107.5,105.0,107.0,5381860.0,0.0
2022-05-11,106.0,107.5,106.0,107.5,3325699.0,0.0
2022-05-12,107.5,107.5,106.0,106.5,4170505.0,0.0
2022-05-13,106.5,107.0,106.0,106.5,2540202.0,0.0
2022-05-16,107.0,107.0,106.0,106.5,1893265.0,0.0
2022-05-17,107.0,107.0,106.0,106.5,2182085.0,0.0
2022-05-18,106.0,108.0,105.5,107.5,6940947.0,0.0
2022-05-19,107.5,108.0,107.0,108.0,4853684.0,0.0
2022-05-20,108.0,108.0,107.0,108.0,3419136.0,0.0
2022-05-23,108.0,108.0,107.0,107.0,4288753.0,0.0
2022-05-24,107.0,107.5,106.5,107.0,4380394.0,0.0
2022-05-25,107.5,108.0,106.5,107.5,5344675.0,0.0
2022-05-26,107.5,109.0,107.0,108.5,6472975.0,0.0
2022-05-27,108.5,109.0,107.5,108.0,6300246.0,0.0
2022-05-30,108.0,108.0,107.0,108.0,4918416.0,0.0
2022-05-31,107.5,108.0,107.0,108.0,11055503.0,0.0
2022-06-01,108.0,108.0,107.0,107.0,3094804.0,0.0
2022-06-02,107.0,108.0,106.5,107.5,1553126.0,0.0
2022-06-06,108.0,108.0,107.0,108.0,1736656.0,0.0
2022-06-07,107.5,108.0,107.0,107.5,2193000.0,0.0
2022-06-08,107.0,108.0,107.0,108.0,1715673.0,0.0
2022-06-09,107.5,108.0,106.5,107.5,4075125.0,0.0
2022-06-10,106.5,107.5,106.0,106.5,2536623.0,0.0
2022-06-13,106.0,106.5,105.0,106.0,4003803.0,0.0
2022-06-14,106.0,107.0,105.5,106.5,2454482.0,0.0
2022-06-15,106.5,107.5,106.0,107.0,3224679.0,0.0
2022-06-16,107.5,107.5,106.5,107.0,2237451.0,0.0
2022-06-17,106.0,107.5,106.0,106.0,5899916.0,0.0
2022-06-20,106.5,107.5,106.5,107.0,3494993.0,0.0
2022-06-21,107.5,108.5,107.0,108.5,6990496.0,0.0
2022-06-22,108.0,109.0,107.5,108.5,3903577.0,0.0
2022-06-23,109.0,109.5,108.0,109.0,7525213.0,0.0
2022-06-24,109.0,110.5,109.0,110.5,7124770.0,0.0
2022-06-27,110.0,110.5,109.5,109.5,4297732.0,0.0
2022-06-28,109.5,110.0,109.0,110.0,2958821.0,0.0
2022-06-29,109.0,110.5,109.0,110.0,5950148.0,0.0
2022-06-30,109.5,110.0,107.5,108.0,5940012.0,0.0
2022-07-01,108.0,109.0,107.0,109.0,6939492.0,0.0
2022-07-04,109.0,110.5,109.0,109.5,10668179.0,0.0
2022-07-05,110.0,110.5,108.5,109.0,12514466.0,0.0
2022-07-06,109.5,110.0,108.5,109.0,14320289.0,0.0
2022-07-07,109.0,109.5,108.0,108.0,10526133.0,0.0
2022-07-08,103.5,104.5,102.5,103.0,9421838.0,4.3
2022-07-11,103.0,104.0,103.0,103.5,3361346.0,0.0
2022-07-12,103.5,104.5,103.0,104.0,5739923.0,0.0
2022-07-13,104.0,105.0,103.5,104.0,5068314.0,0.0
2022-07-14,104.0,105.5,104.0,105.5,4880180.0,0.0
2022-07-15,104.5,105.5,104.0,105.0,5110541.0,0.0
2022-07-18,104.0,104.5,103.0,103.5,7705797.0,0.0
2022-07-19,103.0,103.5,99.0,99.1,13641026.0,0.0
2022-07-20,99.1,99.1,98.1,98.2,9408500.0,0.0
2022-07-21,99.2,99.2,98.1,99.1,4176917.0,0.0
2022-07-22,99.3,99.4,98.4,99.1,3435270.0,0.0
2022-07-25,99.4,100.5,99.3,100.5,2288341.0,0.0
2022-07-26,100.5,101.5,100.0,100.5,4556928.0,0.0
2022-07-27,101.0,103.0,100.5,102.0,6991733.0,0.0
2022-07-28,102.0,102.5,101.0,101.5,2402259.0,0.0
2022-07-29,102.0,102.0,101.0,101.5,2619846.0,0.0
2022-08-01,101.5,101.5,101.0,101.5,2550499.0,0.0
2022-08-02,101.0,103.0,100.5,102.0,6003306.0,0.0
2022-08-03,102.0,103.5,101.0,101.5,5638022.0,0.0
2022-08-04,102.0,102.5,100.5,102.0,3366924.0,0.0
2022-08-05,102.0,102.0,101.0,101.5,3131430.0,0.0
2022-08-08,101.5,102.0,100.5,101.5,3286480.0,0.0
2022-08-09,102.0,102.0,101.0,101.0,2021027.0,0.0
2022-08-10,101.0,102.0,100.5,102.0,3331963.0,0.0
2022-08-11,102.0,102.5,101.0,101.5,3615090.0,0.0
2022-08-12,102.0,102.0,101.0,101.5,3020222.0,0.0
2022-08-15,101.5,102.0,101.0,101.5,2232506.0,0.0
2022-08-16,102.0,102.0,101.0,101.5,2904338.0,0.0
2022-08-17,102.0,102.0,101.0,101.5,3955637.0,0.0
2022-08-18,101.5,101.5,100.5,101.0,2407502.0,0.0
2022-08-19,101.0,101.0,100.0,100.0,2656723.0,0.0
2022-08-22,100.5,100.5,100.0,100.0,1352000.0,0.0
2022-08-23,101.0,101.0,100.0,100.0,2479100.0,0.0
2022-08-24,100.5,100.5,99.9,100.5,5904009.0,0.0
2022-08-25,100.5,101.0,99.6,99.9,5135129.0,0.0
2022-08-26,100.5,100.5,99.8,99.9,2354626.0,0.0
2022-08-29,99.7,100.5,99.1,99.8,4319020.0,0.0
2022-08-30,99.8,99.9,99.3,99.8,3434625.0,0.0
2022-08-31,99.9,99.9,99.0,99.6,7125526.0,0.0
2022-09-01,99.1,99.2,98.1,98.3,8186163.0,0.0
2022-09-02,99.2,99.2,98.2,98.2,3024163.0,0.0
2022-09-05,98.7,99.2,98.4,98.5,1407854.0,0.0
2022-09-06,99.1,99.7,98.4,98.7,2719278.0,0.0
2022-09-07,98.7,98.7,98.1,98.2,3324732.0,0.0
2022-09-08,98.7,99.0,98.2,99.0,1907208.0,0.0
2022-09-12,100.0,100.0,98.2,98.4,4329342.0,0.0
2022-09-13,99.0,99.1,98.2,98.3,4030497.0,0.0
2022-09-14,98.0,98.0,97.1,97.2,9036816.0,0.0
2022-09-15,97.7,98.2,97.1,97.5,3798018.0,0.0
2022-09-16,97.4,97.6,97.0,97.0,7349997.0,0.0
2022-09-19,97.8,97.8,96.7,96.7,3832516.0,0.0
2022-09-20,97.4,97.4,96.3,96.8,5080273.0,0.0
2022-09-21,97.0,97.6,96.8,97.2,2792159.0,0.0
2022-09-22,96.7,97.4,96.0,96.0,4787100.0,0.0
2022-09-23,96.4,96.8,96.1,96.5,1476836.0,0.0
2022-09-26,96.4,97.0,95.6,96.5,4137729.0,0.0
2022-09-27,96.7,97.2,96.2,97.0,3799612.0,0.0
2022-09-28,97.1,97.7,96.0,97.4,6105735.0,0.0
2022-09-29,97.5,97.5,95.8,96.9,7131701.0,0.0
2022-09-30,96.6,96.9,95.0,95.6,7483359.0,0.0
2022-10-03,95.5,96.1,95.0,95.6,3597750.0,0.0
2022-10-04,96.0,96.2,95.0,95.0,4740735.0,0.0
2022-10-05,95.0,95.4,94.6,94.7,4212270.0,0.0
2022-10-06,95.3,95.3,94.3,94.4,3819195.0,0.0
2022-10-07,94.3,94.4,92.9,93.2,6218180.0,0.0
2022-10-11,92.7,93.3,92.1,92.9,4822677.0,0.0
2022-10-12,93.0,94.3,93.0,93.7,3070238.0,0.0
2022-10-13,93.8,94.3,92.9,93.2,4275925.0,0.0
2022-10-14,93.8,94.2,91.2,91.5,6411859.0,0.0
2022-10-17,91.5,92.7,91.1,92.1,2300293.0,0.0
2022-10-18,92.5,92.7,92.1,92.2,1675697.0,0.0
2022-10-19,92.3,92.8,91.0,91.0,4965200.0,0.0
2022-10-20,90.5,92.7,90.4,92.5,8481665.0,0.0
2022-10-21,92.1,93.3,92.1,92.9,2384603.0,0.0
2022-10-24,93.5,93.5,91.9,92.5,4660014.0,0.0
2022-10-25,93.4,94.7,92.2,94.6,5726954.0,0.0
2022-10-26,94.6,95.4,94.0,94.6,3759419.0,0.0
2022-10-27,95.3,95.4,93.6,94.3,4436278.0,0.0
2022-10-28,95.3,95.3,94.0,94.3,2597809.0,0.0
2022-10-31,94.4,95.4,94.3,95.1,2761147.0,0.0
2022-11-01,95.3,95.4,94.2,94.4,2007125.0,0.0
2022-11-02,94.9,95.0,93.7,94.1,2219305.0,0.0
2022-11-03,93.6,94.3,92.8,93.3,2677935.0,0.0
2022-11-04,92.8,94.7,92.2,94.7,3317828.0,0.0
2022-11-07,94.0,94.1,92.7,93.0,3532394.0,0.0
2022-11-08,93.6,94.8,93.4,94.3,2798936.0,0.0
2022-11-09,95.2,95.2,94.3,94.9,2404604.0,0.0
2022-11-10,94.9,95.0,94.0,94.0,1428706.0,0.0
2022-11-11,94.9,95.2,94.2,95.0,3632715.0,0.0
2022-11-14,95.3,95.6,94.5,94.9,4528366.0,0.0
2022-11-15,94.9,94.9,93.8,94.0,4119289.0,0.0
2022-11-16,93.7,93.7,92.7,92.7,5363570.0,0.0
2022-11-17,92.9,93.0,92.0,92.1,3797676.0,0.0
2022-11-18,92.5,93.8,91.9,93.8,5316269.0,0.0
2022-11-21,93.5,93.5,91.8,91.9,5047300.0,0.0
2022-11-22,92.2,92.2,91.3,91.8,3243489.0,0.0
2022-11-23,92.0,92.4,91.7,92.0,2207497.0,0.0
2022-11-24,92.7,93.6,92.6,93.3,2553582.0,0.0
2022-11-25,93.4,94.1,93.2,94.1,3412368.0,0.0
2022-11-28,93.5,93.7,92.7,93.0,3160261.0,0.0
2022-11-29,94.0,94.4,93.1,94.0,2325738.0,0.0
2022-11-30,94.0,95.5,93.9,95.5,10519530.0,0.0
2022-12-01,95.4,95.4,93.8,94.1,3146944.0,0.0
2022-12-02,94.1,94.6,93.5,94.6,1784239.0,0.0
2022-12-05,94.2,94.6,93.9,94.3,2088642.0,0.0
2022-12-06,94.2,94.4,93.5,93.5,2749096.0,0.0
2022-12-07,93.8,95.4,93.6,95.4,3885454.0,0.0
2022-12-08,95.4,95.4,94.3,95.3,2209850.0,0.0
2022-12-09,95.3,95.5,94.9,95.4,1827367.0,0.0
2022-12-12,95.4,95.9,94.6,95.9,1666138.0,0.0
2022-12-13,95.9,95.9,94.1,95.1,3736180.0,0.0
2022-12-14,95.2,95.8,95.0,95.4,2651547.0,0.0
2022-12-15,95.5,96.0,94.6,94.7,2173615.0,0.0
2022-12-16,94.2,95.2,93.9,94.1,5166907.0,0.0
2022-12-19,93.6,94.4,93.6,94.2,1863934.0,0.0
2022-12-20,93.9,94.3,93.6,93.6,3049192.0,0.0
2022-12-21,93.6,94.7,93.6,94.3,1615046.0,0.0
2022-12-22,94.7,94.8,94.2,94.8,875874.0,0.0
2022-12-23,94.5,94.9,93.6,94.8,2507894.0,0.0
2022-12-26,94.8,94.9,94.3,94.8,927324.0,0.0
2022-12-27,94.9,95.0,94.5,94.8,912959.0,0.0
2022-12-28,94.5,94.6,93.9,94.2,1883286.0,0.0
2022-12-29,94.1,94.8,94.0,94.5,1782258.0,0.0
2022-12-30,95.0,95.2,94.6,94.7,732674.0,0.0
2023-01-03,94.5,95.5,93.8,95.4,1671869.0,0.0
2023-01-04,95.4,96.0,95.2,95.9,1627418.0,0.0
2023-01-05,96.0,96.0,95.6,95.9,1269628.0,0.0
2023-01-06,96.0,96.2,95.9,96.2,1119276.0,0.0
2023-01-09,97.0,98.2,96.9,98.2,4121143.0,0.0
2023-01-10,98.2,98.4,97.3,98.3,2561973.0,0.0
2023-01-11,98.3,98.5,95.5,95.5,4844771.0,0.0
2023-01-12,95.7,96.0,94.2,94.7,4505469.0,0.0
2023-01-13,95.4,95.9,94.7,95.2,2319136.0,0.0
2023-01-16,95.7,96.5,95.2,95.9,2060635.0,0.0
2023-01-17,96.2,96.2,95.2,95.2,2767487.0,0.0
2023-01-30,97.3,97.4,94.6,96.8,8270834.0,0.0
2023-01-31,96.5,96.5,94.6,94.6,6140616.0,0.0
2023-02-01,94.9,95.2,94.5,95.1,2290139.0,0.0
2023-02-02,95.4,95.5,94.7,95.0,2582743.0,0.0
2023-02-03,95.4,95.6,94.7,95.2,2654296.0,0.0
2023-02-06,95.2,95.6,94.9,94.9,2761340.0,0.0
2023-02-07,95.1,95.6,94.8,95.6,2484573.0,0.0
2023-02-08,95.5,95.8,95.1,95.4,1366035.0,0.0
2023-02-09,95.4,95.8,95.3,95.6,1939009.0,0.0
2023-02-10,95.3,96.3,95.3,95.9,2151562.0,0.0
2023-02-13,95.7,96.7,95.5,96.7,2823110.0,0.0
2023-02-14,96.7,97.0,96.3,96.5,2019023.0,0.0
2023-02-15,96.7,96.8,95.5,95.9,2040868.0,0.0
2023-02-16,96.2,96.7,96.1,96.2,2282024.0,0.0
2023-02-17,96.2,96.7,95.9,96.6,1685475.0,0.0
2023-02-20,96.6,96.9,96.3,96.9,1468396.0,0.0
2023-02-21,97.2,97.2,96.4,96.8,1647683.0,0.0
2023-02-22,96.6,97.5,96.0,97.2,2745443.0,0.0
2023-02-23,97.4,97.7,96.9,97.6,1666812.0,0.0
2023-02-24,97.8,97.9,96.6,96.6,4873064.0,0.0
2023-03-01,96.2,96.7,95.5,95.5,4729188.0,0.0
2023-03-02,95.6,97.0,95.5,96.8,2223442.0,0.0
2023-03-03,96.9,97.3,96.5,97.2,1337703.0,0.0
2023-03-06,97.6,98.2,97.4,98.2,2584532.0,0.0
2023-03-07,98.1,98.3,97.7,98.2,1873182.0,0.0
2023-03-08,97.9,98.6,97.8,98.6,2694570.0,0.0
2023-03-09,98.6,98.7,98.2,98.5,2471772.0,0.0
2023-03-10,98.2,98.2,97.1,97.8,3929539.0,0.0
2023-03-13,97.5,98.4,97.3,98.0,3564497.0,0.0
2023-03-14,97.0,98.3,96.8,97.7,4261793.0,0.0
2023-03-15,97.8,98.2,97.6,97.8,3572011.0,0.0
2023-03-16,98.0,98.5,97.5,98.4,2676642.0,0.0
2023-03-17,98.4,99.7,98.1,99.0,7962872.0,0.0
2023-03-20,99.4,99.4,98.3,99.4,1938919.0,0.0
2023-03-21,99.1,99.7,98.5,98.5,2220655.0,0.0
2023-03-22,99.0,99.5,98.7,99.1,2003397.0,0.0
2023-03-23,99.4,99.7,99.0,99.5,2184781.0,0.0
2023-03-24,99.7,100.5,99.0,100.5,2462745.0,0.0
2023-03-27,100.5,100.5,99.9,100.5,1874147.0,0.0
2023-03-28,100.5,100.5,99.8,100.0,3182861.0,0.0
2023-03-29,100.0,100.5,100.0,100.5,2240553.0,0.0
2023-03-30,100.5,101.0,100.0,101.0,2044637.0,0.0
2023-03-31,101.0,101.5,101.0,101.0,1977547.0,0.0
2023-04-06,101.0,101.5,100.0,101.5,3520181.0,0.0
2023-04-07,101.5,102.0,101.5,101.5,1533566.0,0.0
2023-04-10,101.5,103.0,101.5,103.0,3103662.0,0.0
2023-04-11,103.0,104.0,103.0,104.0,3137201.0,0.0
2023-04-12,104.0,104.0,103.0,104.0,3751493.0,0.0
2023-04-13,104.0,104.0,103.0,103.5,2479709.0,0.0
2023-04-14,103.5,105.0,103.0,105.0,2621467.0,0.0
2023-04-17,105.0,105.0,104.0,105.0,2900451.0,0.0
2023-04-18,105.0,105.5,104.5,105.0,2152034.0,0.0
2023-04-19,105.0,105.0,104.0,104.0,2915832.0,0.0
2023-04-20,104.0,104.0,101.5,103.0,6087677.0,0.0
2023-04-21,102.0,103.0,102.0,102.5,3945446.0,0.0
2023-04-24,103.0,103.5,102.5,103.0,1714168.0,0.0
2023-04-25,103.5,104.0,102.5,103.0,2955451.0,0.0
2023-04-26,103.0,104.0,103.0,104.0,4861368.0,0.0
2023-04-27,103.5,104.0,103.0,103.5,2568698.0,0.0
2023-04-28,103.5,104.0,103.0,103.5,1443670.0,0.0
2023-05-02,104.0,104.0,102.5,103.0,2129465.0,0.0
2023-05-03,103.5,103.5,102.5,103.0,1718373.0,0.0
2023-05-04,103.5,105.0,102.5,104.5,4668234.0,0.0
2023-05-05,104.0,104.5,103.5,104.5,3481055.0,0.0
2023-05-08,104.5,104.5,103.5,104.0,2147550.0,0.0
2023-05-09,104.0,104.0,103.0,103.5,3098152.0,0.0
2023-05-10,103.5,104.0,103.0,103.5,3093564.0,0.0
2023-05-11,103.5,103.5,103.0,103.5,1414853.0,0.0
2023-05-12,103.0,103.5,102.5,103.0,2341908.0,0.0
2023-05-15,102.5,103.5,102.0,103.5,2207170.0,0.0
2023-05-16,103.5,104.0,103.0,103.5,2857634.0,0.0
2023-05-17,103.5,105.0,103.0,104.5,5922592.0,0.0
2023-05-18,104.5,105.0,104.0,104.0,3132663.0,0.0
2023-05-19,104.0,104.5,103.5,104.0,4367240.0,0.0
2023-05-22,104.0,104.0,103.0,104.0,3761502.0,0.0
2023-05-23,104.0,104.0,102.5,104.0,4354202.0,0.0
2023-05-24,103.5,104.0,102.5,104.0,4000661.0,0.0
2023-05-25,103.5,104.0,102.0,102.5,6896854.0,0.0
2023-05-26,102.0,103.0,102.0,103.0,5134034.0,0.0
2023-05-29,103.0,103.5,102.0,103.0,4346351.0,0.0
2023-05-30,103.0,103.5,102.0,103.5,6561575.0,0.0
2023-05-31,103.5,103.5,102.5,103.5,17136155.0,0.0
2023-06-01,103.5,103.5,102.5,103.0,3725350.0,0.0
2023-06-02,103.0,104.5,103.0,104.0,4916440.0,0.0
2023-06-05,104.0,104.5,103.0,103.5,2440991.0,0.0
2023-06-06,103.5,104.5,103.5,104.0,4681213.0,0.0
2023-06-07,104.5,104.5,103.5,104.0,3135745.0,0.0
2023-06-08,103.5,104.0,103.0,103.5,2096328.0,0.0
2023-06-09,104.0,104.0,103.0,103.0,1900040.0,0.0
2023-06-12,103.0,103.5,102.5,102.5,3286327.0,0.0
2023-06-13,102.5,103.5,102.5,103.0,4295869.0,0.0
2023-06-14,103.5,103.5,102.5,102.5,2797551.0,0.0
2023-06-15,103.0,103.0,102.5,103.0,5547395.0,0.0
2023-06-16,103.0,103.5,102.5,102.5,6395667.0,0.0
2023-06-19,102.5,103.5,102.5,103.5,3578154.0,0.0
2023-06-20,103.5,103.5,102.5,102.5,4644462.0,0.0
2023-06-21,103.0,103.0,101.5,101.5,5468259.0,0.0
2023-06-26,101.5,101.5,100.5,101.0,4512208.0,0.0
2023-06-27,101.0,101.0,100.0,100.0,5000492.0,0.0
2023-06-28,100.0,100.5,99.9,100.0,4851169.0,0.0
2023-06-29,100.5,101.0,100.0,100.5,6774810.0,0.0
2023-06-30,96.3,97.1,95.6,95.6,9944762.0,4.3
2023-07-03,95.8,96.1,94.9,95.0,6834806.0,0.0
2023-07-04,95.0,95.0,94.4,94.5,5688474.0,0.0
2023-07-05,94.5,95.5,94.0,94.1,4712120.0,0.0
2023-07-06,94.0,94.3,93.5,93.6,5180804.0,0.0
2023-07-07,93.8,94.1,93.1,93.5,3859341.0,0.0
2023-07-10,93.9,94.2,93.3,93.5,3848184.0,0.0
2023-07-11,94.2,94.6,94.1,94.4,2208088.0,0.0
2023-07-12,94.4,94.4,93.8,94.2,3459272.0,0.0
2023-07-13,94.7,94.7,93.8,93.8,3389365.0,0.0
2023-07-14,94.4,95.3,94.1,95.1,3759871.0,0.0
2023-07-17,95.6,95.6,94.4,94.5,2785749.0,0.0
2023-07-18,94.5,95.0,93.9,94.1,3477773.0,0.0
2023-07-19,94.1,94.5,93.8,94.2,3056457.0,0.0
2023-07-20,94.6,94.6,94.1,94.4,2672730.0,0.0
2023-07-21,94.6,94.6,94.1,94.1,2089800.0,0.0
2023-07-24,94.3,94.4,93.9,93.9,2905638.0,0.0
2023-07-25,94.3,94.5,94.0,94.5,1904837.0,0.0
2023-07-26,94.7,94.7,94.2,94.5,2343323.0,0.0
2023-07-27,94.7,95.0,94.6,94.9,1930613.0,0.0
2023-07-28,94.9,95.1,94.7,95.0,2150115.0,0.0
2023-07-31,95.3,95.4,94.4,94.4,5097334.0,0.0
2023-08-01,94.6,95.0,94.5,94.9,2400951.0,0.0
2023-08-02,94.9,94.9,94.0,94.1,4223561.0,0.0
2023-08-04,94.2,94.3,94.0,94.1,2031055.0,0.0
2023-08-07,94.3,94.5,94.1,94.1,2305044.0,0.0
2023-08-08,94.1,94.2,93.8,93.8,4811724.0,0.0
2023-08-09,93.9,94.0,93.6,93.8,3728365.0,0.0
2023-08-10,93.8,94.4,93.6,94.1,3211547.0,0.0
2023-08-11,94.0,94.6,94.0,94.3,1928210.0,0.0
2023-08-14,94.3,94.4,93.8,93.8,2170374.0,0.0
2023-08-15,93.9,94.3,93.7,93.7,1912283.0,0.0
2023-08-16,93.7,94.2,93.5,93.9,2493500.0,0.0
2023-08-17,93.6,93.9,93.6,93.8,3079771.0,0.0
2023-08-18,94.0,94.1,93.8,93.9,1941275.0,0.0
2023-08-21,94.1,94.1,93.8,94.0,2243765.0,0.0
2023-08-22,94.0,94.0,93.2,93.5,3619372.0,0.0
2023-08-23,93.5,93.6,93.3,93.5,2364122.0,0.0
2023-08-24,93.5,93.9,93.4,93.6,2099835.0,0.0
2023-08-25,93.6,94.2,93.3,93.3,2478002.0,0.0
2023-08-28,93.4,93.6,93.3,93.6,1390663.0,0.0
2023-08-29,93.6,94.1,93.5,94.1,1698545.0,0.0
2023-08-30,94.1,94.4,93.7,94.1,2481867.0,0.0
2023-08-31,94.1,94.1,93.2,93.2,7527132.0,0.0
2023-09-01,93.8,94.0,93.5,93.9,1654328.0,0.0
2023-09-04,93.8,94.0,93.6,94.0,2061937.0,0.0
2023-09-05,94.0,94.0,93.6,93.6,1760509.0,0.0
2023-09-06,94.0,94.0,93.4,93.4,2372906.0,0.0
2023-09-07,93.4,93.6,93.2,93.3,2785129.0,0.0
2023-09-08,93.4,93.7,93.1,93.5,2597856.0,0.0
2023-09-11,93.7,94.0,93.4,94.0,2161824.0,0.0
2023-09-12,94.0,94.6,93.9,94.6,2866793.0,0.0
2023-09-13,94.7,94.8,94.4,94.7,1299940.0,0.0
2023-09-14,94.9,95.0,94.7,95.0,2274191.0,0.0
2023-09-15,95.0,96.0,94.7,95.6,6403973.0,0.0
2023-09-18,95.6,95.7,95.0,95.2,1189573.0,0.0
2023-09-19,95.2,95.7,94.8,95.5,1309120.0,0.0
2023-09-20,95.5,95.5,95.0,95.0,1845457.0,0.0
2023-09-21,94.7,94.7,93.6,93.8,4846893.0,0.0
2023-09-22,93.8,94.2,93.7,93.7,2365479.0,0.0
2023-09-25,94.0,94.5,93.9,94.0,1849905.0,0.0
2023-09-26,93.8,94.6,93.8,94.6,2290309.0,0.0
2023-09-27,94.7,94.7,93.8,93.9,1962445.0,0.0
2023-09-28,94.3,94.6,94.1,94.6,1392887.0,0.0
2023-10-02,94.6,94.6,94.0,94.2,1851018.0,0.0
2023-10-03,94.0,94.0,93.8,93.9,1379481.0,0.0
2023-10-04,93.8,93.9,93.5,93.5,2574894.0,0.0
2023-10-05,94.0,94.5,93.8,94.4,2271242.0,0.0
2023-10-06,94.6,94.6,93.9,94.2,1590862.0,0.0
2023-10-11,95.3,95.9,94.6,95.9,6849323.0,0.0
2023-10-12,96.1,96.2,95.3,96.2,3856048.0,0.0
2023-10-13,95.4,95.8,94.8,95.6,4120179.0,0.0
2023-10-16,95.6,96.1,95.0,95.8,4761248.0,0.0
2023-10-17,95.9,96.2,95.1,95.4,6892075.0,0.0
2023-10-18,95.9,96.2,95.2,95.6,9507797.0,0.0
2023-10-19,95.1,95.6,94.6,94.9,5423032.0,0.0
2023-10-20,94.5,95.0,94.2,94.2,5754653.0,0.0
2023-10-23,94.5,94.6,94.1,94.4,2332181.0,0.0
2023-10-24,94.4,95.0,94.3,94.8,2517013.0,0.0
2023-10-25,94.9,95.1,94.6,94.9,2998448.0,0.0
2023-10-26,94.8,95.4,94.4,94.8,3238484.0,0.0
2023-10-27,94.9,95.5,94.9,95.5,3053677.0,0.0
2023-10-30,95.6,95.7,94.7,95.0,3651373.0,0.0
2023-10-31,94.8,95.8,94.8,95.8,3726013.0,0.0
2023-11-01,95.7,96.5,95.6,96.3,4870947.0,0.0
2023-11-02,96.5,97.0,96.2,96.6,4395792.0,0.0
2023-11-03,96.6,97.0,96.5,97.0,3654670.0,0.0
2023-11-06,97.4,97.7,97.1,97.7,5136686.0,0.0
2023-11-07,97.7,97.8,97.1,97.2,3215358.0,0.0
2023-11-08,97.7,98.4,97.3,98.3,3881335.0,0.0
2023-11-09,98.3,98.7,98.0,98.4,3460326.0,0.0
2023-11-10,98.3,98.3,97.8,97.9,2183313.0,0.0
2023-11-13,97.9,98.0,96.7,97.1,3431237.0,0.0
2023-11-14,97.6,97.6,97.1,97.3,2011045.0,0.0
2023-11-15,98.3,98.4,97.2,97.5,4532295.0,0.0
2023-11-16,98.0,98.1,97.4,98.0,3814287.0,0.0
2023-11-17,98.0,98.4,97.4,97.7,3755759.0,0.0
2023-11-20,98.1,98.1,97.3,97.7,2220013.0,0.0
2023-11-21,97.7,98.5,97.5,98.3,4959852.0,0.0
2023-11-22,98.4,98.6,98.1,98.3,3676766.0,0.0
2023-11-23,98.0,98.8,97.9,98.4,3817780.0,0.0
2023-11-24,98.4,99.2,98.2,98.3,7007810.0,0.0
2023-11-27,98.3,99.7,98.3,98.5,7675326.0,0.0
2023-11-28,98.9,99.3,98.4,98.4,7643436.0,0.0
2023-11-29,98.8,99.4,98.8,98.9,7144204.0,0.0
2023-11-30,98.9,99.4,98.4,98.4,9799540.0,0.0
2023-12-01,98.5,99.3,98.4,99.2,5868186.0,0.0
2023-12-04,99.1,101.0,99.1,99.8,9224025.0,0.0
2023-12-05,100.5,101.0,100.0,100.5,6953640.0,0.0
2023-12-06,101.0,101.5,100.0,100.0,4873323.0,0.0
2023-12-07,100.0,100.5,99.2,99.4,2769663.0,0.0
2023-12-08,99.7,99.7,98.8,99.1,2602627.0,0.0
2023-12-11,99.1,99.2,98.1,98.5,2283845.0,0.0
2023-12-12,99.2,99.2,98.5,98.7,2511072.0,0.0
2023-12-13,99.1,99.1,98.3,98.4,1858446.0,0.0
2023-12-14,99.4,99.4,98.3,98.9,2650614.0,0.0
2023-12-15,99.2,99.2,97.8,98.4,5902462.0,0.0
2023-12-18,98.3,98.3,97.8,98.1,2178025.0,0.0
2023-12-19,97.8,98.0,97.6,98.0,2300460.0,0.0
2023-12-20,98.0,98.1,97.6,98.1,3117733.0,0.0
2023-12-21,97.6,97.8,97.3,97.6,3213832.0,0.0
2023-12-22,97.3,97.7,97.2,97.2,2515600.0,0.0
2023-12-25,97.3,97.6,97.0,97.5,1638921.0,0.0
2023-12-26,97.9,98.2,97.5,97.8,1833076.0,0.0
2023-12-27,98.1,98.5,97.7,98.3,2117655.0,0.0
2023-12-28,98.2,98.8,98.1,98.8,1721426.0,0.0
2023-12-29,98.5,98.7,97.9,98.6,2602561.0,0.0
2024-01-02,98.5,99.5,98.4,99.5,2336791.0,0.0
2024-01-03,98.7,99.0,98.4,98.9,1866410.0,0.0
2024-01-04,98.9,98.9,98.2,98.9,1485645.0,0.0
2024-01-05,98.6,98.9,98.2,98.5,1098389.0,0.0
2024-01-08,98.7,99.0,98.4,99.0,1306193.0,0.0
2024-01-09,99.0,99.1,98.8,99.1,1376775.0,0.0
2024-01-10,99.3,99.3,98.5,98.8,1953383.0,0.0
2024-01-11,99.3,99.8,99.0,99.7,2835643.0,0.0
2024-01-12,100.0,100.0,99.2,99.8,1874647.0,0.0
2024-01-15,99.8,99.8,98.9,99.1,2049820.0,0.0
2024-01-16,98.6,98.7,98.0,98.0,3277554.0,0.0
2024-01-17,97.6,98.0,97.1,97.2,4512546.0,0.0
2024-01-18,97.2,97.7,97.2,97.3,2495800.0,0.0
2024-01-19,97.0,97.6,96.9,97.3,3670276.0,0.0
2024-01-22,97.8,98.1,97.3,97.6,1844144.0,0.0
2024-01-23,98.0,98.0,97.2,97.3,2315581.0,0.0
2024-01-24,97.4,98.1,97.2,97.3,2510271.0,0.0
2024-01-25,97.8,98.0,97.3,97.6,2076139.0,0.0
2024-01-26,97.4,98.4,97.4,98.4,1471135.0,0.0
2024-01-29,98.0,98.6,97.8,98.6,1159942.0,0.0
2024-01-30,98.6,98.6,97.9,98.5,2001124.0,0.0
2024-01-31,98.3,98.4,97.9,98.0,2061421.0,0.0
2024-02-01,98.5,98.8,98.1,98.7,2806175.0,0.0
2024-02-02,98.7,98.8,98.2,98.3,1328878.0,0.0
2024-02-05,97.9,98.5,97.8,98.5,1770725.0,0.0
2024-02-15,97.8,98.5,97.7,98.0,3281585.0,0.0
2024-02-16,98.0,98.1,97.7,98.0,2702575.0,0.0
2024-02-19,98.0,98.1,97.7,98.0,3085940.0,0.0
2024-02-20,98.0,98.7,98.0,98.6,1700977.0,0.0
2024-02-21,98.9,100.0,98.8,100.0,4427042.0,0.0
2024-02-22,100.0,100.0,99.6,99.9,3114132.0,0.0
2024-02-23,99.7,99.8,99.3,99.4,1881784.0,0.0
2024-02-26,99.1,99.9,99.1,99.9,2565027.0,0.0
2024-02-27,99.5,99.9,99.1,99.1,2851906.0,0.0
2024-02-29,99.1,99.3,98.5,99.0,11177863.0,0.0
2024-03-01,98.4,98.8,98.2,98.4,3353742.0,0.0
2024-03-04,98.0,98.9,98.0,98.1,2491528.0,0.0
2024-03-05,98.1,98.5,97.8,97.9,2846467.0,0.0
2024-03-06,98.4,98.7,98.0,98.5,2262653.0,0.0
2024-03-07,98.0,98.3,97.9,97.9,4461634.0,0.0
2024-03-08,97.6,98.4,97.6,98.4,2768493.0,0.0
2024-03-11,98.8,99.0,98.5,98.8,2026356.0,0.0
2024-03-12,98.8,99.2,98.6,98.9,3142499.0,0.0
2024-03-13,98.6,99.8,98.6,99.6,4762927.0,0.0
2024-03-14,99.5,99.8,99.2,99.8,3527772.0,0.0
2024-03-15,99.8,100.0,99.3,99.3,9289391.0,0.0
2024-03-18,99.3,100.0,99.3,99.6,3025859.0,0.0
2024-03-19,99.3,99.3,98.5,98.5,5347516.0,0.0
2024-03-20,98.5,99.1,98.5,98.6,4068110.0,0.0
2024-03-21,99.2,99.6,98.7,99.4,3191223.0,0.0
2024-03-22,99.8,99.9,99.4,99.9,4098959.0,0.0
2024-03-25,99.3,99.9,99.3,99.9,1461442.0,0.0
2024-03-26,99.9,101.0,99.6,100.5,5814013.0,0.0
2024-03-27,100.5,102.0,100.5,102.0,4771112.0,0.0
2024-03-28,102.5,103.5,101.5,102.0,6460089.0,0.0
2024-03-29,102.0,103.0,102.0,102.5,2841000.0,0.0
2024-04-01,103.0,104.0,102.5,104.0,5276717.0,0.0
2024-04-02,103.5,104.0,103.5,104.0,4979030.0,0.0
2024-04-03,103.0,104.0,102.5,103.0,5978185.0,0.0
2024-04-08,102.5,104.0,102.5,104.0,5958416.0,0.0
2024-04-09,103.5,104.0,103.5,104.0,3690773.0,0.0
2024-04-10,103.5,104.0,103.5,104.0,4126667.0,0.0
2024-04-11,103.5,104.0,103.0,104.0,4213306.0,0.0
2024-04-12,103.0,104.5,103.0,104.5,5485168.0,0.0
2024-04-15,104.0,104.5,104.0,104.0,4099280.0,0.0
2024-04-16,103.5,104.0,102.0,102.0,5009348.0,0.0
2024-04-17,102.5,103.0,101.5,102.0,4836894.0,0.0
2024-04-18,102.0,103.5,101.0,103.5,8772650.0,0.0
2024-04-19,102.5,102.5,101.5,102.0,9213462.0,0.0
2024-04-22,103.0,105.0,102.5,104.5,12441761.0,0.0
2024-04-23,103.5,104.5,103.0,103.0,8478747.0,0.0
2024-04-24,103.5,104.0,102.0,102.0,10559134.0,0.0
2024-04-25,102.0,103.5,102.0,102.5,5040548.0,0.0
2024-04-26,102.5,104.0,102.5,103.5,3823366.0,0.0
2024-04-29,103.5,104.0,103.0,104.0,3392259.0,0.0
2024-04-30,103.5,104.5,103.5,104.0,4668276.0,0.0
2024-05-02,104.0,104.5,103.0,104.0,6751765.0,0.0
2024-05-03,104.0,104.5,104.0,104.5,4822098.0,0.0
2024-05-06,104.5,105.0,104.0,105.0,4881538.0,0.0
2024-05-07,104.5,105.0,104.0,104.5,4811753.0,0.0
2024-05-08,105.0,105.0,104.5,105.0,4698626.0,0.0
2024-05-09,104.5,105.0,104.5,105.0,3560984.0,0.0
2024-05-10,105.0,105.0,104.5,105.0,4461456.0,0.0
2024-05-13,105.0,105.5,105.0,105.5,2349176.0,0.0
2024-05-14,105.5,105.5,104.5,104.5,3151975.0,0.0
2024-05-15,105.0,105.5,105.0,105.0,3873682.0,0.0
2024-05-16,105.5,106.0,105.0,105.5,6246289.0,0.0
2024-05-17,105.5,106.0,105.5,106.0,2855012.0,0.0
2024-05-20,106.0,106.5,105.5,106.0,5535543.0,0.0
2024-05-21,106.0,106.0,105.0,105.5,4105380.0,0.0
2024-05-22,106.0,107.0,105.5,107.0,7415387.0,0.0
2024-05-23,106.0,107.5,106.0,107.0,5645925.0,0.0
2024-05-24,107.0,107.0,106.0,106.5,3689818.0,0.0
2024-05-27,106.0,107.0,105.5,105.5,10115996.0,0.0
2024-05-28,105.5,106.0,104.5,105.0,7485924.0,0.0
2024-05-29,104.5,105.0,102.5,103.0,12381417.0,0.0
2024-05-30,102.5,105.5,102.5,104.5,9816268.0,0.0
2024-05-31,104.5,106.5,104.5,105.5,19492001.0,0.0
2024-06-03,105.5,107.5,105.0,106.5,13872968.0,0.0
2024-06-04,106.0,107.5,106.0,106.5,6899726.0,0.0
2024-06-05,106.5,107.5,106.5,107.0,5407595.0,0.0
2024-06-06,106.5,107.0,106.5,106.5,4965870.0,0.0
2024-06-07,106.5,107.5,106.5,107.0,5386232.0,0.0
2024-06-11,106.5,107.5,106.5,107.0,5817746.0,0.0
2024-06-12,106.5,107.0,106.0,106.0,3329052.0,0.0
2024-06-13,106.5,107.0,106.0,106.0,4104837.0,0.0
2024-06-14,106.5,107.5,106.5,107.5,5120705.0,0.0
2024-06-17,106.5,107.5,106.5,107.5,4143719.0,0.0
2024-06-18,107.5,107.5,107.0,107.5,3715484.0,0.0
2024-06-19,107.0,107.5,106.5,106.5,6174740.0,0.0
2024-06-20,106.5,107.0,105.5,106.5,8520419.0,0.0
2024-06-21,106.5,107.0,104.0,106.0,32103349.0,0.0
2024-06-24,106.0,107.0,105.5,107.0,6240685.0,0.0
2024-06-25,107.0,107.5,105.5,106.5,5565703.0,0.0
2024-06-26,106.0,106.5,105.5,106.0,4471047.0,0.0
2024-06-27,105.5,106.0,105.0,106.0,5681819.0,0.0
2024-06-28,106.0,108.0,105.5,107.0,41683411.0,0.0
2024-07-01,107.0,110.0,107.0,109.0,38873615.0,0.0
2024-07-02,108.0,111.5,107.5,111.5,41737192.0,0.0
2024-07-03,111.5,114.5,108.5,112.5,44952492.0,0.0
2024-07-04,111.0,112.5,109.0,111.0,40218987.0,0.0
2024-07-05,111.0,116.0,109.5,116.0,51295621.0,0.0
2024-07-08,105.0,106.5,102.0,102.5,33607342.0,4.3
2024-07-09,103.0,103.5,101.0,101.0,14076518.0,0.0
2024-07-10,101.5,102.0,100.5,102.0,11758605.0,0.0
2024-07-11,102.0,102.0,100.5,101.0,9430155.0,0.0
2024-07-12,101.0,102.0,100.5,101.0,9487022.0,0.0
2024-07-15,101.5,101.5,100.5,101.0,8994495.0,0.0
2024-07-16,101.5,102.0,100.5,101.0,8295000.0,0.0
2024-07-17,101.0,102.5,101.0,102.0,11717744.0,0.0
2024-07-18,102.5,104.5,102.0,104.0,25402344.0,0.0
2024-07-19,102.5,104.0,102.5,103.5,7585505.0,0.0
2024-07-22,103.5,104.5,102.5,103.5,11616489.0,0.0
2024-07-23,103.5,105.5,103.5,105.5,9108712.0,0.0
2024-07-26,104.5,106.0,104.0,106.0,8778370.0,0.0
2024-07-29,106.0,106.0,104.0,104.5,7275920.0,0.0
2024-07-30,104.5,105.5,103.5,105.5,9147776.0,0.0
2024-07-31,105.0,105.5,104.5,105.5,5304542.0,0.0
2024-08-01,105.0,106.0,104.5,105.5,7363692.0,0.0
2024-08-02,104.5,106.0,104.0,106.0,10032894.0,0.0
2024-08-05,104.5,106.0,102.0,106.0,26072365.0,0.0
2024-08-06,106.0,111.0,105.5,110.5,24809646.0,0.0
2024-08-07,108.0,110.0,106.5,108.0,10184192.0,0.0
2024-08-08,106.5,108.0,106.0,107.0,8954284.0,0.0
2024-08-09,106.5,107.5,106.0,107.5,7539786.0,0.0
2024-08-12,107.5,108.0,105.5,107.5,6502791.0,0.0
2024-08-13,107.5,107.5,106.0,107.5,5760595.0,0.0
2024-08-14,107.5,109.0,107.0,109.0,7475438.0,0.0
2024-08-15,109.0,109.0,107.0,108.5,7092752.0,0.0
2024-08-16,109.5,109.5,107.0,107.5,7873538.0,0.0
2024-08-19,108.0,109.5,107.5,109.5,6433125.0,0.0
2024-08-20,109.5,110.5,108.0,108.5,5763779.0,0.0
2024-08-21,109.0,110.0,108.5,110.0,5812475.0,0.0
2024-08-22,109.5,110.0,109.0,110.0,4645970.0,0.0
2024-08-23,110.5,111.5,109.5,111.5,6883087.0,0.0
2024-08-26,111.0,111.0,109.0,110.0,4549954.0,0.0
2024-08-27,109.5,112.0,109.0,112.0,5369261.0,0.0
2024-08-28,111.5,112.0,110.5,111.5,4831620.0,0.0
2024-08-29,111.5,112.0,110.5,111.0,5098126.0,0.0
2024-08-30,111.5,112.0,111.0,112.0,6462435.0,0.0
2024-09-02,112.0,113.0,111.5,113.0,4121075.0,0.0
2024-09-03,112.5,112.5,111.0,112.0,4895944.0,0.0
2024-09-04,110.0,113.0,110.0,112.0,12958431.0,0.0
2024-09-05,112.0,113.5,111.5,113.0,6016088.0,0.0
2024-09-06,112.5,115.0,112.0,115.0,6827357.0,0.0
2024-09-09,113.5,115.0,113.5,115.0,6974049.0,0.0
2024-09-10,114.0,115.0,113.5,115.0,4909213.0,0.0
2024-09-11,115.0,116.0,114.5,115.0,7065684.0,0.0
2024-09-12,116.0,116.0,114.0,115.0,7571936.0,0.0
2024-09-13,115.0,115.5,114.0,115.5,5280969.0,0.0
2024-09-16,115.5,116.0,114.5,116.0,3765164.0,0.0
2024-09-18,115.5,116.5,115.0,116.5,11954574.0,0.0
2024-09-19,116.0,117.0,115.5,116.0,12953296.0,0.0
2024-09-20,116.0,116.5,115.0,116.5,13182438.0,0.0
2024-09-23,116.5,118.5,116.5,118.5,10294840.0,0.0
2024-09-24,118.0,119.0,117.0,118.5,15179118.0,0.0
2024-09-25,118.5,119.0,114.0,116.5,18702083.0,0.0
2024-09-26,116.5,117.5,114.5,117.5,14898837.0,0.0
2024-09-27,117.5,117.5,115.5,116.5,12554105.0,0.0
2024-09-30,116.5,116.5,115.0,115.0,6599471.0,0.0
2024-10-01,115.0,115.5,113.5,115.5,9591012.0,0.0
2024-10-04,114.5,115.0,111.5,112.5,9812369.0,0.0
2024-10-07,112.5,112.5,110.5,112.5,8259083.0,0.0
2024-10-08,111.5,113.5,110.5,112.5,9833891.0,0.0
2024-10-09,112.0,113.0,111.5,113.0,4977100.0,0.0
2024-10-11,113.0,113.0,111.5,112.0,2829077.0,0.0
2024-10-14,112.0,112.5,111.0,112.5,5023651.0,0.0
2024-10-15,112.5,113.0,112.0,112.5,4298012.0,0.0
2024-10-16,112.0,112.5,111.0,112.5,5497249.0,0.0
2024-10-17,113.5,115.0,113.0,114.0,5350684.0,0.0
2024-10-18,114.0,115.0,114.0,114.5,3981667.0,0.0
2024-10-21,115.0,115.0,113.5,113.5,3445831.0,0.0
2024-10-22,113.5,114.5,112.0,114.0,4589558.0,0.0
2024-10-23,113.5,114.0,112.0,114.0,7238032.0,0.0
2024-10-24,113.0,114.0,113.0,114.0,2821746.0,0.0
2024-10-25,113.5,114.0,113.0,114.0,1884113.0,0.0
2024-10-28,113.5,114.5,113.0,113.0,2699836.0,0.0
2024-10-29,113.0,115.5,113.0,115.5,5060612.0,0.0
2024-10-30,115.5,115.5,113.5,113.5,4294395.0,0.0
2024-11-01,113.0,115.0,112.5,113.5,7662409.0,0.0
2024-11-04,113.5,115.0,113.5,114.5,4012693.0,0.0
2024-11-05,114.5,115.5,114.0,115.5,3869856.0,0.0
2024-11-06,115.0,115.0,113.5,114.0,3744742.0,0.0
2024-11-07,113.0,114.5,112.5,113.5,3487376.0,0.0
2024-11-08,113.5,114.0,112.0,113.0,3973138.0,0.0
2024-11-11,113.0,114.5,112.5,114.5,4052639.0,0.0
2024-11-12,113.5,115.0,113.5,113.5,5802626.0,0.0
2024-11-13,113.5,115.5,113.0,114.5,5610119.0,0.0
2024-11-14,114.5,115.5,114.0,114.0,5792126.0,0.0
2024-11-15,114.5,116.5,111.0,111.0,12696622.0,0.0
2024-11-18,111.0,113.0,110.5,111.0,9296613.0,0.0
2024-11-19,111.5,112.5,109.0,112.5,10220532.0,0.0
2024-11-20,112.0,112.0,112.0,112.0,7783335.0,0.0
2024-11-21,111.0,113.0,110.5,112.5,6543557.0,0.0
2024-11-22,112.5,114.0,112.5,113.0,5123711.0,0.0
2024-11-25,113.5,115.0,113.0,115.0,8504333.0,0.0
2024-11-26,114.5,115.0,113.5,113.5,2269513.0,0.0
2024-11-27,113.5,115.0,113.5,115.0,2825601.0,0.0
2024-11-28,114.5,115.0,113.0,113.0,3289293.0,0.0
2024-11-29,112.5,114.0,112.0,113.0,3556604.0,0.0
2024-12-02,113.5,115.0,113.5,114.0,3142679.0,0.0
2024-12-03,114.5,115.0,111.0,112.5,12808319.0,0.0
2024-12-04,112.0,113.0,110.5,113.0,12301831.0,0.0
2024-12-05,112.5,113.5,111.5,112.0,6802974.0,0.0
2024-12-06,112.0,114.0,112.0,113.5,6177267.0,0.0
2024-12-09,114.0,114.5,113.0,114.5,2798579.0,0.0
2024-12-10,114.0,115.0,113.0,114.0,5751655.0,0.0
2024-12-11,114.0,115.0,113.5,114.0,3455500.0,0.0
2024-12-12,114.0,115.0,113.5,114.0,3434220.0,0.0
2024-12-13,113.5,115.0,113.5,114.5,5473948.0,0.0
2024-12-16,114.5,117.0,114.5,117.0,8718715.0,0.0
2024-12-17,116.0,117.5,115.0,116.0,10283403.0,0.0
2024-12-18,115.5,116.5,115.0,116.0,8075652.0,0.0
2024-12-19,115.0,116.0,114.5,116.0,8925721.0,0.0
2024-12-20,115.5,115.5,113.0,113.0,12576624.0,0.0
2024-12-23,114.0,115.5,113.5,115.5,7276312.0,0.0
2024-12-24,115.5,115.5,113.5,114.5,7108838.0,0.0
2024-12-25,115.0,116.0,114.5,115.5,4909099.0,0.0
2024-12-26,115.5,116.0,114.0,114.5,3075737.0,0.0
2024-12-27,114.0,115.0,114.0,114.5,2064432.0,0.0
2024-12-30,114.5,115.0,113.5,113.5,2806814.0,0.0
2024-12-31,113.0,114.0,113.0,113.5,4216912.0,0.0
2025-01-02,113.5,114.0,111.5,112.5,10922086.0,0.0
2025-01-03,112.5,113.0,111.5,112.0,9778430.0,0.0
2025-01-06,112.5,113.5,112.0,113.0,10433022.0,0.0
2025-01-07,113.5,113.5,111.5,111.5,12312635.0,0.0
2025-01-08,111.5,112.0,110.5,111.0,10849962.0,0.0
2025-01-09,111.5,112.5,111.0,112.0,2753391.0,0.0
2025-01-10,112.0,112.0,111.0,111.0,3704770.0,0.0
2025-01-13,111.0,112.0,110.5,111.5,5939799.0,0.0
2025-01-14,111.5,113.0,111.0,112.5,4341335.0,0.0
2025-01-15,112.5,112.5,111.0,111.0,4107169.0,0.0
2025-01-16,111.5,112.0,110.5,111.0,5935349.0,0.0
2025-01-17,111.0,112.0,110.5,112.0,4827233.0,0.0
2025-01-20,112.0,112.5,110.5,110.5,4177781.0,0.0
2025-01-21,110.5,111.5,110.0,111.0,3142534.0,0.0
2025-01-22,111.0,111.5,110.0,110.0,4478871.0,0.0
2025-02-03,109.5,112.5,109.5,111.5,6042370.0,0.0
2025-02-04,112.0,113.0,111.5,112.5,4770039.0,0.0
2025-02-05,113.0,113.5,111.5,112.0,4321589.0,0.0
2025-02-06,112.0,113.0,111.5,112.5,3142419.0,0.0
2025-02-07,112.0,112.5,111.5,112.0,3090200.0,0.0
2025-02-10,111.5,112.5,111.5,111.5,3142177.0,0.0
2025-02-11,112.0,112.5,110.5,111.0,4559710.0,0.0
2025-02-12,111.5,113.0,111.5,112.5,5580175.0,0.0
2025-02-13,113.0,113.5,111.5,112.0,4707360.0,0.0
2025-02-14,112.0,113.0,111.5,112.5,4225406.0,0.0
2025-02-17,112.5,113.0,112.0,112.0,4062847.0,0.0
2025-02-18,112.0,113.0,112.0,112.5,3506412.0,0.0
2025-02-19,112.5,113.0,111.5,112.0,5807900.0,0.0
2025-02-20,112.0,113.5,112.0,112.0,4559486.0,0.0
2025-02-21,113.0,114.0,112.5,113.5,4596739.0,0.0
2025-02-24,113.0,114.5,113.0,113.5,3244422.0,0.0
2025-02-25,113.0,114.5,113.0,113.5,6052346.0,0.0
2025-02-26,114.0,114.5,113.5,113.5,6369233.0,0.0
2025-02-27,114.0,115.5,114.0,114.5,10044405.0,0.0
2025-03-03,115.0,117.0,115.0,116.5,5847398.0,0.0
2025-03-04,115.5,116.0,114.5,115.0,6712973.0,0.0
2025-03-05,115.5,116.0,115.0,115.0,4422137.0,0.0
2025-03-06,115.0,117.0,115.0,116.5,6737465.0,0.0
2025-03-07,117.0,118.0,116.5,117.0,5503619.0,0.0
2025-03-10,117.0,117.5,116.5,116.5,3511376.0,0.0
2025-03-11,115.5,117.5,115.5,116.5,6691660.0,0.0
2025-03-12,117.0,117.5,116.5,117.0,6108308.0,0.0
2025-03-13,117.0,117.5,116.0,117.0,4483470.0,0.0
2025-03-14,117.5,117.5,116.5,117.0,4351904.0,0.0
2025-03-17,117.0,117.5,115.5,116.0,6678759.0,0.0
2025-03-18,116.0,117.0,115.5,117.0,4354560.0,0.0
2025-03-19,117.0,117.0,116.0,116.5,3433106.0,0.0
2025-03-20,116.5,117.5,116.0,117.5,4428323.0,0.0
2025-03-21,117.5,118.5,117.0,118.5,8344976.0,0.0
2025-03-24,118.0,118.5,117.5,118.5,2810617.0,0.0
2025-03-25,118.5,119.0,117.0,117.0,3456686.0,0.0
2025-03-26,117.0,118.0,116.5,118.0,2470976.0,0.0
2025-03-27,117.5,118.0,117.0,118.0,2556508.0,0.0
2025-03-28,117.5,118.0,117.0,117.5,3542260.0,0.0
2025-03-31,116.0,118.0,116.0,116.5,6662769.0,0.0
2025-04-01,116.5,117.5,116.0,116.0,5911374.0,0.0
2025-04-02,116.0,116.5,115.5,116.0,4751015.0,0.0
2025-04-07,109.5,113.5,109.0,113.0,15306361.0,0.0
2025-04-08,115.0,116.0,110.0,113.0,24951009.0,0.0
2025-04-09,111.5,119.0,111.0,115.0,34874983.0,0.0
2025-04-10,116.0,120.5,114.0,119.0,27030500.0,0.0
2025-04-11,119.0,120.0,116.5,117.0,17067908.0,0.0
2025-04-14,116.5,118.0,115.0,115.0,10171246.0,0.0
2025-04-15,115.0,116.0,114.0,114.5,11536479.0,0.0
2025-04-16,114.5,118.5,114.5,118.0,19572095.0,0.0
2025-04-17,117.5,117.5,114.5,114.5,12339529.0,0.0
2025-04-18,115.5,115.5,113.5,113.5,6101676.0,0.0
2025-04-21,113.0,115.5,113.0,113.5,7909524.0,0.0
2025-04-22,113.5,114.5,112.5,113.0,5772548.0,0.0
2025-04-23,113.0,115.5,113.0,114.5,13139300.0,0.0
2025-04-24,114.0,114.5,113.5,114.0,6383056.0,0.0
2025-04-25,114.5,114.5,113.0,113.0,9375481.0,0.0
2025-04-28,113.0,113.5,112.5,112.5,4402876.0,0.0
2025-04-29,113.0,114.0,112.5,113.0,5401378.0,0.0
2025-04-30,113.0,114.5,113.0,113.5,3686856.0,0.0
2025-05-02,113.5,114.0,113.5,113.5,3078101.0,0.0
2025-05-05,113.5,115.0,113.5,114.5,5436380.0,0.0
2025-05-06,115.0,116.0,114.5,115.0,6321071.0,0.0
2025-05-07,115.5,117.0,115.0,115.5,8509648.0,0.0
2025-05-08,115.5,116.0,113.5,113.5,13558322.0,0.0
2025-05-09,113.5,114.5,113.0,113.5,7479656.0,0.0
2025-05-12,114.0,115.5,114.0,114.5,7365324.0,0.0
2025-05-13,114.5,115.0,113.5,113.5,5632318.0,0.0
2025-05-14,114.0,114.5,113.0,113.0,7550267.0,0.0
2025-05-15,113.5,115.0,113.5,114.5,9999322.0,0.0
2025-05-16,115.0,115.0,114.0,114.0,4263090.0,0.0
2025-05-19,114.0,115.0,113.5,114.0,4886785.0,0.0
2025-05-20,114.5,116.0,114.5,115.0,9089631.0,0.0
2025-05-21,115.5,116.0,115.0,115.5,6138371.0,0.0
2025-05-22,115.5,117.5,115.5,116.5,8807675.0,0.0
2025-05-23,116.5,118.0,115.5,117.0,9432605.0,0.0
2025-05-26,117.0,118.0,116.5,117.0,8396449.0,0.0
2025-05-27,117.0,118.0,115.5,116.0,12136014.0,0.0
2025-05-28,116.0,117.0,115.5,116.0,11572052.0,0.0
2025-05-29,116.5,117.0,114.0,114.0,25247844.0,0.0
2025-06-02,113.5,115.0,113.0,113.5,15730656.0,0.0
2025-06-03,114.5,114.5,112.5,112.5,28086275.0,0.0
2025-06-04,113.0,113.5,112.5,112.5,16167990.0,0.0
2025-06-05,112.5,114.5,112.5,114.0,7444767.0,0.0
2025-06-06,114.0,115.5,114.0,114.5,7963242.0,0.0
2025-06-09,114.5,115.0,114.0,114.5,3096966.0,0.0
2025-06-10,115.0,116.0,114.5,115.5,5332461.0,0.0
2025-06-11,115.0,116.0,115.0,116.0,4865594.0,0.0
2025-06-12,116.0,116.5,115.5,115.5,2982249.0,0.0
2025-06-13,115.5,117.0,115.5,116.0,5647705.0,0.0
2025-06-16,116.5,117.5,116.0,117.0,5272940.0,0.0
2025-06-17,117.5,118.0,116.5,116.5,6534162.0,0.0
2025-06-18,116.5,119.0,116.5,118.5,9712631.0,0.0
2025-06-19,117.5,118.0,117.0,117.5,5855343.0,0.0
2025-06-20,117.5,118.5,117.0,117.5,12744080.0,0.0
2025-06-23,117.5,118.0,116.0,116.5,7170170.0,0.0
2025-06-24,117.0,117.0,112.5,112.5,30023443.0,0.0
2025-06-25,112.5,116.5,112.5,116.0,22428261.0,0.0
2025-06-26,115.5,116.0,113.5,114.0,30104881.0,0.0
2025-06-27,114.5,116.0,114.0,116.0,10579072.0,0.0
2025-06-30,114.5,116.5,114.5,115.0,21595088.0,0.0
2025-07-01,116.0,116.5,114.5,114.5,19887873.0,0.0
2025-07-02,115.0,115.5,113.5,114.5,14803842.0,0.0
2025-07-03,114.5,116.0,114.0,116.0,16796214.0,0.0
2025-07-04,116.5,117.0,115.5,116.5,13389139.0,0.0
2025-07-07,116.0,116.5,113.0,113.0,27885402.0,0.0
2025-07-08,113.5,115.0,113.0,113.0,18132349.0,0.0
2025-07-09,109.0,109.5,106.0,106.5,49870987.0,4.5
2025-07-10,107.0,108.0,106.5,107.0,12263128.0,0.0
2025-07-11,107.5,107.5,106.5,107.0,12309600.0,0.0
2025-07-14,107.5,109.0,107.0,108.0,13900300.0,0.0
2025-07-15,108.0,108.5,106.5,107.0,15625698.0,0.0
2025-07-16,106.5,107.0,106.0,106.5,11110569.0,0.0
2025-07-17,107.0,107.5,106.0,106.5,7712900.0,0.0
2025-07-18,107.0,107.5,106.0,106.0,9145239.0,0.0
2025-07-21,106.5,106.5,105.0,106.5,10956295.0,0.0
2025-07-22,106.5,106.5,105.5,106.0,9302462.0,0.0
2025-07-23,106.5,107.5,106.0,107.0,8144326.0,0.0
2025-07-24,107.5,107.5,106.0,107.0,7518526.0,0.0
2025-07-25,107.0,107.5,105.5,105.5,10571376.0,0.0
2025-07-28,106.0,106.5,105.5,106.0,3719462.0,0.0
2025-07-29,106.0,107.0,105.5,106.0,4492554.0,0.0
2025-07-30,106.5,107.5,106.0,107.5,7239521.0,0.0
2025-07-31,107.0,107.5,105.5,105.5,9621900.0,0.0
2025-08-04,106.0,107.0,106.0,107.0,3022644.0,0.0
2025-08-05,106.5,107.0,106.5,106.5,2983549.0,0.0
2025-08-06,107.0,107.5,107.0,107.0,2624813.0,0.0
2025-08-07,107.0,107.5,106.0,106.5,5118197.0,0.0
2025-08-08,107.0,108.0,106.5,107.5,4430614.0,0.0
2025-08-11,107.5,108.0,106.5,106.5,5230121.0,0.0
2025-08-12,107.5,108.0,107.0,107.0,9277310.0,0.0
2025-08-13,108.0,108.0,106.5,106.5,6023197.0,0.0
2025-08-14,107.0,107.5,106.0,106.0,7770335.0,0.0
2025-08-15,106.5,107.5,106.0,107.0,4244045.0,0.0
2025-08-18,107.0,108.5,107.0,108.5,7612992.0,0.0
2025-08-19,108.5,109.0,108.0,108.0,3993509.0,0.0
2025-08-20,108.5,109.0,108.0,108.0,6541948.0,0.0
2025-08-21,109.0,109.0,108.0,108.5,6683708.0,0.0
2025-08-22,108.5,109.0,107.5,108.0,6208630.0,0.0
2025-08-25,108.5,108.5,106.5,107.0,8851780.0,0.0
2025-08-26,106.5,107.0,106.5,106.5,4634199.0,0.0
2025-08-27,106.5,107.0,106.0,106.0,5381016.0,0.0
2025-08-28,106.5,107.0,106.0,106.0,5216874.0,0.0
2025-08-29,106.5,106.5,105.5,106.5,7053373.0,0.0
2025-09-01,106.5,107.0,106.0,106.5,3284803.0,0.0
2025-09-02,107.0,107.5,106.5,107.0,3163085.0,0.0
2025-09-03,107.0,107.0,106.0,106.5,2842418.0,0.0
2025-09-04,106.5,106.5,106.0,106.5,2571217.0,0.0
2025-09-05,106.5,107.0,106.0,106.0,3133428.0,0.0
2025-09-08,106.0,107.0,106.0,107.0,4410812.0,0.0
2025-09-09,107.0,108.0,107.0,107.5,3277710.0,0.0
2025-09-10,107.0,107.5,106.5,107.0,5188172.0,0.0
2025-09-11,107.0,107.5,106.5,106.5,3138813.0,0.0
2025-09-12,107.0,107.5,106.5,107.5,3811958.0,0.0
2025-09-15,107.0,107.5,106.5,107.0,4366336.0,0.0
2025-09-16,107.5,107.5,106.0,106.5,6941119.0,0.0
2025-09-17,106.5,107.0,106.0,106.0,5306086.0,0.0
2025-09-18,106.5,106.5,106.0,106.5,5478179.0,0.0
2025-09-19,106.0,106.5,105.5,105.5,14093122.0,0.0
2025-09-22,106.5,107.0,105.5,106.0,4939471.0,0.0
2025-09-23,106.0,106.5,105.5,106.0,7432838.0,0.0
2025-09-24,106.5,107.0,106.0,106.5,5532319.0,0.0
2025-09-25,107.0,107.0,106.0,106.0,5231130.0,0.0
2025-09-26,106.5,107.0,106.0,107.0,7090547.0,0.0
2025-09-30,107.0,109.0,106.5,109.0,14916623.0,0.0
2025-10-01,108.5,109.0,107.0,108.5,11186184.0,0.0
2025-10-02,108.5,109.5,108.0,108.5,11163429.0,0.0
2025-10-03,109.0,109.0,108.0,109.0,7539944.0,0.0
2025-10-07,108.5,110.0,108.5,110.0,7219817.0,0.0
2025-10-08,110.0,111.0,109.5,110.5,8658045.0,0.0
2025-10-09,111.0,111.0,109.5,110.5,7418916.0,0.0
2025-10-13,110.0,110.5,109.0,110.5,6090362.0,0.0
2025-10-14,110.0,111.5,110.0,110.5,6925576.0,0.0
2025-10-15,110.5,111.0,108.5,109.0,10806402.0,0.0
2025-10-16,109.5,110.0,109.0,110.0,8582065.0,0.0
2025-10-17,110.0,112.0,110.0,111.5,9165665.0,0.0
2025-10-20,111.5,112.0,110.5,111.5,6189355.0,0.0
2025-10-21,111.5,111.5,111.0,111.0,2343121.0,0.0
2025-10-22,111.0,112.0,111.0,112.0,5596943.0,0.0
2025-10-23,111.5,112.5,111.0,112.5,2889978.0,0.0
2025-10-27,112.5,112.5,111.0,111.0,6496522.0,0.0
2025-10-28,111.5,112.0,110.5,111.5,5339160.0,0.0
2025-10-29,111.5,111.5,110.0,111.0,4278595.0,0.0
2025-10-30,111.0,111.0,109.0,110.0,8818688.0,0.0
2025-10-31,110.0,110.5,109.5,109.5,6469705.0,0.0
2025-11-03,110.0,111.5,109.5,110.5,6098380.0,0.0
2025-11-04,110.5,111.5,110.0,110.5,8493062.0,0.0
2025-11-05,111.0,111.0,109.0,109.5,4912595.0,0.0
2025-11-06,110.0,110.5,109.0,110.0,6100965.0,0.0
2025-11-07,110.5,111.5,109.5,111.0,7869540.0,0.0
2025-11-10,111.0,111.5,110.0,110.5,5700975.0,0.0
2025-11-11,111.0,111.0,110.0,110.0,3649986.0,0.0
2025-11-12,110.5,112.0,110.5,111.0,7257551.0,0.0
2025-11-13,110.5,111.0,108.5,108.5,12340148.0,0.0
2025-11-14,108.5,109.5,108.0,108.5,3538699.0,0.0
2025-11-17,109.0,109.5,107.5,108.0,6102620.0,0.0
2025-11-18,108.0,108.5,107.0,107.0,7067342.0,0.0
2025-11-19,108.0,108.0,106.5,106.5,6330991.0,0.0
2025-11-20,107.0,108.5,107.0,108.0,4118900.0,0.0
2025-11-21,107.5,108.5,107.0,107.0,5298521.0,0.0
2025-11-24,107.5,109.0,107.5,108.0,9682350.0,0.0
2025-11-25,108.0,109.0,107.5,107.5,8501269.0,0.0
2025-11-26,108.5,109.5,108.0,109.0,7058624.0,0.0
2025-11-27,108.5,109.0,107.5,108.5,8323863.0,0.0
2025-11-28,108.0,109.0,108.0,108.0,3709650.0,0.0
2025-12-01,108.0,108.5,107.0,107.0,3637576.0,0.0
2025-12-02,107.5,107.5,106.5,106.5,6172602.0,0.0
2025-12-03,106.5,107.0,106.0,106.0,6843962.0,0.0
2025-12-04,106.0,106.5,105.5,105.5,7564145.0,0.0
2025-12-05,105.5,106.0,105.0,105.0,6640507.0,0.0
2025-12-08,106.0,106.5,105.0,105.0,7405094.0,0.0
2025-12-09,105.0,105.5,104.0,104.5,11080874.0,0.0
2025-12-10,104.5,106.0,104.5,104.5,9366438.0,0.0
2025-12-11,105.0,106.0,105.0,106.0,7889392.0,0.0
2025-12-12,106.5,106.5,105.5,105.5,6143869.0,0.0
2025-12-15,105.5,106.0,105.0,105.0,6354035.0,0.0
2025-12-16,105.0,106.0,105.0,105.0,7838440.0,0.0
2025-12-17,105.5,105.5,104.0,104.5,8428408.0,0.0
2025-12-18,104.5,106.0,104.0,104.5,15609120.0,0.0
2025-12-19,104.5,106.5,104.0,106.0,49656401.0,0.0
2025-12-22,106.5,107.5,106.5,107.0,46471890.0,0.0
2025-12-23,107.0,107.5,106.0,106.5,38707569.0,0.0
2025-12-24,106.5,108.5,106.0,108.5,36638462.0,0.0
2025-12-26,107.5,111.5,107.0,111.5,37878415.0,0.0
2025-12-29,110.0,111.0,109.5,109.5,8948642.0,0.0
2025-12-30,108.5,110.5,108.5,110.5,8476046.0,0.0
2025-12-31,110.0,110.5,108.5,108.5,8621774.0,0.0
2026-01-02,109.0,109.5,107.0,108.0,8119296.0,0.0
2026-01-05,108.0,108.5,107.0,107.0,7781924.0,0.0
2026-01-06,107.5,108.0,106.5,107.0,7642252.0,0.0
2026-01-07,107.5,107.5,106.5,107.0,6268673.0,0.0
2026-01-08,107.0,107.5,106.5,107.0,5461251.0,0.0
2026-01-09,107.0,108.0,107.0,107.5,6629298.0,0.0
2026-01-12,107.5,108.0,106.5,107.5,7091185.0,0.0
2026-01-13,107.5,108.0,107.0,107.0,6228355.0,0.0
2026-01-14,107.0,108.0,107.0,107.5,6453026.0,0.0
2026-01-15,107.5,108.5,107.5,108.0,5823357.0,0.0
2026-01-16,108.0,108.5,107.0,108.0,4846383.0,0.0
2026-01-19,107.5,108.5,107.5,108.5,4839189.0,0.0
2026-01-20,108.5,108.5,107.5,107.5,4213287.0,0.0
2026-01-21,108.0,108.0,107.0,107.5,6664895.0,0.0
2026-01-22,107.5,108.0,107.0,107.5,5096660.0,0.0
2026-01-23,108.0,108.0,107.0,107.5,6418983.0,0.0
2026-01-26,107.5,108.0,107.0,107.5,5619136.0,0.0
2026-01-27,107.0,107.5,106.5,106.5,7685506.0,0.0
2026-01-28,106.5,107.0,106.0,106.0,6175355.0,0.0
2026-01-29,106.5,107.0,105.5,105.5,7089179.0,0.0
2026-01-30,106.0,106.0,105.5,105.5,6224663.0,0.0
2026-02-02,106.0,106.0,105.0,105.0,5766278.0,0.0
2026-02-03,105.0,105.5,105.0,105.0,3788436.0,0.0
2026-02-04,105.0,105.5,104.5,104.5,3898561.0,0.0
2026-02-05,105.0,105.5,104.5,105.0,4593535.0,0.0
2026-02-06,105.0,105.5,104.5,105.5,3633907.0,0.0
2026-02-09,105.5,106.0,105.0,105.0,5089945.0,0.0
2026-02-10,105.5,106.0,105.0,105.5,5067828.0,0.0
2026-02-11,106.0,107.0,105.5,106.5,6565350.0,0.0
2026-02-23,107.5,108.0,107.0,107.5,10175603.0,0.0
2026-02-24,107.5,108.0,107.5,108.0,8032464.0,0.0
2026-02-25,108.0,108.5,107.5,108.5,10088259.0,0.0
2026-02-26,108.5,109.0,107.5,107.5,12444987.0,0.0
2026-03-02,107.0,108.5,106.5,108.5,16542577.0,0.0
2026-03-03,108.0,109.0,107.5,108.5,11804081.0,0.0
2026-03-04,108.0,108.5,107.0,108.0,15794892.0,0.0
2026-03-05,108.0,108.5,106.5,107.5,10498882.0,0.0
2026-03-06,107.5,108.5,107.0,108.0,6706338.0,0.0
2026-03-09,106.5,107.5,106.5,107.5,10169925.0,0.0
2026-03-10,108.0,108.0,106.5,106.5,4359056.0,0.0
2026-03-11,107.0,107.5,106.0,106.0,6486990.0,0.0
2026-03-12,106.0,106.5,105.5,106.0,8933024.0,0.0
2026-03-13,106.0,107.0,106.0,106.5,8731601.0,0.0
2026-03-16,107.0,108.0,107.0,108.0,6205788.0,0.0
2026-03-17,108.5,109.5,108.0,109.5,9779626.0,0.0
2026-03-18,109.5,110.0,108.5,110.0,12331048.0,0.0
2026-03-19,109.5,109.5,108.5,109.5,5108785.0,0.0
2026-03-20,109.0,109.5,108.5,109.0,5671532.0,0.0
2026-03-23,108.0,109.5,108.0,109.0,8033228.0,0.0
2026-03-24,109.0,110.0,109.0,109.5,6427056.0,0.0
2026-03-25,109.5,110.0,109.0,109.0,8432055.0,0.0
2026-03-26,109.5,109.5,109.0,109.0,3427403.0,0.0
2026-03-27,109.0,109.5,108.5,109.5,4945614.0,0.0
2026-03-30,108.5,110.0,108.5,109.0,7569588.0,0.0
2026-03-31,109.0,109.5,108.5,109.0,7711771.0,0.0
2026-04-01,109.0,109.5,108.5,109.5,4617098.0,0.0
2026-04-02,109.5,109.5,109.0,109.5,5662131.0,0.0
2026-04-07,109.5,109.5,109.0,109.5,4621281.0,0.0
2026-04-08,109.5,109.5,108.5,109.5,7373153.0,0.0
2026-04-09,109.5,110.0,109.0,110.0,8222656.0,0.0
2026-04-10,110.0,110.0,109.5,110.0,5146145.0,0.0
2026-04-13,110.0,110.0,109.5,110.0,6910407.0,0.0
2026-04-14,110.0,110.0,109.5,110.0,7058852.0,0.0
2026-04-15,110.0,110.0,109.5,110.0,7559256.0,0.0
2026-04-16,110.0,110.0,109.5,110.0,7835526.0,0.0
2026-04-17,110.0,112.5,109.5,112.5,19081336.0,0.0
2026-04-20,112.5,115.5,112.0,113.5,24209816.0,0.0
2026-04-21,113.5,114.0,112.0,113.5,18916165.0,0.0
2026-04-22,113.5,113.5,111.5,113.0,13599233.0,0.0
2026-04-23,112.0,112.5,111.0,112.0,11097887.0,0.0
2026-04-24,112.0,113.5,111.5,113.0,22379836.0,0.0
2026-04-27,112.5,113.0,112.0,112.0,8103524.0,0.0
2026-04-28,112.5,112.5,111.0,111.0,8844392.0,0.0
2026-04-29,111.0,112.0,111.0,112.0,11316518.0,0.0
2026-04-30,111.5,112.0,111.0,111.5,7757957.0,0.0
2026-05-04,111.5,111.5,110.5,110.5,7397198.0,0.0
2026-05-05,110.5,111.0,110.0,110.5,10644849.0,0.0
2026-05-06,110.5,110.5,110.0,110.0,5464743.0,0.0
2026-05-07,110.5,110.5,110.0,110.0,6180572.0,0.0
2026-05-08,110.0,110.5,109.5,110.0,7853369.0,0.0
2026-05-11,110.0,110.5,109.5,110.0,7486422.0,0.0
2026-05-12,110.0,110.5,110.0,110.0,5392541.0,0.0
2026-05-13,110.0,113.0,109.5,112.0,20204286.0,0.0
2026-05-14,111.5,115.0,111.5,115.0,20297382.0,0.0
2026-05-15,115.0,115.5,114.5,114.5,12686599.0,0.0
2026-05-18,114.5,115.5,114.0,114.0,12828566.0,0.0
2026-05-19,114.0,117.5,113.5,116.5,26364727.0,0.0
2026-05-20,116.5,116.5,115.0,115.0,12456001.0,0.0
2026-05-21,115.0,115.0,113.0,113.5,16190499.0,0.0
2026-05-22,113.5,113.5,111.5,112.0,17068730.0,0.0
2026-05-25,112.0,112.5,111.0,111.5,14606395.0,0.0
2026-05-26,111.5,112.0,110.0,110.5,22455627.0,0.0
2026-05-27,111.0,111.5,110.0,110.0,15348191.0,0.0
2026-05-28,110.0,112.5,110.0,111.0,20049099.0,0.0
2026-05-29,111.5,112.5,111.5,111.5,21115271.0,0.0
2026-06-01,112.5,115.0,112.0,114.0,15371222.0,0.0
2026-06-02,114.0,115.5,114.0,115.5,18399448.0,0.0
2026-06-03,115.5,116.5,114.5,116.0,13001421.0,0.0
2026-06-04,116.0,117.0,115.5,116.0,7875810.0,0.0
2026-06-05,116.0,116.5,115.0,116.0,7011302.0,0.0
2026-06-08,115.0,116.0,114.0,115.0,17725512.0,0.0
2026-06-09,115.0,117.0,115.0,117.0,18611504.0,0.0
2026-06-10,116.5,118.0,116.0,118.0,12115989.0,0.0
2026-06-11,118.0,120.5,118.0,119.0,18502821.0,0.0
2026-06-12,119.0,120.5,118.5,119.5,11418672.0,0.0
2026-06-15,120.5,120.5,119.0,119.5,7609320.0,0.0
2026-06-16,119.5,121.5,119.5,120.5,10937522.0,0.0
2026-06-17,120.0,120.5,118.0,119.0,7683311.0,0.0
2026-06-18,119.0,119.5,118.5,119.0,8102491.0,0.0
2026-06-22,119.0,119.5,117.0,118.5,11164725.0,0.0
2026-06-23,118.5,119.5,118.0,119.0,7638594.0,0.0
2026-06-24,118.5,120.5,118.0,119.5,7750953.0,0.0
2026-06-25,119.5,120.5,119.0,120.0,8412754.0,0.0
2026-06-26,119.5,120.5,118.5,118.5,9836825.0,0.0
2026-06-29,119.5,120.0,118.0,118.0,13751789.0,0.0
2026-06-30,118.0,119.0,116.0,116.5,20190921.0,0.0
2026-07-01,116.5,120.0,116.5,118.0,20243143.0,0.0
2026-07-02,118.0,120.0,118.0,118.5,16607865.0,0.0
2026-07-03,119.0,120.0,116.5,116.5,18155595.0,0.0
2026-07-06,117.5,119.0,117.0,117.5,12323910.0,0.0
2026-07-07,118.0,119.5,116.5,116.5,16554300.0,0.0
2026-07-08,117.5,117.5,113.0,113.0,21599704.0,0.0
2026-07-09,107.0,108.5,106.0,108.5,50114842.0,4.7443
2026-07-10,108.5,108.5,108.5,108.5,0.0,0.0
2026-07-13,111.0,111.5,108.5,109.5,19660492.0,0.0
2026-07-14,110.0,110.0,107.5,109.0,21836106.0,0.0
2026-07-15,109.0,110.0,108.5,109.0,6915152.0,0.0
2026-07-16,109.0,111.0,109.0,110.5,17919807.0,0.0
2026-07-17,110.5,113.0,110.5,111.0,30063892.0,0.0
2026-07-20,112.0,113.0,110.5,112.0,18705983.0,0.0
2026-07-21,111.5,113.5,111.5,112.0,16315243.0,0.0
2026-07-22,112.0,113.5,112.0,112.5,9542085.0,0.0
2026-07-23,113.0,113.0,111.5,112.0,12112215.0,0.0
2026-07-24,111.5,113.5,111.5,113.5,13622264.0,0.0
2026-07-27,113.5,114.0,112.5,113.5,9923746.0,0.0
2026-07-28,113.0,114.0,112.5,114.0,11933814.0,0.0
2026-07-29,114.0,115.0,112.5,113.5,16245560.0,0.0
2026-07-30,114.0,114.0,112.5,114.0,12019190.0,0.0
2026-07-31,113.5,114.5,112.5,112.5,19858902.0,0.0
2026-08-03,113.0,114.0,111.5,112.0,10913053.0,0.0
2026-08-04,111.5,112.0,110.0,111.0,10528553.0,0.0
2026-08-05,110.5,111.0,110.0,110.5,6471566.0,0.0
2026-08-06,110.5,111.5,110.0,110.5,4672796.0,0.0
2026-08-07,110.5,111.5,110.0,111.5,7034717.0,0.0
2026-08-10,111.5,111.5,109.5,110.5,9646981.0,0.0
2026-08-11,110.5,110.5,109.0,109.5,14337933.0,0.0
2026-08-12,109.5,110.0,109.0,109.5,6649034.0,0.0
2026-08-13,109.0,109.5,108.0,108.5,15538288.0,0.0
2026-08-14,108.5,108.5,107.5,108.0,9467326.0,0.0
2026-08-17,108.0,111.5,108.0,111.0,18578853.0,0.0
2026-08-18,110.5,111.5,110.0,111.0,8669105.0,0.0
2026-08-19,112.0,113.5,111.5,113.5,26561371.0,0.0
2026-08-20,113.5,115.0,113.0,115.0,18497060.0,0.0
2026-08-21,114.5,115.0,113.5,115.0,13250537.0,0.0
2026-08-24,115.0,115.0,114.0,115.0,9482348.0,0.0
2026-08-25,115.0,115.5,114.5,115.5,8731742.0,0.0
2026-08-26,115.0,115.5,114.5,115.5,9498179.0,0.0
2026-08-27,116.0,116.0,115.0,115.5,7756730.0,0.0
2026-08-28,115.5,115.5,114.5,115.5,8393728.0,0.0
2026-08-31,115.0,116.0,114.5,116.0,9253626.0,0.0
2026-09-01,115.0,116.0,113.5,115.5,12113293.0,0.0
2026-09-02,115.5,116.0,114.5,116.0,5650649.0,0.0
2026-09-03,116.0,118.0,115.5,118.0,13088667.0,0.0
2026-09-04,117.5,118.0,116.5,118.0,5055050.0,0.0
2026-09-07,118.0,118.0,116.5,117.0,4419490.0,0.0
2026-09-08,116.5,118.0,116.5,118.0,4436993.0,0.0
2026-09-09,117.5,119.5,117.0,119.5,8092272.0,0.0
2026-09-10,119.0,120.0,119.0,120.0,4094898.0,0.0
2026-09-11,119.0,121.0,119.0,121.0,5581975.0,0.0
2026-09-14,120.5,121.5,120.0,121.5,4571857.0,0.0
2026-09-15,121.5,124.5,121.0,124.0,10384759.0,0.0
2026-09-16,124.0,124.5,122.5,124.5,8212364.0,0.0
2026-09-17,124.5,124.5,122.5,124.0,5964392.0,0.0
2026-09-18,124.5,125.5,123.0,124.0,18088270.0,0.0
2026-09-21,124.0,125.0,122.5,124.5,6251188.0,0.0
2026-09-22,125.0,125.0,122.5,123.0,14840671.0,0.0
2026-09-23,123.0,123.0,121.5,123.0,6819925.0,0.0
2026-09-24,122.0,123.5,121.5,122.5,4874036.0,0.0
2026-09-29,122.5,122.5,120.5,121.0,5777209.0,0.0
2026-09-30,121.0,121.0,118.0,119.5,9553332.0,0.0
2026-10-01,120.0,122.0,119.5,122.0,5815897.0,0.0
2026-10-02,121.5,122.0,121.0,122.0,3690384.0,0.0
2026-10-05,123.0,123.5,122.0,122.5,7109161.0,0.0
2026-10-06,122.5,123.0,122.0,123.0,3571486.0,0.0
2026-10-07,123.0,123.0,122.0,122.5,5415021.0,0.0
2026-10-08,122.0,124.0,122.0,124.0,5961535.0,0.0
