date,open,high,low,close,volume,dividend
2015-01-05,75.7704,75.7704,74.4743,75.3716,7734865.0,0.0
2015-01-06,74.7734,74.7734,72.7795,73.4774,14451656.0,0.0
2015-01-07,73.278,73.4774,72.7795,73.0786,8434479.0,0.0
2015-01-08,74.2749,74.2749,73.8762,74.2749,10560902.0,0.0
2015-01-09,75.2719,75.2719,73.278,74.1752,8610009.0,0.0
2015-01-12,74.6737,75.3716,74.574,75.1722,10482666.0,0.0
2015-01-13,75.1722,76.3686,74.7734,76.3686,11075457.0,0.0
2015-01-14,75.7704,76.3686,75.3716,75.6707,8071382.0,0.0
2015-01-15,75.7704,75.7704,74.574,75.1722,7099446.0,0.0
2015-01-16,76.568,77.1662,74.1752,74.1752,11819204.0,0.0
2015-01-19,75.7704,76.2689,75.571,75.9698,9912945.0,0.0
2015-01-20,76.6677,76.6677,75.4713,75.6707,4906822.0,0.0
2015-01-21,76.4683,77.6647,76.4683,77.6647,14548950.0,0.0
2015-01-22,77.6647,78.3626,77.3656,78.0635,13366377.0,0.0
2015-01-23,78.7614,79.5589,78.1632,78.9607,13230968.0,0.0
2015-01-26,78.9607,79.3595,78.1632,78.7614,7736871.0,0.0
2015-01-27,79.3595,79.7583,78.7614,79.2598,11469648.0,0.0
2015-01-28,78.2629,79.3595,78.2629,79.3595,8237383.0,0.0
2015-01-29,79.5589,79.7583,78.562,78.7614,10674245.0,0.0
2015-01-30,79.3595,80.6556,78.9607,79.5589,21236151.0,0.0
2015-02-02,80.3565,81.4532,79.7583,80.9547,18743621.0,0.0
2015-02-03,80.9547,81.2538,80.0574,80.7553,15086574.0,0.0
2015-02-04,80.7553,81.7523,80.7553,81.6526,11915494.0,0.0
2015-02-05,82.6496,82.6496,81.2538,81.5529,10877860.0,0.0
2015-02-06,81.9517,82.1511,81.4532,81.7523,12810699.0,0.0
2015-02-09,79.858,80.7553,78.1632,79.3595,13664277.0,0.0
2015-02-10,79.6586,80.9547,78.562,80.6556,14973231.0,0.0
2015-02-11,80.7553,82.7493,80.7553,82.3505,15012851.0,0.0
2015-02-12,83.7462,84.3444,81.7523,83.5469,16758625.0,0.0
2015-02-13,83.7462,85.7402,83.6466,85.7402,16393522.0,0.0
2015-02-24,87.136,87.136,84.145,85.3414,16233539.0,0.0
2015-02-25,85.7402,88.133,85.5408,86.7372,18807815.0,0.0
2015-02-26,86.9366,86.9366,84.3444,84.3444,14196385.0,0.0
2015-03-02,89.2296,89.3293,85.142,87.7342,20785790.0,0.0
2015-03-03,87.7342,87.7342,85.9396,87.6345,14020854.0,0.0
2015-03-04,87.6345,89.5287,86.8369,87.7342,16879490.0,0.0
2015-03-05,87.7342,87.8339,87.136,87.136,13824260.0,0.0
2015-03-06,86.3384,88.133,86.3384,88.133,9922975.0,0.0
2015-03-09,88.9305,90.6254,88.8308,89.2296,21942284.0,0.0
2015-03-10,89.7281,95.4109,89.7281,95.2115,39015860.0,0.0
2015-03-11,93.716,94.713,90.1269,90.2266,44565124.0,0.0
2015-03-12,90.2266,90.9245,88.8308,90.2266,22203573.0,0.0
2015-03-13,89.9275,91.3233,89.1299,89.3293,26443381.0,0.0
2015-03-16,89.3293,89.429,87.5348,87.5348,14628189.0,0.0
2015-03-17,88.3324,89.6284,87.7342,87.8339,17003364.0,0.0
2015-03-18,87.8339,89.429,87.2357,89.1299,14293177.0,0.0
2015-03-19,89.7281,92.5197,89.3293,92.1209,26472970.0,0.0
2015-03-20,90.3263,91.7221,90.3263,91.6224,12116100.0,0.0
2015-03-23,90.7251,91.7221,90.3263,91.3233,9873827.0,0.0
2015-03-24,91.1239,91.423,89.5287,90.2266,10695308.0,0.0
2015-03-25,88.9305,89.8278,88.133,88.9305,9359774.0,0.0
2015-03-26,86.8369,86.8369,84.2447,86.8369,28925379.0,0.0
2015-03-27,85.142,85.9396,81.852,81.852,40818807.0,0.0
2015-03-30,83.3475,85.6405,83.2478,85.4411,19235607.0,0.0
2015-03-31,85.6405,85.6405,83.1481,84.2447,17533967.0,0.0
2015-04-01,83.7462,84.4441,83.2478,83.6466,15380963.0,0.0
2015-04-02,84.5438,86.7372,83.7462,85.142,25676564.0,0.0
2015-04-07,85.7402,86.139,84.6435,85.4411,12333256.0,0.0
2015-04-08,86.2387,86.2387,83.9456,85.3414,15692404.0,0.0
2015-04-09,85.7402,88.4321,85.7402,86.7372,20305840.0,0.0
2015-04-10,87.7342,88.0333,85.6405,85.6405,10945564.0,0.0
2015-04-13,85.7402,87.2357,85.7402,87.0363,10553380.0,0.0
2015-04-14,86.0393,86.9366,85.9396,86.0393,9288057.0,0.0
2015-04-15,85.2417,86.0393,83.7462,83.7462,12422025.0,0.0
2015-04-16,84.145,86.3384,84.0453,86.3384,13996782.0,0.0
2015-04-17,85.3414,86.139,84.2447,85.5408,13936600.0,0.0
2015-04-20,84.9426,85.0423,83.3475,83.3475,14679845.0,0.0
2015-04-21,83.4472,86.139,83.4472,85.4411,18899091.0,0.0
2015-04-22,86.6375,88.0333,86.139,87.4351,19835419.0,0.0
2015-04-23,87.7342,89.7281,87.4351,88.7311,21736663.0,0.0
2015-04-24,89.5287,91.5227,89.3293,91.1239,26632452.0,0.0
2015-04-27,91.5227,95.8097,91.423,93.0182,26548198.0,0.0
2015-04-28,93.0182,93.5166,90.2266,90.3263,16039452.0,0.0
2015-04-29,90.1269,90.8248,88.133,88.3324,13848835.0,0.0
2015-04-30,88.7311,89.429,86.4381,86.9366,16291714.0,0.0
2015-05-04,86.9366,88.2327,85.5408,86.7372,18425159.0,0.0
2015-05-05,86.7372,87.2357,86.139,86.9366,8176199.0,0.0
2015-05-06,83.8459,87.5348,83.8459,85.7402,17003364.0,0.0
2015-05-07,84.9426,88.3324,84.7432,87.8339,16225514.0,0.0
2015-05-08,87.8339,88.3324,85.8399,86.0393,10381360.0,0.0
2015-05-11,87.136,88.7311,86.9366,87.7342,14002298.0,0.0
2015-05-12,86.8369,87.7342,86.8369,87.0363,8327155.0,0.0
2015-05-13,86.7372,87.4351,85.7402,86.0393,12654226.0,0.0
2015-05-14,86.0393,86.8369,85.6405,85.6405,7714303.0,0.0
2015-05-15,86.139,86.3384,84.2447,84.7432,8794567.0,0.0
2015-05-18,85.4411,86.7372,85.0423,86.6375,8102476.0,0.0
2015-05-19,87.2357,88.3324,86.0393,86.8369,11399435.0,0.0
2015-05-20,85.8399,87.0363,85.3414,85.3414,11773566.0,0.0
2015-05-21,85.142,85.142,83.9456,84.3444,11115076.0,0.0
2015-05-22,84.5438,86.0393,84.4441,85.7402,11071445.0,0.0
2015-05-25,85.7402,86.5378,84.9426,85.9396,4801003.0,0.0
2015-05-26,86.5378,86.9366,86.139,86.139,7291025.0,0.0
2015-05-27,86.139,87.136,84.3444,86.4381,15422087.0,0.0
2015-05-28,87.3354,90.1269,86.8369,88.0333,16827834.0,0.0
2015-05-29,88.0333,88.9305,86.8369,87.7342,14804722.0,0.0
2015-06-01,87.3354,87.5348,85.142,86.3384,9101995.0,0.0
2015-06-02,85.9396,86.5378,85.2417,86.3384,7754424.0,0.0
2015-06-03,85.7402,85.9396,84.145,85.0423,15195402.0,0.0
2015-06-04,84.3444,85.2417,81.852,82.7493,17416111.0,0.0
2015-06-05,82.5499,85.142,82.5499,84.8429,10279051.0,0.0
2015-06-08,84.7432,85.7402,83.5469,85.5408,7277484.0,0.0
2015-06-09,85.5408,86.139,83.7462,83.7462,12165750.0,0.0
2015-06-10,83.7462,83.7462,76.7674,80.7553,35941573.0,0.0
2015-06-11,81.2538,81.2538,77.1662,79.1601,24685069.0,0.0
2015-06-12,77.7644,80.2568,76.9668,79.9577,23140403.0,0.0
2015-06-15,79.7583,82.2508,79.6586,81.9517,14172813.0,0.0
2015-06-16,80.3565,81.5529,78.6617,79.4592,13235983.0,0.0
2015-06-17,79.5589,81.4532,79.0604,80.855,14093574.0,0.0
2015-06-18,81.7523,82.7493,81.3535,82.0514,13091547.0,0.0
2015-06-22,82.9487,87.0363,82.9487,86.8369,18990366.0,0.0
2015-06-23,86.9366,88.7311,84.9426,85.142,18686448.0,0.0
2015-06-24,84.7432,85.0423,83.5469,84.5438,8343705.0,0.0
2015-06-25,84.5438,86.4381,84.5438,85.6405,15101118.0,0.0
2015-06-26,87.136,87.8339,85.7402,86.3384,17010385.0,0.0
2015-06-29,84.8429,84.9426,82.3505,82.7493,13712924.0,0.0
2015-06-30,81.7523,84.145,81.7523,83.3475,9825681.0,0.0
2015-07-01,82.5499,85.3414,82.5499,83.9456,8820645.0,0.0
2015-07-02,83.9456,84.6435,82.9487,82.9487,9674725.0,0.0
2015-07-03,82.3505,84.3444,82.1511,83.5469,7092425.0,0.0
2015-07-06,83.1481,84.145,82.3505,82.3505,6758416.0,0.0
2015-07-07,82.849,83.9456,82.5499,82.5499,8209800.0,0.0
2015-07-08,81.7523,82.1511,78.562,78.7614,17173879.0,0.0
2015-07-09,77.7644,80.1571,76.9668,78.7614,14861393.0,0.0
2015-07-10,78.7614,78.7614,78.7614,78.7614,0.0,0.0
2015-07-13,80.7553,80.7553,78.9607,80.5559,17610699.0,0.0
2015-07-14,81.1541,82.0514,80.9547,81.5529,12097043.0,0.0
2015-07-15,81.9517,82.5499,80.1571,82.0514,10129599.0,0.0
2015-07-16,80.9547,82.0514,80.855,81.2538,8516727.0,0.0
2015-07-17,82.1511,82.2508,79.1601,79.6586,11291610.0,0.0
2015-07-20,81.3535,81.7523,80.7553,81.2538,11525817.0,0.0
2015-07-21,80.9547,82.2508,80.5559,81.9517,7428440.0,0.0
2015-07-22,80.9547,80.9547,79.5589,79.7583,12644697.0,0.0
2015-07-23,77.4653,78.7614,74.9728,75.3716,25500533.0,0.0
2015-07-24,73.8762,75.3716,71.0846,71.7825,27083314.0,0.0
2015-07-27,70.5861,71.284,68.991,71.284,20699530.0,0.0
2015-07-28,71.7825,75.1722,71.7825,74.1752,18614230.0,0.0
2015-07-29,73.7765,73.7765,70.7855,70.7855,16748594.0,0.0
2015-07-30,69.7885,71.3837,69.0907,71.3837,28732797.0,0.0
2015-07-31,72.0816,72.7795,69.7885,72.7795,26509581.0,0.0
2015-08-03,71.7825,71.7825,70.3867,71.1843,14980253.0,0.0
2015-08-04,71.0846,71.7825,67.1964,67.7946,25270337.0,0.0
2015-08-05,67.1964,68.3928,65.2024,67.0967,26412287.0,0.0
2015-08-06,67.8943,68.1934,67.1964,67.7946,15939651.0,0.0
2015-08-07,66.7976,69.7885,66.4985,69.7885,14036903.0,0.0
2015-08-10,63.8067,65.6012,63.5076,64.2055,16089102.0,3.9955
2015-08-11,65.8006,66.3988,64.9033,65.003,17769679.0,0.0
2015-08-12,65.003,65.9003,64.4049,65.5015,13115118.0,0.0
2015-08-13,65.8006,67.2961,65.1027,66.5982,14672824.0,0.0
2015-08-14,67.0967,67.3958,66.1994,66.997,8683732.0,0.0
2015-08-17,66.2991,66.2991,64.1058,64.2055,20061603.0,0.0
2015-08-18,64.8036,65.003,64.3052,64.6042,5850673.0,0.0
2015-08-19,64.6042,64.8036,59.5197,62.0121,21204054.0,0.0
2015-08-20,62.8097,63.8067,61.713,62.8097,14611138.0,0.0
2015-08-21,60.5166,61.3142,59.3203,59.8187,23693574.0,0.0
2015-08-24,65.8006,65.8006,61.0151,63.4079,46771288.0,0.0
2015-08-25,63.1088,65.7009,62.3112,65.003,17100658.0,0.0
2015-08-26,64.0061,64.6042,60.716,60.716,26753317.0,0.0
2015-08-27,61.0151,65.003,61.0151,63.8067,21507470.0,0.0
2015-08-28,65.6012,67.5952,64.4049,66.997,25827520.0,0.0
2015-08-31,64.0061,67.3958,63.8067,66.997,31429443.0,0.0
2015-09-01,65.9003,66.0997,62.8097,62.8097,21540069.0,0.0
2015-09-02,62.8097,63.8067,62.2115,63.3082,13589050.0,0.0
2015-09-03,64.6042,64.6042,63.3082,63.4079,8808107.0,0.0
2015-09-04,63.4079,64.1058,62.9094,63.4079,7923435.0,0.0
2015-09-07,63.8067,63.8067,62.5106,62.71,7264946.0,0.0
2015-09-08,63.3082,64.5046,63.0091,64.3052,7717312.0,0.0
2015-09-09,67.5952,70.6858,66.997,70.6858,27521638.0,0.0
2015-09-10,70.0876,73.0786,68.991,72.7795,24875645.0,0.0
2015-09-11,72.5801,74.7734,71.8822,72.7795,28691673.0,0.0
2015-09-14,73.9759,75.571,71.8822,72.1813,21896646.0,0.0
2015-09-15,72.7795,73.6768,70.7855,71.3837,14210929.0,0.0
2015-09-16,71.8822,72.6798,71.284,71.9819,11462125.0,0.0
2015-09-17,72.6798,75.2719,72.4804,74.2749,19092676.0,0.0
2015-09-18,74.6737,74.9728,73.5771,73.5771,10358290.0,0.0
2015-09-21,72.5801,72.9789,71.1843,71.284,10996217.0,0.0
2015-09-22,71.8822,72.4804,71.5831,71.5831,4438909.0,0.0
2015-09-23,70.4864,71.0846,69.0907,69.0907,9783554.0,0.0
2015-09-24,69.4894,70.7855,67.994,68.0937,6753400.0,0.0
2015-09-25,68.991,69.3897,68.1934,68.8913,8405391.0,0.0
2015-09-29,68.8913,68.8913,68.8913,68.8913,0.0,0.0
2015-09-30,67.4955,70.4864,67.4955,70.3867,11489708.0,0.0
2015-10-01,71.3837,73.1783,71.1843,71.7825,11392414.0,0.0
2015-10-02,70.7855,71.5831,70.0876,71.1843,10230404.0,0.0
2015-10-05,71.7825,71.7825,69.3897,70.8852,11359816.0,0.0
2015-10-06,71.1843,71.6828,69.0907,69.0907,11344770.0,0.0
2015-10-07,69.0907,70.0876,68.2931,69.9879,9748950.0,0.0
2015-10-08,69.8882,70.3867,68.5922,68.7916,9905422.0,0.0
2015-10-12,70.3867,70.3867,68.991,69.6888,10232912.0,0.0
2015-10-13,67.8943,68.991,67.7946,68.7916,13810720.0,0.0
2015-10-14,67.7946,70.1873,67.7946,69.7885,8351729.0,0.0
2015-10-15,70.287,75.571,70.287,74.8731,33056358.0,0.0
2015-10-16,76.9668,77.6647,75.7704,76.7674,32208296.0,0.0
2015-10-19,76.7674,76.7674,75.3716,75.6707,8020729.0,0.0
2015-10-20,74.9728,75.8701,74.7734,75.7704,7803573.0,0.0
2015-10-21,76.4683,76.6677,75.1722,75.1722,6631532.0,0.0
2015-10-22,75.3716,75.8701,75.1722,75.1722,5525692.0,0.0
2015-10-23,76.7674,76.9668,75.8701,76.0695,6201232.0,0.0
2015-10-26,78.1632,78.4623,77.3656,77.7644,10138627.0,0.0
2015-10-27,76.2689,77.2659,75.3716,76.0695,7486615.0,0.0
2015-10-28,75.8701,76.4683,75.0725,76.2689,5310542.0,0.0
2015-10-29,74.2749,75.7704,74.2749,74.3746,7129537.0,0.0
2015-10-30,73.8762,75.9698,72.9789,75.3716,14143726.0,0.0
2015-11-02,73.5771,75.2719,73.5771,74.2749,10847267.0,0.0
2015-11-03,74.2749,75.3716,74.2749,74.7734,6941469.0,0.0
2015-11-04,75.4713,77.2659,74.9728,76.0695,15667830.0,0.0
2015-11-05,76.7674,76.8671,75.9698,76.568,6882791.0,0.0
2015-11-06,76.1692,76.3686,74.0756,74.1752,7648605.0,0.0
2015-11-09,74.8731,75.9698,73.9759,73.9759,6320593.0,0.0
2015-11-10,73.5771,74.9728,73.3777,74.1752,7918921.0,0.0
2015-11-11,73.6768,74.0756,71.8822,71.8822,10096499.0,0.0
2015-11-12,72.0816,73.0786,71.4834,72.0816,4784954.0,0.0
2015-11-13,71.4834,72.281,70.7855,70.7855,6430926.0,0.0
2015-11-16,69.7885,71.1843,69.5891,70.3867,4957977.0,0.0
2015-11-17,71.7825,73.1783,71.6828,72.281,8359252.0,0.0
2015-11-18,71.5831,72.6798,70.9849,71.3837,7858238.0,0.0
2015-11-19,71.7825,72.7795,71.4834,72.7795,7064841.0,0.0
2015-11-20,71.8822,72.3807,71.4834,71.8822,3999080.0,0.0
2015-11-23,70.9849,72.4804,70.9849,72.0816,5175634.0,0.0
2015-11-24,71.6828,71.6828,70.7855,70.7855,5801525.0,0.0
2015-11-25,72.3807,72.3807,69.7885,69.9879,5794002.0,0.0
2015-11-26,70.7855,72.3807,70.4864,72.1813,7118503.0,0.0
2015-11-27,71.7825,71.9819,69.8882,70.1873,6000626.0,0.0
2015-11-30,69.3897,70.1873,68.1934,68.4925,20900136.0,0.0
2015-12-01,69.3897,71.8822,68.7916,71.8822,11889416.0,0.0
2015-12-02,71.3837,72.7795,71.3837,72.5801,9172709.0,0.0
2015-12-03,71.7825,73.3777,71.7825,72.4804,5343642.0,0.0
2015-12-04,73.7765,73.7765,71.284,72.7795,5488580.0,0.0
2015-12-07,71.4834,74.4743,71.4834,73.0786,6935952.0,0.0
2015-12-08,72.1813,72.3807,71.1843,71.5831,5766419.0,0.0
2015-12-09,71.3837,71.9819,70.3867,70.3867,4919360.0,0.0
2015-12-10,69.9879,71.8822,69.9879,71.1843,6028711.0,0.0
2015-12-11,71.3837,71.9819,70.1873,70.3867,6036234.0,0.0
2015-12-14,66.1994,68.1934,66.1994,66.5982,19404618.0,0.0
2015-12-15,67.7946,70.5861,67.7946,68.2931,20367527.0,0.0
2015-12-16,69.7885,71.7825,69.1904,70.7855,16300240.0,0.0
2015-12-17,70.7855,72.4804,70.6858,72.4804,12265050.0,0.0
2015-12-18,71.3837,73.1783,71.0846,72.0816,8956556.0,0.0
2015-12-21,71.7825,75.571,71.4834,73.6768,14592581.0,0.0
2015-12-22,72.3807,73.1783,71.8822,72.9789,5767422.0,0.0
2015-12-23,74.9728,77.3656,74.7734,76.7674,21126319.0,0.0
2015-12-24,77.565,77.7644,75.6707,75.7704,6756911.0,0.0
2015-12-25,75.7704,76.7674,75.7704,76.6677,3470483.0,0.0
2015-12-28,76.3686,76.9668,75.6707,76.4683,4614941.0,0.0
2015-12-29,75.7704,75.9698,74.9728,75.571,4479030.0,0.0
2015-12-30,74.7734,75.571,73.8762,74.0756,6035231.0,0.0
2015-12-31,74.4743,76.1692,74.4743,75.7704,8100971.0,0.0
2016-01-04,75.6707,75.7704,72.9789,72.9789,8814126.0,0.0
2016-01-05,70.287,73.4774,70.287,72.5801,9045826.0,0.0
2016-01-06,72.8792,73.4774,71.7825,71.9819,8565876.0,0.0
2016-01-07,72.7795,72.9789,70.287,71.4834,10633622.0,0.0
2016-01-08,69.7885,70.8852,68.5922,69.5891,15801233.0,0.0
2016-01-11,68.2931,69.6888,67.994,68.8913,9883356.0,0.0
2016-01-12,68.3928,69.1904,67.994,68.991,7898861.0,0.0
2016-01-13,69.3897,70.3867,69.1904,69.6888,6702246.0,0.0
2016-01-14,68.4925,69.5891,67.994,69.5891,5215254.0,0.0
2016-01-15,69.7885,70.5861,67.994,68.7916,9805119.0,0.0
2016-01-18,66.1994,70.0876,66.1994,69.8882,9600000.0,0.0
2016-01-19,69.0907,69.5891,67.8943,68.4925,8836694.0,0.0
2016-01-20,67.7946,68.0937,66.4985,67.2961,11549890.0,0.0
2016-01-21,67.994,68.4925,67.2961,68.4925,6949994.0,0.0
2016-01-22,69.0907,69.5891,67.4955,67.6949,6556807.0,0.0
2016-01-25,68.7916,69.6888,68.4925,69.3897,5660098.0,0.0
2016-01-26,68.2931,69.0907,67.6949,68.0937,7280994.0,0.0
2016-01-27,68.991,69.5891,68.5922,69.4894,5439431.0,0.0
2016-01-28,69.5891,70.5861,68.3928,69.7885,8263462.0,0.0
2016-01-29,68.7916,71.1843,68.7916,71.0846,9992184.0,0.0
2016-02-01,70.8852,71.284,68.991,69.0907,8171183.0,0.0
2016-02-02,69.3897,70.5861,68.7916,70.0876,9445533.0,0.0
2016-02-03,68.8913,69.2901,67.8943,68.3928,8889353.0,0.0
2016-02-15,68.1934,69.1904,67.7946,68.1934,14521868.0,0.0
2016-02-16,68.3928,69.3897,68.2931,68.3928,8649629.0,0.0
2016-02-17,69.7885,75.0725,69.6888,74.9728,26144478.0,0.0
2016-02-18,74.9728,75.1722,73.3777,74.3746,10174736.0,0.0
2016-02-19,73.7765,75.571,73.7765,74.7734,6844676.0,0.0
2016-02-22,73.8762,74.1752,72.5801,72.7795,5630007.0,0.0
2016-02-23,73.3777,74.4743,73.278,74.1752,7774987.0,0.0
2016-02-24,74.6737,74.7734,72.7795,73.5771,5465510.0,0.0
2016-02-25,73.9759,74.6737,73.3777,74.6737,6506655.0,0.0
2016-02-26,75.3716,76.3686,75.0725,75.6707,9824177.0,0.0
2016-03-01,73.5771,75.7704,73.4774,74.7734,9893386.0,0.0
2016-03-02,76.0695,76.8671,75.8701,76.3686,11509267.0,0.0
2016-03-03,76.568,76.9668,75.9698,76.2689,8195256.0,0.0
2016-03-04,76.2689,76.3686,74.8731,75.7704,4940925.0,0.0
2016-03-07,76.1692,76.2689,74.4743,75.3716,7144582.0,0.0
2016-03-08,74.1752,76.1692,74.1752,76.1692,6429923.0,0.0
2016-03-09,75.9698,76.0695,73.5771,74.574,8004680.0,0.0
2016-03-10,73.5771,74.8731,73.3777,73.9759,8757956.0,0.0
2016-03-11,74.2749,75.1722,73.8762,74.7734,8762470.0,0.0
2016-03-14,75.571,75.571,73.8762,74.0756,6129516.0,0.0
2016-03-15,74.1752,74.4743,71.1843,72.1813,9658677.0,0.0
2016-03-16,72.1813,72.281,70.9849,71.4834,11426517.0,0.0
2016-03-17,72.5801,73.3777,72.3807,72.7795,7292028.0,0.0
2016-03-18,73.278,73.5771,72.4804,73.5771,9632097.0,0.0
2016-03-21,73.5771,73.6768,72.3807,73.6768,6991119.0,0.0
2016-03-22,73.9759,73.9759,72.0816,72.7795,7984620.0,0.0
2016-03-23,73.1783,73.7765,72.7795,73.6768,10108536.0,0.0
2016-03-24,72.8792,73.5771,72.6798,73.1783,7649608.0,0.0
2016-03-25,73.7765,74.1752,73.0786,73.1783,2913802.0,0.0
2016-03-28,73.8762,73.8762,72.7795,73.3777,2694640.0,0.0
2016-03-29,73.1783,73.8762,72.9789,73.4774,4292466.0,0.0
2016-03-30,73.6768,74.0756,73.1783,73.3777,13227959.0,0.0
2016-03-31,74.1752,74.7734,73.5771,74.6737,9711336.0,0.0
2016-04-01,73.0786,73.6768,72.4804,72.4804,7541782.0,0.0
2016-04-06,71.0846,71.4834,70.3867,70.3867,9554362.0,0.0
2016-04-07,70.1873,70.3867,68.5922,69.1904,8704294.0,0.0
2016-04-08,69.1904,70.0876,69.0907,69.1904,7483105.0,0.0
2016-04-11,69.1904,70.5861,69.1904,70.5861,5126486.0,0.0
2016-04-12,70.287,70.5861,68.5922,68.991,5824093.0,0.0
2016-04-13,69.1904,70.3867,69.0907,69.8882,5227290.0,0.0
2016-04-14,69.7885,69.8882,68.991,69.6888,9368300.0,0.0
2016-04-15,69.3897,69.9879,68.6919,68.8913,8660662.0,0.0
2016-04-18,68.7916,68.8913,67.8943,68.3928,11441563.0,0.0
2016-04-19,69.5891,70.4864,69.3897,70.287,15781172.0,0.0
2016-04-20,70.5861,70.6858,67.7946,68.4925,13914032.0,0.0
2016-04-21,68.7916,68.8913,68.0937,68.7916,8787545.0,0.0
2016-04-22,67.8943,67.994,67.0967,67.5952,19489875.0,0.0
2016-04-25,66.997,67.4955,64.4049,65.4018,17411096.0,0.0
2016-04-26,65.6012,66.6979,65.5015,66.3988,6848688.0,0.0
2016-04-27,65.8006,65.9003,65.003,65.3021,9270003.0,0.0
2016-04-28,65.3021,65.5015,63.6073,64.2055,14882457.0,0.0
2016-04-29,62.9094,62.9094,60.3172,60.5166,31214293.0,0.0
2016-05-03,62.2115,62.8097,60.8157,61.9124,21421711.0,0.0
2016-05-04,61.2145,61.4139,60.0181,60.5166,20561111.0,0.0
2016-05-05,59.42,59.8187,57.6254,58.5227,27995570.0,0.0
2016-05-06,58.2236,59.0212,58.0242,58.6224,15396008.0,0.0
2016-05-09,58.7221,58.9215,58.1239,58.7221,9189259.0,0.0
2016-05-10,58.7221,59.5197,58.6224,59.3203,8322139.0,0.0
2016-05-11,59.8187,60.0181,58.423,59.6194,8945021.0,0.0
2016-05-12,58.0242,58.7221,58.0242,58.423,8770494.0,0.0
2016-05-13,57.2266,57.7251,56.7281,57.1269,17054519.0,0.0
2016-05-16,56.0302,60.2175,56.0302,58.6224,19609738.0,0.0
2016-05-17,57.426,58.8218,57.426,58.3233,10541343.0,0.0
2016-05-18,58.0242,58.7221,57.426,58.3233,8972103.0,0.0
2016-05-19,58.1239,58.5227,57.6254,57.8248,11429025.0,0.0
2016-05-20,57.8248,59.0212,57.7251,57.8248,13163264.0,0.0
2016-05-23,59.2206,63.2085,58.5227,62.3112,29177641.0,0.0
2016-05-24,63.2085,65.8006,62.9094,64.7039,29314053.0,0.0
2016-05-25,65.8006,66.5982,65.4018,65.9003,20132818.0,0.0
2016-05-26,65.9003,65.9003,65.9003,65.9003,0.0,0.0
2016-05-27,72.4804,72.4804,72.4804,72.4804,16417093.0,0.0
2016-05-30,74.3746,74.4743,72.7795,73.5771,64546485.0,0.0
2016-05-31,73.5771,74.0756,72.8792,73.5771,22240685.0,0.0
2016-06-01,71.9819,72.9789,71.9819,72.4804,11304649.0,0.0
2016-06-02,71.7825,73.1783,71.6828,73.1783,11365834.0,0.0
2016-06-03,73.4774,74.0756,73.278,73.6768,10497210.0,0.0
2016-06-06,73.3777,73.6768,72.1813,72.6798,5428899.0,0.0
2016-06-07,72.9789,74.0756,72.6798,73.6768,10245449.0,0.0
2016-06-08,73.6768,73.9759,73.1783,73.6768,8916936.0,0.0
2016-06-13,72.7795,73.1783,71.5831,71.9819,7729850.0,0.0
2016-06-14,71.0846,71.6828,70.0876,71.0846,7108473.0,0.0
2016-06-15,71.1843,71.7825,70.4864,71.0846,5760902.0,0.0
2016-06-16,71.0846,71.4834,69.9879,70.287,7504670.0,0.0
2016-06-17,70.287,71.6828,70.1873,71.0846,5843151.0,0.0
2016-06-20,72.281,72.5801,71.7825,72.4804,5630508.0,0.0
2016-06-21,72.4804,72.4804,71.5831,71.6828,5908348.0,0.0
2016-06-22,71.7825,71.9819,70.5861,70.9849,6054289.0,0.0
2016-06-23,70.9849,71.0846,70.5861,70.9849,2664047.0,0.0
2016-06-24,71.3837,71.7825,68.4925,69.6888,11342263.0,0.0
2016-06-27,68.8913,70.7855,68.8913,70.0876,4007606.0,0.0
2016-06-28,69.3897,70.7855,69.1904,70.5861,9485153.0,0.0
2016-06-29,70.7855,71.6828,70.6858,71.1843,10200815.0,0.0
2016-06-30,71.284,73.6768,70.5861,73.0786,17715515.0,0.0
2016-07-01,72.9789,72.9789,71.3837,72.6798,11712381.0,0.0
2016-07-04,72.1813,72.3807,71.5831,71.7825,4361675.0,0.0
2016-07-05,71.9819,72.3807,71.5831,71.7825,4640518.0,0.0
2016-07-06,70.9849,71.0846,68.991,68.991,14030383.0,0.0
2016-07-07,69.6888,70.1873,69.1904,70.1873,7415400.0,0.0
2016-07-08,70.1873,70.1873,70.1873,70.1873,0.0,0.0
2016-07-11,70.9849,71.3837,70.5861,71.3837,10950078.0,0.0
2016-07-12,71.7825,71.7825,71.0846,71.7825,7651614.0,0.0
2016-07-13,72.1813,72.1813,71.284,71.3837,12240978.0,0.0
2016-07-14,71.1843,71.7825,70.9849,71.7825,5534218.0,0.0
2016-07-15,71.7825,72.0816,71.3837,72.0816,5181151.0,0.0
2016-07-18,72.4804,72.7795,71.5831,72.7795,7049294.0,0.0
2016-07-19,73.3777,73.6768,73.0786,73.6768,11643673.0,0.0
2016-07-20,73.5771,73.8762,72.9789,73.6768,8408902.0,0.0
2016-07-21,73.7765,76.6677,73.7765,75.1722,18425159.0,0.0
2016-07-22,74.7734,75.0725,73.9759,74.8731,8876815.0,0.0
2016-07-25,74.8731,75.571,73.278,74.1752,7610490.0,0.0
2016-07-26,73.4774,74.4743,73.3777,74.3746,5658593.0,0.0
2016-07-27,74.574,75.3716,74.4743,75.1722,8472092.0,0.0
2016-07-28,74.8731,75.571,74.2749,75.1722,6223299.0,0.0
2016-07-29,75.1722,75.9698,74.6737,75.7704,7206269.0,0.0
2016-08-01,75.7704,76.3686,75.2719,76.3686,10736934.0,0.0
2016-08-02,77.7644,79.1601,77.565,78.7614,25452387.0,0.0
2016-08-03,78.6617,78.6617,77.565,78.2629,16449190.0,0.0
2016-08-04,78.2629,79.5589,78.1632,78.9607,13118629.0,0.0
2016-08-05,79.0604,79.3595,78.3626,78.7614,6478069.0,0.0
2016-08-08,79.1601,79.2598,77.4653,77.9638,5481057.0,0.0
2016-08-09,78.0635,78.3626,77.4653,77.7644,5615463.0,0.0
2016-08-10,78.0635,78.3626,77.7644,78.0635,5248354.0,0.0
2016-08-11,78.0635,78.2629,76.568,77.6647,7408881.0,0.0
2016-08-12,77.3656,77.7644,76.3686,77.7644,13935597.0,0.0
2016-08-15,74.8731,74.9728,73.3777,74.0756,5993605.0,3.1903
2016-08-16,74.3746,74.8731,74.0756,74.6737,8138585.0,0.0
2016-08-17,74.2749,74.6737,73.9759,74.4743,7517208.0,0.0
2016-08-18,74.1752,74.8731,74.1752,74.574,6598934.0,0.0
2016-08-19,74.1752,74.6737,73.9759,74.1752,5822589.0,0.0
2016-08-22,74.2749,74.4743,72.9789,74.2749,6694222.0,0.0
2016-08-23,74.4743,75.7704,74.2749,75.571,12088517.0,0.0
2016-08-24,76.1692,76.1692,75.3716,75.8701,10449065.0,0.0
2016-08-25,76.1692,77.4653,76.0695,76.9668,15884484.0,0.0
2016-08-26,76.568,77.7644,76.1692,76.9668,9930498.0,0.0
2016-08-29,77.7644,78.2629,76.7674,77.6647,10406436.0,0.0
2016-08-30,77.7644,77.9638,77.6647,77.9638,8179709.0,0.0
2016-08-31,77.8641,77.9638,77.0665,77.6647,7443987.0,0.0
2016-09-01,77.1662,77.565,76.0695,76.7674,7048291.0,0.0
2016-09-02,76.7674,76.7674,75.4713,75.9698,5403322.0,0.0
2016-09-05,76.568,76.9668,76.568,76.7674,6492111.0,0.0
2016-09-06,77.2659,77.2659,76.8671,77.0665,4729286.0,0.0
2016-09-07,77.2659,77.3656,76.6677,77.1662,6233831.0,0.0
2016-09-08,77.4653,77.565,77.1662,77.2659,4807522.0,0.0
2016-09-09,75.6707,76.8671,75.6707,76.0695,4779437.0,0.0
2016-09-12,73.9759,74.4743,72.9789,72.9789,10384369.0,0.0
2016-09-13,73.278,73.7765,72.6798,73.4774,12771079.0,0.0
2016-09-14,73.0786,74.1752,72.5801,72.9789,7925943.0,0.0
2016-09-19,73.9759,75.3716,73.8762,75.2719,8505192.0,0.0
2016-09-20,74.0756,75.1722,74.0756,74.574,3538689.0,0.0
2016-09-21,74.2749,75.3716,74.1752,75.2719,3547717.0,0.0
2016-09-22,76.3686,76.3686,75.4713,75.9698,3688141.0,0.0
2016-09-23,76.0695,76.3686,75.3716,76.1692,4107407.0,0.0
2016-09-26,75.571,75.7704,74.574,74.574,3603886.0,0.0
2016-09-27,74.574,74.574,74.574,74.574,0.0,0.0
2016-09-28,74.574,74.574,74.574,74.574,0.0,0.0
2016-09-29,75.0725,75.9698,74.7734,75.571,5825598.0,0.0
2016-09-30,74.1752,74.9728,74.1752,74.9728,6593417.0,0.0
2016-10-03,75.9698,75.9698,75.0725,75.8701,4311022.0,0.0
2016-10-04,75.3716,76.1692,74.9728,76.1692,4990575.0,0.0
2016-10-05,75.2719,76.4683,75.2719,76.0695,4083836.0,0.0
2016-10-06,76.3686,76.9668,76.0695,76.568,4289457.0,0.0
2016-10-07,76.3686,76.3686,75.7704,75.8701,3200167.0,0.0
2016-10-11,76.7674,78.1632,75.9698,77.3656,7763953.0,0.0
2016-10-12,77.7644,77.9638,76.568,77.2659,3719736.0,0.0
2016-10-13,76.8671,77.1662,76.1692,76.6677,5782467.0,0.0
2016-10-14,76.3686,76.568,75.4713,75.4713,2801462.0,0.0
2016-10-17,75.2719,76.3686,74.1752,76.2689,3954947.0,0.0
2016-10-18,76.2689,77.1662,75.9698,77.1662,4455459.0,0.0
2016-10-19,76.9668,77.4653,76.568,76.8671,3451426.0,0.0
2016-10-20,76.1692,76.568,75.4713,75.8701,3924354.0,0.0
2016-10-21,76.2689,76.3686,75.3716,75.3716,5517668.0,0.0
2016-10-24,75.3716,76.2689,74.9728,75.3716,5576846.0,0.0
2016-10-25,75.7704,76.3686,75.571,75.8701,3423842.0,0.0
2016-10-26,75.3716,76.2689,75.3716,76.0695,5892299.0,0.0
2016-10-27,75.8701,75.8701,74.8731,75.3716,5437425.0,0.0
2016-10-28,74.9728,75.1722,74.2749,74.7734,8136579.0,0.0
2016-10-31,73.5771,74.2749,73.0786,73.9759,5904336.0,0.0
2016-11-01,73.3777,73.9759,73.3777,73.8762,3920342.0,0.0
2016-11-02,73.3777,73.4774,72.7795,72.9789,5478048.0,0.0
2016-11-03,72.5801,73.0786,72.1813,72.3807,7633559.0,0.0
2016-11-04,72.7795,72.8792,71.9819,72.8792,3963473.0,0.0
2016-11-07,73.4774,73.6768,72.8792,73.5771,5147048.0,0.0
2016-11-08,73.9759,73.9759,73.1783,73.1783,2290419.0,0.0
2016-11-09,73.9759,73.9759,70.7855,70.7855,10288078.0,0.0
2016-11-10,72.7795,72.8792,71.7825,71.7825,4455459.0,0.0
2016-11-11,69.8882,70.9849,67.8943,68.0937,17387525.0,0.0
2016-11-14,67.3958,67.5952,66.0997,66.4985,9836213.0,0.0
2016-11-15,66.0997,67.5952,66.0997,66.4985,6027207.0,0.0
2016-11-16,66.997,67.5952,66.6979,66.6979,8105485.0,0.0
2016-11-17,67.7946,68.7916,67.5952,67.994,7040769.0,0.0
2016-11-18,67.7946,68.4925,67.3958,68.3928,4471507.0,0.0
2016-11-21,67.994,69.3897,67.7946,69.3897,4510124.0,0.0
2016-11-22,69.3897,70.0876,69.1904,69.7885,5747863.0,0.0
2016-11-23,69.7885,69.8882,68.991,69.6888,4561780.0,0.0
2016-11-24,69.7885,69.7885,69.0907,69.4894,2236756.0,0.0
2016-11-25,69.6888,69.6888,68.7916,68.7916,2381694.0,0.0
2016-11-28,68.6919,69.9879,68.5922,69.7885,3513112.0,0.0
2016-11-29,69.7885,69.7885,68.8913,68.8913,4297983.0,0.0
2016-11-30,69.4894,69.4894,68.2931,68.2931,5807543.0,0.0
2016-12-01,68.3928,68.7916,68.1934,68.4925,3691651.0,0.0
2016-12-02,67.6949,68.5922,67.6949,68.1934,4542722.0,0.0
2016-12-05,67.7946,67.7946,66.8973,67.0967,6237342.0,0.0
2016-12-06,67.6949,68.4925,67.5952,68.4925,4674621.0,0.0
2016-12-07,68.7916,68.8913,68.1934,68.8913,3046202.0,0.0
2016-12-08,69.0907,69.5891,68.5922,68.7916,7694744.0,0.0
2016-12-09,68.7916,69.0907,68.0937,68.0937,5541740.0,0.0
2016-12-12,68.0937,68.991,68.0937,68.0937,4918859.0,0.0
2016-12-13,67.6949,67.6949,67.0967,67.2961,7204764.0,0.0
2016-12-14,67.3958,67.6949,67.1964,67.2961,3367673.0,0.0
2016-12-15,67.2961,67.7946,66.8973,67.5952,5236819.0,0.0
2016-12-16,67.2961,67.5952,66.7976,66.7976,10355783.0,0.0
2016-12-19,66.7976,67.4955,66.6979,66.7976,3931877.0,0.0
2016-12-20,66.7976,66.8973,65.003,65.4018,10127593.0,0.0
2016-12-21,65.4018,65.6012,64.7039,64.8036,9490669.0,0.0
2016-12-22,64.8036,65.2024,64.2055,64.2055,5893804.0,0.0
2016-12-23,64.0061,65.3021,63.9064,64.5046,7161634.0,0.0
2016-12-26,64.8036,65.2024,64.6042,64.7039,2316497.0,0.0
2016-12-27,64.9033,65.2024,64.8036,65.2024,1825514.0,0.0
2016-12-28,65.2024,66.0,65.1027,65.9003,4765395.0,0.0
2016-12-29,65.8006,65.8006,65.2024,65.3021,5445951.0,0.0
2016-12-30,65.8006,66.0997,65.6012,65.9003,4437404.0,0.0
2017-01-03,65.9003,66.0,65.003,65.4018,5727301.0,0.0
2017-01-04,65.4018,66.0,65.4018,65.4018,6351185.0,0.0
2017-01-05,65.9003,66.4985,65.6012,66.2991,5626998.0,0.0
2017-01-06,66.6979,67.994,66.6979,67.994,8874809.0,0.0
2017-01-09,68.1934,68.2931,67.5952,68.1934,5752878.0,0.0
2017-01-10,68.1934,68.5922,67.8943,68.5922,5154069.0,0.0
2017-01-11,68.6919,68.6919,67.5952,67.7946,5415860.0,0.0
2017-01-12,68.3928,69.0907,68.0937,69.0907,7140570.0,0.0
2017-01-13,68.6919,69.1904,68.2931,69.1904,5160589.0,0.0
2017-01-16,69.3897,69.3897,67.7946,68.7916,4263880.0,0.0
2017-01-17,68.6919,69.1904,68.5922,69.0907,3377202.0,0.0
2017-01-18,69.0907,69.1904,68.7916,68.991,4828084.0,0.0
2017-01-19,68.8913,68.8913,67.8943,67.8943,6941469.0,0.0
2017-01-20,67.6949,67.7946,66.3988,66.4985,8946024.0,0.0
2017-01-23,66.6979,67.5952,66.4985,67.1964,6622004.0,0.0
2017-01-24,66.5982,68.4925,66.5982,68.3928,5924396.0,0.0
2017-02-02,71.7825,72.9789,71.6828,72.8792,27332065.0,0.0
2017-02-03,73.5771,74.7734,73.278,74.7734,20811869.0,0.0
2017-02-06,75.2719,75.3716,74.3746,74.8731,10755490.0,0.0
2017-02-07,74.574,74.7734,73.4774,73.8762,9267495.0,0.0
2017-02-08,73.7765,76.0695,73.7765,75.9698,17261143.0,0.0
2017-02-09,76.0,77.0,75.6,77.0,10754500.0,0.0
2017-02-10,76.7,76.9,75.8,76.7,11817000.0,0.0
2017-02-13,76.3,76.5,75.6,76.5,5497500.0,0.0
2017-02-14,75.8,76.6,75.7,76.4,6619000.0,0.0
2017-02-15,76.4,77.8,76.2,77.7,12446500.0,0.0
2017-02-16,77.8,78.2,76.4,76.5,9656500.0,0.0
2017-02-17,77.0,77.0,76.1,76.1,4796500.0,0.0
2017-02-20,76.2,76.5,75.6,75.7,3582000.0,0.0
2017-02-21,76.6,77.0,76.0,76.7,8681500.0,0.0
2017-02-22,77.0,77.6,77.0,77.4,9350000.0,0.0
2017-02-23,77.4,77.4,76.5,76.6,8425500.0,0.0
2017-02-24,77.2,77.2,76.3,76.3,4176500.0,0.0
2017-03-01,76.3,76.4,74.9,74.9,6323000.0,0.0
2017-03-02,75.4,76.4,74.9,75.9,6319000.0,0.0
2017-03-03,76.7,76.9,75.3,75.6,8004000.0,0.0
2017-03-06,75.8,76.6,75.7,76.3,5356000.0,0.0
2017-03-07,76.5,77.7,76.4,76.7,8453500.0,0.0
2017-03-08,76.8,77.0,76.0,76.7,3941000.0,0.0
2017-03-09,76.5,76.5,75.6,75.6,5889000.0,0.0
2017-03-10,75.2,75.6,75.0,75.4,2773000.0,0.0
2017-03-13,75.8,77.5,75.6,77.1,6949000.0,0.0
2017-03-14,77.3,77.8,77.1,77.4,9443000.0,0.0
2017-03-15,77.3,77.4,76.8,77.1,3627500.0,0.0
2017-03-16,77.1,78.6,77.1,77.5,11717000.0,0.0
2017-03-17,77.9,78.4,77.7,78.4,10351000.0,0.0
2017-03-20,78.4,78.8,78.4,78.6,7174500.0,0.0
2017-03-21,78.9,79.0,78.5,78.6,8966500.0,0.0
2017-03-22,77.8,78.9,77.4,78.9,9221000.0,0.0
2017-03-23,79.0,79.4,78.1,78.4,7734500.0,0.0
2017-03-24,78.4,79.5,78.4,79.3,6419000.0,0.0
2017-03-27,78.8,79.6,78.8,79.3,7112500.0,0.0
2017-03-28,79.6,79.8,79.3,79.8,7315500.0,0.0
2017-03-29,79.8,79.8,79.1,79.4,6172500.0,0.0
2017-03-30,79.2,79.5,78.9,79.4,6840000.0,0.0
2017-03-31,76.1,77.6,75.8,77.5,26223500.0,0.0
2017-04-05,78.0,78.6,77.4,78.6,13427000.0,0.0
2017-04-06,78.4,78.4,77.1,78.0,5346000.0,0.0
2017-04-07,77.2,77.6,76.5,77.4,6191000.0,0.0
2017-04-10,77.4,78.0,77.4,77.9,6003000.0,0.0
2017-04-11,76.8,77.8,76.8,77.4,4125500.0,0.0
2017-04-12,77.0,77.2,76.4,76.6,4274000.0,0.0
2017-04-13,76.2,77.4,76.0,76.0,3017500.0,0.0
2017-04-14,75.4,75.8,75.4,75.7,2816000.0,0.0
2017-04-17,75.7,76.0,75.0,75.3,1840500.0,0.0
2017-04-18,75.5,76.0,74.8,74.8,3468500.0,0.0
2017-04-19,74.8,75.4,74.2,74.3,6427500.0,0.0
2017-04-20,74.0,74.6,73.8,74.6,4086500.0,0.0
2017-04-21,74.8,76.2,74.8,75.7,4264000.0,0.0
2017-04-24,76.0,76.3,75.5,75.9,2069000.0,0.0
2017-04-25,76.3,77.0,76.0,77.0,4776500.0,0.0
2017-04-26,77.4,77.4,76.3,76.5,4626000.0,0.0
2017-04-27,76.0,76.2,75.6,75.8,2417000.0,0.0
2017-04-28,75.3,76.0,75.0,75.9,8015500.0,0.0
2017-05-02,74.9,75.4,74.7,75.1,4991500.0,0.0
2017-05-03,74.8,75.0,74.3,74.7,4538500.0,0.0
2017-05-04,74.4,75.1,74.4,75.0,3512000.0,0.0
2017-05-05,74.6,74.7,74.0,74.2,4814000.0,0.0
2017-05-08,74.4,74.7,73.9,74.0,4143000.0,0.0
2017-05-09,74.0,74.5,73.7,74.0,5355000.0,0.0
2017-05-10,74.1,75.5,74.0,74.0,4432500.0,0.0
2017-05-11,74.4,76.0,74.4,76.0,6023500.0,0.0
2017-05-12,75.5,75.6,74.7,74.9,2712000.0,0.0
2017-05-15,74.4,74.6,73.7,74.6,5843000.0,0.0
2017-05-16,74.6,74.7,74.0,74.0,3720500.0,0.0
2017-05-17,74.7,76.8,74.7,76.3,9897000.0,0.0
2017-05-18,75.7,75.8,75.2,75.8,4220000.0,0.0
2017-05-19,75.4,76.0,75.2,75.6,7569000.0,0.0
2017-05-22,76.1,76.1,75.2,75.2,4094000.0,0.0
2017-05-23,75.0,76.2,74.9,76.2,4170500.0,0.0
2017-05-24,76.6,77.0,76.4,76.8,7014500.0,0.0
2017-05-25,77.0,77.2,76.2,77.2,4500500.0,0.0
2017-05-26,77.2,77.8,76.4,77.5,7528000.0,0.0
2017-05-31,77.3,77.8,76.2,77.0,13095000.0,0.0
2017-06-01,77.0,77.4,76.4,77.3,4290500.0,0.0
2017-06-02,77.6,77.6,77.0,77.5,4800500.0,0.0
2017-06-05,77.2,78.6,77.2,78.6,8951500.0,0.0
2017-06-06,78.4,79.0,77.4,78.8,7901500.0,0.0
2017-06-07,77.0,77.8,75.8,77.0,14788000.0,0.0
2017-06-08,77.4,77.4,76.7,76.9,3117000.0,0.0
2017-06-09,77.0,77.0,76.4,76.5,6941500.0,0.0
2017-06-12,75.8,75.8,74.8,74.8,9455500.0,0.0
2017-06-13,75.1,75.2,74.6,74.6,7000000.0,0.0
2017-06-14,74.7,74.9,74.4,74.7,6861500.0,0.0
2017-06-15,74.7,74.8,74.6,74.7,3225000.0,0.0
2017-06-16,75.0,75.0,74.6,74.6,6672500.0,0.0
2017-06-19,74.7,75.1,74.6,75.1,3651500.0,0.0
2017-06-20,75.4,75.6,75.0,75.2,3927500.0,0.0
2017-06-21,74.8,75.1,74.6,74.8,7093500.0,0.0
2017-06-22,75.6,75.8,75.1,75.5,4287500.0,0.0
2017-06-23,75.6,76.1,75.2,75.8,10002000.0,0.0
2017-06-26,75.6,76.8,75.6,76.6,8518500.0,0.0
2017-06-27,76.8,77.0,76.3,77.0,9793500.0,0.0
2017-06-28,76.3,77.2,76.3,76.6,8658500.0,0.0
2017-06-29,77.4,77.8,77.1,77.7,10539000.0,0.0
2017-06-30,77.4,78.1,77.2,78.1,8576000.0,0.0
2017-07-03,78.0,78.3,77.7,78.1,7392000.0,0.0
2017-07-04,77.5,77.5,77.0,77.2,6400000.0,0.0
2017-07-05,77.1,77.8,76.8,77.5,5153500.0,0.0
2017-07-06,77.2,78.0,77.0,78.0,5351000.0,0.0
2017-07-07,77.4,77.7,77.1,77.1,4919500.0,0.0
2017-07-10,76.8,77.4,76.8,77.4,4403000.0,0.0
2017-07-11,77.5,78.1,77.0,78.0,5877000.0,0.0
2017-07-12,78.3,78.5,77.9,78.3,5490500.0,0.0
2017-07-13,78.4,78.8,78.4,78.6,7050000.0,0.0
2017-07-14,78.7,79.2,78.7,79.1,5861000.0,0.0
2017-07-17,79.6,79.8,78.9,78.9,4574000.0,0.0
2017-07-18,78.9,79.2,78.5,79.1,2722500.0,0.0
2017-07-19,79.3,79.6,79.0,79.6,7512500.0,0.0
2017-07-20,79.8,80.2,79.6,80.2,7859000.0,0.0
2017-07-21,79.8,80.0,78.5,79.4,7881000.0,0.0
2017-07-24,79.6,80.2,78.8,80.2,6717000.0,0.0
2017-07-25,80.0,80.2,79.6,80.0,5930000.0,0.0
2017-07-26,80.0,80.1,79.6,79.9,5284000.0,0.0
2017-07-27,80.0,81.7,79.8,81.7,10764500.0,0.0
2017-07-28,81.0,81.4,80.0,81.2,7270500.0,0.0
2017-07-31,80.6,81.2,79.8,81.2,12562000.0,0.0
2017-08-01,81.4,81.6,80.5,80.6,9062500.0,0.0
2017-08-02,81.0,81.1,79.9,80.0,8709500.0,0.0
2017-08-03,79.2,80.1,79.2,80.0,4453000.0,0.0
2017-08-04,80.0,80.0,79.7,80.0,3297000.0,0.0
2017-08-07,79.4,79.7,77.7,78.5,11700000.0,0.0
2017-08-08,79.0,79.6,78.5,79.4,11352500.0,0.0
2017-08-09,76.5,76.5,75.6,76.1,9397500.0,2.7553
2017-08-10,76.1,76.1,74.6,75.7,7240500.0,0.0
2017-08-11,74.6,75.7,74.5,75.7,7548500.0,0.0
2017-08-14,75.7,75.7,73.7,73.8,11106000.0,0.0
2017-08-15,74.4,75.4,74.2,75.2,7842000.0,0.0
2017-08-16,74.9,75.0,74.0,74.3,10386500.0,0.0
2017-08-17,74.4,74.6,74.0,74.2,7328000.0,0.0
2017-08-18,73.8,73.8,73.2,73.6,8318500.0,0.0
2017-08-21,73.5,73.7,72.4,73.7,8133310.0,0.0
2017-08-22,73.6,74.4,73.5,73.8,7024867.0,0.0
2017-08-23,74.0,74.3,73.0,73.7,9765001.0,0.0
2017-08-24,73.3,74.0,73.3,73.9,5787960.0,0.0
2017-08-25,74.1,74.4,73.2,73.5,4943877.0,0.0
2017-08-28,73.4,73.4,72.8,73.2,6964111.0,0.0
2017-08-29,72.9,73.4,72.5,73.3,5679285.0,0.0
2017-08-30,73.7,73.9,72.8,73.0,9435683.0,0.0
2017-08-31,73.2,73.5,72.8,72.8,9648177.0,0.0
2017-09-01,72.8,73.4,72.5,72.8,5318751.0,0.0
2017-09-04,73.1,73.3,72.8,73.0,2838773.0,0.0
2017-09-05,73.2,73.2,72.5,72.7,5120273.0,0.0
2017-09-06,72.7,73.2,72.7,73.2,4026857.0,0.0
2017-09-07,73.1,73.4,73.0,73.4,4494575.0,0.0
2017-09-08,73.7,74.0,73.6,74.0,5808959.0,0.0
2017-09-11,74.5,74.7,73.0,73.2,6460313.0,0.0
2017-09-12,73.2,73.5,72.8,73.2,5866370.0,0.0
2017-09-13,72.9,73.0,71.1,71.2,19347738.0,0.0
2017-09-14,71.1,71.8,70.7,71.5,11570339.0,0.0
2017-09-15,71.3,71.9,71.3,71.6,14047332.0,0.0
2017-09-18,72.1,73.5,72.1,73.5,10127852.0,0.0
2017-09-19,73.7,74.3,73.3,73.6,12480358.0,0.0
2017-09-20,73.9,74.6,73.9,74.2,12824721.0,0.0
2017-09-21,74.1,74.8,73.6,74.2,11170465.0,0.0
2017-09-22,74.6,74.7,73.3,73.4,6225387.0,0.0
2017-09-25,73.8,73.9,72.3,72.9,6923727.0,0.0
2017-09-26,72.5,73.1,72.1,72.5,9058099.0,0.0
2017-09-27,72.1,73.1,72.1,73.0,6967091.0,0.0
2017-09-28,72.3,73.2,72.3,73.1,9021059.0,0.0
2017-09-29,73.3,74.6,73.0,74.2,10867110.0,0.0
2017-10-02,74.5,74.6,74.0,74.4,3249989.0,0.0
2017-10-03,74.4,74.6,73.8,74.6,3623604.0,0.0
2017-10-05,74.2,74.9,74.2,74.6,3336820.0,0.0
2017-10-06,74.7,75.2,74.6,75.1,5260953.0,0.0
2017-10-11,75.3,75.7,74.8,75.4,9437719.0,0.0
2017-10-12,75.3,76.5,75.2,76.2,10335616.0,0.0
2017-10-13,76.3,76.4,75.6,76.1,6933646.0,0.0
2017-10-16,76.2,76.5,75.7,75.9,5177641.0,0.0
2017-10-17,75.8,75.9,74.4,75.2,6453687.0,0.0
2017-10-18,74.8,75.2,74.8,75.1,4621621.0,0.0
2017-10-19,74.6,75.0,74.3,74.6,6359889.0,0.0
2017-10-20,74.2,74.3,73.6,73.6,6971337.0,0.0
2017-10-23,73.8,75.6,73.8,75.6,6100805.0,0.0
2017-10-24,75.3,75.3,74.6,74.9,3305930.0,0.0
2017-10-25,75.4,75.4,74.7,75.2,2916452.0,0.0
2017-10-26,75.1,75.1,74.5,74.7,4163992.0,0.0
2017-10-27,74.9,75.4,74.9,75.0,4617035.0,0.0
2017-10-30,75.2,75.4,73.6,73.9,10069165.0,0.0
2017-10-31,73.4,73.6,72.6,72.7,10128190.0,0.0
2017-11-01,72.8,73.3,72.7,72.8,4433451.0,0.0
2017-11-02,72.8,74.2,72.8,74.2,4760084.0,0.0
2017-11-03,73.8,74.0,73.3,74.0,2606588.0,0.0
2017-11-06,73.1,74.0,73.0,73.6,5157143.0,0.0
2017-11-07,73.7,73.8,73.3,73.5,3787412.0,0.0
2017-11-08,73.4,74.4,73.4,74.2,4722898.0,0.0
2017-11-09,74.5,74.5,73.6,74.2,4654060.0,0.0
2017-11-10,73.7,74.4,73.2,74.3,3140305.0,0.0
2017-11-13,74.2,75.0,73.5,74.5,6801960.0,0.0
2017-11-14,74.8,76.3,74.6,75.8,17044595.0,0.0
2017-11-15,76.0,76.5,75.5,75.7,13433991.0,0.0
2017-11-16,75.2,75.4,74.6,74.6,4071412.0,0.0
2017-11-17,74.9,75.2,74.5,75.0,5029002.0,0.0
2017-11-20,75.2,76.0,73.8,74.1,5617653.0,0.0
2017-11-21,74.1,74.7,74.1,74.5,5094487.0,0.0
2017-11-22,74.5,75.8,74.5,75.6,7720737.0,0.0
2017-11-23,75.8,76.3,75.1,76.0,10312616.0,0.0
2017-11-24,76.4,77.6,76.2,77.0,16206594.0,0.0
2017-11-27,84.7,84.7,82.4,83.5,74797701.0,0.0
2017-11-28,83.7,83.8,77.9,78.9,28797774.0,0.0
2017-11-29,79.7,79.9,78.7,79.0,10703171.0,0.0
2017-11-30,77.9,78.4,77.7,77.7,14838178.0,0.0
2017-12-01,77.8,78.3,75.6,77.2,13354212.0,0.0
2017-12-04,76.9,77.1,76.1,77.1,5810403.0,0.0
2017-12-05,76.8,78.5,76.3,78.0,10353886.0,0.0
2017-12-06,78.0,78.4,76.3,76.9,8321692.0,0.0
2017-12-07,76.5,76.9,76.2,76.5,4796373.0,0.0
2017-12-08,76.5,76.7,75.5,76.0,7595579.0,0.0
2017-12-11,76.0,77.4,75.8,76.2,5929161.0,0.0
2017-12-12,77.3,78.5,77.0,77.9,10764351.0,0.0
2017-12-13,77.9,77.9,77.0,77.7,2666195.0,0.0
2017-12-14,77.9,78.4,77.4,78.1,3953186.0,0.0
2017-12-15,77.5,77.7,75.7,76.8,8245355.0,0.0
2017-12-18,76.6,76.6,75.9,76.0,3738217.0,0.0
2017-12-19,76.0,76.0,74.9,75.2,7248102.0,0.0
2017-12-20,75.7,76.1,75.1,75.2,6550749.0,0.0
2017-12-21,75.7,76.4,75.6,76.2,3992246.0,0.0
2017-12-22,76.4,76.6,75.7,76.0,2929511.0,0.0
2017-12-25,76.0,76.3,75.8,75.8,1231613.0,0.0
2017-12-26,75.2,75.4,74.8,74.9,2685466.0,0.0
2017-12-27,74.8,75.0,74.6,74.7,2110586.0,0.0
2017-12-28,74.8,75.3,74.7,75.1,3543374.0,0.0
2017-12-29,75.2,76.6,75.1,76.3,5417949.0,0.0
2018-01-02,76.2,76.6,75.8,76.6,2408135.0,0.0
2018-01-03,77.1,77.5,76.8,77.4,4631364.0,0.0
2018-01-04,77.6,78.4,77.0,78.2,8913870.0,0.0
2018-01-05,78.4,78.5,77.6,77.8,5465472.0,0.0
2018-01-08,78.0,78.3,77.6,78.1,5441837.0,0.0
2018-01-09,77.6,78.0,77.5,78.0,2794413.0,0.0
2018-01-10,78.0,78.1,77.2,78.0,3614178.0,0.0
2018-01-11,77.4,77.6,77.0,77.6,2281423.0,0.0
2018-01-12,77.5,77.8,77.3,77.6,4403564.0,0.0
2018-01-15,79.2,80.5,79.1,80.5,12709573.0,0.0
2018-01-16,80.3,80.9,79.7,80.9,6456880.0,0.0
2018-01-17,80.5,84.0,80.2,82.8,19834312.0,0.0
2018-01-18,83.0,84.8,83.0,83.7,16953424.0,0.0
2018-01-19,83.9,84.4,83.6,84.0,9877137.0,0.0
2018-01-22,84.2,85.5,84.1,84.6,16006483.0,0.0
2018-01-23,84.5,84.5,83.0,83.9,8152349.0,0.0
2018-01-24,84.0,84.8,83.6,84.1,7214693.0,0.0
2018-01-25,84.0,84.1,82.1,82.4,11339882.0,0.0
2018-01-26,82.4,84.6,82.0,83.4,6757544.0,0.0
2018-01-29,84.0,85.2,83.4,84.0,6132966.0,0.0
2018-01-30,84.0,84.0,82.9,83.6,6175783.0,0.0
2018-01-31,83.2,83.2,81.6,82.8,6452346.0,0.0
2018-02-01,82.8,82.9,80.6,81.3,9343874.0,0.0
2018-02-02,81.8,83.4,81.8,83.4,10700183.0,0.0
2018-02-05,81.8,82.2,80.7,81.7,8431604.0,0.0
2018-02-06,79.6,79.8,76.2,79.0,14823537.0,0.0
2018-02-07,80.0,80.0,78.0,78.0,8967653.0,0.0
2018-02-08,78.4,78.5,77.6,78.0,3756885.0,0.0
2018-02-09,76.1,76.1,75.0,75.8,9394690.0,0.0
2018-02-12,77.0,77.1,76.7,77.0,6749438.0,0.0
2018-02-21,80.6,80.7,79.0,80.2,13174602.0,0.0
2018-02-22,79.8,79.8,78.5,79.0,7998435.0,0.0
2018-02-23,78.9,79.6,78.7,79.5,5810428.0,0.0
2018-02-26,80.0,80.0,79.1,79.2,6553540.0,0.0
2018-02-27,79.8,80.4,79.5,79.5,15130607.0,0.0
2018-03-01,79.6,80.8,78.8,80.3,9327010.0,0.0
2018-03-02,79.2,80.7,78.7,80.7,8834564.0,0.0
2018-03-05,81.1,81.3,79.5,80.0,6891752.0,0.0
2018-03-06,81.3,82.2,80.7,82.2,8896342.0,0.0
2018-03-07,82.7,82.8,81.9,82.3,8081737.0,0.0
2018-03-08,82.9,85.2,82.9,84.1,10931384.0,0.0
2018-03-09,85.6,86.2,84.3,84.9,13622093.0,0.0
2018-03-12,86.2,86.3,85.1,85.9,13761491.0,0.0
2018-03-13,85.9,86.0,85.0,86.0,9701493.0,0.0
2018-03-14,85.7,85.7,84.6,85.2,5611644.0,0.0
2018-03-15,84.6,84.7,83.8,84.2,7708601.0,0.0
2018-03-16,84.2,84.2,83.4,83.5,11131191.0,0.0
2018-03-19,83.9,84.4,83.8,84.2,4372158.0,0.0
2018-03-20,83.8,84.1,83.4,84.0,3934468.0,0.0
2018-03-21,84.4,86.3,84.2,86.3,11793486.0,0.0
2018-03-22,89.0,89.1,85.0,85.4,13213823.0,0.0
2018-03-23,83.5,84.4,83.2,84.0,7028175.0,0.0
2018-03-26,83.6,83.8,82.7,83.7,4299965.0,0.0
2018-03-27,84.5,85.3,84.2,84.6,6391674.0,0.0
2018-03-28,84.6,87.7,84.6,85.9,19174063.0,0.0
2018-03-29,85.7,85.7,83.6,84.3,12279447.0,0.0
2018-03-30,84.4,85.0,83.8,83.9,9361959.0,0.0
2018-04-02,84.0,84.9,84.0,84.5,4007724.0,0.0
2018-04-03,84.0,84.3,83.1,83.7,9270541.0,0.0
2018-04-09,85.9,86.0,84.2,86.0,8752383.0,0.0
2018-04-10,85.9,86.0,85.0,86.0,9118237.0,0.0
2018-04-11,86.2,86.3,85.3,85.3,8313131.0,0.0
2018-04-12,85.7,85.9,84.5,85.2,6846140.0,0.0
2018-04-13,85.3,90.4,85.0,88.7,25620403.0,0.0
2018-04-16,91.4,91.9,89.2,91.0,42160703.0,0.0
2018-04-17,91.8,92.2,88.3,89.0,43095292.0,0.0
2018-04-18,89.0,89.0,89.0,89.0,0.0,0.0
2018-04-19,89.0,89.0,89.0,89.0,0.0,0.0
2018-04-20,89.0,89.0,89.0,89.0,0.0,0.0
2018-04-23,89.0,89.0,89.0,89.0,0.0,0.0
2018-04-24,89.0,89.0,89.0,89.0,0.0,0.0
2018-04-25,89.0,89.0,89.0,89.0,0.0,0.0
2018-04-26,89.0,89.0,89.0,89.0,0.0,0.0
2018-04-27,89.0,89.0,89.0,89.0,0.0,0.0
2018-04-30,80.1,84.6,80.1,80.3,38764382.0,0.0
2018-05-02,80.8,82.2,75.1,75.7,33905428.0,0.0
2018-05-03,75.6,77.1,73.6,75.1,19458281.0,0.0
2018-05-04,77.5,82.3,76.7,80.2,23170024.0,0.0
2018-05-07,82.0,82.5,78.9,79.0,18888326.0,0.0
2018-05-08,78.5,78.5,77.6,77.7,11163106.0,0.0
2018-05-09,77.2,78.4,76.5,77.2,9160314.0,0.0
2018-05-10,77.9,78.6,77.7,78.5,10000939.0,0.0
2018-05-11,80.0,80.3,78.9,79.8,8995769.0,0.0
2018-05-14,80.8,80.8,79.8,79.8,6418451.0,0.0
2018-05-15,79.8,80.7,79.7,79.7,7211833.0,0.0
2018-05-16,80.4,80.4,79.4,79.5,6025484.0,0.0
2018-05-17,79.8,79.9,77.5,77.8,7211278.0,0.0
2018-05-18,78.0,79.8,78.0,78.7,5076011.0,0.0
2018-05-21,79.0,80.5,78.9,79.8,5989916.0,0.0
2018-05-22,80.2,80.2,79.0,79.0,5787443.0,0.0
2018-05-23,79.0,79.5,78.5,78.5,3946888.0,0.0
2018-05-24,78.8,79.0,78.1,78.1,4529107.0,0.0
2018-05-25,78.5,79.4,77.8,79.0,3465884.0,0.0
2018-05-28,79.0,79.0,78.1,78.2,4222072.0,0.0
2018-05-29,78.2,78.7,78.0,78.1,2951022.0,0.0
2018-05-30,77.2,77.6,74.9,75.3,14202626.0,0.0
2018-05-31,75.7,76.0,75.2,76.0,14269661.0,0.0
2018-06-01,75.4,76.2,75.2,76.0,5744263.0,0.0
2018-06-04,76.0,76.9,75.8,76.8,7809428.0,0.0
2018-06-05,76.6,77.4,76.2,76.8,5882702.0,0.0
2018-06-06,77.0,78.2,76.9,77.6,5827952.0,0.0
2018-06-07,78.1,79.2,78.1,78.4,11069649.0,0.0
2018-06-08,78.0,78.1,77.3,77.5,4849594.0,0.0
2018-06-11,77.6,77.7,76.1,76.1,10108724.0,0.0
2018-06-12,75.4,75.8,74.8,75.6,13804384.0,0.0
2018-06-13,75.6,76.1,75.3,75.6,7696383.0,0.0
2018-06-14,75.0,75.2,74.5,74.5,10189033.0,0.0
2018-06-15,74.5,74.6,73.7,74.4,17459431.0,0.0
2018-06-19,73.5,73.7,72.0,72.1,14610261.0,0.0
2018-06-20,71.9,72.9,70.9,72.1,14817766.0,0.0
2018-06-21,72.3,72.8,72.1,72.6,8039330.0,0.0
2018-06-22,71.6,72.3,71.3,72.3,8179996.0,0.0
2018-06-25,71.7,72.9,71.6,72.4,5144174.0,0.0
2018-06-26,71.9,72.1,70.6,71.5,7454434.0,0.0
2018-06-27,71.8,72.3,70.8,70.8,7864441.0,0.0
2018-06-28,70.7,72.6,70.1,70.9,8822302.0,0.0
2018-06-29,70.9,71.7,70.5,71.6,8481286.0,0.0
2018-07-02,71.4,72.5,70.9,70.9,6012119.0,0.0
2018-07-03,70.9,71.3,68.9,69.5,9624388.0,0.0
2018-07-04,69.5,70.5,69.4,70.0,5227851.0,0.0
2018-07-05,69.6,70.0,69.3,69.6,4943180.0,0.0
2018-07-06,69.6,70.2,68.4,68.8,5267845.0,0.0
2018-07-09,69.3,70.9,69.1,70.0,4447601.0,0.0
2018-07-10,70.8,70.9,69.6,69.6,4113445.0,0.0
2018-07-11,69.2,70.0,68.9,69.4,5531492.0,0.0
2018-07-12,69.1,71.8,69.1,70.7,7576597.0,0.0
2018-07-13,71.2,72.4,70.9,72.1,6868101.0,0.0
2018-07-16,72.1,72.4,71.1,71.1,3613742.0,0.0
2018-07-17,71.6,71.7,70.7,71.4,5781581.0,0.0
2018-07-18,72.0,73.5,71.8,72.6,9009402.0,0.0
2018-07-19,73.0,73.6,72.3,72.3,6085449.0,0.0
2018-07-20,73.0,73.7,69.8,70.6,12558355.0,0.0
2018-07-23,70.2,71.1,69.8,70.0,9688691.0,0.0
2018-07-24,69.8,70.7,69.8,70.7,5321007.0,0.0
2018-07-25,70.8,70.9,70.2,70.2,7396659.0,0.0
2018-07-26,70.7,71.8,70.3,71.2,7086580.0,0.0
2018-07-27,71.7,74.7,71.2,74.6,12424150.0,0.0
2018-07-30,78.4,79.2,77.8,78.5,23761677.0,0.0
2018-07-31,77.8,78.4,76.5,78.4,17163255.0,0.0
2018-08-01,77.7,78.2,77.5,78.0,7998527.0,0.0
2018-08-02,77.9,78.4,76.4,76.6,8007868.0,0.0
2018-08-03,76.8,77.4,76.8,77.3,3817077.0,0.0
2018-08-06,77.4,78.0,77.0,77.6,3201322.0,0.0
2018-08-07,77.7,77.9,77.3,77.4,5762734.0,0.0
2018-08-08,77.5,78.5,77.5,78.4,7423568.0,0.0
2018-08-09,78.4,78.4,78.4,78.4,0.0,0.0
2018-08-10,76.0,76.7,76.0,76.7,5647589.0,2.4993
2018-08-13,76.5,76.5,73.1,74.6,8722754.0,0.0
2018-08-14,74.6,75.0,74.0,74.9,5447371.0,0.0
2018-08-15,74.5,74.6,72.8,73.1,7551091.0,0.0
2018-08-16,72.2,73.9,72.1,73.1,4510031.0,0.0
2018-08-17,73.6,73.9,73.2,73.7,2901826.0,0.0
2018-08-20,73.1,73.9,72.7,73.2,4674124.0,0.0
2018-08-21,73.5,73.9,73.0,73.0,3486058.0,0.0
2018-08-22,73.1,74.0,73.1,74.0,3607009.0,0.0
2018-08-23,73.9,74.5,73.1,73.9,4213575.0,0.0
2018-08-24,73.3,73.6,72.9,73.3,3195816.0,0.0
2018-08-27,73.8,73.8,73.0,73.1,1977469.0,0.0
2018-08-28,73.3,74.2,73.2,73.9,3057083.0,0.0
2018-08-29,73.9,74.8,73.9,74.8,3972845.0,0.0
2018-08-30,75.0,75.5,74.1,74.3,3617234.0,0.0
2018-08-31,74.0,75.3,73.4,75.3,7601345.0,0.0
2018-09-03,74.8,75.2,73.8,74.3,2163346.0,0.0
2018-09-04,74.5,74.5,73.7,73.9,1741492.0,0.0
2018-09-05,73.7,74.8,73.7,73.8,5273374.0,0.0
2018-09-06,73.1,73.8,72.5,72.5,5280538.0,0.0
2018-09-07,72.5,72.9,71.7,71.7,6380842.0,0.0
2018-09-10,71.5,71.6,69.0,69.6,6825584.0,0.0
2018-09-11,70.5,70.9,69.9,70.9,5486831.0,0.0
2018-09-12,70.7,70.8,70.1,70.6,5786148.0,0.0
2018-09-13,70.5,71.5,70.1,71.4,7470605.0,0.0
2018-09-14,71.8,73.0,71.6,72.7,6327288.0,0.0
2018-09-17,72.9,73.0,72.3,72.5,4282720.0,0.0
2018-09-18,71.9,72.6,71.5,72.0,3993899.0,0.0
2018-09-19,72.5,73.0,71.8,73.0,6463124.0,0.0
2018-09-20,73.4,73.4,72.1,72.7,4600964.0,0.0
2018-09-21,73.4,74.1,72.5,73.5,8932619.0,0.0
2018-09-25,73.6,75.3,72.7,74.3,6834162.0,0.0
2018-09-26,74.0,74.6,74.0,74.1,2163302.0,0.0
2018-09-27,74.1,74.8,73.4,74.1,5849387.0,0.0
2018-09-28,75.2,75.8,74.1,74.5,10290071.0,0.0
2018-10-01,75.6,76.6,74.9,74.9,7947747.0,0.0
2018-10-02,75.3,75.6,73.8,74.9,6975654.0,0.0
2018-10-03,75.4,75.8,75.0,75.4,6458769.0,0.0
2018-10-04,75.1,75.2,73.0,73.1,9288355.0,0.0
2018-10-05,72.7,72.7,70.2,70.7,8040054.0,0.0
2018-10-08,70.4,71.2,69.6,69.7,8193460.0,0.0
2018-10-09,69.9,70.0,68.6,68.6,9104937.0,0.0
2018-10-11,63.6,64.8,61.8,61.8,29239979.0,0.0
2018-10-12,62.4,63.8,61.3,63.7,9785414.0,0.0
2018-10-15,63.3,64.2,62.7,63.3,8567902.0,0.0
2018-10-16,64.4,64.8,62.8,64.0,6738872.0,0.0
2018-10-17,65.0,65.1,64.1,65.0,4359338.0,0.0
2018-10-18,64.8,64.8,63.1,63.2,5196490.0,0.0
2018-10-19,61.9,62.4,60.9,62.4,13749320.0,0.0
2018-10-22,61.3,63.4,61.2,62.2,5883143.0,0.0
2018-10-23,61.7,62.4,61.3,61.9,5553424.0,0.0
2018-10-24,61.5,62.8,60.8,62.2,8011015.0,0.0
2018-10-25,60.4,61.5,60.1,60.6,7681320.0,0.0
2018-10-26,60.9,62.0,60.7,61.7,7678627.0,0.0
2018-10-29,62.3,62.5,61.1,61.2,6919061.0,0.0
2018-10-30,60.9,61.9,60.8,61.3,6214437.0,0.0
2018-10-31,61.1,62.4,60.6,62.4,10877503.0,0.0
2018-11-01,61.6,62.9,61.5,62.6,5843744.0,0.0
2018-11-02,63.4,63.6,62.1,62.6,5097098.0,0.0
2018-11-05,61.6,62.4,61.3,62.4,4639565.0,0.0
2018-11-06,62.3,62.4,61.0,61.6,4153216.0,0.0
2018-11-07,61.6,61.7,60.9,61.2,6534002.0,0.0
2018-11-08,61.9,62.0,61.6,61.8,5327453.0,0.0
2018-11-09,61.6,61.6,60.5,60.6,4134793.0,0.0
2018-11-12,60.8,62.0,60.7,61.0,5878199.0,0.0
2018-11-13,59.4,60.0,59.3,59.5,8210603.0,0.0
2018-11-14,59.7,59.9,59.2,59.5,5494162.0,0.0
2018-11-15,59.9,59.9,59.2,59.5,5707222.0,0.0
2018-11-16,60.5,60.5,59.8,60.3,5447745.0,0.0
2018-11-19,60.0,60.3,59.3,59.7,5158365.0,0.0
2018-11-20,58.8,59.2,57.6,57.6,10987139.0,0.0
2018-11-21,57.0,57.1,56.2,56.6,15073140.0,0.0
2018-11-22,56.5,56.9,56.3,56.5,6289193.0,0.0
2018-11-23,56.6,56.8,56.1,56.4,4519641.0,0.0
2018-11-26,56.6,58.4,56.6,57.4,6968761.0,0.0
2018-11-27,57.4,58.7,56.8,58.0,7223399.0,0.0
2018-11-28,58.9,63.3,58.5,62.5,18417288.0,0.0
2018-11-29,63.2,63.8,62.0,62.0,14745938.0,0.0
2018-11-30,62.2,62.4,61.4,62.4,15238287.0,0.0
2018-12-03,63.2,65.2,62.8,64.5,13506866.0,0.0
2018-12-04,64.6,65.0,64.0,64.6,8137156.0,0.0
2018-12-05,62.5,63.3,62.4,62.8,5418097.0,0.0
2018-12-06,61.5,61.6,59.5,59.7,14049564.0,0.0
2018-12-07,60.2,60.5,59.8,60.2,4912657.0,0.0
2018-12-10,58.8,60.1,58.8,59.4,5394400.0,0.0
2018-12-11,59.5,59.9,58.8,58.8,3673480.0,0.0
2018-12-12,59.2,60.7,58.6,60.0,7639141.0,0.0
2018-12-13,60.3,60.8,60.1,60.5,4040349.0,0.0
2018-12-14,60.0,60.8,59.6,60.3,5563091.0,0.0
2018-12-17,61.1,61.1,60.3,60.3,2986149.0,0.0
2018-12-18,60.0,60.4,59.7,59.8,5501239.0,0.0
2018-12-19,60.2,60.8,59.8,60.3,3549997.0,0.0
2018-12-20,60.0,60.3,59.6,59.8,4961686.0,0.0
2018-12-21,59.6,59.6,58.3,58.7,10391566.0,0.0
2018-12-24,58.8,59.3,58.1,58.1,6312355.0,0.0
2018-12-25,56.9,58.1,56.8,57.3,5147365.0,0.0
2018-12-26,57.6,58.1,57.0,57.0,2644937.0,0.0
2018-12-27,58.0,58.6,57.6,57.9,5468309.0,0.0
2018-12-28,57.8,58.4,57.6,58.3,4117797.0,0.0
2019-01-02,57.7,57.7,56.5,56.5,11621170.0,0.0
2019-01-03,54.8,56.6,54.0,56.0,14270437.0,0.0
2019-01-04,55.0,55.5,54.6,55.2,6542754.0,0.0
2019-01-07,55.7,55.7,55.0,55.0,8979815.0,0.0
2019-01-08,55.4,55.5,55.1,55.2,3775871.0,0.0
2019-01-09,55.5,56.6,55.3,56.3,8833251.0,0.0
2019-01-10,56.5,57.0,56.3,57.0,3647816.0,0.0
2019-01-11,57.2,57.7,56.8,57.6,5031521.0,0.0
2019-01-14,57.8,58.2,57.0,57.3,3483333.0,0.0
2019-01-15,57.4,58.6,57.3,58.6,7951325.0,0.0
2019-01-16,58.6,59.0,58.1,58.6,5289744.0,0.0
2019-01-17,58.7,59.1,57.6,58.1,4185744.0,0.0
2019-01-18,58.8,59.0,58.4,58.8,4046007.0,0.0
2019-01-21,59.3,60.0,58.8,58.8,4121143.0,0.0
2019-01-22,58.5,59.0,58.2,58.5,3109407.0,0.0
2019-01-23,58.4,58.9,58.0,58.3,2861067.0,0.0
2019-01-24,58.6,58.8,58.3,58.7,2080699.0,0.0
2019-01-25,59.8,60.6,59.4,60.5,9242191.0,0.0
2019-01-28,60.5,60.8,60.1,60.5,2286889.0,0.0
2019-01-29,60.2,60.2,59.0,59.9,4743095.0,0.0
2019-01-30,60.1,60.4,59.2,60.0,6035231.0,0.0
2019-02-11,60.1,60.3,58.5,58.8,7591657.0,0.0
2019-02-12,58.5,60.5,58.4,60.3,4034739.0,0.0
2019-02-13,60.2,60.4,59.0,59.6,4747235.0,0.0
2019-02-14,58.6,59.3,58.6,58.8,4753969.0,0.0
2019-02-15,58.5,59.5,58.5,58.9,2785198.0,0.0
2019-02-18,59.4,59.7,58.6,58.6,3706944.0,0.0
2019-02-19,58.7,59.1,58.6,58.6,2062938.0,0.0
2019-02-20,59.1,60.5,59.0,60.4,6873623.0,0.0
2019-02-21,60.4,60.4,59.4,59.9,4264777.0,0.0
2019-02-22,59.7,60.1,59.5,59.8,3849000.0,0.0
2019-02-25,60.1,62.3,60.0,62.0,7047763.0,0.0
2019-02-26,62.0,65.3,61.9,64.5,17048933.0,0.0
2019-02-27,65.0,65.1,62.5,62.9,16468676.0,0.0
2019-03-04,62.1,64.5,61.8,63.8,12309135.0,0.0
2019-03-05,63.0,63.8,62.8,63.5,8251344.0,0.0
2019-03-06,64.5,65.4,63.4,64.0,8562383.0,0.0
2019-03-07,64.4,64.7,63.0,63.1,6097643.0,0.0
2019-03-08,63.3,64.4,62.3,63.5,8877195.0,0.0
2019-03-11,63.0,63.2,62.2,62.2,6350609.0,0.0
2019-03-12,62.9,63.4,62.6,62.9,5486256.0,0.0
2019-03-13,62.5,63.2,62.3,63.0,4628379.0,0.0
2019-03-14,62.7,63.2,62.6,63.0,3690545.0,0.0
2019-03-15,63.0,63.3,62.1,62.1,12915557.0,0.0
2019-03-18,62.3,62.9,61.8,62.7,7304262.0,0.0
2019-03-19,62.8,63.1,62.2,62.6,7826984.0,0.0
2019-03-20,62.9,63.8,62.6,63.0,12732052.0,0.0
2019-03-21,63.5,63.9,62.9,63.7,7164672.0,0.0
2019-03-22,64.4,66.3,64.0,65.9,19681862.0,0.0
2019-03-25,64.8,65.2,64.2,65.0,6117577.0,0.0
2019-03-26,65.5,68.2,65.2,67.5,15544023.0,0.0
2019-03-27,68.0,69.7,67.8,68.4,20554759.0,0.0
2019-03-28,68.2,68.5,67.3,67.7,6248973.0,0.0
2019-03-29,68.2,68.2,66.6,67.5,10339498.0,0.0
2019-04-01,68.0,69.5,67.6,68.7,14491710.0,0.0
2019-04-02,71.0,71.9,69.2,70.6,27023245.0,0.0
2019-04-03,71.2,71.5,70.2,70.8,12154708.0,0.0
2019-04-08,71.6,71.6,70.2,70.6,8944204.0,0.0
2019-04-09,70.7,71.3,70.2,70.8,6141110.0,0.0
2019-04-10,70.9,71.8,70.6,71.8,7086961.0,0.0
2019-04-11,71.6,71.8,70.7,71.4,4793437.0,0.0
2019-04-12,70.6,70.9,69.7,69.7,8746770.0,0.0
2019-04-15,70.3,71.0,69.8,71.0,4192835.0,0.0
2019-04-16,70.3,71.3,70.0,71.0,4689182.0,0.0
2019-04-17,71.6,77.2,71.6,75.2,29499991.0,0.0
2019-04-18,75.0,76.4,73.4,74.1,19744752.0,0.0
2019-04-19,73.8,75.5,73.2,75.5,12760268.0,0.0
2019-04-22,75.5,75.7,74.6,75.0,7749558.0,0.0
2019-04-23,74.8,75.0,73.6,74.3,7121812.0,0.0
2019-04-24,74.3,74.4,72.6,73.1,15299865.0,0.0
2019-04-25,71.7,74.7,71.7,73.6,10062571.0,0.0
2019-04-26,73.0,74.0,72.5,73.1,7259232.0,0.0
2019-04-29,72.5,73.0,71.2,71.6,13315307.0,0.0
2019-04-30,71.6,72.3,71.2,71.7,9621768.0,0.0
2019-05-02,70.7,72.5,70.7,70.7,11465827.0,0.0
2019-05-03,70.5,72.3,70.2,72.0,10893860.0,0.0
2019-05-06,70.7,71.7,69.5,71.4,8169734.0,0.0
2019-05-07,71.0,71.6,70.7,71.0,5640001.0,0.0
2019-05-08,69.5,70.6,69.2,70.0,8485344.0,0.0
2019-05-09,69.2,70.1,68.8,69.4,9302091.0,0.0
2019-05-10,69.5,70.3,68.8,68.8,5809758.0,0.0
2019-05-13,68.6,69.4,67.9,68.0,3515063.0,0.0
2019-05-14,66.8,67.7,66.0,66.8,9534115.0,0.0
2019-05-15,66.5,68.6,66.5,68.0,6389866.0,0.0
2019-05-16,67.5,69.6,67.0,68.5,8258516.0,0.0
2019-05-17,68.4,68.8,65.6,65.6,9806836.0,0.0
2019-05-20,65.6,65.6,64.4,64.5,8651497.0,0.0
2019-05-21,64.5,64.5,61.5,62.6,15642130.0,0.0
2019-05-22,62.7,63.7,62.5,62.9,7366802.0,0.0
2019-05-23,61.8,61.9,58.3,58.3,20120431.0,0.0
2019-05-24,58.3,59.1,58.3,58.6,8936249.0,0.0
2019-05-27,58.6,58.7,58.2,58.7,6440757.0,0.0
2019-05-28,58.8,59.2,58.4,58.4,21892271.0,0.0
2019-05-29,58.0,58.6,57.6,58.4,7888895.0,0.0
2019-05-30,58.4,59.2,58.4,58.6,7754963.0,0.0
2019-05-31,58.4,60.5,58.4,59.8,17213061.0,0.0
2019-06-03,59.1,60.5,58.6,60.0,10809985.0,0.0
2019-06-04,59.8,60.0,58.8,59.0,8730653.0,0.0
2019-06-05,59.7,60.2,59.5,60.0,6478019.0,0.0
2019-06-06,59.7,59.7,58.6,58.7,5427682.0,0.0
2019-06-10,59.5,60.1,59.1,59.9,5270282.0,0.0
2019-06-11,60.0,60.8,59.5,60.5,6988026.0,0.0
2019-06-12,60.3,60.8,59.6,60.5,5392824.0,0.0
2019-06-13,60.0,60.8,60.0,60.6,5189461.0,0.0
2019-06-14,60.1,60.3,59.9,60.0,8599250.0,0.0
2019-06-17,59.2,59.9,58.4,58.4,7275826.0,0.0
2019-06-18,58.4,58.9,58.4,58.4,6920406.0,0.0
2019-06-19,59.4,62.5,59.1,62.3,18824990.0,0.0
2019-06-20,62.0,63.3,61.6,62.5,9200784.0,0.0
2019-06-21,62.8,63.7,62.7,63.2,8702845.0,0.0
2019-06-24,62.5,63.3,61.7,63.0,8340391.0,0.0
2019-06-25,62.0,62.5,61.0,61.3,9411373.0,0.0
2019-06-26,60.6,61.8,60.3,60.5,6452955.0,0.0
2019-06-27,61.2,63.3,61.1,62.8,9713161.0,0.0
2019-06-28,62.5,62.7,61.5,61.5,6076704.0,0.0
2019-07-01,64.0,67.5,64.0,66.1,15340017.0,0.0
2019-07-02,66.0,66.5,64.6,64.6,10164577.0,0.0
2019-07-03,64.4,65.1,63.8,64.4,8922250.0,0.0
2019-07-04,65.6,67.6,65.0,65.3,12255329.0,0.0
2019-07-05,66.2,67.3,65.3,66.2,9852635.0,0.0
2019-07-08,65.3,65.8,64.2,64.5,6137194.0,0.0
2019-07-09,65.2,65.3,64.0,64.1,5195076.0,0.0
2019-07-10,64.6,66.5,64.4,66.1,9186866.0,0.0
2019-07-11,66.6,69.4,66.5,68.4,18592306.0,0.0
2019-07-12,67.6,68.4,67.3,67.5,4519887.0,0.0
2019-07-15,68.3,69.4,67.5,69.1,11127694.0,0.0
2019-07-16,69.3,70.1,68.7,69.1,10783351.0,0.0
2019-07-17,68.2,68.7,67.0,67.5,12019953.0,0.0
2019-07-18,67.0,68.2,67.0,67.6,5958252.0,0.0
2019-07-19,69.0,70.9,69.0,70.4,16372876.0,0.0
2019-07-22,70.5,70.7,70.0,70.5,7887635.0,0.0
2019-07-23,70.6,71.9,70.6,71.0,8011331.0,0.0
2019-07-24,71.0,71.5,70.4,70.9,6887637.0,0.0
2019-07-25,71.0,71.1,70.0,71.0,4949062.0,0.0
2019-07-26,70.2,70.3,69.1,69.6,7340084.0,0.0
2019-07-29,69.0,70.3,69.0,69.9,5679015.0,0.0
2019-07-30,70.0,70.8,69.3,69.7,5291178.0,0.0
2019-07-31,69.2,70.6,68.8,69.9,8870311.0,0.0
2019-08-01,69.0,70.8,68.9,69.4,9746021.0,0.0
2019-08-02,68.9,70.0,67.0,68.8,16208884.0,0.0
2019-08-05,68.0,69.4,68.0,68.8,9768948.0,0.0
2019-08-06,67.6,69.0,66.7,68.3,13866285.0,0.0
2019-08-07,69.0,69.2,68.6,68.8,9146180.0,0.0
2019-08-08,69.4,69.4,68.6,68.9,6297662.0,0.0
2019-08-12,68.1,69.4,68.1,68.9,9433392.0,0.0
2019-08-13,66.7,67.4,66.4,66.6,10660251.0,2.4987
2019-08-14,67.1,69.4,67.0,68.3,9653897.0,0.0
2019-08-15,67.5,67.6,66.7,67.0,7761913.0,0.0
2019-08-16,66.6,67.5,66.4,67.1,5737890.0,0.0
2019-08-19,67.5,69.2,67.3,68.7,8344707.0,0.0
2019-08-20,68.4,69.7,68.4,69.3,10448323.0,0.0
2019-08-21,69.2,70.1,68.9,69.3,5188877.0,0.0
2019-08-22,69.8,71.0,69.5,70.7,12060797.0,0.0
2019-08-23,71.0,71.2,70.0,70.7,6374521.0,0.0
2019-08-26,69.0,69.4,68.1,68.4,5802402.0,0.0
2019-08-27,69.1,69.1,68.5,69.0,11028993.0,0.0
2019-08-28,69.0,69.4,68.3,69.0,4493006.0,0.0
2019-08-29,69.0,69.9,68.4,69.9,3307307.0,0.0
2019-08-30,70.0,71.8,70.0,71.4,10074740.0,0.0
2019-09-02,71.8,71.8,70.2,71.5,4149088.0,0.0
2019-09-03,71.2,71.2,69.3,69.5,6789155.0,0.0
2019-09-04,69.5,71.5,69.5,71.3,10091368.0,0.0
2019-09-05,72.4,72.4,70.7,72.0,12568424.0,0.0
2019-09-06,72.0,72.6,71.8,71.9,7092703.0,0.0
2019-09-10,72.0,72.0,70.1,70.7,5944395.0,0.0
2019-09-11,71.4,71.7,70.3,71.0,6094087.0,0.0
2019-09-12,72.1,72.2,71.7,72.0,7420834.0,0.0
2019-09-16,72.2,72.5,71.8,72.1,5454681.0,0.0
2019-09-17,72.4,73.4,72.0,73.1,8104876.0,0.0
2019-09-18,72.7,73.3,72.5,73.0,5863193.0,0.0
2019-09-19,73.0,73.3,72.7,73.2,5639092.0,0.0
2019-09-20,73.0,73.4,72.2,73.3,8483808.0,0.0
2019-09-23,72.9,73.7,72.6,73.1,7786153.0,0.0
2019-09-24,73.0,73.7,72.7,73.3,5178547.0,0.0
2019-09-25,72.8,72.9,70.3,71.3,11694796.0,0.0
2019-09-26,71.4,71.7,70.9,71.4,6610031.0,0.0
2019-09-27,71.5,71.7,70.5,70.8,6038347.0,0.0
2019-10-01,71.0,73.5,71.0,73.5,16329410.0,0.0
2019-10-02,72.4,73.3,72.4,73.3,6597748.0,0.0
2019-10-03,71.6,73.1,71.4,72.3,6377576.0,0.0
2019-10-04,72.5,73.4,72.2,72.8,8510353.0,0.0
2019-10-07,73.4,73.7,73.0,73.4,4552721.0,0.0
2019-10-08,73.0,74.6,73.0,74.0,7882443.0,0.0
2019-10-09,73.5,74.0,72.3,72.4,4620807.0,0.0
2019-10-14,74.0,77.6,73.7,76.8,20919134.0,0.0
2019-10-15,77.7,78.2,76.3,76.8,10225851.0,0.0
2019-10-16,77.5,77.7,76.0,77.0,9117187.0,0.0
2019-10-17,77.4,77.4,76.6,77.4,7362877.0,0.0
2019-10-18,78.0,78.3,77.2,78.0,10361825.0,0.0
2019-10-21,78.0,78.3,77.4,77.7,6402120.0,0.0
2019-10-22,78.1,78.4,77.6,78.0,4471032.0,0.0
2019-10-23,78.0,79.4,78.0,78.6,8304704.0,0.0
2019-10-24,78.7,79.5,78.6,79.2,6220214.0,0.0
2019-10-25,79.6,79.6,79.0,79.4,8414424.0,0.0
2019-10-28,79.1,79.4,77.6,78.1,10511500.0,0.0
2019-10-29,78.8,78.8,77.9,78.3,5398078.0,0.0
2019-10-30,78.3,78.8,77.3,77.6,7138489.0,0.0
2019-10-31,79.4,80.7,79.1,79.5,28500814.0,0.0
2019-11-01,79.8,80.3,79.4,80.0,9045814.0,0.0
2019-11-04,80.1,81.4,79.7,80.5,10925606.0,0.0
2019-11-05,80.7,80.8,79.6,80.0,7041264.0,0.0
2019-11-06,80.2,80.3,79.3,79.6,7831484.0,0.0
2019-11-07,79.9,80.2,79.4,79.7,6655445.0,0.0
2019-11-08,80.0,80.1,78.2,78.3,8577364.0,0.0
2019-11-11,77.7,78.9,77.5,78.0,6149722.0,0.0
2019-11-12,78.5,78.5,78.0,78.3,3308849.0,0.0
2019-11-13,77.8,78.7,77.7,78.0,3339905.0,0.0
2019-11-14,77.7,78.1,77.2,78.0,4387766.0,0.0
2019-11-15,78.8,79.3,78.2,78.2,3828236.0,0.0
2019-11-18,78.2,79.7,78.2,79.7,6123418.0,0.0
2019-11-19,78.6,79.5,78.6,79.0,4468912.0,0.0
2019-11-20,79.5,80.5,78.8,79.7,9137589.0,0.0
2019-11-21,78.3,78.6,76.8,77.6,8391849.0,0.0
2019-11-22,77.8,78.5,77.3,77.8,6063148.0,0.0
2019-11-25,77.8,77.9,77.0,77.0,5150471.0,0.0
2019-11-26,77.4,78.0,76.9,77.3,15382455.0,0.0
2019-11-27,77.8,78.3,77.1,77.1,5389080.0,0.0
2019-11-28,77.3,77.7,77.0,77.0,3291731.0,0.0
2019-11-29,77.0,77.2,75.0,75.6,8882618.0,0.0
2019-12-02,75.2,76.0,75.2,75.8,3769959.0,0.0
2019-12-03,75.2,75.7,75.0,75.5,4352692.0,0.0
2019-12-04,75.7,76.2,74.5,75.0,5913052.0,0.0
2019-12-05,75.7,76.8,75.4,76.8,6264011.0,0.0
2019-12-06,80.1,82.5,79.1,79.7,33693265.0,0.0
2019-12-09,80.5,80.7,79.2,80.0,8843481.0,0.0
2019-12-10,80.0,80.4,79.8,80.1,4948075.0,0.0
2019-12-11,80.1,80.4,79.9,80.4,6529490.0,0.0
2019-12-12,81.3,84.6,81.2,84.6,27476838.0,0.0
2019-12-13,87.0,87.6,84.2,85.2,28522490.0,0.0
2019-12-16,85.0,86.0,84.1,84.1,41149.0,0.0
2019-12-17,84.4,85.3,84.1,85.0,9093605.0,0.0
2019-12-18,84.9,85.7,84.5,85.4,6757853.0,0.0
2019-12-19,85.5,85.5,83.8,84.3,7996227.0,0.0
2019-12-20,85.0,85.0,83.8,84.6,10909585.0,0.0
2019-12-23,84.7,85.4,84.7,85.4,6261418.0,0.0
2019-12-24,85.4,85.5,84.5,84.8,3630772.0,0.0
2019-12-25,84.6,84.8,83.8,83.9,2748064.0,0.0
2019-12-26,84.0,84.7,83.0,83.5,4269419.0,0.0
2019-12-27,84.5,85.3,84.1,85.2,7806037.0,0.0
2019-12-30,84.9,84.9,84.2,84.4,3628409.0,0.0
2019-12-31,84.0,84.3,83.2,83.2,4653610.0,0.0
2020-01-02,83.8,83.8,82.5,82.8,7381334.0,0.0
2020-01-03,83.8,83.8,80.8,81.8,11206834.0,0.0
2020-01-06,80.8,80.8,78.2,78.7,14978274.0,0.0
2020-01-07,79.0,79.4,78.0,78.7,8119366.0,0.0
2020-01-08,78.0,78.6,77.4,77.4,8314294.0,0.0
2020-01-09,78.8,80.3,78.3,79.8,9771414.0,0.0
2020-01-10,80.0,80.3,78.7,79.6,5780955.0,0.0
2020-01-13,79.9,80.7,79.3,80.7,7133559.0,0.0
2020-01-14,81.0,81.4,80.7,81.2,7691161.0,0.0
2020-01-15,81.5,82.2,80.9,81.1,8046612.0,0.0
2020-01-16,80.0,80.0,78.7,79.3,9675247.0,0.0
2020-01-17,79.4,79.7,78.6,79.3,8143547.0,0.0
2020-01-20,79.7,79.7,78.9,79.0,4678179.0,0.0
2020-01-30,77.0,77.1,73.6,74.1,16936693.0,0.0
2020-01-31,73.7,75.0,73.6,74.6,11150348.0,0.0
2020-02-03,72.8,73.0,70.9,72.8,19176563.0,0.0
2020-02-04,85.0,85.4,73.7,73.7,11487904.0,0.0
2020-02-05,74.1,75.7,73.7,74.8,10396521.0,0.0
2020-02-06,75.5,78.1,75.5,77.9,10110570.0,0.0
2020-02-07,75.3,75.9,74.6,74.8,10288433.0,0.0
2020-02-10,73.3,75.2,73.1,74.9,10454750.0,0.0
2020-02-11,75.2,76.6,75.2,76.2,7238632.0,0.0
2020-02-12,76.5,78.5,76.5,77.5,11489747.0,0.0
2020-02-13,77.6,78.4,77.4,77.5,5902461.0,0.0
2020-02-14,77.2,77.9,77.0,77.4,5193063.0,0.0
2020-02-17,76.4,77.0,76.2,76.7,3146653.0,0.0
2020-02-18,76.0,76.3,74.9,75.6,13861219.0,0.0
2020-02-19,74.7,77.9,74.7,76.4,8606956.0,0.0
2020-02-20,77.4,77.4,75.3,75.6,4377323.0,0.0
2020-02-21,75.2,76.1,75.1,75.2,3462318.0,0.0
2020-02-24,74.0,75.0,73.6,73.9,8906650.0,0.0
2020-02-25,73.1,74.5,72.9,73.5,8046451.0,0.0
2020-02-26,72.3,73.5,72.3,72.8,10070670.0,0.0
2020-02-27,72.4,72.7,71.3,71.3,15272886.0,0.0
2020-03-02,69.0,71.2,69.0,70.1,11854795.0,0.0
2020-03-03,71.0,72.9,71.0,72.5,12997366.0,0.0
2020-03-04,71.9,72.7,71.8,72.5,5401197.0,0.0
2020-03-05,73.0,73.9,72.2,73.6,8593073.0,0.0
2020-03-06,72.6,72.7,71.1,71.5,8366556.0,0.0
2020-03-09,69.1,69.8,68.3,68.9,14316092.0,0.0
2020-03-10,67.4,68.8,66.6,68.0,10227702.0,0.0
2020-03-11,68.2,69.3,67.3,67.3,10755001.0,0.0
2020-03-12,66.7,66.7,61.9,62.7,20674114.0,0.0
2020-03-13,61.6,61.6,57.4,61.0,25759738.0,0.0
2020-03-16,60.5,61.0,59.3,59.3,18359449.0,0.0
2020-03-17,56.4,59.3,56.1,57.7,18659225.0,0.0
2020-03-18,57.4,57.6,55.5,55.5,16818524.0,0.0
2020-03-19,53.0,53.3,49.95,50.2,26286247.0,0.0
2020-03-20,51.0,54.5,51.0,54.2,29012488.0,0.0
2020-03-23,50.8,52.0,50.5,51.0,13606722.0,0.0
2020-03-24,52.1,55.1,52.1,54.3,11769975.0,0.0
2020-03-25,56.9,59.7,56.5,58.9,16201712.0,0.0
2020-03-26,61.0,61.0,58.1,59.8,14965462.0,0.0
2020-03-27,61.1,61.9,59.2,59.8,12558792.0,0.0
2020-03-30,57.5,60.3,57.0,59.2,11957676.0,0.0
2020-03-31,60.2,60.8,58.0,58.6,12423676.0,0.0
2020-04-01,58.1,58.3,57.0,57.2,7596333.0,0.0
2020-04-06,58.8,58.9,56.9,58.8,10854175.0,0.0
2020-04-07,59.8,61.7,59.6,61.7,12625275.0,0.0
2020-04-08,61.8,62.7,61.3,62.0,9766755.0,0.0
2020-04-09,62.1,63.3,62.0,62.2,8241205.0,0.0
2020-04-10,62.2,62.6,61.0,61.5,10010313.0,0.0
2020-04-13,61.0,62.4,61.0,62.0,4241615.0,0.0
2020-04-14,62.7,66.4,62.3,65.0,12603316.0,0.0
2020-04-15,66.0,66.3,65.0,65.5,11597097.0,0.0
2020-04-16,65.3,65.9,64.6,64.7,7627650.0,0.0
2020-04-17,66.0,67.6,65.6,66.8,16882757.0,0.0
2020-04-20,66.2,66.3,64.7,65.5,10488858.0,0.0
2020-04-21,64.7,65.1,63.1,63.1,9641505.0,0.0
2020-04-22,62.2,63.4,61.2,62.6,10070177.0,0.0
2020-04-23,62.8,63.9,62.3,63.3,8164287.0,0.0
2020-04-24,62.7,63.7,62.5,63.1,3456917.0,0.0
2020-04-27,64.0,65.7,63.8,65.3,8751829.0,0.0
2020-04-28,65.3,65.5,64.2,64.8,5950472.0,0.0
2020-04-29,65.0,66.0,64.8,65.3,4864725.0,0.0
2020-04-30,65.9,67.5,65.7,67.1,11778763.0,0.0
2020-05-04,63.1,65.0,63.1,64.4,14482850.0,0.0
2020-05-05,64.6,65.7,64.6,65.0,8474433.0,0.0
2020-05-06,64.6,65.4,64.0,64.4,13182731.0,0.0
2020-05-07,65.0,66.8,64.6,66.2,8103473.0,0.0
2020-05-08,67.0,68.4,67.0,67.6,6710812.0,0.0
2020-05-11,69.0,69.3,68.4,68.9,6928000.0,0.0
2020-05-12,67.8,68.8,67.5,68.1,7010713.0,0.0
2020-05-13,66.6,68.3,66.6,68.0,6986851.0,0.0
2020-05-14,67.1,68.0,66.5,66.5,8139890.0,0.0
2020-05-15,67.6,67.6,65.3,66.4,4163160.0,0.0
2020-05-18,65.2,65.3,62.5,62.6,15781774.0,0.0
2020-05-19,64.2,64.3,61.5,62.2,11905690.0,0.0
2020-05-20,61.8,62.7,61.0,61.7,11055536.0,0.0
2020-05-21,62.4,63.3,61.7,63.0,19529996.0,0.0
2020-05-22,62.4,62.4,61.2,61.3,10516294.0,0.0
2020-05-25,61.3,61.8,60.1,61.1,9468227.0,0.0
2020-05-26,61.3,62.3,60.8,61.4,9475074.0,0.0
2020-05-27,61.6,61.9,60.9,61.0,11281945.0,0.0
2020-05-28,61.6,61.9,60.9,61.3,7231552.0,0.0
2020-05-29,60.5,62.5,60.5,61.8,27554174.0,0.0
2020-06-01,62.6,63.0,62.4,62.8,7814028.0,0.0
2020-06-02,63.0,63.6,62.8,63.5,7591468.0,0.0
2020-06-03,64.9,67.1,64.7,66.5,19835616.0,0.0
2020-06-04,67.3,67.5,66.0,66.8,7425114.0,0.0
2020-06-05,66.7,68.4,66.2,68.2,13734861.0,0.0
2020-06-08,68.5,68.9,67.2,68.0,13370237.0,0.0
2020-06-09,67.9,67.9,66.2,66.2,12240469.0,0.0
2020-06-10,66.3,68.0,66.3,68.0,13284820.0,0.0
2020-06-11,67.3,67.9,65.8,66.5,12374357.0,0.0
2020-06-12,64.6,66.7,64.4,66.3,8496420.0,0.0
2020-06-15,66.1,66.7,65.4,65.6,6742574.0,0.0
2020-06-16,66.8,68.4,66.7,67.3,8762236.0,0.0
2020-06-17,67.5,68.0,67.1,68.0,7990720.0,0.0
2020-06-18,68.0,68.4,66.5,67.5,5043872.0,0.0
2020-06-19,67.3,68.5,67.1,68.2,13310108.0,0.0
2020-06-22,67.7,68.6,67.4,68.2,6003657.0,0.0
2020-06-23,68.5,68.8,67.0,67.8,6564051.0,0.0
2020-06-24,68.0,68.5,67.4,68.0,6605188.0,0.0
2020-06-29,67.2,68.5,66.8,67.3,6206782.0,0.0
2020-06-30,67.6,68.0,66.8,67.6,8433207.0,0.0
2020-07-01,67.2,68.3,66.8,68.0,6306210.0,0.0
2020-07-02,68.3,72.8,68.0,72.7,23907867.0,0.0
2020-07-03,73.7,74.5,71.3,71.9,18287900.0,0.0
2020-07-06,72.0,72.2,71.0,71.6,15261016.0,0.0
2020-07-07,71.6,72.1,70.0,70.5,14648717.0,0.0
2020-07-08,70.1,70.2,68.9,69.5,18966991.0,0.0
2020-07-09,70.1,72.2,70.1,70.4,18635830.0,0.0
2020-07-10,71.1,72.0,70.4,71.6,15252212.0,0.0
2020-07-13,72.3,72.8,71.5,72.4,12159638.0,0.0
2020-07-14,72.4,72.9,70.7,70.7,10711555.0,0.0
2020-07-15,71.5,71.9,70.7,70.7,6857926.0,0.0
2020-07-16,71.2,71.3,69.5,69.7,9255347.0,0.0
2020-07-17,70.3,70.4,69.1,69.3,9702906.0,0.0
2020-07-20,69.8,70.7,69.3,70.6,7086963.0,0.0
2020-07-21,71.0,72.7,71.0,72.0,14091614.0,0.0
2020-07-22,72.2,73.4,71.3,71.8,11100889.0,0.0
2020-07-23,71.5,71.8,70.9,71.8,9908538.0,0.0
2020-07-24,71.2,72.7,69.5,69.9,16911802.0,0.0
2020-07-27,70.7,76.0,70.7,73.0,38316368.0,0.0
2020-07-28,75.8,77.6,70.5,70.7,49590496.0,0.0
2020-07-29,72.0,73.8,71.5,72.5,21341123.0,0.0
2020-07-30,74.5,76.0,73.5,75.5,26169370.0,0.0
2020-07-31,75.5,76.6,74.2,75.6,21262520.0,0.0
2020-08-03,73.5,74.1,71.4,71.6,48954775.0,0.0
2020-08-04,71.7,72.3,70.5,70.6,32984865.0,0.0
2020-08-05,70.8,71.2,70.2,70.3,22628244.0,0.0
2020-08-06,70.9,71.4,70.3,70.9,16277323.0,0.0
2020-08-07,71.5,71.5,70.1,70.3,13740153.0,0.0
2020-08-10,70.5,71.2,70.2,70.4,9250676.0,0.0
2020-08-11,70.4,71.0,70.4,70.4,10226320.0,0.0
2020-08-12,70.3,70.7,69.4,69.9,18989393.0,0.0
2020-08-13,68.4,69.0,67.9,68.0,13642915.0,1.998
2020-08-14,67.7,67.8,66.7,66.8,16360373.0,0.0
2020-08-17,67.2,68.4,66.6,68.4,11668310.0,0.0
2020-08-18,68.5,68.5,66.8,67.0,19105437.0,0.0
2020-08-19,66.9,67.2,64.7,64.8,26083012.0,0.0
2020-08-20,64.2,64.2,59.5,61.1,33794495.0,0.0
2020-08-21,61.5,62.4,61.0,61.9,14733651.0,0.0
2020-08-24,62.0,62.1,61.0,61.3,7737469.0,0.0
2020-08-25,61.8,63.0,61.6,62.1,9087461.0,0.0
2020-08-26,62.1,62.5,61.6,61.9,7669319.0,0.0
2020-08-27,62.3,62.5,61.3,61.6,8078935.0,0.0
2020-08-28,61.1,61.5,61.0,61.1,9296237.0,0.0
2020-08-31,61.7,62.5,61.0,61.2,14892755.0,0.0
2020-09-01,61.0,61.5,60.4,61.3,9568914.0,0.0
2020-09-02,61.6,61.7,59.6,60.2,22219216.0,0.0
2020-09-03,60.6,60.8,60.0,60.3,13339890.0,0.0
2020-09-04,59.1,59.8,59.0,59.5,15113626.0,0.0
2020-09-07,59.6,61.3,59.6,61.0,11944184.0,0.0
2020-09-08,61.4,61.8,60.7,61.4,8308283.0,0.0
2020-09-09,60.8,62.0,60.5,62.0,7879453.0,0.0
2020-09-10,62.4,62.6,61.1,61.2,9704557.0,0.0
2020-09-11,61.4,61.7,61.0,61.3,4608942.0,0.0
2020-09-14,61.3,62.0,61.3,61.6,6663014.0,0.0
2020-09-15,61.8,62.4,61.7,62.0,8085546.0,0.0
2020-09-16,62.7,63.0,62.3,62.4,11401535.0,0.0
2020-09-17,62.4,62.8,62.1,62.3,5853376.0,0.0
2020-09-18,62.4,62.8,62.0,62.4,9070981.0,0.0
2020-09-21,62.2,62.7,61.7,61.7,5110478.0,0.0
2020-09-22,61.2,61.3,60.4,60.4,9328188.0,0.0
2020-09-23,60.5,60.7,59.7,59.9,8895755.0,0.0
2020-09-24,59.1,59.5,58.2,58.2,14636792.0,0.0
2020-09-25,58.4,59.2,58.2,58.9,11568108.0,0.0
2020-09-28,59.4,60.7,59.0,60.2,14664996.0,0.0
2020-09-29,60.3,60.5,58.5,58.6,16212583.0,0.0
2020-09-30,59.0,59.7,58.7,59.2,10667279.0,0.0
2020-10-05,60.1,61.5,59.8,60.5,21291110.0,0.0
2020-10-06,61.2,61.5,60.1,60.2,17384861.0,0.0
2020-10-07,59.9,60.5,59.7,60.1,9633536.0,0.0
2020-10-08,60.7,61.6,60.4,61.5,18425504.0,0.0
2020-10-12,62.4,62.8,61.3,62.1,30702234.0,0.0
2020-10-13,62.3,62.4,61.1,61.8,14942175.0,0.0
2020-10-14,61.4,62.2,60.8,60.9,18718439.0,0.0
2020-10-15,61.0,61.7,60.6,61.3,16342985.0,0.0
2020-10-16,61.5,62.2,61.1,61.2,18866600.0,0.0
2020-10-19,61.9,62.2,61.5,61.9,17165237.0,0.0
2020-10-20,62.0,63.0,61.7,61.9,17049915.0,0.0
2020-10-21,62.6,64.7,62.3,64.1,46096923.0,0.0
2020-10-22,64.0,64.8,63.5,64.4,25908706.0,0.0
2020-10-23,64.5,65.4,64.5,65.2,21925651.0,0.0
2020-10-26,66.5,67.5,65.8,66.3,39355559.0,0.0
2020-10-27,65.5,65.6,64.2,64.4,22041596.0,0.0
2020-10-28,64.4,64.4,63.0,63.1,18969570.0,0.0
2020-10-29,61.8,62.6,61.5,62.5,16503714.0,0.0
2020-10-30,62.5,63.6,62.5,63.2,16360021.0,0.0
2020-11-02,65.9,67.7,65.4,66.8,85589447.0,0.0
2020-11-03,67.6,68.1,66.2,66.8,31185996.0,0.0
2020-11-04,67.1,68.0,66.7,68.0,26588038.0,0.0
2020-11-05,68.5,68.5,67.5,68.2,22202397.0,0.0
2020-11-06,68.6,68.8,67.9,68.7,22003338.0,0.0
2020-11-09,69.2,70.2,68.9,70.2,30727637.0,0.0
2020-11-10,71.0,71.5,70.6,71.5,40282620.0,0.0
2020-11-11,71.5,71.8,70.9,71.5,25126133.0,0.0
2020-11-12,71.7,72.5,71.1,72.0,19721445.0,0.0
2020-11-13,71.3,71.5,70.0,70.5,13949669.0,0.0
2020-11-16,71.0,71.9,70.8,71.9,15371495.0,0.0
2020-11-17,72.7,73.5,71.8,72.0,20199046.0,0.0
2020-11-18,72.5,73.5,72.2,73.0,20449405.0,0.0
2020-11-19,72.5,73.2,72.2,72.9,11891549.0,0.0
2020-11-20,73.2,73.4,72.2,72.9,13824897.0,0.0
2020-11-23,73.6,74.9,73.4,73.9,22822502.0,0.0
2020-11-24,74.8,74.9,73.4,73.4,15838621.0,0.0
2020-11-25,73.8,74.2,72.2,72.5,15668539.0,0.0
2020-11-26,72.5,73.8,72.3,73.5,12737988.0,0.0
2020-11-27,73.8,75.2,73.6,74.4,16107639.0,0.0
2020-11-30,78.0,81.8,76.4,76.6,72629508.0,0.0
2020-12-01,77.7,78.0,75.8,76.7,24120141.0,0.0
2020-12-02,76.9,77.4,75.3,77.3,23116484.0,0.0
2020-12-03,77.5,78.1,76.3,77.9,21362422.0,0.0
2020-12-04,80.0,80.0,78.3,79.6,26246995.0,0.0
2020-12-07,82.0,82.0,78.3,78.8,34247533.0,0.0
2020-12-08,78.9,79.5,78.1,79.5,13998287.0,0.0
2020-12-09,80.0,80.5,79.3,79.5,22345397.0,0.0
2020-12-10,79.5,81.1,79.4,80.6,34895939.0,0.0
2020-12-11,80.8,81.6,77.2,78.8,34048232.0,0.0
2020-12-14,78.2,78.4,77.0,77.0,19896422.0,0.0
2020-12-15,77.3,78.7,76.8,77.6,19041134.0,0.0
2020-12-16,79.0,79.4,78.3,78.7,16566824.0,0.0
2020-12-17,79.7,80.7,79.0,79.5,23111855.0,0.0
2020-12-18,79.5,80.0,78.9,78.9,16678310.0,0.0
2020-12-21,79.5,79.8,78.4,79.5,16588282.0,0.0
2020-12-22,79.2,80.1,77.8,78.2,18442210.0,0.0
2020-12-23,77.9,78.6,76.8,77.2,21795908.0,0.0
2020-12-24,78.0,81.7,77.8,80.5,48675781.0,0.0
2020-12-25,81.3,83.0,80.6,80.9,35636133.0,0.0
2020-12-28,81.8,82.7,81.3,81.7,21003674.0,0.0
2020-12-29,82.0,82.5,80.0,80.7,22658404.0,0.0
2020-12-30,80.7,81.8,80.2,81.7,15600593.0,0.0
2020-12-31,82.1,82.5,80.7,81.3,16444352.0,0.0
2021-01-04,82.0,84.5,81.8,83.9,33927006.0,0.0
2021-01-05,83.9,87.0,83.6,86.6,44594702.0,0.0
2021-01-06,88.0,90.5,87.0,88.5,66744080.0,0.0
2021-01-07,90.0,91.0,89.0,89.4,35086026.0,0.0
2021-01-08,90.6,90.6,87.5,88.0,39265118.0,0.0
2021-01-11,88.2,90.5,88.2,90.4,32677781.0,0.0
2021-01-12,93.0,96.3,91.2,92.2,68133755.0,0.0
2021-01-13,93.6,99.6,93.6,99.6,58672034.0,0.0
2021-01-14,101.5,102.0,98.1,99.0,50399079.0,0.0
2021-01-15,102.0,103.0,97.4,98.0,41460585.0,0.0
2021-01-18,99.0,101.5,94.0,100.5,47500730.0,0.0
2021-01-19,101.5,109.5,101.5,105.5,63645825.0,0.0
2021-01-20,107.0,108.0,103.0,104.5,52967051.0,0.0
2021-01-21,106.0,107.0,103.5,105.5,30186810.0,0.0
2021-01-22,105.5,106.5,104.0,105.0,29522817.0,0.0
2021-01-25,106.0,108.0,101.0,102.0,40597316.0,0.0
2021-01-26,102.0,103.0,98.2,98.4,45355221.0,0.0
2021-01-27,100.0,101.0,97.5,98.3,27041952.0,0.0
2021-01-28,95.1,96.5,94.0,94.5,34781927.0,0.0
2021-01-29,97.6,97.6,92.0,92.0,37395812.0,0.0
2021-02-01,92.5,95.0,91.7,94.9,30944401.0,0.0
2021-02-02,96.5,99.6,96.0,98.6,42907448.0,0.0
2021-02-03,100.0,100.5,97.1,98.1,25581327.0,0.0
2021-02-04,97.0,99.5,96.2,97.7,25075346.0,0.0
2021-02-05,100.0,106.0,99.1,105.5,90188654.0,0.0
2021-02-17,116.0,116.0,116.0,116.0,28990348.0,0.0
2021-02-18,118.0,119.0,115.0,117.5,88646605.0,0.0
2021-02-19,115.0,115.0,111.0,113.5,49142841.0,0.0
2021-02-22,114.5,115.0,110.0,112.0,44827739.0,0.0
2021-02-23,108.5,110.5,107.0,110.0,35809322.0,0.0
2021-02-24,108.0,109.5,105.5,106.0,27284060.0,0.0
2021-02-25,108.5,109.5,106.0,107.5,25207180.0,0.0
2021-02-26,104.0,106.0,103.5,103.5,33308996.0,0.0
2021-03-02,107.5,109.0,105.5,106.0,27948416.0,0.0
2021-03-03,106.0,108.0,103.0,107.0,22793641.0,0.0
2021-03-04,106.5,106.5,102.5,103.0,29911941.0,0.0
2021-03-05,100.5,104.0,99.8,102.0,33449261.0,0.0
2021-03-08,104.0,105.0,102.0,102.5,14566756.0,0.0
2021-03-09,101.5,102.0,98.8,101.0,31024607.0,0.0
2021-03-10,103.0,103.5,100.0,101.0,18291812.0,0.0
2021-03-11,101.5,105.5,101.5,105.0,22011672.0,0.0
2021-03-12,107.0,108.0,103.5,105.0,23536155.0,0.0
2021-03-15,104.0,104.0,102.0,102.5,24061871.0,0.0
2021-03-16,103.0,104.5,102.0,104.0,23736649.0,0.0
2021-03-17,104.5,104.5,102.5,103.0,21174376.0,0.0
2021-03-18,104.0,107.0,103.5,106.5,28466327.0,0.0
2021-03-19,107.5,108.0,104.0,108.0,28002530.0,0.0
2021-03-22,107.0,108.5,105.5,108.0,18243701.0,0.0
2021-03-23,109.0,109.5,107.0,108.0,21901844.0,0.0
2021-03-24,108.0,109.0,106.0,107.0,13760117.0,0.0
2021-03-25,105.5,107.0,104.0,106.0,14092223.0,0.0
2021-03-26,106.0,107.5,104.5,107.0,18380903.0,0.0
2021-03-29,108.5,109.5,108.0,109.0,17372239.0,0.0
2021-03-30,109.5,111.0,108.5,111.0,26293958.0,0.0
2021-03-31,110.5,111.0,107.0,107.5,18641975.0,0.0
2021-04-01,108.0,109.0,106.5,107.5,16976312.0,0.0
2021-04-07,112.5,113.0,110.0,111.5,15470364.0,0.0
2021-04-08,112.0,112.0,110.0,111.5,13909090.0,0.0
2021-04-09,112.5,114.0,111.0,112.0,22129605.0,0.0
2021-04-12,115.0,116.0,112.5,112.5,28032932.0,0.0
2021-04-13,113.0,114.5,111.5,112.5,18133692.0,0.0
2021-04-14,113.0,114.0,107.0,110.0,19875216.0,0.0
2021-04-15,108.0,109.0,107.0,109.0,14006155.0,0.0
2021-04-16,110.5,114.0,110.0,113.0,19927994.0,0.0
2021-04-19,114.5,114.5,111.5,111.5,9358253.0,0.0
2021-04-20,110.5,113.0,110.5,113.0,9828757.0,0.0
2021-04-21,111.5,112.5,110.0,110.0,12458859.0,0.0
2021-04-22,112.0,112.5,107.5,108.0,20891291.0,0.0
2021-04-23,108.5,111.0,108.5,111.0,11990632.0,0.0
2021-04-26,111.5,118.0,111.0,118.0,44491105.0,0.0
2021-04-27,117.0,119.5,115.5,118.0,28894213.0,0.0
2021-04-28,118.0,124.0,117.5,123.0,37988212.0,0.0
2021-04-29,122.0,122.5,116.5,118.0,33994973.0,0.0
2021-05-03,117.0,118.0,111.5,112.5,27745008.0,0.0
2021-05-04,111.5,113.0,107.0,111.5,25966596.0,0.0
2021-05-05,111.0,111.5,106.0,106.5,19787433.0,0.0
2021-05-06,107.0,110.0,105.0,107.5,17598809.0,0.0
2021-05-07,110.0,113.0,108.5,113.0,17128131.0,0.0
2021-05-10,115.0,115.0,109.0,110.0,12445777.0,0.0
2021-05-11,107.5,108.0,102.0,103.5,24072546.0,0.0
2021-05-12,101.0,102.5,93.3,97.0,39643670.0,0.0
2021-05-13,94.5,102.0,93.0,100.0,28152411.0,0.0
2021-05-14,102.0,106.0,101.5,105.0,30231571.0,0.0
2021-05-17,100.5,105.0,99.1,103.0,23973769.0,0.0
2021-05-18,104.5,106.5,103.5,106.5,18811442.0,0.0
2021-05-19,105.0,107.0,104.0,105.5,10434147.0,0.0
2021-05-20,106.0,107.0,104.5,106.5,10867456.0,0.0
2021-05-21,108.0,110.5,104.0,105.5,21581866.0,0.0
2021-05-24,105.0,108.0,103.5,106.5,8758975.0,0.0
2021-05-25,108.0,109.0,107.0,108.5,17759441.0,0.0
2021-05-26,110.0,111.5,107.0,107.5,18512484.0,0.0
2021-05-27,107.0,109.0,104.0,109.0,20502558.0,0.0
2021-05-28,109.0,111.0,108.5,110.5,15928309.0,0.0
2021-05-31,110.5,112.0,109.5,111.5,13789296.0,0.0
2021-06-01,112.0,114.0,111.5,113.0,10515688.0,0.0
2021-06-02,113.5,114.0,109.5,111.0,12713310.0,0.0
2021-06-03,112.0,112.5,110.5,112.0,8151953.0,0.0
2021-06-04,111.0,111.5,110.0,111.0,5501115.0,0.0
2021-06-07,112.5,116.0,110.5,115.5,19878838.0,0.0
2021-06-08,116.5,117.5,115.0,115.5,10230220.0,0.0
2021-06-09,115.5,115.5,113.0,114.0,7600760.0,0.0
2021-06-10,115.5,116.5,114.5,116.5,10650227.0,0.0
2021-06-11,118.0,120.0,117.0,118.5,26633290.0,0.0
2021-06-15,119.0,119.5,117.0,118.0,10658818.0,0.0
2021-06-16,117.0,118.0,115.5,115.5,9900098.0,0.0
2021-06-17,115.0,118.0,114.5,118.0,9819456.0,0.0
2021-06-18,118.0,119.0,116.5,116.5,10752426.0,0.0
2021-06-21,115.0,115.0,111.5,113.0,11520027.0,0.0
2021-06-22,114.5,115.0,111.5,113.0,8031184.0,0.0
2021-06-23,114.0,116.0,113.5,116.0,10769575.0,0.0
2021-06-24,116.0,116.0,114.0,115.5,5486230.0,0.0
2021-06-25,116.5,118.0,115.5,117.5,10972546.0,0.0
2021-06-28,113.0,114.5,112.0,112.5,20451154.0,0.0
2021-06-29,112.5,113.5,109.5,113.0,17627876.0,0.0
2021-06-30,112.5,113.0,111.0,112.0,13345118.0,0.0
2021-07-01,111.5,112.0,110.5,111.0,7519270.0,0.0
2021-07-02,112.0,113.0,111.5,112.0,5062906.0,0.0
2021-07-05,112.5,114.0,112.5,114.0,9398677.0,0.0
2021-07-06,114.0,114.5,113.0,113.0,5093313.0,0.0
2021-07-07,113.5,115.5,113.0,114.5,6900974.0,0.0
2021-07-08,114.0,114.5,112.0,112.0,10547664.0,0.0
2021-07-09,110.5,112.5,110.5,111.0,9527877.0,0.0
2021-07-12,113.0,113.5,111.0,112.5,10104834.0,0.0
2021-07-13,113.5,117.0,113.5,115.5,16338682.0,0.0
2021-07-14,116.0,116.5,113.5,114.5,10678634.0,0.0
2021-07-15,113.5,120.0,113.5,120.0,26703790.0,0.0
2021-07-16,115.5,117.0,114.5,116.5,16980644.0,0.0
2021-07-19,116.0,119.5,115.0,117.5,12643796.0,0.0
2021-07-20,117.0,119.5,117.0,118.0,12664221.0,0.0
2021-07-21,120.0,120.5,117.5,119.5,17938743.0,0.0
2021-07-22,120.0,120.5,117.0,117.5,13833661.0,0.0
2021-07-23,119.0,119.0,115.0,115.0,9641396.0,0.0
2021-07-26,115.5,117.0,115.0,115.0,7992883.0,0.0
2021-07-27,116.0,117.0,114.5,115.0,6302383.0,0.0
2021-07-28,114.5,114.5,110.0,112.5,10466567.0,0.0
2021-07-29,114.0,116.0,112.5,115.0,6944849.0,0.0
2021-07-30,118.5,124.5,118.5,122.5,47826340.0,0.0
2021-08-02,124.0,126.0,120.5,125.5,20846931.0,0.0
2021-08-03,125.5,127.0,123.5,127.0,12968320.0,0.0
2021-08-04,127.0,131.0,126.5,131.0,17177979.0,0.0
2021-08-05,131.0,133.5,130.0,132.0,15544971.0,0.0
2021-08-06,131.5,133.0,128.0,129.0,13709212.0,0.0
2021-08-09,127.5,130.5,126.0,128.0,9958167.0,0.0
2021-08-10,128.0,128.5,124.5,126.5,9048627.0,0.0
2021-08-11,126.0,129.5,124.5,127.0,13560553.0,0.0
2021-08-12,127.0,127.5,124.5,125.5,8458563.0,0.0
2021-08-13,126.0,126.0,119.5,120.0,16543698.0,0.0
2021-08-16,119.5,122.5,119.0,122.0,13761334.0,0.0
2021-08-17,122.0,122.0,122.0,122.0,0.0,0.0
2021-08-18,115.5,119.5,114.0,119.0,12518127.0,0.0
2021-08-19,117.5,118.5,114.5,115.5,14700948.0,0.0
2021-08-20,117.5,118.0,114.0,116.0,13259896.0,0.0
2021-08-23,117.5,123.0,117.0,121.0,11706313.0,0.0
2021-08-24,123.0,123.0,119.0,120.0,7671704.0,0.0
2021-08-25,121.5,123.5,120.5,122.5,7402195.0,0.0
2021-08-26,124.5,124.5,121.0,123.5,8039789.0,0.0
2021-08-27,123.5,127.0,121.5,127.0,10136388.0,0.0
2021-08-30,129.0,130.0,126.5,129.0,10917114.0,0.0
2021-08-31,127.5,128.5,124.0,128.5,11480969.0,0.0
2021-09-01,126.5,127.5,125.0,126.5,8955728.0,0.0
2021-09-02,126.5,127.0,125.0,125.5,8697894.0,0.0
2021-09-03,126.0,129.0,125.5,128.5,13528139.0,0.0
2021-09-06,125.0,128.0,124.0,124.5,13917257.0,4.1915
2021-09-07,124.0,124.5,119.0,121.5,13479961.0,0.0
2021-09-08,119.5,120.5,116.5,119.5,12493979.0,0.0
2021-09-09,119.0,123.5,118.0,122.0,8264275.0,0.0
2021-09-10,123.5,128.0,122.5,128.0,14112297.0,0.0
2021-09-13,126.0,127.5,124.0,124.0,6594996.0,0.0
2021-09-14,125.5,126.0,124.0,124.5,5231405.0,0.0
2021-09-15,125.0,125.5,123.5,124.0,7779515.0,0.0
2021-09-16,123.5,124.5,121.0,121.5,8723721.0,0.0
2021-09-17,120.5,121.0,117.5,118.0,24758067.0,0.0
2021-09-22,115.0,116.0,113.0,116.0,22611652.0,0.0
2021-09-23,117.0,118.5,116.0,116.5,12648443.0,0.0
2021-09-24,117.5,118.5,116.0,117.5,8251149.0,0.0
2021-09-27,116.0,117.0,114.0,115.5,11604616.0,0.0
2021-09-28,114.0,114.0,111.5,112.5,20380621.0,0.0
2021-09-29,109.0,110.0,105.0,106.0,26288637.0,0.0
2021-09-30,106.5,110.0,106.0,109.0,16667986.0,0.0
2021-10-01,107.5,108.0,105.5,108.0,11177173.0,0.0
2021-10-04,108.5,108.5,102.0,103.5,23967186.0,0.0
2021-10-05,100.0,101.5,99.1,100.5,32336511.0,0.0
2021-10-06,101.0,102.5,99.2,100.0,19820058.0,0.0
2021-10-07,101.0,102.0,99.4,101.0,23152002.0,0.0
2021-10-08,98.8,99.3,95.4,96.2,32448434.0,0.0
2021-10-12,95.2,95.3,93.5,93.5,36761148.0,0.0
2021-10-13,94.6,95.1,92.2,92.4,22357781.0,0.0
2021-10-14,93.6,94.0,92.5,93.6,17819927.0,0.0
2021-10-15,96.0,96.5,94.9,96.2,22801002.0,0.0
2021-10-18,96.2,96.7,94.3,94.6,15212121.0,0.0
2021-10-19,95.5,98.5,95.0,98.4,16882499.0,0.0
2021-10-20,99.8,99.8,97.3,97.7,15037845.0,0.0
2021-10-21,96.9,98.1,95.7,95.9,14887889.0,0.0
2021-10-22,95.5,96.3,94.8,96.0,13172183.0,0.0
2021-10-25,95.8,97.3,95.2,96.4,11176092.0,0.0
2021-10-26,97.4,98.3,97.1,98.0,9645456.0,0.0
2021-10-27,98.2,98.4,96.7,97.2,9160973.0,0.0
2021-10-28,97.3,101.5,97.0,99.8,18167602.0,0.0
2021-10-29,103.5,103.5,99.8,99.8,32094150.0,0.0
2021-11-01,99.7,100.5,97.8,98.2,15354252.0,0.0
2021-11-02,99.5,100.5,98.3,98.8,10784134.0,0.0
2021-11-03,99.1,99.3,97.6,98.3,8362340.0,0.0
2021-11-04,99.1,99.5,98.1,98.1,6881679.0,0.0
2021-11-05,98.8,99.9,98.0,99.7,7485930.0,0.0
2021-11-08,104.0,106.0,103.0,105.5,28746908.0,0.0
2021-11-09,107.5,109.0,105.0,105.0,27295108.0,0.0
2021-11-10,104.5,105.0,103.0,104.0,13663341.0,0.0
2021-11-11,102.5,103.0,101.5,102.5,17262115.0,0.0
2021-11-12,103.5,105.5,101.5,104.0,18758780.0,0.0
2021-11-15,104.5,105.5,104.0,105.5,11902849.0,0.0
2021-11-16,105.5,106.0,105.0,105.5,11461319.0,0.0
2021-11-17,106.0,106.5,105.0,106.5,10747409.0,0.0
2021-11-18,106.5,106.5,105.5,106.0,9858683.0,0.0
2021-11-19,107.0,107.5,105.5,106.0,10435087.0,0.0
2021-11-22,106.5,107.5,106.0,106.5,13078452.0,0.0
2021-11-23,106.0,106.0,104.5,105.0,11460932.0,0.0
2021-11-24,104.5,105.5,103.0,103.0,11869994.0,0.0
2021-11-25,103.5,105.0,102.0,104.0,12567783.0,0.0
2021-11-26,103.0,104.0,101.5,101.5,9584048.0,0.0
2021-11-29,100.0,102.5,99.5,101.0,11482437.0,0.0
2021-11-30,102.5,103.5,102.0,102.0,17935630.0,0.0
2021-12-01,101.0,104.5,100.5,104.0,12897648.0,0.0
2021-12-02,105.0,106.5,103.5,105.0,18029597.0,0.0
2021-12-03,107.0,110.0,106.0,109.0,22548355.0,0.0
2021-12-06,108.5,108.5,106.0,106.0,14617149.0,0.0
2021-12-07,106.5,107.0,103.5,104.0,15755708.0,0.0
2021-12-08,108.0,109.0,106.0,107.0,17816763.0,0.0
2021-12-09,105.0,105.5,104.0,104.5,20105853.0,0.0
2021-12-10,104.0,105.0,103.0,103.0,13085555.0,0.0
2021-12-13,104.0,104.5,102.0,102.5,9877314.0,0.0
2021-12-14,101.5,103.0,101.0,102.0,11596469.0,0.0
2021-12-15,102.0,102.5,101.5,101.5,9796812.0,0.0
2021-12-16,103.0,103.5,101.0,103.5,15236850.0,0.0
2021-12-17,101.5,103.5,101.5,102.0,17263954.0,0.0
2021-12-20,102.0,103.0,101.0,101.5,7948355.0,0.0
2021-12-21,102.0,103.0,101.5,102.0,7555420.0,0.0
2021-12-22,103.0,103.5,102.5,103.0,4001007.0,0.0
2021-12-23,104.0,105.5,103.5,103.5,10182380.0,0.0
2021-12-24,104.0,105.5,103.5,105.0,10471302.0,0.0
2021-12-27,105.0,105.5,104.0,105.0,7238174.0,0.0
2021-12-28,106.5,106.5,105.5,105.5,7885324.0,0.0
2021-12-29,106.5,107.0,106.0,106.0,6511278.0,0.0
2021-12-30,106.0,107.0,105.5,106.5,7581132.0,0.0
2022-01-03,107.0,107.5,105.0,105.5,9941961.0,0.0
2022-01-04,106.0,107.5,105.5,107.0,13999213.0,0.0
2022-01-05,107.0,112.0,106.5,111.0,31952123.0,0.0
2022-01-06,110.0,110.0,107.5,108.5,18103907.0,0.0
2022-01-07,109.5,110.0,105.0,106.5,14850826.0,0.0
2022-01-10,105.5,106.5,105.0,106.0,8328046.0,0.0
2022-01-11,107.0,107.5,105.5,106.5,12518222.0,0.0
2022-01-12,107.0,107.5,106.5,107.0,8719186.0,0.0
2022-01-13,107.0,107.0,104.0,105.0,9835912.0,0.0
2022-01-14,105.5,106.0,104.0,105.5,13414627.0,0.0
2022-01-17,106.5,108.5,106.0,108.0,14039424.0,0.0
2022-01-18,109.5,110.5,107.0,107.5,13491873.0,0.0
2022-01-19,106.0,107.0,104.5,105.0,14097821.0,0.0
2022-01-20,104.0,106.0,103.5,105.5,9033283.0,0.0
2022-01-21,104.0,104.5,101.0,101.5,24685431.0,0.0
2022-01-24,101.0,103.0,100.5,101.5,12202759.0,0.0
2022-01-25,99.5,100.5,98.3,100.0,23528050.0,0.0
2022-01-26,98.9,99.7,98.6,98.8,13963026.0,0.0
2022-02-07,100.5,102.5,99.1,100.0,19729078.0,0.0
2022-02-08,99.6,101.0,99.3,100.0,15301581.0,0.0
2022-02-09,101.0,102.5,100.0,102.0,17106270.0,0.0
2022-02-10,103.5,104.5,102.5,103.5,17859328.0,0.0
2022-02-11,104.5,106.0,102.0,103.0,33554413.0,0.0
2022-02-14,101.0,101.0,99.8,100.0,15958954.0,0.0
2022-02-15,100.5,101.0,99.8,100.0,8781363.0,0.0
2022-02-16,102.5,103.5,102.0,102.5,15465802.0,0.0
2022-02-17,103.0,105.0,103.0,104.0,14270988.0,0.0
2022-02-18,102.0,104.5,102.0,104.0,11302035.0,0.0
2022-02-21,103.0,105.5,103.0,105.0,10770978.0,0.0
2022-02-22,103.5,105.0,102.0,103.0,15345696.0,0.0
2022-02-23,103.5,103.5,101.5,102.0,12250345.0,0.0
2022-02-24,100.0,101.5,99.1,99.7,25379681.0,0.0
2022-02-25,101.0,101.0,99.1,99.3,20085740.0,0.0
2022-03-01,100.5,103.5,100.0,103.0,16463184.0,0.0
2022-03-02,102.5,103.0,101.5,102.5,8115803.0,0.0
2022-03-03,103.5,104.0,102.0,103.5,13128492.0,0.0
2022-03-04,101.5,103.0,101.5,102.0,9513554.0,0.0
2022-03-07,99.9,99.9,96.5,97.6,34415524.0,0.0
2022-03-08,96.0,97.5,95.5,96.1,21234633.0,0.0
2022-03-09,97.1,98.6,97.0,98.2,11124134.0,0.0
2022-03-10,100.5,101.0,99.9,100.5,11159566.0,0.0
2022-03-11,100.5,101.5,100.0,100.5,13724963.0,0.0
2022-03-14,101.5,102.5,101.0,102.0,12808763.0,0.0
2022-03-15,101.0,101.0,98.6,98.9,11936938.0,0.0
2022-03-16,100.0,100.5,99.0,99.8,10821566.0,0.0
2022-03-17,102.0,104.0,101.5,103.5,21970531.0,0.0
2022-03-18,103.5,105.0,103.5,104.5,16863302.0,0.0
2022-03-21,105.0,106.0,104.0,105.0,7958286.0,0.0
2022-03-22,105.0,105.5,103.5,104.5,8240664.0,0.0
2022-03-23,105.0,105.5,104.5,105.5,10161035.0,0.0
2022-03-24,104.0,105.5,103.5,105.0,13535904.0,0.0
2022-03-25,105.5,105.5,104.0,104.5,9821382.0,0.0
2022-03-28,103.5,103.5,101.5,103.5,14124892.0,0.0
2022-03-29,103.0,103.5,102.0,103.5,6314926.0,0.0
2022-03-30,104.5,105.0,103.5,104.5,10853171.0,0.0
2022-03-31,104.5,104.5,103.0,103.5,7356930.0,0.0
2022-04-01,102.5,103.5,101.5,103.5,10468307.0,0.0
2022-04-06,101.0,102.0,100.5,102.0,15183680.0,0.0
2022-04-07,101.0,102.0,99.8,99.8,15907930.0,0.0
2022-04-08,100.5,100.5,99.7,100.5,10820311.0,0.0
2022-04-11,100.5,100.5,97.5,97.9,14309053.0,0.0
2022-04-12,97.1,97.9,96.4,96.6,16147755.0,0.0
2022-04-13,97.7,99.1,97.4,99.1,8098261.0,0.0
2022-04-14,100.0,100.5,99.5,99.5,7492773.0,0.0
2022-04-15,98.2,98.4,97.5,97.9,5871489.0,0.0
2022-04-18,97.7,98.1,97.1,97.9,4582278.0,0.0
2022-04-19,98.7,99.4,98.1,98.1,6548723.0,0.0
2022-04-20,98.4,99.4,97.9,99.2,9089556.0,0.0
2022-04-21,99.0,99.7,98.8,99.5,5728166.0,0.0
2022-04-22,98.6,99.4,97.9,99.1,6166582.0,0.0
2022-04-25,97.3,97.3,94.5,94.6,17262834.0,0.0
2022-04-26,95.3,95.5,94.8,95.0,7164601.0,0.0
2022-04-27,91.8,92.3,90.7,91.8,15506684.0,0.0
2022-04-28,92.5,94.8,91.9,93.0,16445720.0,0.0
2022-04-29,97.7,98.9,95.1,95.6,26618796.0,0.0
2022-05-03,95.8,96.1,95.2,95.9,8315366.0,0.0
2022-05-04,96.1,96.7,95.7,96.6,5062569.0,0.0
2022-05-05,97.8,99.0,97.7,98.6,12527077.0,0.0
2022-05-06,95.8,96.3,95.4,95.9,9423963.0,0.0
2022-05-09,94.4,94.8,93.8,94.1,10558307.0,0.0
2022-05-10,93.4,95.4,92.6,95.4,7549337.0,0.0
2022-05-11,94.2,96.2,94.2,96.2,6441259.0,0.0
2022-05-12,94.6,95.0,93.0,93.0,10514048.0,0.0
2022-05-13,93.5,94.5,93.5,94.3,8475819.0,0.0
2022-05-16,95.7,96.2,94.0,94.7,5997599.0,0.0
2022-05-17,95.5,97.9,95.0,97.3,13221169.0,0.0
2022-05-18,98.4,98.9,96.5,96.9,18423583.0,0.0
2022-05-19,95.5,96.2,95.1,95.7,9786939.0,0.0
2022-05-20,96.6,97.5,96.1,97.5,8029799.0,0.0
2022-05-23,98.5,98.7,97.0,97.5,6474263.0,0.0
2022-05-24,97.7,97.9,96.5,96.6,7558833.0,0.0
2022-05-25,96.6,98.8,96.4,98.2,10735264.0,0.0
2022-05-26,98.8,99.3,97.9,98.6,10652751.0,0.0
2022-05-27,99.5,101.5,98.9,101.0,15816610.0,0.0
2022-05-30,102.0,103.0,101.0,103.0,12151341.0,0.0
2022-05-31,103.0,104.5,101.5,104.5,30933384.0,0.0
2022-06-01,103.5,104.5,102.5,103.0,9901397.0,0.0
2022-06-02,102.5,105.0,102.0,104.0,10894761.0,0.0
2022-06-06,105.0,105.0,103.0,104.5,10799838.0,0.0
2022-06-07,105.0,105.0,102.5,102.5,10364462.0,0.0
2022-06-08,103.5,105.0,102.5,104.0,12989081.0,0.0
2022-06-09,103.5,105.0,103.0,105.0,10995656.0,0.0
2022-06-10,104.0,106.0,103.0,105.0,10437686.0,0.0
2022-06-13,102.5,103.0,101.0,102.0,13701451.0,0.0
2022-06-14,100.0,102.5,100.0,102.0,11320326.0,0.0
2022-06-15,101.5,102.5,100.0,100.0,14516161.0,0.0
2022-06-16,102.5,103.5,100.5,101.0,10662369.0,0.0
2022-06-17,98.8,99.4,97.1,97.5,20938073.0,0.0
2022-06-20,97.5,98.2,96.2,96.2,9154004.0,0.0
2022-06-21,97.8,99.5,97.0,99.4,9439155.0,0.0
2022-06-22,100.0,100.0,96.1,96.4,13397155.0,0.0
2022-06-23,97.6,97.7,94.8,95.4,10115619.0,0.0
2022-06-24,94.1,95.0,90.7,92.0,38619700.0,0.0
2022-06-27,93.5,94.6,93.1,94.3,16895898.0,0.0
2022-06-28,94.8,94.8,90.7,91.0,33600376.0,0.0
2022-06-29,82.9,82.9,79.0,79.1,63822399.0,6.996
2022-06-30,79.1,79.4,75.6,76.4,42049039.0,0.0
2022-07-01,77.0,77.8,74.4,74.5,19525786.0,0.0
2022-07-04,74.1,74.7,73.2,74.0,19972768.0,0.0
2022-07-05,75.7,76.3,73.0,74.8,12700623.0,0.0
2022-07-06,75.5,75.6,72.9,73.1,11981603.0,0.0
2022-07-07,73.6,75.2,71.4,74.6,14697524.0,0.0
2022-07-08,75.7,76.7,75.2,76.1,9376546.0,0.0
2022-07-11,76.8,77.0,75.4,75.8,6274057.0,0.0
2022-07-12,74.6,74.7,73.1,73.8,7925009.0,0.0
2022-07-13,75.7,76.4,75.2,76.2,9564350.0,0.0
2022-07-14,75.9,78.9,75.4,78.4,13194123.0,0.0
2022-07-15,78.5,79.5,78.0,79.2,11437536.0,0.0
2022-07-18,79.4,81.6,79.0,81.1,13288581.0,0.0
2022-07-19,80.4,82.7,80.1,82.6,9713346.0,0.0
2022-07-20,83.5,84.5,82.8,83.4,12188175.0,0.0
2022-07-21,83.7,85.7,83.7,85.7,12118390.0,0.0
2022-07-22,85.8,85.9,84.6,85.2,10949208.0,0.0
2022-07-25,84.9,85.4,84.2,84.6,5823687.0,0.0
2022-07-26,84.9,84.9,83.5,83.7,6539969.0,0.0
2022-07-27,84.1,85.1,82.6,85.1,8049124.0,0.0
2022-07-28,86.6,87.8,85.6,87.8,19766828.0,0.0
2022-07-29,86.8,87.3,86.0,86.4,18840064.0,0.0
2022-08-01,86.2,86.5,85.1,86.3,6632030.0,0.0
2022-08-02,85.7,85.8,84.1,84.5,8274615.0,0.0
2022-08-03,84.4,86.0,83.6,86.0,9491837.0,0.0
2022-08-04,87.4,87.7,86.1,87.4,14406020.0,0.0
2022-08-05,88.3,88.5,87.5,88.2,7184276.0,0.0
2022-08-08,88.0,88.0,87.3,87.9,4460288.0,0.0
2022-08-09,88.0,88.1,86.8,87.7,6571818.0,0.0
2022-08-10,86.6,87.1,86.2,87.0,9009318.0,0.0
2022-08-11,89.2,89.7,88.8,89.5,9524163.0,0.0
2022-08-12,89.5,89.8,89.1,89.5,6727944.0,0.0
2022-08-15,90.0,91.0,90.0,90.5,8758108.0,0.0
2022-08-16,90.9,90.9,90.2,90.7,4759647.0,0.0
2022-08-17,90.2,90.7,90.1,90.6,6034482.0,0.0
2022-08-18,89.8,89.8,88.7,89.4,6924959.0,0.0
2022-08-19,89.4,90.0,89.1,90.0,7170535.0,0.0
2022-08-22,89.1,89.1,88.3,88.8,2860000.0,0.0
2022-08-23,88.0,88.0,86.1,86.6,9347516.0,0.0
2022-08-24,87.0,87.3,85.7,86.2,6418641.0,0.0
2022-08-25,86.6,86.8,86.1,86.4,5317757.0,0.0
2022-08-26,87.4,88.2,87.3,87.5,7189953.0,0.0
2022-08-29,85.0,85.1,83.7,84.4,10362399.0,0.0
2022-08-30,84.0,85.4,84.0,84.6,7940714.0,0.0
2022-08-31,84.2,85.6,84.1,85.4,12830586.0,0.0
2022-09-01,83.9,84.8,83.1,83.9,10512943.0,0.0
2022-09-02,83.7,83.7,82.7,82.7,7418820.0,0.0
2022-09-05,82.8,83.4,82.0,82.3,4447943.0,0.0
2022-09-06,83.2,83.3,82.2,82.4,3872324.0,0.0
2022-09-07,81.3,81.4,79.5,80.2,9390706.0,0.0
2022-09-08,81.2,82.5,81.0,82.1,8877194.0,0.0
2022-09-12,83.5,83.6,81.9,83.0,10767187.0,0.0
2022-09-13,84.0,86.7,84.0,85.9,16273188.0,0.0
2022-09-14,83.0,83.1,82.2,82.7,22768441.0,0.0
2022-09-15,82.8,83.7,82.3,83.2,11992683.0,0.0
2022-09-16,82.6,84.2,82.6,83.6,20534880.0,0.0
2022-09-19,84.5,85.1,84.0,84.3,14565346.0,0.0
2022-09-20,85.0,85.4,84.4,85.4,9868629.0,0.0
2022-09-21,84.8,85.6,84.7,84.9,8017708.0,0.0
2022-09-22,84.3,84.9,83.7,84.6,8672710.0,0.0
2022-09-23,84.6,85.5,84.0,84.0,6842076.0,0.0
2022-09-26,82.8,84.1,80.5,81.3,15291070.0,0.0
2022-09-27,82.0,82.1,80.7,81.1,9107794.0,0.0
2022-09-28,81.5,81.8,78.2,78.2,12523535.0,0.0
2022-09-29,80.0,80.7,78.5,78.9,11838891.0,0.0
2022-09-30,78.1,80.4,77.7,80.1,13575554.0,0.0
2022-10-03,78.9,79.3,77.1,77.1,15566626.0,0.0
2022-10-04,78.7,80.0,78.3,79.8,13431960.0,0.0
2022-10-05,82.0,83.5,81.3,81.9,21614560.0,0.0
2022-10-06,82.6,83.0,82.0,82.8,12322169.0,0.0
2022-10-07,82.1,82.7,81.3,82.0,9956211.0,0.0
2022-10-11,78.0,78.0,74.6,74.6,30082754.0,0.0
2022-10-12,73.7,74.6,72.5,73.2,20842982.0,0.0
2022-10-13,73.3,74.1,71.5,72.4,17081571.0,0.0
2022-10-14,74.4,76.2,74.4,75.8,16141801.0,0.0
2022-10-17,74.6,76.3,74.2,76.2,12926912.0,0.0
2022-10-18,77.5,77.8,75.0,76.1,22507484.0,0.0
2022-10-19,75.3,76.1,74.7,74.9,12192849.0,0.0
2022-10-20,73.9,76.2,73.8,76.0,19150916.0,0.0
2022-10-21,76.0,77.4,75.5,76.3,11160885.0,0.0
2022-10-24,77.9,78.4,77.5,77.7,9957862.0,0.0
2022-10-25,78.0,78.0,75.9,77.3,14550600.0,0.0
2022-10-26,77.6,77.9,76.6,76.9,9355542.0,0.0
2022-10-27,77.4,78.8,77.1,78.7,10878556.0,0.0
2022-10-28,79.0,80.7,78.3,80.7,17517037.0,0.0
2022-10-31,81.0,81.2,78.7,80.4,13663648.0,0.0
2022-11-01,79.9,80.5,79.2,80.0,7916843.0,0.0
2022-11-02,80.6,80.6,79.4,80.0,7563879.0,0.0
2022-11-03,78.3,79.7,78.3,79.5,10051954.0,0.0
2022-11-04,79.0,80.9,78.8,80.5,7998711.0,0.0
2022-11-07,82.5,84.5,81.9,84.5,19416666.0,0.0
2022-11-08,85.0,85.0,83.9,84.4,11608167.0,0.0
2022-11-09,85.3,86.8,85.3,86.8,15528094.0,0.0
2022-11-10,85.8,86.7,85.5,86.5,7345175.0,0.0
2022-11-11,90.8,91.7,88.8,90.4,24637897.0,0.0
2022-11-14,91.5,92.3,91.1,91.7,16239171.0,0.0
2022-11-15,91.1,93.3,91.0,92.8,19876881.0,0.0
2022-11-16,92.6,94.2,92.3,93.6,17599197.0,0.0
2022-11-17,92.5,93.5,92.0,93.5,9117311.0,0.0
2022-11-18,94.4,94.9,93.7,94.9,12466434.0,0.0
2022-11-21,95.5,95.5,93.6,94.2,8224602.0,0.0
2022-11-22,94.3,94.8,93.2,94.8,7981251.0,0.0
2022-11-23,95.5,96.0,95.3,95.8,8971220.0,0.0
2022-11-24,96.5,96.7,95.4,96.4,7028438.0,0.0
2022-11-25,96.0,96.6,95.3,96.1,10235269.0,0.0
2022-11-28,94.4,95.4,94.1,94.6,5919896.0,0.0
2022-11-29,94.7,95.5,93.6,95.4,6194093.0,0.0
2022-11-30,96.4,97.2,95.1,97.2,13577456.0,0.0
2022-12-01,99.0,102.0,98.7,101.5,25439187.0,0.0
2022-12-02,100.0,101.0,99.8,101.0,11891619.0,0.0
2022-12-05,101.5,102.5,100.0,101.0,12207653.0,0.0
2022-12-06,100.5,101.0,99.1,99.7,8695698.0,0.0
2022-12-07,99.7,100.5,98.4,99.0,16029028.0,0.0
2022-12-08,99.0,99.3,96.1,97.0,11455104.0,0.0
2022-12-09,98.3,99.6,98.1,99.5,13143029.0,0.0
2022-12-12,99.0,99.2,97.3,98.1,11299136.0,0.0
2022-12-13,98.5,98.7,95.8,96.3,16857131.0,0.0
2022-12-14,96.7,98.0,96.2,98.0,16424531.0,0.0
2022-12-15,97.0,98.5,96.3,98.2,11632640.0,0.0
2022-12-16,96.4,97.5,96.1,96.2,26571238.0,0.0
2022-12-19,95.1,96.3,94.9,95.8,22961832.0,0.0
2022-12-20,94.6,95.2,93.3,93.5,24904781.0,0.0
2022-12-21,93.5,95.5,93.5,95.3,21815067.0,0.0
2022-12-22,95.9,97.3,95.4,97.3,23093704.0,0.0
2022-12-23,95.3,95.3,93.4,93.8,11804310.0,0.0
2022-12-26,93.8,94.0,93.0,94.0,3634272.0,0.0
2022-12-27,94.5,94.9,94.2,94.5,3629446.0,0.0
2022-12-28,93.7,94.3,93.2,93.5,4937879.0,0.0
2022-12-29,92.6,93.8,92.1,93.8,4724896.0,0.0
2022-12-30,94.6,94.8,93.8,93.9,4322136.0,0.0
2023-01-03,93.3,94.8,92.3,94.6,7267519.0,0.0
2023-01-04,94.0,94.5,93.7,93.7,4786284.0,0.0
2023-01-05,94.5,95.9,94.2,94.6,9155416.0,0.0
2023-01-06,95.0,97.0,94.6,96.8,15773685.0,0.0
2023-01-09,99.4,101.0,98.5,101.0,19770110.0,0.0
2023-01-10,101.0,101.5,100.5,101.5,13677387.0,0.0
2023-01-11,101.5,102.0,100.5,100.5,11554684.0,0.0
2023-01-12,101.0,101.5,100.0,101.0,8883600.0,0.0
2023-01-13,101.5,102.0,100.5,101.0,10416228.0,0.0
2023-01-16,101.5,101.5,100.5,101.0,5016987.0,0.0
2023-01-17,101.0,101.5,100.5,101.5,9154658.0,0.0
2023-01-30,106.0,106.0,103.5,105.0,25206791.0,0.0
2023-01-31,104.0,104.0,100.0,100.0,19627126.0,0.0
2023-02-01,101.0,102.0,99.3,102.0,14698930.0,0.0
2023-02-02,103.0,104.5,102.0,103.0,19229586.0,0.0
2023-02-03,103.5,106.0,102.5,106.0,27783049.0,0.0
2023-02-06,104.5,105.0,102.5,103.5,10525657.0,0.0
2023-02-07,104.0,104.5,103.0,103.5,9366816.0,0.0
2023-02-08,104.0,106.0,104.0,106.0,10751847.0,0.0
2023-02-09,104.5,107.0,104.5,106.0,17695273.0,0.0
2023-02-10,106.5,107.5,104.0,106.0,20060981.0,0.0
2023-02-13,105.0,105.5,103.0,104.0,10860481.0,0.0
2023-02-14,104.5,105.0,102.5,104.5,14447861.0,0.0
2023-02-15,104.0,105.0,103.5,104.5,12541375.0,0.0
2023-02-16,105.0,105.5,104.0,104.0,10998839.0,0.0
2023-02-17,103.5,104.0,102.0,102.0,8379123.0,0.0
2023-02-20,101.5,103.0,101.5,103.0,9577105.0,0.0
2023-02-21,103.0,103.0,102.0,102.5,5514297.0,0.0
2023-02-22,101.5,103.0,101.0,102.5,8291557.0,0.0
2023-02-23,103.0,104.5,102.0,103.5,11983652.0,0.0
2023-02-24,104.5,107.5,104.0,106.0,25824630.0,0.0
2023-03-01,104.5,106.5,104.5,106.0,9484722.0,0.0
2023-03-02,106.0,108.5,105.5,108.0,13908777.0,0.0
2023-03-03,108.0,109.0,107.0,108.0,7361838.0,0.0
2023-03-06,109.0,109.0,108.0,109.0,6904611.0,0.0
2023-03-07,109.0,111.0,108.0,110.5,14314351.0,0.0
2023-03-08,109.5,110.0,108.5,109.5,7867454.0,0.0
2023-03-09,110.0,110.5,108.0,109.0,6492939.0,0.0
2023-03-10,107.5,107.5,106.0,107.0,9938849.0,0.0
2023-03-13,106.0,109.0,106.0,108.5,10360731.0,0.0
2023-03-14,108.0,110.0,106.5,107.0,16436647.0,0.0
2023-03-15,108.5,110.0,107.5,108.5,13126916.0,0.0
2023-03-16,108.0,108.5,106.5,108.0,9340503.0,0.0
2023-03-17,109.5,110.0,107.5,109.5,18091493.0,0.0
2023-03-20,109.0,109.5,108.0,109.5,9948768.0,0.0
2023-03-21,110.0,110.5,106.5,107.0,10336445.0,0.0
2023-03-22,108.0,109.0,107.0,109.0,12460598.0,0.0
2023-03-23,109.0,111.0,108.5,110.5,12314132.0,0.0
2023-03-24,111.0,111.5,110.0,111.0,12864744.0,0.0
2023-03-27,111.0,111.0,108.5,109.0,12012678.0,0.0
2023-03-28,109.0,110.0,108.5,109.5,12197193.0,0.0
2023-03-29,110.0,112.5,109.5,111.5,16739564.0,0.0
2023-03-30,113.0,113.0,111.5,112.5,13624706.0,0.0
2023-03-31,113.5,114.5,111.5,112.5,19446187.0,0.0
2023-04-06,113.0,113.0,112.0,112.5,10805910.0,0.0
2023-04-07,113.0,113.0,110.0,110.5,9481455.0,0.0
2023-04-10,110.0,110.5,108.0,109.0,12679679.0,0.0
2023-04-11,109.0,109.5,108.0,109.0,10217055.0,0.0
2023-04-12,109.0,110.0,107.5,109.0,15765831.0,0.0
2023-04-13,107.0,107.5,103.0,103.5,38704784.0,0.0
2023-04-14,104.5,106.0,103.5,105.5,14176694.0,0.0
2023-04-17,105.5,106.5,104.5,106.0,6523579.0,0.0
2023-04-18,106.0,106.5,105.0,105.5,5937302.0,0.0
2023-04-19,105.5,105.5,103.0,103.5,11158946.0,0.0
2023-04-20,102.5,104.5,102.5,103.5,10496056.0,0.0
2023-04-21,102.5,104.0,102.5,102.5,19142268.0,0.0
2023-04-24,102.0,103.0,102.0,102.0,10168802.0,0.0
2023-04-25,103.0,103.0,101.0,101.5,10386079.0,0.0
2023-04-26,100.5,101.0,99.2,100.5,18094354.0,0.0
2023-04-27,100.0,102.0,99.8,101.0,11090336.0,0.0
2023-04-28,100.0,101.5,99.9,101.0,15189522.0,0.0
2023-05-02,101.0,102.0,99.5,100.5,13127604.0,0.0
2023-05-03,101.0,102.0,100.0,101.5,12056467.0,0.0
2023-05-04,101.5,103.5,101.0,103.0,9824724.0,0.0
2023-05-05,103.5,104.0,103.0,103.0,3605474.0,0.0
2023-05-08,103.5,104.5,103.0,104.0,5269127.0,0.0
2023-05-09,104.0,105.0,103.0,104.5,6375486.0,0.0
2023-05-10,104.0,104.0,102.0,102.5,10070534.0,0.0
2023-05-11,103.0,104.0,102.5,103.5,5147173.0,0.0
2023-05-12,102.5,103.5,102.0,103.0,9994899.0,0.0
2023-05-15,102.5,103.5,102.5,103.0,6823538.0,0.0
2023-05-16,104.0,105.0,103.5,104.0,11808688.0,0.0
2023-05-17,104.5,106.5,104.0,105.5,17280581.0,0.0
2023-05-18,107.0,110.0,107.0,109.0,21578154.0,0.0
2023-05-19,109.5,109.5,108.0,109.0,9682280.0,0.0
2023-05-22,109.5,110.5,108.5,110.0,16475274.0,0.0
2023-05-23,110.0,111.0,108.0,110.0,13601480.0,0.0
2023-05-24,109.0,109.5,108.0,108.5,17062192.0,0.0
2023-05-25,110.0,112.0,108.5,108.5,39458660.0,0.0
2023-05-26,109.0,111.5,109.0,110.5,42121761.0,0.0
2023-05-29,112.0,112.0,108.5,109.0,35918469.0,0.0
2023-05-30,109.5,113.0,109.0,111.5,34910032.0,0.0
2023-05-31,110.5,112.5,110.5,111.5,41343237.0,0.0
2023-06-01,111.5,112.5,111.0,112.0,12896493.0,0.0
2023-06-02,114.0,117.0,113.5,116.5,36200182.0,0.0
2023-06-05,118.0,119.0,115.5,116.5,21733123.0,0.0
2023-06-06,117.0,122.0,116.0,121.5,41115039.0,0.0
2023-06-07,124.0,127.5,123.0,125.0,42850204.0,0.0
2023-06-08,123.5,125.0,122.0,122.5,18450551.0,0.0
2023-06-09,124.5,126.5,123.0,126.0,20315008.0,0.0
2023-06-12,127.0,127.0,124.5,125.5,18925040.0,0.0
2023-06-13,127.0,128.0,126.0,128.0,21909868.0,0.0
2023-06-14,126.5,127.0,124.5,124.5,17614774.0,0.0
2023-06-15,125.0,127.5,125.0,126.5,13896949.0,0.0
2023-06-16,125.0,126.0,124.0,125.5,14109931.0,0.0
2023-06-19,125.0,127.0,124.5,126.5,8959506.0,0.0
2023-06-20,126.5,127.5,125.0,126.5,9414600.0,0.0
2023-06-21,125.5,127.0,125.5,126.5,11713354.0,0.0
2023-06-26,125.5,127.0,124.0,126.0,21034602.0,0.0
2023-06-27,126.0,126.0,122.0,124.0,28626139.0,0.0
2023-06-28,122.5,124.5,121.5,124.0,23553682.0,0.0
2023-06-29,124.0,124.0,121.5,122.5,22964095.0,0.0
2023-06-30,113.5,113.5,109.0,110.5,36820383.0,8.7932
2023-07-03,111.0,112.0,109.5,111.0,20070079.0,0.0
2023-07-04,110.5,111.5,109.5,111.0,16542006.0,0.0
2023-07-05,110.5,112.5,110.5,111.5,12179964.0,0.0
2023-07-06,110.5,111.0,108.0,108.5,16608244.0,0.0
2023-07-07,109.0,109.5,108.0,109.0,20282186.0,0.0
2023-07-10,109.0,111.0,107.5,108.0,17366790.0,0.0
2023-07-11,109.5,111.0,108.5,109.5,15920276.0,0.0
2023-07-12,109.5,110.0,107.0,110.0,17724965.0,0.0
2023-07-13,112.0,112.0,110.0,110.0,14051932.0,0.0
2023-07-14,111.0,116.0,111.0,115.0,20135610.0,0.0
2023-07-17,116.5,116.5,114.0,115.0,19236163.0,0.0
2023-07-18,117.0,118.0,113.0,116.0,23053577.0,0.0
2023-07-19,116.0,116.5,112.5,112.5,16312316.0,0.0
2023-07-20,112.5,114.0,111.5,113.5,10535434.0,0.0
2023-07-21,110.0,111.5,109.0,110.5,19506695.0,0.0
2023-07-24,111.0,111.5,110.0,110.5,10015353.0,0.0
2023-07-25,112.0,116.5,111.5,114.5,16172305.0,0.0
2023-07-26,115.5,116.0,113.0,113.5,8139014.0,0.0
2023-07-27,112.5,114.0,111.5,114.0,11839037.0,0.0
2023-07-28,116.0,119.0,115.5,117.5,27234303.0,0.0
2023-07-31,118.0,118.5,114.0,114.5,22511362.0,0.0
2023-08-01,114.5,115.5,112.0,114.0,19786128.0,0.0
2023-08-02,112.5,113.0,109.5,110.5,24414699.0,0.0
2023-08-04,109.5,111.0,108.5,109.0,12452967.0,0.0
2023-08-07,109.0,111.5,108.5,111.5,5058025.0,0.0
2023-08-08,111.5,111.5,108.5,109.0,9969430.0,0.0
2023-08-09,109.0,111.5,109.0,111.0,10828996.0,0.0
2023-08-10,110.5,111.0,109.0,111.0,13056022.0,0.0
2023-08-11,110.5,112.0,110.0,110.5,8155565.0,0.0
2023-08-14,110.0,111.0,109.0,109.5,8628977.0,0.0
2023-08-15,110.5,111.5,109.0,110.0,10535121.0,0.0
2023-08-16,109.0,109.5,107.0,108.0,11496577.0,0.0
2023-08-17,106.0,109.0,104.0,108.5,14247001.0,0.0
2023-08-18,108.0,108.5,106.5,107.0,8069023.0,0.0
2023-08-21,107.5,108.0,106.5,108.0,5171063.0,0.0
2023-08-22,108.5,109.5,107.5,108.5,6415473.0,0.0
2023-08-23,107.5,109.5,107.5,109.5,4344356.0,0.0
2023-08-24,111.0,114.0,111.0,113.0,16653140.0,0.0
2023-08-25,111.0,118.0,111.0,116.5,39014855.0,0.0
2023-08-28,121.0,124.5,117.0,119.0,36999409.0,0.0
2023-08-29,119.0,119.5,116.0,117.5,19470686.0,0.0
2023-08-30,119.0,121.0,118.0,120.0,18304638.0,0.0
2023-08-31,119.0,119.5,116.5,118.0,18194335.0,0.0
2023-09-01,118.0,118.5,117.5,118.5,4234680.0,0.0
2023-09-04,118.5,118.5,116.0,118.0,8498192.0,0.0
2023-09-05,117.0,119.0,115.5,118.5,9877054.0,0.0
2023-09-06,118.5,119.5,117.0,118.0,11309089.0,0.0
2023-09-07,117.0,119.5,117.0,118.5,8864911.0,0.0
2023-09-08,117.0,117.5,114.0,116.5,12963946.0,0.0
2023-09-11,116.0,116.5,113.0,113.5,15902279.0,0.0
2023-09-12,114.5,116.0,114.0,115.5,13330655.0,0.0
2023-09-13,115.5,115.5,111.5,112.5,20119471.0,0.0
2023-09-14,113.5,116.0,113.5,115.5,10197033.0,0.0
2023-09-15,115.5,117.5,115.0,116.0,13948225.0,0.0
2023-09-18,114.0,115.5,113.5,113.5,8924301.0,0.0
2023-09-19,113.5,115.5,113.5,114.0,6299189.0,0.0
2023-09-20,115.0,116.0,113.5,114.5,10796203.0,0.0
2023-09-21,113.5,114.0,111.5,112.0,12158385.0,0.0
2023-09-22,111.0,113.0,110.5,112.0,9025837.0,0.0
2023-09-25,112.5,114.0,111.5,112.5,9393318.0,0.0
2023-09-26,111.5,111.5,108.5,109.0,16370829.0,0.0
2023-09-27,107.5,110.0,107.5,109.5,12048012.0,0.0
2023-09-28,109.5,110.0,109.0,109.5,7303495.0,0.0
2023-10-02,110.5,111.5,110.0,111.0,5323426.0,0.0
2023-10-03,110.5,111.5,110.0,110.5,4578116.0,0.0
2023-10-04,109.0,110.5,108.5,109.5,8579225.0,0.0
2023-10-05,110.0,112.0,109.5,112.0,9576593.0,0.0
2023-10-06,112.0,112.0,110.5,110.5,5214488.0,0.0
2023-10-11,113.0,116.0,112.5,115.5,22552855.0,0.0
2023-10-12,116.0,118.0,114.5,116.5,15574867.0,0.0
2023-10-13,115.5,117.0,114.5,116.5,10453665.0,0.0
2023-10-16,115.0,116.0,114.0,116.0,9247105.0,0.0
2023-10-17,117.0,117.5,116.0,116.0,12532669.0,0.0
2023-10-18,116.0,117.5,114.5,116.0,19873716.0,0.0
2023-10-19,115.5,116.0,113.5,116.0,12992111.0,0.0
2023-10-20,115.0,118.5,115.0,118.5,20261096.0,0.0
2023-10-23,117.5,117.5,115.0,115.0,9766699.0,0.0
2023-10-24,114.5,114.5,113.0,114.0,10671716.0,0.0
2023-10-25,113.0,114.5,112.0,114.0,15147581.0,0.0
2023-10-26,111.0,113.5,110.0,112.0,16347714.0,0.0
2023-10-27,111.0,114.5,111.0,113.5,13461915.0,0.0
2023-10-30,113.0,113.5,111.0,112.0,15653898.0,0.0
2023-10-31,112.0,114.0,112.0,113.5,12483934.0,0.0
2023-11-01,113.0,115.0,113.0,114.5,7712823.0,0.0
2023-11-02,115.0,116.0,114.5,116.0,8323699.0,0.0
2023-11-03,116.5,117.5,116.0,117.5,9474779.0,0.0
2023-11-06,118.5,119.5,117.5,118.5,13454538.0,0.0
2023-11-07,118.0,118.5,116.5,117.5,6951668.0,0.0
2023-11-08,117.0,118.5,116.5,117.5,4876697.0,0.0
2023-11-09,117.0,118.5,117.0,118.0,5623205.0,0.0
2023-11-10,117.5,118.0,116.5,117.5,4979852.0,0.0
2023-11-13,120.5,123.5,120.0,122.5,25864674.0,0.0
2023-11-14,123.5,124.0,122.0,123.5,13139900.0,0.0
2023-11-15,125.0,127.0,124.5,126.0,21914559.0,0.0
2023-11-16,126.0,126.0,124.0,125.0,10509041.0,0.0
2023-11-17,124.5,126.0,124.0,125.5,6810632.0,0.0
2023-11-20,125.0,125.0,123.0,124.0,7049794.0,0.0
2023-11-21,124.5,128.0,124.0,127.0,20750405.0,0.0
2023-11-22,125.5,127.0,125.5,126.5,7836987.0,0.0
2023-11-23,126.0,127.5,126.0,127.0,6491389.0,0.0
2023-11-24,127.0,128.0,126.5,126.5,6800946.0,0.0
2023-11-27,126.5,128.0,126.0,126.0,8062262.0,0.0
2023-11-28,126.0,126.5,125.0,125.5,10758855.0,0.0
2023-11-29,125.5,128.0,125.0,127.0,13660118.0,0.0
2023-11-30,127.0,128.0,126.0,128.0,18841204.0,0.0
2023-12-01,127.0,128.5,126.5,128.0,9884517.0,0.0
2023-12-04,129.0,131.0,129.0,130.0,10524967.0,0.0
2023-12-05,129.0,130.0,128.0,129.5,11565276.0,0.0
2023-12-06,128.5,129.0,127.0,129.0,8193534.0,0.0
2023-12-07,129.0,129.0,125.5,126.5,9613491.0,0.0
2023-12-08,128.0,130.5,127.5,129.5,14357271.0,0.0
2023-12-11,130.0,131.5,129.0,131.0,9275769.0,0.0
2023-12-12,131.0,131.5,129.0,129.5,8089606.0,0.0
2023-12-13,129.5,131.0,129.0,130.0,7038569.0,0.0
2023-12-14,132.0,133.5,131.0,133.5,13601903.0,0.0
2023-12-15,133.5,134.0,131.0,131.0,15391528.0,0.0
2023-12-18,129.0,133.0,129.0,131.5,9721248.0,0.0
2023-12-19,131.5,132.0,130.0,131.5,10763114.0,0.0
2023-12-20,133.0,133.5,130.5,131.5,14874306.0,0.0
2023-12-21,129.5,131.0,128.5,130.0,11779025.0,0.0
2023-12-22,130.5,132.0,129.5,131.5,8911896.0,0.0
2023-12-25,131.5,132.0,130.0,131.0,5153447.0,0.0
2023-12-26,132.0,133.5,132.0,132.5,5235309.0,0.0
2023-12-27,133.0,134.0,132.5,133.5,7107572.0,0.0
2023-12-28,134.0,135.5,134.0,135.5,6761196.0,0.0
2023-12-29,136.0,136.5,133.0,135.0,8333996.0,0.0
2024-01-02,134.5,135.0,132.0,133.5,11990282.0,0.0
2024-01-03,130.5,130.5,125.5,126.5,24357929.0,0.0
2024-01-04,126.5,128.0,126.0,127.0,8366576.0,0.0
2024-01-05,127.0,127.5,125.0,126.5,11917562.0,0.0
2024-01-08,126.5,128.0,125.5,126.0,8354374.0,0.0
2024-01-09,128.0,128.0,125.5,126.5,12967341.0,0.0
2024-01-10,126.0,126.5,124.0,126.5,8998129.0,0.0
2024-01-11,126.5,126.5,125.0,125.5,6337431.0,0.0
2024-01-12,126.0,126.0,125.0,126.0,5040982.0,0.0
2024-01-15,128.0,128.0,125.0,125.5,5985063.0,0.0
2024-01-16,124.5,126.5,123.0,125.5,10866196.0,0.0
2024-01-17,124.0,126.0,123.5,125.0,13752001.0,0.0
2024-01-18,125.0,128.5,123.0,127.0,12557143.0,0.0
2024-01-19,131.0,131.5,129.0,131.0,21762940.0,0.0
2024-01-22,131.5,134.5,131.0,134.5,16613307.0,0.0
2024-01-23,135.5,135.5,134.0,134.5,9321907.0,0.0
2024-01-24,135.0,135.5,133.5,134.0,5032678.0,0.0
2024-01-25,134.5,137.0,134.0,137.0,8591561.0,0.0
2024-01-26,137.0,138.0,136.0,137.0,5987791.0,0.0
2024-01-29,137.0,137.5,136.5,137.0,3388501.0,0.0
2024-01-30,137.0,137.0,135.0,136.0,5766936.0,0.0
2024-01-31,135.0,136.5,134.5,136.0,8003129.0,0.0
2024-02-01,135.0,135.0,132.0,133.0,13386604.0,0.0
2024-02-02,132.0,132.5,129.0,129.5,16627034.0,0.0
2024-02-05,128.0,130.5,126.5,130.0,10779020.0,0.0
2024-02-15,136.5,137.0,134.0,135.5,15385016.0,0.0
2024-02-16,140.0,144.0,135.5,137.0,20527429.0,0.0
2024-02-19,137.0,138.0,135.5,136.0,7035912.0,0.0
2024-02-20,135.5,137.5,135.0,137.0,9456630.0,0.0
2024-02-21,136.5,138.0,136.0,137.5,6134190.0,0.0
2024-02-22,138.0,140.5,138.0,138.5,8704140.0,0.0
2024-02-23,140.0,143.0,139.0,141.5,14294848.0,0.0
2024-02-26,141.0,142.0,140.0,141.5,7850892.0,0.0
2024-02-27,140.5,141.0,138.0,138.0,9909120.0,0.0
2024-02-29,135.5,140.0,135.5,139.0,12202232.0,0.0
2024-03-01,139.0,140.0,137.5,138.0,8584477.0,0.0
2024-03-04,139.0,142.5,139.0,141.5,13176865.0,0.0
2024-03-05,141.5,145.0,141.5,144.5,13290186.0,0.0
2024-03-06,144.5,149.5,144.0,149.0,16593838.0,0.0
2024-03-07,155.0,163.5,152.5,163.5,43189146.0,0.0
2024-03-08,177.0,177.0,157.0,159.5,74157270.0,0.0
2024-03-11,159.0,159.0,152.0,154.0,26038974.0,0.0
2024-03-12,154.0,158.0,153.0,157.5,13842984.0,0.0
2024-03-13,158.5,160.0,155.5,158.5,18468774.0,0.0
2024-03-14,156.5,157.0,152.0,154.0,15036219.0,0.0
2024-03-15,150.5,154.5,149.0,153.0,23682039.0,0.0
2024-03-18,153.5,158.5,153.5,158.0,15626980.0,0.0
2024-03-19,158.0,160.5,155.5,160.0,18415260.0,0.0
2024-03-20,158.5,161.0,156.0,156.5,14981893.0,0.0
2024-03-21,157.5,161.0,156.5,160.0,16610128.0,0.0
2024-03-22,160.0,160.0,157.5,159.0,10934879.0,0.0
2024-03-25,159.0,159.0,155.5,157.5,11807965.0,0.0
2024-03-26,157.5,159.0,153.0,157.0,11991906.0,0.0
2024-03-27,155.0,156.0,152.5,154.0,17322980.0,0.0
2024-03-28,155.0,156.0,152.5,155.0,15504776.0,0.0
2024-03-29,154.0,157.5,152.0,157.0,8745000.0,0.0
2024-04-01,159.5,160.0,150.0,150.0,25932841.0,0.0
2024-04-02,151.5,155.5,151.0,153.5,17127139.0,0.0
2024-04-03,154.0,155.0,152.0,154.5,14237233.0,0.0
2024-04-08,157.0,157.0,151.5,153.0,12788790.0,0.0
2024-04-09,154.0,157.0,152.5,156.0,12451524.0,0.0
2024-04-10,157.5,159.0,156.5,158.5,17867950.0,0.0
2024-04-11,156.0,159.0,156.0,159.0,14703645.0,0.0
2024-04-12,158.0,161.0,158.0,160.5,14785670.0,0.0
2024-04-15,157.0,162.0,155.5,160.0,15746738.0,0.0
2024-04-16,156.5,158.5,152.5,153.0,21447952.0,0.0
2024-04-17,153.0,156.0,152.0,156.0,10603473.0,0.0
2024-04-18,155.0,155.0,151.0,151.0,19331309.0,0.0
2024-04-19,148.5,150.0,143.5,146.0,36186891.0,0.0
2024-04-22,145.5,146.0,141.5,144.5,15709145.0,0.0
2024-04-23,151.0,151.0,144.5,145.0,12628368.0,0.0
2024-04-24,147.0,151.0,147.0,148.0,12566703.0,0.0
2024-04-25,146.0,147.0,143.0,145.0,12719244.0,0.0
2024-04-26,144.0,145.5,142.0,142.5,13389085.0,0.0
2024-04-29,143.5,147.5,143.5,147.0,9679827.0,0.0
2024-04-30,146.0,149.0,146.0,148.0,11510545.0,0.0
2024-05-02,144.5,145.5,142.0,144.5,15590529.0,0.0
2024-05-03,146.0,148.5,145.5,148.0,10215536.0,0.0
2024-05-06,150.0,150.0,146.5,148.0,9180526.0,0.0
2024-05-07,149.5,151.5,149.0,151.0,10295561.0,0.0
2024-05-08,150.0,150.5,148.0,150.5,9775148.0,0.0
2024-05-09,149.0,150.0,147.0,148.0,8397391.0,0.0
2024-05-10,149.5,153.5,148.5,151.5,15027164.0,0.0
2024-05-13,151.5,153.0,147.5,148.0,11691002.0,0.0
2024-05-14,148.0,150.5,148.0,149.0,6927419.0,0.0
2024-05-15,150.0,153.5,150.0,151.0,10645652.0,0.0
2024-05-16,153.0,154.0,150.0,150.0,8462257.0,0.0
2024-05-17,148.5,152.5,148.5,151.5,6669168.0,0.0
2024-05-20,151.5,152.5,150.0,152.0,6298238.0,0.0
2024-05-21,152.0,154.5,152.0,154.0,8386068.0,0.0
2024-05-22,155.0,156.5,154.0,155.5,8548385.0,0.0
2024-05-23,155.5,161.5,155.5,161.5,17387331.0,0.0
2024-05-24,159.5,161.5,158.0,159.5,10043525.0,0.0
2024-05-27,162.0,166.0,161.5,165.5,15906805.0,0.0
2024-05-28,167.0,167.5,163.0,164.0,9601475.0,0.0
2024-05-29,164.0,165.5,162.0,163.0,9873570.0,0.0
2024-05-30,159.5,161.0,157.0,158.5,15027339.0,0.0
2024-05-31,159.0,161.0,156.0,157.0,33752677.0,0.0
2024-06-03,158.0,162.0,157.5,161.0,12868452.0,0.0
2024-06-04,160.0,161.0,158.0,159.5,12797795.0,0.0
2024-06-05,158.5,159.0,156.5,157.0,12777601.0,0.0
2024-06-06,159.0,162.0,158.5,160.0,11481384.0,0.0
2024-06-07,160.0,160.5,158.0,159.5,6973913.0,0.0
2024-06-11,158.0,161.0,157.0,160.0,9876293.0,0.0
2024-06-12,160.0,163.0,159.5,162.5,8937512.0,0.0
2024-06-13,166.0,167.5,164.0,164.0,10600765.0,0.0
2024-06-14,164.5,166.0,163.0,166.0,6458288.0,0.0
2024-06-17,166.0,169.0,165.0,167.0,8462035.0,0.0
2024-06-18,166.5,171.5,166.0,171.0,12416301.0,0.0
2024-06-19,174.0,181.0,173.5,179.0,18662157.0,0.0
2024-06-20,180.0,180.0,177.0,178.0,9069718.0,0.0
2024-06-21,174.5,176.5,173.0,174.5,16533889.0,0.0
2024-06-24,173.0,175.0,171.5,172.5,11930909.0,0.0
2024-06-25,166.0,170.0,163.0,169.0,19332204.0,0.0
2024-06-26,167.5,175.0,167.5,172.5,15097262.0,0.0
2024-06-27,169.0,173.0,169.0,172.0,13591291.0,0.0
2024-06-28,169.0,171.0,167.5,168.5,17775052.0,0.0
2024-07-01,162.0,166.0,161.5,164.5,21435632.0,5.2023
2024-07-02,165.0,166.0,159.0,159.0,24669081.0,0.0
2024-07-03,161.5,163.0,159.5,160.5,13802996.0,0.0
2024-07-04,162.5,166.0,162.5,166.0,11145832.0,0.0
2024-07-05,167.5,169.0,165.0,168.5,7402155.0,0.0
2024-07-08,168.5,173.0,167.5,172.5,10039994.0,0.0
2024-07-09,174.0,180.0,172.5,180.0,25436067.0,0.0
2024-07-10,181.0,183.0,176.5,179.5,14005607.0,0.0
2024-07-11,182.5,193.5,180.0,193.5,26008317.0,0.0
2024-07-12,188.0,188.0,175.0,177.5,43323823.0,0.0
2024-07-15,180.0,181.5,177.0,179.5,17529345.0,0.0
2024-07-16,177.5,180.0,176.0,179.0,14366999.0,0.0
2024-07-17,177.5,188.0,176.5,182.5,26774948.0,0.0
2024-07-18,175.5,179.0,170.5,176.0,24530288.0,0.0
2024-07-19,172.5,174.5,168.0,171.0,26435615.0,0.0
2024-07-22,168.5,169.0,163.0,164.0,20507458.0,0.0
2024-07-23,168.0,175.0,167.5,172.5,17472118.0,0.0
2024-07-26,155.5,157.0,155.5,155.5,48354286.0,0.0
2024-07-29,156.0,157.0,152.0,153.5,22256679.0,0.0
2024-07-30,151.0,157.0,149.0,155.5,19403668.0,0.0
2024-07-31,152.5,154.0,149.5,150.0,20355574.0,0.0
2024-08-01,154.0,155.5,152.0,153.5,14710602.0,0.0
2024-08-02,147.5,150.0,143.0,143.5,26562500.0,0.0
2024-08-05,133.5,135.0,129.5,130.0,30624178.0,0.0
2024-08-06,136.5,138.5,129.0,137.5,28764195.0,0.0
2024-08-07,141.5,146.0,139.0,145.5,27115008.0,0.0
2024-08-08,139.0,140.5,136.0,138.0,22323383.0,0.0
2024-08-09,142.5,148.5,141.0,145.5,21824697.0,0.0
2024-08-12,145.5,152.0,145.5,148.5,19569220.0,0.0
2024-08-13,148.5,151.5,147.0,149.0,12318756.0,0.0
2024-08-14,151.0,157.0,151.0,156.0,22643796.0,0.0
2024-08-15,154.5,155.0,151.0,151.0,16958521.0,0.0
2024-08-16,155.5,157.0,153.5,153.5,14628720.0,0.0
2024-08-19,154.5,154.5,151.5,154.0,11972146.0,0.0
2024-08-20,156.0,156.0,154.0,155.0,10403935.0,0.0
2024-08-21,153.0,154.5,151.5,152.5,14807826.0,0.0
2024-08-22,152.5,152.5,148.5,150.0,13198628.0,0.0
2024-08-23,147.5,150.5,146.5,150.5,15604259.0,0.0
2024-08-26,151.0,152.0,147.5,148.0,13256723.0,0.0
2024-08-27,147.0,148.5,146.0,147.0,8537437.0,0.0
2024-08-28,148.0,153.0,147.0,152.0,10002021.0,0.0
2024-08-29,149.5,153.5,149.0,152.0,10648303.0,0.0
2024-08-30,152.5,155.0,152.0,153.5,13044808.0,0.0
2024-09-02,155.5,156.5,152.0,153.0,8455605.0,0.0
2024-09-03,152.5,153.5,151.0,151.5,7023257.0,0.0
2024-09-04,142.5,146.0,140.5,143.5,20067176.0,0.0
2024-09-05,145.0,146.0,143.5,143.5,7334732.0,0.0
2024-09-06,144.0,145.0,141.5,141.5,7269869.0,0.0
2024-09-09,138.0,143.0,137.5,142.0,12405182.0,0.0
2024-09-10,143.0,146.0,142.5,144.5,9539010.0,0.0
2024-09-11,143.5,144.0,141.0,142.0,11434544.0,0.0
2024-09-12,146.0,149.5,146.0,147.5,14796967.0,0.0
2024-09-13,147.5,148.0,146.0,147.0,9198222.0,0.0
2024-09-16,153.0,156.0,151.5,154.0,21413339.0,0.0
2024-09-18,152.5,155.5,149.0,152.5,30646943.0,0.0
2024-09-19,150.5,152.5,148.0,152.0,25882949.0,0.0
2024-09-20,156.0,157.0,152.5,154.5,35257586.0,0.0
2024-09-23,155.0,157.0,153.0,157.0,17481136.0,0.0
2024-09-24,155.0,157.0,152.0,157.0,19774934.0,0.0
2024-09-25,158.0,159.0,156.0,158.5,24771341.0,0.0
2024-09-26,158.0,162.5,158.0,162.5,25304992.0,0.0
2024-09-27,163.0,163.5,159.0,159.0,26628128.0,0.0
2024-09-30,155.0,156.5,151.0,151.0,18422309.0,0.0
2024-10-01,150.5,154.5,150.5,151.5,10543426.0,0.0
2024-10-04,150.0,153.5,149.0,151.0,18519897.0,0.0
2024-10-07,153.0,155.0,152.0,155.0,12957530.0,0.0
2024-10-08,152.5,153.0,151.5,153.0,11015367.0,0.0
2024-10-09,153.0,155.5,153.0,154.0,10316983.0,0.0
2024-10-11,155.0,157.0,153.5,155.0,12002284.0,0.0
2024-10-14,156.0,160.5,155.0,158.0,14793412.0,0.0
2024-10-15,159.5,169.0,158.5,168.5,34602584.0,0.0
2024-10-16,163.5,169.0,163.0,165.0,33917206.0,0.0
2024-10-17,166.0,166.5,163.0,165.5,14912181.0,0.0
2024-10-18,173.0,173.0,161.0,163.5,35535129.0,0.0
2024-10-21,164.0,164.5,161.0,161.5,16923674.0,0.0
2024-10-22,161.5,164.5,161.0,164.0,13624689.0,0.0
2024-10-23,164.0,164.5,161.0,161.5,11623014.0,0.0
2024-10-24,161.0,162.5,159.0,159.0,9484095.0,0.0
2024-10-25,159.0,163.0,159.0,162.0,9396278.0,0.0
2024-10-28,162.5,163.5,159.5,161.0,10029721.0,0.0
2024-10-29,159.5,159.5,155.5,158.5,17231596.0,0.0
2024-10-30,158.5,160.0,157.0,157.0,13443105.0,0.0
2024-11-01,145.5,155.0,145.0,154.0,30646210.0,0.0
2024-11-04,154.5,155.5,151.5,152.5,12613121.0,0.0
2024-11-05,150.0,150.5,148.0,150.0,17308986.0,0.0
2024-11-06,151.0,154.5,150.5,152.0,13421941.0,0.0
2024-11-07,151.5,158.0,151.0,156.0,15612074.0,0.0
2024-11-08,158.0,159.5,155.0,155.5,12460015.0,0.0
2024-11-11,155.0,159.0,153.5,157.5,8019989.0,0.0
2024-11-12,154.0,155.0,152.5,152.5,15116838.0,0.0
2024-11-13,152.5,162.5,152.5,157.0,27999084.0,0.0
2024-11-14,156.0,156.5,152.0,154.0,20419976.0,0.0
2024-11-15,154.0,159.5,153.5,155.0,20734916.0,0.0
2024-11-18,155.0,155.5,150.5,151.5,17782522.0,0.0
2024-11-19,158.0,159.5,153.0,154.5,25150693.0,0.0
2024-11-20,155.0,155.0,155.0,155.0,15599226.0,0.0
2024-11-21,153.0,154.0,150.0,153.5,13386825.0,0.0
2024-11-22,155.5,158.0,155.5,156.5,12173225.0,0.0
2024-11-25,158.0,158.5,156.0,156.0,11433704.0,0.0
2024-11-26,155.0,156.0,154.5,155.0,7925944.0,0.0
2024-11-27,154.5,155.0,150.5,150.5,12960717.0,0.0
2024-11-28,151.0,151.5,146.0,147.0,17213695.0,0.0
2024-11-29,146.5,152.5,146.0,151.5,11663361.0,0.0
2024-12-02,152.5,155.5,152.5,154.5,10592228.0,0.0
2024-12-03,157.0,159.0,154.5,155.0,17792446.0,0.0
2024-12-04,155.0,158.0,153.5,158.0,17757696.0,0.0
2024-12-05,158.5,159.0,156.0,157.5,15844570.0,0.0
2024-12-06,158.5,162.0,158.0,159.5,18621648.0,0.0
2024-12-09,160.0,161.0,158.5,160.0,6646996.0,0.0
2024-12-10,159.0,159.0,157.5,158.0,8874577.0,0.0
2024-12-11,155.5,158.0,155.0,156.0,9879664.0,0.0
2024-12-12,155.0,159.5,155.0,157.0,13779360.0,0.0
2024-12-13,156.5,160.0,156.5,158.5,10490438.0,0.0
2024-12-16,160.0,163.0,159.5,160.5,18050159.0,0.0
2024-12-17,159.0,160.5,157.0,158.0,13695399.0,0.0
2024-12-18,159.0,162.0,159.0,161.0,11468832.0,0.0
2024-12-19,158.0,161.0,157.5,161.0,9710761.0,0.0
2024-12-20,159.5,161.5,157.5,157.5,23462634.0,0.0
2024-12-23,158.5,162.5,158.5,160.5,9487301.0,0.0
2024-12-24,162.0,166.5,162.0,164.5,14909199.0,0.0
2024-12-25,165.5,167.0,165.0,165.5,7794911.0,0.0
2024-12-26,165.5,166.0,163.5,165.0,5229495.0,0.0
2024-12-27,164.5,166.5,164.5,165.0,6158598.0,0.0
2024-12-30,164.0,166.0,163.5,163.5,8469357.0,0.0
2024-12-31,162.0,163.0,161.0,162.0,5512390.0,0.0
2025-01-02,161.5,163.0,160.0,160.5,7489059.0,0.0
2025-01-03,163.0,164.0,160.5,161.0,6061633.0,0.0
2025-01-06,163.5,167.5,163.5,166.0,13477371.0,0.0
2025-01-07,169.5,178.0,168.0,175.0,33178007.0,0.0
2025-01-08,175.0,175.0,171.0,171.5,18070131.0,0.0
2025-01-09,172.5,174.0,165.5,166.0,12566692.0,0.0
2025-01-10,165.0,170.0,165.0,168.5,10736840.0,0.0
2025-01-13,166.0,167.5,161.5,162.5,15554342.0,0.0
2025-01-14,160.5,163.5,160.0,161.0,13483329.0,0.0
2025-01-15,161.0,164.0,159.5,161.5,12087372.0,0.0
2025-01-16,166.5,169.0,165.0,165.0,16659797.0,0.0
2025-01-17,166.5,167.0,163.5,166.0,13230814.0,0.0
2025-01-20,166.5,173.0,166.5,172.0,15717035.0,0.0
2025-01-21,171.0,173.0,170.5,172.0,9913674.0,0.0
2025-01-22,175.0,178.5,172.0,177.0,24305294.0,0.0
2025-02-03,161.0,166.0,160.0,161.0,37477086.0,0.0
2025-02-04,161.5,163.0,157.0,157.5,20092620.0,0.0
2025-02-05,159.5,163.0,159.5,161.5,14165783.0,0.0
2025-02-06,161.5,164.5,161.0,161.0,8656041.0,0.0
2025-02-07,161.0,165.5,161.0,164.5,15747224.0,0.0
2025-02-10,163.0,168.0,162.0,166.5,19546373.0,0.0
2025-02-11,165.5,169.0,165.5,167.5,13967659.0,0.0
2025-02-12,167.0,168.0,165.5,165.5,8566742.0,0.0
2025-02-13,164.5,172.0,164.5,170.5,21390094.0,0.0
2025-02-14,173.0,176.0,171.0,175.0,28457804.0,0.0
2025-02-17,174.0,179.5,173.5,178.0,17984710.0,0.0
2025-02-18,177.0,181.0,177.0,179.0,11402708.0,0.0
2025-02-19,178.5,186.0,178.5,183.5,24432526.0,0.0
2025-02-20,184.0,185.0,177.5,179.5,23357630.0,0.0
2025-02-21,178.5,182.5,176.5,181.0,18326460.0,0.0
2025-02-24,177.5,178.0,174.0,176.0,19043358.0,0.0
2025-02-25,171.5,177.5,171.0,176.5,20523405.0,0.0
2025-02-26,173.5,176.0,172.0,175.5,21556954.0,0.0
2025-02-27,175.0,175.5,169.0,171.0,23340555.0,0.0
2025-03-03,164.0,167.5,163.5,165.5,16668853.0,0.0
2025-03-04,161.0,166.0,160.0,164.0,22983973.0,0.0
2025-03-05,166.0,169.0,165.0,166.0,18253267.0,0.0
2025-03-06,168.0,169.5,165.5,166.0,9266611.0,0.0
2025-03-07,163.0,165.5,162.5,162.5,9475214.0,0.0
2025-03-10,162.5,163.5,160.5,161.0,8645374.0,0.0
2025-03-11,155.0,158.5,153.0,156.0,20092741.0,0.0
2025-03-12,156.5,162.0,156.0,159.0,17050335.0,0.0
2025-03-13,162.5,164.0,157.5,157.5,13845848.0,0.0
2025-03-14,158.5,160.0,155.0,155.0,11983893.0,0.0
2025-03-17,157.5,159.5,157.0,157.5,10330526.0,0.0
2025-03-18,159.5,161.0,159.0,160.5,11445218.0,0.0
2025-03-19,160.0,161.5,158.0,158.0,8894576.0,0.0
2025-03-20,159.0,164.0,159.0,162.5,10714341.0,0.0
2025-03-21,164.0,164.0,160.0,161.0,16661774.0,0.0
2025-03-24,162.5,163.0,159.5,160.5,7652980.0,0.0
2025-03-25,162.0,163.0,159.5,160.5,7412931.0,0.0
2025-03-26,161.5,162.5,160.5,161.5,4738454.0,0.0
2025-03-27,158.0,158.5,154.5,156.5,16331290.0,0.0
2025-03-28,153.5,154.0,149.0,150.5,18877507.0,0.0
2025-03-31,143.5,147.5,143.0,143.0,20073313.0,0.0
2025-04-01,144.0,151.0,143.5,149.5,15634479.0,0.0
2025-04-02,148.5,151.0,148.5,149.0,10429092.0,0.0
2025-04-07,134.5,134.5,134.5,134.5,3405933.0,0.0
2025-04-08,122.5,130.5,122.5,127.5,33749347.0,0.0
2025-04-09,122.0,123.0,115.0,115.0,28734379.0,0.0
2025-04-10,126.5,126.5,126.5,126.5,4087080.0,0.0
2025-04-11,123.0,136.0,121.5,134.5,37124244.0,0.0
2025-04-14,132.5,138.0,131.5,132.5,25697305.0,0.0
2025-04-15,133.5,137.5,132.0,135.5,12225806.0,0.0
2025-04-16,133.5,135.0,132.0,133.5,7832335.0,0.0
2025-04-17,130.0,131.5,127.0,129.5,13417582.0,0.0
2025-04-18,130.5,131.5,128.5,129.0,8624888.0,0.0
2025-04-21,128.5,130.0,128.0,128.5,4205022.0,0.0
2025-04-22,128.0,131.5,127.0,127.5,7423497.0,0.0
2025-04-23,132.5,137.5,132.0,137.5,9807482.0,0.0
2025-04-24,136.5,136.5,132.5,132.5,8650133.0,0.0
2025-04-25,139.0,141.5,137.0,137.5,15506401.0,0.0
2025-04-28,138.0,138.5,136.0,137.0,7138875.0,0.0
2025-04-29,137.0,138.5,135.5,138.5,9776474.0,0.0
2025-04-30,137.0,137.5,135.5,135.5,8403696.0,0.0
2025-05-02,138.0,139.5,137.0,139.0,10473829.0,0.0
2025-05-05,139.0,140.5,134.0,134.0,9506384.0,0.0
2025-05-06,135.0,141.0,134.5,136.5,17347021.0,0.0
2025-05-07,137.0,138.0,134.5,135.5,13078004.0,0.0
2025-05-08,135.5,138.5,135.5,137.5,7144459.0,0.0
2025-05-09,137.5,139.0,136.0,137.5,6354093.0,0.0
2025-05-12,139.0,142.5,138.5,142.0,7766883.0,0.0
2025-05-13,147.0,147.0,144.0,145.0,9116185.0,0.0
2025-05-14,148.0,150.0,147.5,150.0,10117723.0,0.0
2025-05-15,150.0,151.0,147.5,150.5,8892849.0,0.0
2025-05-16,148.5,149.0,145.5,147.0,10101103.0,0.0
2025-05-19,145.0,146.0,141.5,142.0,14543951.0,0.0
2025-05-20,144.0,146.0,144.0,144.0,8101822.0,0.0
2025-05-21,144.5,146.0,144.0,144.5,7294487.0,0.0
2025-05-22,145.0,147.0,144.0,145.0,6900143.0,0.0
2025-05-23,145.0,145.5,142.0,142.5,6122388.0,0.0
2025-05-26,142.0,144.5,141.0,144.0,4247232.0,0.0
2025-05-27,143.5,143.5,141.0,141.5,7595227.0,0.0
2025-05-28,145.0,145.0,141.0,142.0,8924512.0,0.0
2025-05-29,141.5,142.5,138.0,138.0,29235703.0,0.0
2025-06-02,136.5,138.5,133.0,134.5,15629483.0,0.0
2025-06-03,136.0,137.0,133.5,133.5,21330056.0,0.0
2025-06-04,136.5,140.5,136.5,140.0,17054298.0,0.0
2025-06-05,139.0,142.5,139.0,139.5,11775484.0,0.0
2025-06-06,139.0,141.0,138.0,139.0,6997588.0,0.0
2025-06-09,140.0,141.5,139.0,140.0,8004102.0,0.0
2025-06-10,141.5,143.5,141.5,142.5,13982300.0,0.0
2025-06-11,145.0,147.0,144.0,145.5,16104979.0,0.0
2025-06-12,147.0,147.0,142.5,145.0,13036445.0,0.0
2025-06-13,142.5,145.5,141.0,143.5,13717548.0,0.0
2025-06-16,143.0,146.0,143.0,145.0,9967870.0,0.0
2025-06-17,146.0,149.0,146.0,148.0,12469401.0,0.0
2025-06-18,147.0,150.0,146.5,148.0,10900858.0,0.0
2025-06-19,147.5,149.5,145.0,146.0,8528558.0,0.0
2025-06-20,145.5,147.0,143.5,144.5,11103075.0,0.0
2025-06-23,142.5,147.0,142.0,147.0,13138081.0,0.0
2025-06-24,149.5,150.0,148.0,149.5,13604439.0,0.0
2025-06-25,150.5,153.0,150.0,153.0,12307157.0,0.0
2025-06-26,151.5,153.0,150.0,152.5,16326024.0,0.0
2025-06-27,151.0,152.0,148.5,150.0,20559915.0,0.0
2025-06-30,150.0,150.0,147.5,147.5,19218356.0,0.0
2025-07-01,147.0,149.0,145.0,145.5,21938561.0,0.0
2025-07-02,140.5,144.0,138.0,141.5,53257125.0,5.2961
2025-07-03,147.5,148.0,143.0,144.0,35588727.0,0.0
2025-07-04,145.0,148.0,144.0,147.0,25413248.0,0.0
2025-07-07,146.5,148.5,143.0,144.0,15095979.0,0.0
2025-07-08,142.5,144.0,141.5,143.0,8182217.0,0.0
2025-07-09,143.0,146.5,142.5,146.5,12403324.0,0.0
2025-07-10,145.5,151.5,145.5,150.0,16282968.0,0.0
2025-07-11,148.5,151.0,148.0,150.0,11751914.0,0.0
2025-07-14,149.0,150.5,148.0,148.5,7647831.0,0.0
2025-07-15,147.0,150.5,146.5,150.5,9082459.0,0.0
2025-07-16,150.0,153.0,149.0,151.0,12065474.0,0.0
2025-07-17,151.5,153.0,151.0,151.5,9128480.0,0.0
2025-07-18,153.5,155.0,153.0,154.0,14593048.0,0.0
2025-07-21,153.0,153.5,151.5,152.5,10667070.0,0.0
2025-07-22,151.0,154.5,150.0,151.0,11967753.0,0.0
2025-07-23,152.0,154.5,152.0,153.5,12115409.0,0.0
2025-07-24,154.0,155.5,152.5,155.5,11154896.0,0.0
2025-07-25,154.5,155.0,152.0,153.5,8186736.0,0.0
2025-07-28,154.0,155.5,153.0,154.5,10521065.0,0.0
2025-07-29,154.0,155.0,153.5,153.5,5066255.0,0.0
2025-07-30,154.0,155.0,151.0,152.0,11369185.0,0.0
2025-07-31,150.5,154.0,149.5,152.5,12360243.0,0.0
2025-08-04,148.5,148.5,146.0,147.5,18214416.0,0.0
2025-08-05,148.0,149.0,146.0,146.5,16009304.0,0.0
2025-08-06,145.0,146.0,144.0,145.0,9637726.0,0.0
2025-08-07,147.5,149.5,147.0,148.0,12912138.0,0.0
2025-08-08,150.0,152.0,149.0,149.0,13814308.0,0.0
2025-08-11,150.5,154.5,149.5,151.0,20357787.0,0.0
2025-08-12,152.5,152.5,148.0,148.0,13333692.0,0.0
2025-08-13,150.0,150.5,147.0,148.5,14450464.0,0.0
2025-08-14,147.5,149.0,147.0,148.0,8382288.0,0.0
2025-08-15,148.5,149.0,148.0,148.0,6113550.0,0.0
2025-08-18,149.0,151.0,148.5,150.5,12005230.0,0.0
2025-08-19,151.0,151.5,148.0,148.5,11328678.0,0.0
2025-08-20,148.0,148.5,144.0,145.0,13056783.0,0.0
2025-08-21,144.0,145.5,143.5,144.0,9841867.0,0.0
2025-08-22,144.0,145.0,143.0,143.5,6568319.0,0.0
2025-08-25,146.5,149.0,146.5,148.5,8961381.0,0.0
2025-08-26,148.0,149.5,147.5,149.0,12768133.0,0.0
2025-08-27,150.0,151.5,150.0,150.5,7870941.0,0.0
2025-08-28,149.5,150.0,147.0,147.5,10306725.0,0.0
2025-08-29,149.0,153.5,149.0,151.0,17429107.0,0.0
2025-09-01,152.0,157.0,151.0,156.0,21629729.0,0.0
2025-09-02,156.5,160.5,156.0,157.0,28130427.0,0.0
2025-09-03,156.5,157.0,154.0,157.0,8727603.0,0.0
2025-09-04,156.5,157.0,153.5,154.0,9807180.0,0.0
2025-09-05,155.0,156.5,154.5,156.0,6164216.0,0.0
2025-09-08,166.0,171.5,162.0,171.5,44847886.0,0.0
2025-09-09,170.0,170.0,164.0,167.0,53127916.0,0.0
2025-09-10,169.5,172.0,168.5,169.0,26524922.0,0.0
2025-09-11,170.0,172.0,166.0,166.5,16206693.0,0.0
2025-09-12,168.0,168.5,165.0,167.0,10835239.0,0.0
2025-09-15,167.5,168.0,165.0,166.5,8513549.0,0.0
2025-09-16,168.5,170.5,167.5,169.5,13795437.0,0.0
2025-09-17,170.0,170.0,167.5,169.0,8772227.0,0.0
2025-09-18,170.5,173.5,169.0,170.0,19220166.0,0.0
2025-09-19,171.5,172.5,169.5,170.0,17569255.0,0.0
2025-09-22,171.5,173.5,169.0,172.5,19664683.0,0.0
2025-09-23,177.5,177.5,173.5,174.5,26390207.0,0.0
2025-09-24,175.0,175.5,171.0,172.0,17026096.0,0.0
2025-09-25,173.0,173.5,170.0,172.0,14585666.0,0.0
2025-09-26,170.5,170.5,165.5,165.5,15320820.0,0.0
2025-09-30,166.0,166.5,163.0,164.0,24699831.0,0.0
2025-10-01,166.0,166.5,162.5,163.0,14064869.0,0.0
2025-10-02,165.5,166.5,163.5,164.5,15281684.0,0.0
2025-10-03,166.0,169.0,165.0,165.5,19851462.0,0.0
2025-10-07,169.0,176.5,168.5,173.5,35702965.0,0.0
2025-10-08,173.0,175.5,171.0,174.5,21809884.0,0.0
2025-10-09,180.0,181.5,176.0,179.0,25717989.0,0.0
2025-10-13,173.5,174.5,171.0,173.0,22382400.0,0.0
2025-10-14,175.0,176.5,168.5,169.5,24886793.0,0.0
2025-10-15,172.0,178.0,170.0,178.0,20892418.0,0.0
2025-10-16,180.0,191.5,180.0,191.5,52249067.0,0.0
2025-10-17,191.5,199.5,189.5,196.0,42800794.0,0.0
2025-10-20,193.5,200.5,191.0,200.0,24346390.0,0.0
2025-10-21,200.0,200.0,194.0,195.0,24511033.0,0.0
2025-10-22,191.5,193.5,190.5,193.0,18298110.0,0.0
2025-10-23,191.5,196.5,190.0,196.0,18805422.0,0.0
2025-10-27,202.0,205.0,198.0,202.5,30721529.0,0.0
2025-10-28,199.5,203.0,198.0,203.0,20552049.0,0.0
2025-10-29,205.0,222.5,204.5,221.0,42778749.0,0.0
2025-10-30,220.0,227.5,219.0,225.0,46098588.0,0.0
2025-10-31,225.5,247.5,225.0,247.5,53508720.0,0.0
2025-11-03,248.5,251.0,242.5,246.0,40547486.0,0.0
2025-11-04,248.5,251.5,237.0,239.0,38287998.0,0.0
2025-11-05,230.0,238.5,230.0,235.0,32926607.0,0.0
2025-11-06,239.5,241.5,233.5,234.0,24595004.0,0.0
2025-11-07,231.0,233.0,226.5,228.5,19979925.0,0.0
2025-11-10,229.0,232.0,227.0,228.5,22469794.0,0.0
2025-11-11,230.0,232.0,226.0,228.0,18464204.0,0.0
2025-11-12,227.0,229.5,225.0,227.0,15728439.0,0.0
2025-11-13,227.0,233.5,225.5,231.5,20791510.0,0.0
2025-11-14,224.5,225.0,220.5,222.5,20160063.0,0.0
2025-11-17,224.0,225.5,219.5,220.0,24790268.0,0.0
2025-11-18,220.0,222.5,212.0,215.0,26925661.0,0.0
2025-11-19,211.0,212.5,206.0,209.5,42074275.0,0.0
2025-11-20,213.0,222.5,210.5,222.5,38649600.0,0.0
2025-11-21,210.0,212.0,206.0,209.0,33450926.0,0.0
2025-11-24,212.0,215.0,210.0,210.5,33538047.0,0.0
2025-11-25,216.5,218.0,209.5,212.0,23773365.0,0.0
2025-11-26,217.0,221.5,214.5,217.5,20194798.0,0.0
2025-11-27,223.5,234.5,223.5,230.5,37417767.0,0.0
2025-11-28,229.0,230.5,225.0,229.5,24070528.0,0.0
2025-12-01,227.0,230.0,223.0,224.5,27949569.0,0.0
2025-12-02,228.5,233.5,227.0,228.5,23476192.0,0.0
2025-12-03,233.0,233.0,226.5,229.0,16158218.0,0.0
2025-12-04,231.0,231.0,225.0,228.0,17735283.0,0.0
2025-12-05,227.5,231.0,224.5,231.0,13546836.0,0.0
2025-12-08,233.0,238.5,233.0,237.5,23395926.0,0.0
2025-12-09,238.5,245.0,236.5,240.0,25609918.0,0.0
2025-12-10,240.5,246.5,239.0,244.5,19273928.0,0.0
2025-12-11,247.0,247.5,243.0,244.5,17365542.0,0.0
2025-12-12,245.5,248.0,241.5,243.5,13493070.0,0.0
2025-12-15,237.5,237.5,232.5,234.0,17862871.0,0.0
2025-12-16,231.0,234.5,226.0,229.0,22883392.0,0.0
2025-12-17,226.0,230.5,226.0,228.5,14104640.0,0.0
2025-12-18,223.0,224.5,219.5,222.0,16148902.0,0.0
2025-12-19,227.5,229.5,224.5,229.5,22938314.0,0.0
2025-12-22,234.0,235.0,231.0,232.0,16784299.0,0.0
2025-12-23,232.0,236.0,231.5,234.5,16302106.0,0.0
2025-12-24,237.0,237.5,230.5,234.5,19116079.0,0.0
2025-12-26,235.0,240.5,233.5,240.5,16923277.0,0.0
2025-12-29,245.0,253.0,240.0,251.0,25117141.0,0.0
2025-12-30,249.5,251.0,244.0,249.0,14905827.0,0.0
2025-12-31,247.5,255.0,246.0,250.5,18455471.0,0.0
2026-01-02,253.0,264.0,250.0,258.0,23887655.0,0.0
2026-01-05,263.5,264.0,251.5,263.5,22044292.0,0.0
2026-01-06,270.5,273.5,267.0,271.5,28756712.0,0.0
2026-01-07,277.5,281.5,273.5,275.0,25895668.0,0.0
2026-01-08,275.5,276.5,268.0,273.5,19472093.0,0.0
2026-01-09,273.0,274.0,261.5,272.0,17690821.0,0.0
2026-01-12,280.0,296.0,275.0,283.0,24352743.0,0.0
2026-01-13,289.0,294.5,287.0,289.5,27217906.0,0.0
2026-01-14,290.5,295.0,287.0,294.5,18228104.0,0.0
2026-01-15,294.5,298.5,288.5,298.5,15724829.0,0.0
2026-01-16,301.5,308.5,298.0,303.5,28768101.0,0.0
2026-01-19,303.5,306.0,296.5,299.0,18109974.0,0.0
2026-01-20,292.5,299.0,292.0,296.0,15164596.0,0.0
2026-01-21,295.0,298.0,290.0,291.0,20173348.0,0.0
2026-01-22,300.0,305.5,294.0,298.0,20067266.0,0.0
2026-01-23,303.0,313.0,298.5,307.5,24779763.0,0.0
2026-01-26,308.5,315.0,306.0,312.0,15500436.0,0.0
2026-01-27,314.5,314.5,306.5,306.5,11664296.0,0.0
2026-01-28,312.5,317.0,310.5,314.0,18628407.0,0.0
2026-01-29,314.0,317.5,308.5,310.0,19819724.0,0.0
2026-01-30,305.0,305.5,295.5,297.0,25417520.0,0.0
2026-02-02,294.0,298.0,288.5,292.0,13567059.0,0.0
2026-02-03,303.5,306.5,296.5,302.0,20111615.0,0.0
2026-02-04,302.0,304.0,299.5,302.5,12634205.0,0.0
2026-02-05,294.0,296.0,279.0,284.0,38532480.0,0.0
2026-02-06,303.0,309.0,298.0,304.5,49870609.0,0.0
2026-02-09,319.5,330.0,316.5,327.0,35002183.0,0.0
2026-02-10,358.0,359.0,341.5,344.0,31763158.0,0.0
2026-02-11,350.0,356.5,345.0,354.5,20827548.0,0.0
2026-02-23,376.0,376.0,348.0,349.0,38745039.0,0.0
2026-02-24,360.0,383.0,358.5,381.5,33894708.0,0.0
2026-02-25,385.0,392.0,378.5,389.0,28856982.0,0.0
2026-02-26,388.0,394.0,381.0,387.5,37767003.0,0.0
2026-03-02,358.5,382.0,358.5,370.5,25016993.0,0.0
2026-03-03,366.0,377.5,354.5,359.5,29787798.0,0.0
2026-03-04,341.0,347.0,325.5,327.5,33919184.0,0.0
2026-03-05,343.5,357.0,342.5,353.5,33485853.0,0.0
2026-03-06,346.0,349.5,339.0,342.0,12622014.0,0.0
2026-03-09,308.0,320.0,308.0,320.0,28686634.0,0.0
2026-03-10,336.0,348.0,332.5,335.5,24659835.0,0.0
2026-03-11,346.0,347.0,340.5,345.5,16364057.0,0.0
2026-03-12,341.0,348.0,331.0,335.0,16532158.0,0.0
2026-03-13,334.0,343.0,326.5,341.5,13237922.0,0.0
2026-03-16,343.5,347.0,335.0,337.5,12051160.0,0.0
2026-03-17,343.0,345.5,339.0,342.0,10234795.0,0.0
2026-03-18,348.0,363.0,348.0,357.5,26458902.0,0.0
2026-03-19,347.5,353.0,340.5,347.0,17655461.0,0.0
2026-03-20,348.0,352.0,340.5,344.0,21952432.0,0.0
2026-03-23,319.0,331.0,318.5,329.5,15053839.0,0.0
2026-03-24,338.0,341.0,329.0,332.5,9985045.0,0.0
2026-03-25,349.5,357.5,347.0,352.0,16491466.0,0.0
2026-03-26,353.0,366.0,352.5,359.0,19447365.0,0.0
2026-03-27,347.5,354.0,342.5,353.5,16784878.0,0.0
2026-03-30,343.0,355.0,342.0,353.5,15165392.0,0.0
2026-03-31,342.0,345.0,328.5,328.5,22922496.0,0.0
2026-04-01,345.0,361.0,344.5,361.0,18034724.0,0.0
2026-04-02,375.5,375.5,356.0,361.0,24099753.0,0.0
2026-04-07,361.5,366.0,348.5,352.0,13602152.0,0.0
2026-04-08,364.0,385.0,364.0,383.0,24931081.0,0.0
2026-04-09,387.0,394.5,381.0,392.0,20330283.0,0.0
2026-04-10,390.0,397.5,385.0,393.0,15087158.0,0.0
2026-04-13,415.5,428.0,403.0,417.5,25289906.0,0.0
2026-04-14,430.0,437.0,421.0,424.0,18668212.0,0.0
2026-04-15,431.5,460.0,431.0,446.5,29996557.0,0.0
2026-04-16,450.0,453.0,436.0,450.5,23061150.0,0.0
2026-04-17,441.0,463.0,437.5,442.0,23839650.0,0.0
2026-04-20,457.0,473.0,454.5,461.5,21265170.0,0.0
2026-04-21,467.0,476.0,461.0,472.0,17256547.0,0.0
2026-04-22,462.0,473.0,460.5,465.0,15643974.0,0.0
2026-04-23,474.5,497.5,456.0,464.5,25246518.0,0.0
2026-04-24,467.5,500.0,467.5,496.0,26583067.0,0.0
2026-04-27,517.0,523.0,495.5,495.5,29200780.0,0.0
2026-04-28,489.0,510.0,483.5,495.5,21147769.0,0.0
2026-04-29,487.0,492.0,472.5,488.5,21088224.0,0.0
2026-04-30,490.5,512.0,478.0,478.0,35678381.0,0.0
2026-05-04,497.0,525.0,497.0,525.0,26384377.0,0.0
2026-05-05,525.0,544.0,519.0,520.0,36440062.0,0.0
2026-05-06,541.0,544.0,514.0,524.0,30251038.0,0.0
2026-05-07,548.0,558.0,534.0,540.0,24011832.0,0.0
2026-05-08,524.0,529.0,511.0,516.0,22065126.0,0.0
2026-05-11,526.0,546.0,513.0,537.0,20929873.0,0.0
2026-05-12,537.0,579.0,533.0,555.0,30004153.0,0.0
2026-05-13,535.0,557.0,534.0,548.0,20739465.0,0.0
2026-05-14,555.0,564.0,548.0,548.0,13869448.0,0.0
2026-05-15,555.0,564.0,537.0,547.0,18235215.0,0.0
2026-05-18,529.0,529.0,500.0,510.0,24692257.0,0.0
2026-05-19,490.0,495.5,472.0,472.0,34699090.0,0.0
2026-05-20,465.0,481.5,465.0,476.0,25163348.0,0.0
2026-05-21,499.0,511.0,496.5,510.0,17919143.0,0.0
2026-05-22,535.0,561.0,524.0,561.0,29731074.0,0.0
2026-05-25,598.0,617.0,584.0,617.0,25678273.0,0.0
2026-05-26,636.0,636.0,590.0,611.0,37776122.0,0.0
2026-05-27,641.0,669.0,626.0,642.0,28399018.0,0.0
2026-05-28,626.0,668.0,617.0,627.0,33518574.0,0.0
2026-05-29,642.0,644.0,608.0,611.0,41562162.0,0.0
2026-06-01,603.0,615.0,599.0,601.0,22430270.0,0.0
2026-06-02,600.0,608.0,577.0,590.0,25336213.0,0.0
2026-06-03,615.0,636.0,614.0,618.0,27435924.0,0.0
2026-06-04,617.0,622.0,593.0,593.0,19829063.0,0.0
2026-06-05,581.0,585.0,562.0,577.0,19878574.0,0.0
2026-06-08,520.0,543.0,520.0,540.0,24681994.0,0.0
2026-06-09,545.0,574.0,544.0,569.0,17605018.0,0.0
2026-06-10,556.0,564.0,537.0,539.0,18539510.0,0.0
2026-06-11,533.0,552.0,521.0,544.0,17704755.0,0.0
2026-06-12,585.0,596.0,577.0,590.0,22530387.0,0.0
2026-06-15,619.0,623.0,590.0,590.0,21686237.0,0.0
2026-06-16,600.0,600.0,580.0,592.0,15031670.0,0.0
2026-06-17,584.0,595.0,573.0,595.0,12724420.0,0.0
2026-06-18,591.0,618.0,591.0,613.0,34220952.0,0.0
2026-06-22,660.0,674.0,652.0,674.0,34148594.0,0.0
2026-06-23,679.0,700.0,662.0,662.0,42984044.0,0.0
2026-06-24,636.0,659.0,618.0,653.0,34625995.0,0.0
2026-06-25,679.0,679.0,625.0,641.0,30507412.0,0.0
2026-06-26,650.0,695.0,630.0,632.0,43302683.0,0.0
2026-06-29,628.0,632.0,611.0,627.0,17306319.0,0.0
2026-06-30,653.0,687.0,650.0,680.0,23388975.0,0.0
2026-07-01,710.0,718.0,695.0,703.0,20757598.0,0.0
2026-07-02,690.0,729.0,684.0,727.0,23745963.0,0.0
2026-07-03,690.0,691.0,662.0,682.0,36071197.0,6.5848
2026-07-06,698.0,712.0,676.0,679.0,22297685.0,0.0
2026-07-07,684.0,702.0,648.0,651.0,23342545.0,0.0
2026-07-08,640.0,649.0,623.0,625.0,25320402.0,0.0
2026-07-09,632.0,685.0,627.0,677.0,30934462.0,0.0
2026-07-10,677.0,677.0,677.0,677.0,0.0,0.0
2026-07-13,682.0,690.0,657.0,670.0,27107820.0,0.0
2026-07-14,655.0,672.0,610.0,641.0,22379867.0,0.0
2026-07-15,660.0,696.0,654.0,683.0,25300314.0,0.0
2026-07-16,679.0,694.0,668.0,682.0,21253949.0,0.0
2026-07-17,625.0,635.0,614.0,614.0,25035279.0,0.0
2026-07-20,588.0,617.0,577.0,597.0,29606367.0,0.0
2026-07-21,610.0,634.0,609.0,633.0,15043596.0,0.0
2026-07-22,668.0,673.0,652.0,656.0,21922297.0,0.0
2026-07-23,656.0,665.0,637.0,649.0,14431963.0,0.0
2026-07-24,633.0,636.0,609.0,613.0,16702992.0,0.0
2026-07-27,601.0,613.0,590.0,608.0,15561984.0,0.0
2026-07-28,570.0,582.0,551.0,554.0,27063044.0,0.0
2026-07-29,538.0,547.0,499.0,499.0,21934351.0,0.0
2026-07-30,465.5,533.0,465.5,505.0,30030475.0,0.0
2026-07-31,555.0,555.0,555.0,555.0,7267543.0,0.0
2026-08-03,610.0,610.0,592.0,610.0,16303597.0,0.0
2026-08-04,606.0,606.0,573.0,585.0,50347228.0,0.0
2026-08-05,620.0,624.0,588.0,593.0,32119332.0,0.0
2026-08-06,585.0,597.0,574.0,595.0,16977832.0,0.0
2026-08-07,605.0,610.0,578.0,585.0,12393241.0,0.0
2026-08-10,602.0,641.0,601.0,630.0,27348985.0,0.0
2026-08-11,629.0,632.0,610.0,629.0,18789876.0,0.0
2026-08-12,633.0,634.0,619.0,621.0,16847253.0,0.0
2026-08-13,627.0,638.0,623.0,626.0,18814445.0,0.0
2026-08-14,635.0,635.0,608.0,616.0,15905145.0,0.0
2026-08-17,626.0,643.0,615.0,615.0,20713289.0,0.0
2026-08-18,630.0,634.0,596.0,599.0,18778281.0,0.0
2026-08-19,568.0,596.0,564.0,588.0,21557315.0,0.0
2026-08-20,580.0,591.0,568.0,590.0,20070707.0,0.0
2026-08-21,589.0,593.0,579.0,587.0,12510032.0,0.0
2026-08-24,586.0,601.0,585.0,592.0,7475598.0,0.0
2026-08-25,582.0,591.0,569.0,591.0,11723764.0,0.0
2026-08-26,580.0,593.0,575.0,592.0,11769909.0,0.0
2026-08-27,608.0,608.0,593.0,605.0,11143128.0,0.0
2026-08-28,608.0,630.0,606.0,621.0,17536377.0,0.0
2026-08-31,601.0,601.0,565.0,584.0,30719811.0,0.0
2026-09-01,588.0,615.0,582.0,610.0,23716529.0,0.0
2026-09-02,599.0,607.0,587.0,589.0,16536185.0,0.0
2026-09-03,595.0,605.0,585.0,589.0,11219856.0,0.0
2026-09-04,600.0,603.0,578.0,588.0,15085248.0,0.0
2026-09-07,600.0,628.0,600.0,621.0,25611495.0,0.0
2026-09-08,619.0,623.0,608.0,618.0,12821102.0,0.0
2026-09-09,621.0,645.0,621.0,640.0,21514181.0,0.0
2026-09-10,641.0,653.0,635.0,650.0,16374160.0,0.0
2026-09-11,630.0,630.0,605.0,618.0,21540625.0,0.0
2026-09-14,599.0,620.0,596.0,612.0,9150013.0,0.0
2026-09-15,601.0,608.0,592.0,592.0,12546689.0,0.0
2026-09-16,599.0,610.0,597.0,605.0,8981279.0,0.0
2026-09-17,615.0,628.0,612.0,614.0,10396661.0,0.0
2026-09-18,631.0,643.0,627.0,638.0,24914833.0,0.0
2026-09-21,655.0,674.0,655.0,663.0,15889684.0,0.0
2026-09-22,691.0,711.0,690.0,693.0,22476344.0,0.0
2026-09-23,710.0,711.0,689.0,693.0,14619264.0,0.0
2026-09-24,685.0,699.0,680.0,699.0,10529792.0,0.0
2026-09-29,685.0,693.0,678.0,687.0,13784732.0,0.0
2026-09-30,716.0,723.0,703.0,703.0,13885801.0,0.0
2026-10-01,700.0,710.0,693.0,710.0,8467513.0,0.0
2026-10-02,711.0,722.0,704.0,713.0,11148184.0,0.0
2026-10-05,747.0,758.0,729.0,742.0,16787556.0,0.0
2026-10-06,743.0,755.0,733.0,744.0,9243063.0,0.0
