date,open,high,low,close,volume,dividend
2015-01-05,68.7,69.0,66.6,67.4,3422000.0,0.0
2015-01-06,66.7,66.7,65.1,65.1,3800000.0,0.0
2015-01-07,65.1,65.1,64.5,64.6,3469000.0,0.0
2015-01-08,65.0,66.5,65.0,66.2,3158000.0,0.0
2015-01-09,66.3,66.4,65.3,65.7,2193000.0,0.0
2015-01-12,65.6,66.2,64.8,65.2,2640000.0,0.0
2015-01-13,65.0,66.3,65.0,66.2,3419000.0,0.0
2015-01-14,66.2,66.3,65.1,65.5,3020000.0,0.0
2015-01-15,66.0,66.2,65.0,65.5,2288000.0,0.0
2015-01-16,65.1,65.4,64.5,64.8,3563000.0,0.0
2015-01-19,65.8,66.0,65.0,65.4,2627000.0,0.0
2015-01-20,65.6,65.9,65.2,65.6,1750000.0,0.0
2015-01-21,65.5,66.4,65.3,66.4,2208000.0,0.0
2015-01-22,66.5,67.4,66.5,67.2,3588000.0,0.0
2015-01-23,67.5,67.5,67.0,67.5,2114000.0,0.0
2015-01-26,67.5,67.5,66.5,67.0,2671000.0,0.0
2015-01-27,67.3,67.8,67.0,67.8,1618000.0,0.0
2015-01-28,67.6,68.0,67.0,68.0,1894000.0,0.0
2015-01-29,67.5,67.6,67.1,67.2,2350000.0,0.0
2015-01-30,67.3,67.8,67.2,67.2,1886000.0,0.0
2015-02-02,68.0,68.5,67.5,68.1,3248000.0,0.0
2015-02-03,69.0,69.4,68.8,69.4,4600000.0,0.0
2015-02-04,70.3,71.0,69.0,69.6,6320000.0,0.0
2015-02-05,69.0,69.4,68.0,68.6,3451000.0,0.0
2015-02-06,68.8,68.9,68.1,68.7,2475000.0,0.0
2015-02-09,68.9,68.9,68.1,68.2,2721000.0,0.0
2015-02-10,68.2,69.2,68.0,68.8,3308000.0,0.0
2015-02-11,68.7,69.0,68.0,69.0,3552000.0,0.0
2015-02-12,69.0,69.7,68.5,69.7,3555000.0,0.0
2015-02-13,69.5,69.9,69.4,69.9,2537000.0,0.0
2015-02-24,70.0,70.5,69.9,70.3,4764000.0,0.0
2015-02-25,70.3,70.5,69.5,70.0,2121000.0,0.0
2015-02-26,70.0,70.0,68.8,68.8,2412000.0,0.0
2015-03-02,68.8,69.0,67.6,67.7,4538000.0,0.0
2015-03-03,67.7,68.0,66.7,67.3,4139000.0,0.0
2015-03-04,67.6,68.0,67.0,67.7,3361000.0,0.0
2015-03-05,67.9,68.0,67.0,67.0,3573000.0,0.0
2015-03-06,67.2,67.8,67.0,67.6,3310000.0,0.0
2015-03-09,67.6,68.2,67.0,67.8,2081000.0,0.0
2015-03-10,67.9,68.2,67.6,67.9,2096000.0,0.0
2015-03-11,67.5,67.5,66.8,67.1,2240000.0,0.0
2015-03-12,67.1,67.8,67.0,67.8,1273000.0,0.0
2015-03-13,67.8,68.1,67.4,67.4,1615000.0,0.0
2015-03-16,67.3,67.7,67.2,67.2,1186000.0,0.0
2015-03-17,67.2,68.0,67.2,67.5,1050000.0,0.0
2015-03-18,67.6,68.2,67.5,68.2,1967000.0,0.0
2015-03-19,68.5,69.0,68.4,69.0,2622000.0,0.0
2015-03-20,68.6,68.8,68.0,68.5,2070000.0,0.0
2015-03-23,68.4,68.5,67.6,68.0,1475000.0,0.0
2015-03-24,67.9,67.9,67.2,67.3,1604000.0,0.0
2015-03-25,67.2,67.8,67.1,67.4,1138000.0,0.0
2015-03-26,67.2,68.8,67.2,68.8,3063000.0,0.0
2015-03-27,68.8,69.3,68.6,69.2,3155000.0,0.0
2015-03-30,68.9,69.6,68.3,69.3,2716000.0,0.0
2015-03-31,69.4,69.5,68.2,68.5,2272000.0,0.0
2015-04-01,68.8,68.8,67.5,67.6,4208000.0,0.0
2015-04-02,67.8,68.6,67.5,67.9,3402000.0,0.0
2015-04-07,68.4,70.5,68.4,70.5,9607000.0,0.0
2015-04-08,70.5,72.7,70.0,72.0,7144000.0,0.0
2015-04-09,72.0,72.0,71.0,71.6,4274000.0,0.0
2015-04-10,71.6,72.7,71.6,72.6,4150000.0,0.0
2015-04-13,72.6,73.3,72.1,73.1,3045000.0,0.0
2015-04-14,72.6,73.2,72.1,72.3,2330000.0,0.0
2015-04-15,72.3,72.8,70.9,71.6,5229000.0,0.0
2015-04-16,72.1,74.2,71.6,74.1,6786000.0,0.0
2015-04-17,74.0,75.0,73.5,74.4,5273000.0,0.0
2015-04-20,74.0,75.5,73.8,75.0,4173000.0,0.0
2015-04-21,75.0,75.2,74.0,75.1,4240000.0,0.0
2015-04-22,75.1,76.6,74.7,76.6,8721000.0,0.0
2015-04-23,76.8,79.1,76.5,78.6,10440000.0,0.0
2015-04-24,78.6,80.0,78.5,79.6,9314000.0,0.0
2015-04-27,79.6,82.2,78.9,81.4,8371000.0,0.0
2015-04-28,81.4,81.6,80.4,81.5,4171000.0,0.0
2015-04-29,81.4,83.5,81.1,81.9,5414000.0,0.0
2015-04-30,82.7,83.5,79.0,79.0,5707000.0,0.0
2015-05-04,80.0,80.9,80.0,80.5,2621000.0,0.0
2015-05-05,80.8,81.8,80.1,81.3,3100000.0,0.0
2015-05-06,81.0,81.8,80.2,81.3,2873000.0,0.0
2015-05-07,81.0,81.3,80.0,80.4,3469000.0,0.0
2015-05-08,80.4,80.6,78.7,79.5,4634000.0,0.0
2015-05-11,79.8,80.8,78.8,79.7,3013000.0,0.0
2015-05-12,80.1,82.2,79.9,81.0,4397000.0,0.0
2015-05-13,81.0,82.1,80.5,80.5,1587000.0,0.0
2015-05-14,80.1,80.3,79.0,79.6,3372000.0,0.0
2015-05-15,74.3,78.7,74.3,76.1,4470000.0,0.0
2015-05-18,76.1,76.9,75.3,76.9,2493000.0,0.0
2015-05-19,77.9,80.3,77.0,80.1,4812000.0,0.0
2015-05-20,80.1,80.1,77.5,78.8,3734000.0,0.0
2015-05-21,78.1,79.3,76.2,78.1,5208000.0,0.0
2015-05-22,78.8,79.2,78.0,78.6,1778000.0,0.0
2015-05-25,78.6,78.6,76.3,77.0,4112000.0,0.0
2015-05-26,77.1,78.4,77.0,77.6,3267000.0,0.0
2015-05-27,77.0,77.2,75.6,76.5,2854000.0,0.0
2015-05-28,76.6,76.9,75.0,75.2,3268000.0,0.0
2015-05-29,74.9,76.0,74.9,75.1,3428000.0,0.0
2015-06-01,75.1,76.1,74.8,74.8,1570000.0,0.0
2015-06-02,74.8,76.1,74.6,75.9,2968000.0,0.0
2015-06-03,75.9,75.9,74.6,74.9,3207000.0,0.0
2015-06-04,74.8,75.5,72.1,72.7,4783000.0,0.0
2015-06-05,72.7,75.7,72.6,74.2,6697000.0,0.0
2015-06-08,75.6,78.0,74.6,77.3,4817000.0,0.0
2015-06-09,77.3,78.3,76.4,77.1,4402000.0,0.0
2015-06-10,77.4,78.4,76.2,77.9,3721000.0,0.0
2015-06-11,78.0,78.0,76.1,77.7,3185000.0,0.0
2015-06-12,77.7,77.7,76.1,77.2,2459000.0,0.0
2015-06-15,76.7,76.7,74.6,75.2,2571000.0,0.0
2015-06-16,76.3,78.9,75.0,77.9,6252000.0,0.0
2015-06-17,77.9,77.9,74.5,75.3,6245000.0,0.0
2015-06-18,75.0,75.2,72.7,73.8,5438000.0,0.0
2015-06-22,74.2,76.3,74.2,76.2,2870000.0,0.0
2015-06-23,77.0,77.1,75.5,76.8,2111000.0,0.0
2015-06-24,77.2,77.5,76.5,77.5,1986000.0,0.0
2015-06-25,77.7,78.6,77.7,78.6,3650000.0,0.0
2015-06-26,78.6,79.1,77.8,77.9,2483000.0,0.0
2015-06-29,77.9,77.9,75.9,77.5,2299000.0,0.0
2015-06-30,77.0,79.2,76.7,79.2,4475000.0,0.0
2015-07-01,78.8,80.3,78.3,79.8,4708000.0,0.0
2015-07-02,80.2,80.2,78.6,80.0,4144000.0,0.85
2015-07-03,79.6,79.6,77.1,78.4,4123000.0,0.0
2015-07-06,78.0,79.0,78.0,79.0,2245000.0,0.0
2015-07-07,78.0,78.8,76.8,77.5,4932000.0,0.0
2015-07-08,76.5,76.5,73.6,75.1,5751000.0,0.0
2015-07-09,74.7,76.8,74.2,76.8,3078000.0,0.0
2015-07-10,76.8,76.8,76.8,76.8,0.0,0.0
2015-07-13,76.8,77.2,75.0,76.7,3068000.0,0.0
2015-07-14,76.9,78.0,75.2,77.3,3202000.0,0.0
2015-07-15,77.9,77.9,75.0,77.3,5114000.0,0.0
2015-07-16,76.5,77.2,76.0,76.1,1856000.0,0.0
2015-07-17,76.7,78.3,75.9,78.2,3871000.0,0.0
2015-07-20,78.9,78.9,75.6,76.2,2233000.0,0.0
2015-07-21,76.8,76.8,75.1,75.5,2399000.0,0.0
2015-07-22,76.0,76.9,75.2,75.5,3473000.0,0.0
2015-07-23,75.2,76.1,74.3,75.4,3231000.0,0.0
2015-07-24,75.5,75.5,74.4,74.9,2426000.0,0.0
2015-07-27,74.9,75.2,73.8,74.7,2931000.0,0.0
2015-07-28,75.8,76.2,74.7,75.3,3572000.0,0.0
2015-07-29,75.3,75.4,74.3,74.5,1836000.0,0.0
2015-07-30,74.5,75.3,74.2,74.6,1591000.0,0.0
2015-07-31,74.3,74.5,73.0,74.5,2756000.0,0.0
2015-08-03,74.5,74.6,71.5,74.1,3029000.0,0.0
2015-08-04,74.6,75.8,73.6,75.8,3733000.0,0.0
2015-08-05,75.8,77.3,75.4,76.2,2929000.0,0.0
2015-08-06,75.7,76.5,73.8,75.1,3048000.0,0.0
2015-08-07,74.1,74.1,73.5,73.7,2330000.0,0.0
2015-08-10,73.2,73.6,72.3,72.5,2294000.0,0.0
2015-08-11,72.5,73.0,69.4,69.7,4886000.0,0.0
2015-08-12,70.3,72.4,70.2,71.7,4226000.0,0.0
2015-08-13,71.7,72.9,71.7,72.0,2579000.0,0.0
2015-08-14,72.0,72.9,71.0,72.2,1505000.0,0.0
2015-08-17,71.8,72.5,71.5,71.5,877000.0,0.0
2015-08-18,71.5,71.7,69.8,69.8,2134000.0,0.0
2015-08-19,69.4,71.5,69.0,69.7,3937000.0,0.0
2015-08-20,70.8,72.2,69.0,71.0,4391000.0,0.0
2015-08-21,70.0,71.6,70.0,70.9,4082000.0,0.0
2015-08-24,70.4,70.5,63.9,65.1,8489000.0,0.0
2015-08-25,65.1,66.8,65.1,66.1,4032000.0,0.0
2015-08-26,66.1,67.5,65.3,67.0,2897000.0,0.0
2015-08-27,67.0,67.4,65.6,66.4,5383000.0,0.0
2015-08-28,68.6,71.7,67.5,70.7,4341000.0,0.0
2015-08-31,70.7,72.9,70.2,72.9,4730000.0,0.0
2015-09-01,72.5,73.4,72.0,72.5,3820000.0,0.0
2015-09-02,71.4,72.5,70.5,71.2,3944000.0,0.0
2015-09-03,72.3,72.3,70.8,71.9,1949000.0,0.0
2015-09-04,71.3,73.3,71.3,73.3,2856000.0,0.0
2015-09-07,73.0,73.5,71.6,72.2,1548000.0,0.0
2015-09-08,71.9,72.7,71.2,72.3,1035000.0,0.0
2015-09-09,73.3,74.7,73.1,74.5,2876000.0,0.0
2015-09-10,74.0,75.0,73.9,75.0,2337000.0,0.0
2015-09-11,74.2,74.6,73.6,74.2,2037000.0,0.0
2015-09-14,74.2,74.2,73.6,74.0,2002000.0,0.0
2015-09-15,74.0,75.0,73.6,74.8,1638000.0,0.0
2015-09-16,74.7,75.2,74.5,75.0,1911000.0,0.0
2015-09-17,75.5,77.9,75.4,77.0,6205000.0,0.0
2015-09-18,77.0,77.0,74.9,75.2,2762000.0,0.0
2015-09-21,74.6,75.4,74.5,75.0,4858000.0,0.0
2015-09-22,76.4,77.5,75.2,77.4,2551000.0,0.0
2015-09-23,75.8,76.4,75.5,75.9,1988000.0,0.0
2015-09-24,76.1,77.0,75.6,75.7,1798000.0,0.0
2015-09-25,77.0,77.0,75.5,75.7,1435000.0,0.0
2015-09-29,75.7,75.7,75.7,75.7,0.0,0.0
2015-09-30,75.4,78.3,75.2,78.3,4800000.0,0.0
2015-10-01,78.0,78.8,76.6,78.5,3010000.0,0.0
2015-10-02,78.5,78.9,78.1,78.5,2030000.0,0.0
2015-10-05,78.5,79.3,78.5,79.0,2247000.0,0.0
2015-10-06,79.5,80.0,79.2,80.0,2427000.0,0.0
2015-10-07,80.3,81.6,79.6,81.6,3492000.0,0.0
2015-10-08,81.8,82.0,80.1,80.1,3667000.0,0.0
2015-10-12,81.7,84.4,81.6,83.6,5309000.0,0.0
2015-10-13,82.5,82.5,80.6,81.0,4481000.0,0.0
2015-10-14,80.3,81.9,80.3,80.7,3806000.0,0.0
2015-10-15,81.8,81.9,80.8,80.8,4154000.0,0.0
2015-10-16,80.8,81.7,80.5,80.5,2065000.0,0.0
2015-10-19,80.5,82.9,80.5,81.6,2685000.0,0.0
2015-10-20,81.6,81.8,80.3,80.9,2289000.0,0.0
2015-10-21,81.1,81.5,80.3,80.4,1642000.0,0.0
2015-10-22,80.4,80.8,79.0,79.7,1977000.0,0.0
2015-10-23,81.4,82.5,80.7,82.0,4858000.0,0.0
2015-10-26,82.0,82.4,80.9,81.3,3089000.0,0.0
2015-10-27,81.5,81.5,80.4,80.5,1832000.0,0.0
2015-10-28,80.2,80.2,79.0,79.2,2425000.0,0.0
2015-10-29,80.1,80.1,77.4,78.2,2866000.0,0.0
2015-10-30,78.2,79.2,77.5,79.1,2424000.0,0.0
2015-11-02,78.4,79.6,78.3,79.6,1260000.0,0.0
2015-11-03,80.2,81.5,80.2,81.4,3178000.0,0.0
2015-11-04,81.5,83.0,81.0,82.7,5452000.0,0.0
2015-11-05,82.6,82.7,81.1,81.1,1930000.0,0.0
2015-11-06,81.0,81.4,79.0,79.9,2684000.0,0.0
2015-11-09,80.0,80.8,78.1,78.3,3584000.0,0.0
2015-11-10,78.0,78.0,76.6,76.7,4439000.0,0.0
2015-11-11,76.7,76.9,74.8,75.2,6182000.0,0.0
2015-11-12,75.4,76.6,75.3,76.0,2453000.0,0.0
2015-11-13,76.3,76.9,75.2,75.5,3123000.0,0.0
2015-11-16,75.3,76.4,75.0,75.9,1679000.0,0.0
2015-11-17,77.6,77.7,76.3,76.3,3183000.0,0.0
2015-11-18,76.4,77.1,75.0,75.8,2735000.0,0.0
2015-11-19,76.3,77.3,75.1,76.7,3471000.0,0.0
2015-11-20,76.9,77.5,76.6,77.5,1738000.0,0.0
2015-11-23,78.0,78.1,77.2,77.6,2769000.0,0.0
2015-11-24,78.0,78.4,76.3,76.9,2119000.0,0.0
2015-11-25,77.7,78.0,76.8,77.3,3397000.0,0.0
2015-11-26,77.7,79.2,77.6,77.7,3886000.0,0.0
2015-11-27,78.0,78.4,76.7,77.0,1884000.0,0.0
2015-11-30,76.2,77.2,75.2,77.2,6136000.0,0.0
2015-12-01,77.6,77.6,75.6,75.6,5770000.0,0.0
2015-12-02,75.7,76.7,75.6,76.6,2770000.0,0.0
2015-12-03,75.7,76.7,75.3,76.5,3567000.0,0.0
2015-12-04,75.9,76.0,74.4,75.5,4084000.0,0.0
2015-12-07,75.6,76.8,75.1,75.2,2543000.0,0.0
2015-12-08,74.5,75.0,73.9,74.1,4082000.0,0.0
2015-12-09,73.8,74.7,73.8,74.1,4640000.0,0.0
2015-12-10,73.8,74.2,73.2,74.0,3492000.0,0.0
2015-12-11,73.5,74.2,72.5,73.5,4456000.0,0.0
2015-12-14,73.0,74.2,72.5,74.2,3391000.0,0.0
2015-12-15,74.5,76.0,74.5,74.8,4048000.0,0.0
2015-12-16,74.8,77.2,74.3,77.0,5519000.0,0.0
2015-12-17,77.0,77.7,75.9,77.7,3508000.0,0.0
2015-12-18,76.5,77.5,76.2,77.5,3627000.0,0.0
2015-12-21,76.6,77.4,76.2,77.4,1927000.0,0.0
2015-12-22,77.4,77.9,76.8,77.7,2090000.0,0.0
2015-12-23,77.9,78.0,77.2,78.0,1384000.0,0.0
2015-12-24,78.5,80.0,78.5,79.9,3810000.0,0.0
2015-12-25,79.9,80.5,79.7,79.9,1925000.0,0.0
2015-12-28,79.8,80.0,78.7,78.7,2013000.0,0.0
2015-12-29,77.8,79.0,77.5,78.4,2478000.0,0.0
2015-12-30,79.0,79.0,77.1,77.6,1805000.0,0.0
2015-12-31,78.0,78.8,77.8,78.8,1148000.0,0.0
2016-01-04,79.1,79.2,75.6,76.9,5426000.0,0.0
2016-01-05,77.0,77.7,76.1,76.3,3075000.0,0.0
2016-01-06,76.9,78.0,76.1,77.0,3733000.0,0.0
2016-01-07,77.0,77.0,74.3,76.2,6700000.0,0.0
2016-01-08,75.4,76.1,74.6,76.0,3289000.0,0.0
2016-01-11,75.0,76.3,74.7,76.0,2434000.0,0.0
2016-01-12,76.0,77.0,75.8,76.9,3227000.0,0.0
2016-01-13,77.2,79.9,77.2,78.9,7732000.0,0.0
2016-01-14,79.3,80.0,78.8,79.0,6328000.0,0.0
2016-01-15,79.4,80.0,78.3,78.8,3725000.0,0.0
2016-01-18,77.5,80.4,77.5,79.0,3717000.0,0.0
2016-01-19,78.2,78.6,78.1,78.3,1610000.0,0.0
2016-01-20,78.7,79.3,78.3,78.9,3242000.0,0.0
2016-01-21,79.5,80.4,78.9,78.9,4463000.0,0.0
2016-01-22,80.1,81.7,79.6,79.8,4145000.0,0.0
2016-01-25,81.0,81.9,80.7,81.0,4407000.0,0.0
2016-01-26,79.8,81.0,79.8,81.0,2899000.0,0.0
2016-01-27,81.4,81.4,79.7,80.2,3131000.0,0.0
2016-01-28,80.9,81.0,79.8,80.0,3490000.0,0.0
2016-01-29,80.4,82.0,80.1,82.0,5710000.0,0.0
2016-02-01,82.4,82.5,81.8,82.5,2948000.0,0.0
2016-02-02,81.7,82.6,81.6,82.4,3192000.0,0.0
2016-02-03,82.0,82.1,80.4,80.4,2294000.0,0.0
2016-02-15,80.0,81.0,79.2,80.6,3047000.0,0.0
2016-02-16,81.0,81.2,80.1,80.5,3075000.0,0.0
2016-02-17,80.6,81.8,80.3,81.0,2512000.0,0.0
2016-02-18,81.5,83.6,81.1,83.0,6728000.0,0.0
2016-02-19,83.0,83.2,82.2,83.0,2803000.0,0.0
2016-02-22,83.2,83.4,81.8,82.2,2490000.0,0.0
2016-02-23,83.0,83.0,82.2,82.5,2380000.0,0.0
2016-02-24,82.9,84.5,82.8,83.5,5016000.0,0.0
2016-02-25,83.5,84.4,83.2,84.4,2589000.0,0.0
2016-02-26,84.6,85.0,83.8,84.4,3879000.0,0.0
2016-03-01,84.4,86.5,84.3,86.3,3846000.0,0.0
2016-03-02,86.6,87.7,85.6,85.6,3316000.0,0.0
2016-03-03,85.6,86.2,85.1,85.7,2593000.0,0.0
2016-03-04,86.3,88.2,85.6,87.6,3943000.0,0.0
2016-03-07,88.5,90.2,88.1,89.2,6020000.0,0.0
2016-03-08,90.0,90.0,87.6,88.0,5964000.0,0.0
2016-03-09,89.4,89.4,87.7,88.2,4361000.0,0.0
2016-03-10,88.2,88.9,86.8,87.1,2958000.0,0.0
2016-03-11,87.2,88.5,87.1,87.6,3772000.0,0.0
2016-03-14,87.7,87.7,87.2,87.5,4391000.0,0.0
2016-03-15,87.3,87.5,86.3,87.3,4325000.0,0.0
2016-03-16,87.5,88.8,87.0,88.0,4852000.0,0.0
2016-03-17,89.1,90.5,88.9,89.8,6675000.0,0.0
2016-03-18,89.8,94.4,89.8,92.7,9839000.0,0.0
2016-03-21,92.7,92.7,90.4,90.8,4914000.0,0.0
2016-03-22,91.9,94.5,91.7,94.5,8297000.0,0.0
2016-03-23,94.1,94.4,92.7,93.0,4317000.0,0.0
2016-03-24,94.4,94.4,91.8,93.3,3499000.0,0.0
2016-03-25,93.3,93.3,91.9,92.3,1860000.0,0.0
2016-03-28,91.9,92.7,91.8,91.8,1963000.0,0.0
2016-03-29,91.8,92.5,89.8,90.3,3395000.0,0.0
2016-03-30,91.2,93.6,90.7,93.0,5218000.0,0.0
2016-03-31,93.5,93.7,92.3,92.5,3276000.0,0.0
2016-04-01,92.0,94.1,91.4,92.9,4445000.0,0.0
2016-04-06,92.9,92.9,89.2,89.7,6768000.0,0.0
2016-04-07,90.0,90.4,88.5,89.6,4522000.0,0.0
2016-04-08,88.6,90.6,88.6,89.9,2813000.0,0.0
2016-04-11,90.1,90.3,89.2,89.8,2225000.0,0.0
2016-04-12,90.8,92.1,90.8,91.3,4110000.0,0.0
2016-04-13,92.0,93.1,91.8,92.6,3930000.0,0.0
2016-04-14,93.9,93.9,92.0,92.2,5265000.0,0.0
2016-04-15,92.2,94.0,92.2,94.0,3756000.0,0.0
2016-04-18,93.2,93.4,92.2,92.5,2781000.0,0.0
2016-04-19,93.2,94.0,92.5,93.0,4068000.0,0.0
2016-04-20,93.9,94.4,90.0,91.5,6155000.0,0.0
2016-04-21,92.0,92.2,89.9,91.1,3970000.0,0.0
2016-04-22,91.1,91.1,89.8,90.6,3236000.0,0.0
2016-04-25,91.0,91.8,90.3,91.8,1822000.0,0.0
2016-04-26,91.7,93.0,91.2,91.5,2838000.0,0.0
2016-04-27,91.8,93.0,91.8,92.5,2466000.0,0.0
2016-04-28,93.0,94.0,92.4,93.9,5025000.0,0.0
2016-04-29,93.9,93.9,91.7,91.7,4007000.0,0.0
2016-05-03,92.9,92.9,90.2,91.3,3189000.0,0.0
2016-05-04,90.6,90.9,88.5,88.6,3493000.0,0.0
2016-05-05,88.3,89.1,87.1,88.3,3937000.0,0.0
2016-05-06,88.1,90.2,87.7,90.0,5772000.0,0.0
2016-05-09,90.0,90.6,88.8,90.6,3279000.0,0.0
2016-05-10,90.6,90.7,87.4,88.4,4759000.0,0.0
2016-05-11,88.4,88.7,86.3,86.5,6082000.0,0.0
2016-05-12,86.5,88.9,86.0,88.6,5177000.0,0.0
2016-05-13,87.3,87.8,85.0,85.3,6494000.0,0.0
2016-05-16,85.3,86.7,85.0,85.5,3013000.0,0.0
2016-05-17,86.1,88.0,86.0,88.0,3627000.0,0.0
2016-05-18,86.5,89.4,86.2,89.2,3630000.0,0.0
2016-05-19,88.7,89.1,87.2,88.3,4346000.0,0.0
2016-05-20,88.2,88.2,86.6,86.8,3593000.0,0.0
2016-05-23,86.2,90.0,85.6,89.8,3960000.0,0.0
2016-05-24,89.0,90.4,88.5,89.4,4056000.0,0.0
2016-05-25,90.1,90.7,89.5,90.5,3467000.0,0.0
2016-05-26,89.8,90.0,88.9,88.9,2680000.0,0.0
2016-05-27,89.8,90.8,88.9,89.9,2639000.0,0.0
2016-05-30,89.1,90.7,89.1,90.1,1362000.0,0.0
2016-05-31,89.5,90.0,87.6,89.0,7640000.0,0.0
2016-06-01,88.1,88.6,87.9,87.9,2931000.0,0.0
2016-06-02,88.0,89.5,88.0,88.2,4321000.0,0.0
2016-06-03,88.7,88.7,87.0,87.3,3157000.0,0.0
2016-06-06,89.4,90.1,89.2,89.2,2902000.0,0.0
2016-06-07,89.2,90.2,89.2,90.2,4509000.0,0.0
2016-06-08,89.2,90.2,88.4,88.5,6585000.0,0.0
2016-06-13,88.5,89.1,86.8,87.1,3558000.0,0.0
2016-06-14,86.8,87.4,85.5,86.2,4405000.0,0.0
2016-06-15,85.8,87.2,85.7,87.2,5628000.0,0.0
2016-06-16,86.3,86.6,85.1,86.1,7322000.0,0.0
2016-06-17,86.3,86.8,84.3,85.8,15542000.0,0.0
2016-06-20,86.9,87.3,86.1,86.7,5351000.0,0.0
2016-06-21,86.7,88.6,86.7,88.6,4324000.0,0.0
2016-06-22,88.0,89.8,87.7,89.3,5429000.0,0.0
2016-06-23,88.9,88.9,88.0,88.4,2062000.0,0.0
2016-06-24,88.0,88.6,85.5,86.6,4646000.0,0.0
2016-06-27,86.6,87.9,86.1,87.6,2355000.0,0.0
2016-06-28,87.0,87.3,86.3,87.1,252000.0,0.0
2016-06-29,87.1,87.7,86.8,87.5,3094000.0,0.0
2016-06-30,88.0,88.0,87.2,87.5,5700000.0,0.0
2016-07-01,87.1,90.0,86.6,90.0,8431000.0,0.0
2016-07-04,87.6,88.0,86.2,86.2,5535000.0,4.0
2016-07-05,86.0,86.4,84.5,84.9,4879000.0,0.0
2016-07-06,84.5,85.0,83.3,84.6,4829000.0,0.0
2016-07-07,85.0,86.9,85.0,86.5,3947000.0,0.0
2016-07-08,86.5,86.5,86.5,86.5,0.0,0.0
2016-07-11,86.5,87.6,86.1,86.3,4851000.0,0.0
2016-07-12,87.0,88.5,86.9,88.0,6633000.0,0.0
2016-07-13,89.0,89.1,87.4,88.0,5241000.0,0.0
2016-07-14,88.3,88.4,87.3,87.3,2193000.0,0.0
2016-07-15,88.0,88.0,86.7,87.8,2947000.0,0.0
2016-07-18,87.8,88.0,87.3,87.8,3200000.0,0.0
2016-07-19,88.0,88.7,87.5,88.4,6890000.0,0.0
2016-07-20,88.8,90.5,88.6,90.5,8130000.0,0.0
2016-07-21,91.0,92.2,90.9,91.9,5336000.0,0.0
2016-07-22,91.6,92.1,90.3,90.5,2757000.0,0.0
2016-07-25,91.5,92.7,89.6,90.5,2362000.0,0.0
2016-07-26,90.5,90.5,89.0,89.8,2734000.0,0.0
2016-07-27,90.4,91.0,89.6,91.0,2718000.0,0.0
2016-07-28,91.1,91.9,90.6,91.4,2094000.0,0.0
2016-07-29,90.9,91.6,90.4,90.8,2297000.0,0.0
2016-08-01,91.1,91.9,90.6,91.4,1787000.0,0.0
2016-08-02,91.5,91.8,90.2,90.4,1980000.0,0.0
2016-08-03,89.5,91.1,88.7,90.0,3353000.0,0.0
2016-08-04,90.0,90.7,89.3,90.0,1432000.0,0.0
2016-08-05,90.0,91.0,89.9,90.7,1992000.0,0.0
2016-08-08,90.7,91.5,90.6,91.1,1684000.0,0.0
2016-08-09,91.5,94.8,91.5,94.7,5220000.0,0.0
2016-08-10,94.7,98.0,93.6,98.0,5598000.0,0.0
2016-08-11,97.5,100.0,95.8,96.9,6054000.0,0.0
2016-08-12,96.9,100.0,96.9,99.7,4223000.0,0.0
2016-08-15,99.7,100.5,97.7,98.3,2885000.0,0.0
2016-08-16,98.4,98.4,96.8,97.8,1651000.0,0.0
2016-08-17,97.8,99.4,97.4,99.4,3499000.0,0.0
2016-08-18,99.3,99.3,97.5,97.5,1358000.0,0.0
2016-08-19,98.0,98.5,94.5,95.1,3516000.0,0.0
2016-08-22,94.2,95.1,91.6,94.4,4219000.0,0.0
2016-08-23,94.2,95.2,93.2,94.9,2722000.0,0.0
2016-08-24,94.2,94.9,93.5,94.0,2249000.0,0.0
2016-08-25,93.6,95.1,93.3,94.7,2365000.0,0.0
2016-08-26,94.0,95.5,94.0,95.3,1905000.0,0.0
2016-08-29,95.2,95.2,92.7,93.7,2995000.0,0.0
2016-08-30,93.8,94.0,92.5,92.8,1675000.0,0.0
2016-08-31,92.0,93.4,91.3,92.3,4581000.0,0.0
2016-09-01,92.1,92.8,91.5,92.2,2127000.0,0.0
2016-09-02,92.0,93.1,91.6,92.3,2019000.0,0.0
2016-09-05,92.1,94.0,92.1,93.3,2311000.0,0.0
2016-09-06,93.4,94.3,93.0,93.7,2855000.0,0.0
2016-09-07,94.7,96.1,94.0,95.6,4710000.0,0.0
2016-09-08,95.2,96.0,94.5,95.9,2799000.0,0.0
2016-09-09,95.1,95.8,94.3,95.6,2490000.0,0.0
2016-09-12,92.5,93.1,90.3,90.7,4898000.0,0.0
2016-09-13,90.8,92.1,90.4,91.1,4725000.0,0.0
2016-09-14,90.4,91.5,89.7,90.6,3624000.0,0.0
2016-09-19,90.7,93.9,90.1,93.7,5086000.0,0.0
2016-09-20,93.8,94.5,93.0,94.2,2957000.0,0.0
2016-09-21,93.7,96.1,93.5,96.1,4118000.0,0.0
2016-09-22,96.5,96.5,95.3,95.5,2319000.0,0.0
2016-09-23,94.8,95.8,94.3,94.9,2139000.0,0.0
2016-09-26,94.3,95.4,94.3,95.0,972000.0,0.0
2016-09-27,95.0,95.0,95.0,95.0,0.0,0.0
2016-09-28,95.0,95.0,95.0,95.0,0.0,0.0
2016-09-29,96.2,96.2,95.1,96.0,3217000.0,0.0
2016-09-30,95.1,95.6,93.0,94.5,3382000.0,0.0
2016-10-03,94.1,96.0,93.6,96.0,2236000.0,0.0
2016-10-04,96.0,97.7,95.3,97.5,2822000.0,0.0
2016-10-05,96.6,97.1,96.2,96.8,811000.0,0.0
2016-10-06,97.8,98.5,97.5,98.4,2047000.0,0.0
2016-10-07,98.5,99.2,97.5,97.9,3742000.0,0.0
2016-10-11,97.9,99.2,97.4,98.4,3886000.0,0.0
2016-10-12,97.1,98.0,96.6,98.0,3186000.0,0.0
2016-10-13,98.3,100.0,98.3,100.0,5766000.0,0.0
2016-10-14,99.8,100.5,99.1,99.9,3415000.0,0.0
2016-10-17,100.0,102.0,98.5,102.0,5376000.0,0.0
2016-10-18,101.5,102.0,100.5,101.5,3604000.0,0.0
2016-10-19,101.0,104.0,100.5,103.0,5078000.0,0.0
2016-10-20,103.0,106.0,103.0,105.0,7092000.0,0.0
2016-10-21,104.5,110.5,101.5,105.5,14136000.0,0.0
2016-10-24,105.5,105.5,102.0,103.0,5887000.0,0.0
2016-10-25,102.5,107.5,102.5,106.5,4868000.0,0.0
2016-10-26,105.5,107.0,103.5,105.0,3260000.0,0.0
2016-10-27,104.0,105.5,103.0,104.5,2760000.0,0.0
2016-10-28,104.5,105.0,103.5,105.0,2306000.0,0.0
2016-10-31,103.0,105.5,101.5,105.5,3336000.0,0.0
2016-11-01,103.5,105.5,103.5,104.0,2212000.0,0.0
2016-11-02,102.5,104.0,101.0,102.0,3770000.0,0.0
2016-11-03,101.5,103.5,101.0,101.5,4093000.0,0.0
2016-11-04,101.0,102.0,100.5,100.5,2413000.0,0.0
2016-11-07,101.5,107.0,101.5,107.0,5377000.0,0.0
2016-11-08,108.0,108.5,105.5,108.0,3993000.0,0.0
2016-11-09,108.0,109.0,102.5,104.5,5907000.0,0.0
2016-11-10,107.0,108.5,105.5,105.5,5828000.0,0.0
2016-11-11,104.0,104.5,101.5,101.5,4963000.0,0.0
2016-11-14,102.5,103.0,99.3,99.3,6703000.0,0.0
2016-11-15,99.3,101.0,98.5,99.5,5598000.0,0.0
2016-11-16,101.0,102.0,99.4,99.5,5455000.0,0.0
2016-11-17,100.0,100.0,98.8,100.0,4615000.0,0.0
2016-11-18,99.5,100.5,99.0,99.5,4298000.0,0.0
2016-11-21,99.9,100.5,98.9,100.0,1698000.0,0.0
2016-11-22,101.0,105.0,101.0,103.5,3981000.0,0.0
2016-11-23,103.5,106.0,103.0,105.0,3005000.0,0.0
2016-11-24,104.0,105.0,103.0,104.5,1460000.0,0.0
2016-11-25,104.5,105.0,103.5,105.0,1018000.0,0.0
2016-11-28,104.5,106.0,104.0,104.5,1593000.0,0.0
2016-11-29,104.0,104.5,102.5,102.5,2258000.0,0.0
2016-11-30,103.5,107.5,102.0,107.5,5647000.0,0.0
2016-12-01,107.5,110.5,107.0,109.5,5018000.0,0.0
2016-12-02,109.5,110.0,107.0,108.5,3088000.0,0.0
2016-12-05,107.5,108.5,106.0,107.5,2135000.0,0.0
2016-12-06,108.5,112.0,108.5,111.0,4152000.0,0.0
2016-12-07,112.0,112.0,109.0,110.0,2180000.0,0.0
2016-12-08,110.0,113.5,108.5,111.5,4759000.0,0.0
2016-12-09,112.0,113.5,112.0,113.5,2150000.0,0.0
2016-12-12,115.0,115.0,110.0,111.0,2856000.0,0.0
2016-12-13,110.5,113.5,110.0,113.5,2086000.0,0.0
2016-12-14,112.0,112.5,111.0,111.5,1965000.0,0.0
2016-12-15,110.5,111.5,107.5,109.5,3473000.0,0.0
2016-12-16,109.0,110.0,109.0,109.5,2863000.0,0.0
2016-12-19,109.0,111.5,108.0,109.5,1683000.0,0.0
2016-12-20,109.5,110.5,107.0,107.5,2939000.0,0.0
2016-12-21,108.0,109.0,105.5,106.5,3308000.0,0.0
2016-12-22,106.0,107.5,105.0,105.5,1907000.0,0.0
2016-12-23,105.5,106.0,104.0,105.0,2640000.0,0.0
2016-12-26,105.5,106.0,104.0,105.0,1216000.0,0.0
2016-12-27,105.5,106.5,105.5,106.0,621000.0,0.0
2016-12-28,106.0,109.0,105.5,108.0,2239000.0,0.0
2016-12-29,108.0,109.0,106.5,106.5,2740000.0,0.0
2016-12-30,108.0,112.5,107.5,112.0,4853000.0,0.0
2017-01-03,112.0,112.0,109.0,109.5,2351000.0,0.0
2017-01-04,110.0,110.5,108.0,109.5,3639000.0,0.0
2017-01-05,109.0,112.0,108.0,111.0,3330000.0,0.0
2017-01-06,110.0,110.0,108.5,109.0,1542000.0,0.0
2017-01-09,110.0,110.5,109.0,109.0,1786000.0,0.0
2017-01-10,109.5,110.0,107.5,108.5,3385000.0,0.0
2017-01-11,109.0,109.5,107.5,107.5,1975000.0,0.0
2017-01-12,108.5,110.0,108.0,108.0,2621000.0,0.0
2017-01-13,109.5,110.0,108.0,108.0,1340000.0,0.0
2017-01-16,108.5,108.5,104.0,104.5,4199000.0,0.0
2017-01-17,104.5,106.0,104.0,104.5,2630000.0,0.0
2017-01-18,104.5,105.5,103.5,105.0,4224000.0,0.0
2017-01-19,105.0,105.0,103.0,104.0,3471000.0,0.0
2017-01-20,103.5,105.0,103.0,104.0,3015000.0,0.0
2017-01-23,105.5,106.0,105.0,106.0,3224000.0,0.0
2017-01-24,106.0,106.5,105.0,106.5,2154000.0,0.0
2017-02-02,106.0,106.5,103.5,103.5,5318000.0,0.0
2017-02-03,104.0,105.0,103.5,104.0,2567000.0,0.0
2017-02-06,104.0,107.0,103.5,106.5,2590000.0,0.0
2017-02-07,105.0,106.0,104.0,104.5,3115000.0,0.0
2017-02-08,104.0,105.0,103.0,104.0,3736000.0,0.0
2017-02-09,103.5,105.0,103.5,104.5,3050000.0,0.0
2017-02-10,105.0,107.5,104.5,107.5,3977000.0,0.0
2017-02-13,108.0,108.5,106.5,106.5,3780000.0,0.0
2017-02-14,107.0,108.5,106.5,108.0,4715000.0,0.0
2017-02-15,108.0,110.0,107.0,109.0,4129000.0,0.0
2017-02-16,110.0,113.0,108.5,108.5,6309000.0,0.0
2017-02-17,109.0,109.0,107.0,107.0,2120000.0,0.0
2017-02-20,108.0,108.0,106.5,108.0,1642000.0,0.0
2017-02-21,107.0,108.5,107.0,107.5,1300000.0,0.0
2017-02-22,108.0,110.0,108.0,109.0,3929000.0,0.0
2017-02-23,109.0,110.0,108.5,109.0,1710000.0,0.0
2017-02-24,109.0,109.5,107.0,107.0,2421000.0,0.0
2017-03-01,107.0,107.0,104.5,104.5,3170000.0,0.0
2017-03-02,104.5,105.5,103.5,105.5,2759000.0,0.0
2017-03-03,104.0,105.0,103.5,104.5,2384000.0,0.0
2017-03-06,106.0,107.5,106.0,107.5,3103000.0,0.0
2017-03-07,107.0,108.0,106.0,108.0,2592000.0,0.0
2017-03-08,107.0,107.5,106.5,107.0,1251000.0,0.0
2017-03-09,106.5,106.5,104.0,104.0,3088000.0,0.0
2017-03-10,104.0,104.0,103.0,103.5,3696000.0,0.0
2017-03-13,104.0,104.0,103.5,103.5,1201000.0,0.0
2017-03-14,104.5,107.0,104.0,106.5,3691000.0,0.0
2017-03-15,105.5,105.5,104.5,105.0,1693000.0,0.0
2017-03-16,106.0,107.5,106.0,107.0,3014000.0,0.0
2017-03-17,107.5,107.5,105.5,106.5,4166000.0,0.0
2017-03-20,106.5,107.0,106.0,107.0,2160000.0,0.0
2017-03-21,106.0,108.5,106.0,108.0,3384000.0,0.0
2017-03-22,107.0,107.0,106.0,106.5,2197000.0,0.0
2017-03-23,106.5,107.0,105.0,106.0,1862000.0,0.0
2017-03-24,106.0,107.0,105.5,106.5,1334000.0,0.0
2017-03-27,106.0,106.5,105.0,106.5,1622000.0,0.0
2017-03-28,107.0,108.0,106.0,107.0,3244000.0,0.0
2017-03-29,107.5,107.5,106.0,106.5,2032000.0,0.0
2017-03-30,107.0,107.0,106.0,107.0,1769000.0,0.0
2017-03-31,107.0,107.0,106.0,106.0,1812000.0,0.0
2017-04-05,106.0,108.0,106.0,108.0,3803000.0,0.0
2017-04-06,107.0,107.5,106.0,106.5,2340000.0,0.0
2017-04-07,106.0,108.0,105.5,108.0,2985000.0,0.0
2017-04-10,108.5,110.5,108.0,110.5,4434000.0,0.0
2017-04-11,111.0,111.5,108.0,109.5,3365000.0,0.0
2017-04-12,110.0,110.0,108.5,108.5,1711000.0,0.0
2017-04-13,108.5,111.0,108.0,111.0,2183000.0,0.0
2017-04-14,111.0,111.0,108.0,109.0,2058000.0,0.0
2017-04-17,109.0,110.5,108.0,110.0,2488000.0,0.0
2017-04-18,110.5,111.0,109.0,109.5,2099000.0,0.0
2017-04-19,108.5,109.0,107.0,107.5,2632000.0,0.0
2017-04-20,106.5,107.0,105.0,106.0,3131000.0,0.0
2017-04-21,107.0,107.0,106.0,106.5,846000.0,0.0
2017-04-24,107.0,107.0,106.0,106.5,687000.0,0.0
2017-04-25,107.0,108.0,106.5,108.0,1944000.0,0.0
2017-04-26,108.5,108.5,105.5,107.0,2978000.0,0.0
2017-04-27,106.0,107.5,106.0,107.0,1195000.0,0.0
2017-04-28,106.5,106.5,105.0,105.5,1925000.0,0.0
2017-05-02,106.0,107.5,105.5,107.5,2582000.0,0.0
2017-05-03,106.5,107.0,105.0,105.5,1567000.0,0.0
2017-05-04,106.0,106.0,105.0,105.5,2138000.0,0.0
2017-05-05,105.0,105.5,104.0,104.0,3456000.0,0.0
2017-05-08,105.0,105.5,103.0,103.5,4058000.0,0.0
2017-05-09,103.5,103.5,101.5,102.0,5032000.0,0.0
2017-05-10,102.0,102.5,101.0,102.0,4790000.0,0.0
2017-05-11,103.0,104.5,103.0,103.5,2952000.0,0.0
2017-05-12,105.0,105.0,104.0,105.0,2530000.0,0.0
2017-05-15,105.5,106.5,104.5,106.5,2785000.0,0.0
2017-05-16,108.5,109.0,107.5,109.0,8494000.0,0.0
2017-05-17,108.5,108.5,105.5,106.5,4774000.0,0.0
2017-05-18,105.5,106.5,104.5,105.5,3855000.0,0.0
2017-05-19,105.0,105.0,104.0,104.5,3730000.0,0.0
2017-05-22,105.0,106.0,104.5,106.0,4861000.0,0.0
2017-05-23,105.5,106.0,104.5,104.5,4330000.0,0.0
2017-05-24,105.0,107.0,105.0,106.0,3606000.0,0.0
2017-05-25,106.0,107.0,105.5,106.0,3217000.0,0.0
2017-05-26,105.5,106.5,105.0,106.0,4240000.0,0.0
2017-05-31,106.5,108.0,105.5,108.0,15678000.0,0.0
2017-06-01,108.0,108.0,105.5,105.5,5136000.0,0.0
2017-06-02,106.0,107.0,106.0,106.0,2461000.0,0.0
2017-06-05,105.5,107.0,105.5,107.0,3111000.0,0.0
2017-06-06,107.0,107.0,105.5,106.0,2939000.0,0.0
2017-06-07,106.5,107.0,106.0,107.0,1473000.0,0.0
2017-06-08,106.5,106.5,105.5,106.0,2454000.0,0.0
2017-06-09,106.5,107.0,106.0,107.0,2351000.0,0.0
2017-06-12,107.0,107.5,106.0,106.5,2222000.0,0.0
2017-06-13,107.0,107.5,106.5,107.5,1201000.0,0.0
2017-06-14,107.5,107.5,106.5,106.5,1598000.0,0.0
2017-06-15,106.5,107.0,105.5,106.0,2347000.0,0.0
2017-06-16,106.0,107.0,105.0,106.0,5065000.0,0.0
2017-06-19,106.5,108.0,106.0,108.0,2597000.0,0.0
2017-06-20,108.0,109.5,107.5,109.0,3506000.0,0.0
2017-06-21,108.5,111.0,107.5,110.0,5709000.0,0.0
2017-06-22,110.0,110.5,109.0,110.0,3604000.0,0.0
2017-06-23,109.0,109.5,108.5,108.5,4211000.0,0.0
2017-06-26,109.0,114.0,109.0,114.0,11186000.0,0.0
2017-06-27,115.5,119.0,115.0,117.5,15044000.0,0.0
2017-06-28,111.5,111.5,105.0,105.0,17124000.0,6.0
2017-06-29,106.0,106.5,104.0,105.0,6431000.0,0.0
2017-06-30,104.5,106.0,104.5,105.0,6155000.0,0.0
2017-07-03,105.5,106.0,105.0,106.0,2192000.0,0.0
2017-07-04,106.0,106.5,105.0,105.5,2382000.0,0.0
2017-07-05,105.0,105.5,104.0,105.5,3565000.0,0.0
2017-07-06,105.0,105.5,104.0,104.5,2963000.0,0.0
2017-07-07,104.5,105.0,104.0,104.0,1645000.0,0.0
2017-07-10,104.0,104.5,103.0,103.0,1967000.0,0.0
2017-07-11,102.5,103.5,101.5,103.5,4724000.0,0.0
2017-07-12,103.5,104.5,103.0,103.5,2938000.0,0.0
2017-07-13,104.0,104.5,103.5,103.5,2983000.0,0.0
2017-07-14,104.0,104.0,103.0,103.5,1921000.0,0.0
2017-07-17,104.5,106.0,104.0,104.5,4129000.0,0.0
2017-07-18,105.0,105.0,104.0,104.5,1706000.0,0.0
2017-07-19,105.0,105.0,104.0,104.5,1651000.0,0.0
2017-07-20,104.5,105.5,104.0,105.0,3802000.0,0.0
2017-07-21,105.0,105.5,104.5,105.0,1431000.0,0.0
2017-07-24,104.5,105.0,104.0,104.5,1889000.0,0.0
2017-07-25,104.5,104.5,103.0,103.5,2999000.0,0.0
2017-07-26,104.0,104.5,103.0,103.5,4706000.0,0.0
2017-07-27,104.0,106.0,103.5,106.0,3566000.0,0.0
2017-07-28,106.0,106.0,104.5,105.5,1144000.0,0.0
2017-07-31,105.5,106.0,104.5,106.0,2176000.0,0.0
2017-08-01,106.0,106.5,105.5,105.5,1996000.0,0.0
2017-08-02,105.5,106.5,105.5,106.0,1783000.0,0.0
2017-08-03,105.0,105.5,104.5,104.5,2322000.0,0.0
2017-08-04,105.0,106.5,105.0,106.5,3272000.0,0.0
2017-08-07,106.5,107.5,106.5,106.5,3004000.0,0.0
2017-08-08,106.0,106.5,105.0,105.0,4000000.0,0.0
2017-08-09,105.0,106.0,104.5,105.0,2479000.0,0.0
2017-08-10,105.0,105.5,103.5,103.5,2601000.0,0.0
2017-08-11,103.5,105.0,103.5,104.0,1813000.0,0.0
2017-08-14,104.5,105.5,103.5,104.0,2024000.0,0.0
2017-08-15,104.5,105.0,104.0,105.0,1933000.0,0.0
2017-08-16,104.5,104.5,102.5,103.0,4709000.0,0.0
2017-08-17,103.0,104.0,103.0,103.0,1680000.0,0.0
2017-08-18,102.5,103.0,102.0,102.0,2094000.0,0.0
2017-08-21,102.0,104.0,102.0,103.5,1639075.0,0.0
2017-08-22,103.0,104.0,103.0,103.0,613463.0,0.0
2017-08-23,103.0,104.0,102.0,102.0,2411451.0,0.0
2017-08-24,102.0,105.0,102.0,104.0,3375390.0,0.0
2017-08-25,104.0,105.0,104.0,105.0,1815524.0,0.0
2017-08-28,105.0,105.5,104.5,105.5,1845713.0,0.0
2017-08-29,105.0,105.5,104.5,105.0,1915968.0,0.0
2017-08-30,105.5,106.0,105.0,106.0,3491912.0,0.0
2017-08-31,106.0,107.0,105.5,106.5,5148064.0,0.0
2017-09-01,106.5,107.5,106.0,106.5,3083397.0,0.0
2017-09-04,106.5,107.5,106.5,107.5,2681541.0,0.0
2017-09-05,107.5,108.0,107.0,108.0,2787191.0,0.0
2017-09-06,107.5,107.5,105.5,106.5,3257351.0,0.0
2017-09-07,107.0,108.0,106.5,107.0,2542013.0,0.0
2017-09-08,107.0,107.0,106.0,107.0,2017312.0,0.0
2017-09-11,107.0,107.5,106.0,106.0,1570835.0,0.0
2017-09-12,106.0,107.0,106.0,107.0,1078957.0,0.0
2017-09-13,106.5,107.0,105.0,105.0,2102158.0,0.0
2017-09-14,105.0,107.5,105.0,106.0,2884854.0,0.0
2017-09-15,106.5,107.5,106.0,106.0,3978168.0,0.0
2017-09-18,106.5,107.0,105.5,106.5,2064960.0,0.0
2017-09-19,106.5,106.5,104.5,105.0,2398667.0,0.0
2017-09-20,105.0,105.5,104.0,105.5,2715930.0,0.0
2017-09-21,105.0,106.0,104.5,105.0,1468035.0,0.0
2017-09-22,104.5,105.5,104.0,104.5,1512911.0,0.0
2017-09-25,104.5,105.5,104.0,105.5,2188146.0,0.0
2017-09-26,105.5,106.5,104.5,105.0,2356762.0,0.0
2017-09-27,105.0,106.5,105.0,106.0,1554044.0,0.0
2017-09-28,105.5,106.0,104.5,104.5,2241681.0,0.0
2017-09-29,104.5,105.0,104.0,104.5,1305916.0,0.0
2017-10-02,106.0,107.0,105.5,107.0,2040325.0,0.0
2017-10-03,107.0,107.0,106.0,107.0,2370250.0,0.0
2017-10-05,106.5,107.5,106.5,107.0,2651932.0,0.0
2017-10-06,107.0,107.5,106.5,107.5,2733634.0,0.0
2017-10-11,107.5,107.5,106.5,107.0,3661341.0,0.0
2017-10-12,107.5,107.5,106.5,106.5,3887251.0,0.0
2017-10-13,106.5,107.0,105.5,105.5,2135195.0,0.0
2017-10-16,105.5,106.0,105.0,105.5,2360695.0,0.0
2017-10-17,105.5,106.0,105.0,105.5,2000186.0,0.0
2017-10-18,105.5,106.5,105.5,106.5,2783575.0,0.0
2017-10-19,107.0,107.0,106.0,106.0,2944908.0,0.0
2017-10-20,106.0,106.5,104.0,105.0,8748896.0,0.0
2017-10-23,104.5,105.0,104.0,104.5,2474294.0,0.0
2017-10-24,104.5,105.0,104.0,105.0,1964299.0,0.0
2017-10-25,104.5,105.5,104.5,105.5,1844476.0,0.0
2017-10-26,105.0,105.5,104.5,105.0,938578.0,0.0
2017-10-27,105.0,105.0,104.5,105.0,1035935.0,0.0
2017-10-30,105.0,105.5,104.5,104.5,826896.0,0.0
2017-10-31,104.5,105.5,104.0,105.5,1088426.0,0.0
2017-11-01,105.5,106.0,105.0,105.5,1399465.0,0.0
2017-11-02,105.0,106.0,105.0,105.5,1067537.0,0.0
2017-11-03,105.5,106.5,105.5,106.5,1014630.0,0.0
2017-11-06,106.0,106.5,105.5,105.5,1269876.0,0.0
2017-11-07,106.0,107.0,106.0,106.5,1265106.0,0.0
2017-11-08,106.0,107.0,106.0,106.5,1533053.0,0.0
2017-11-09,106.5,107.0,105.0,105.0,2649456.0,0.0
2017-11-10,105.0,106.0,105.0,106.0,684967.0,0.0
2017-11-13,106.0,107.5,106.0,106.5,2983591.0,0.0
2017-11-14,106.5,107.0,106.0,106.5,1456621.0,0.0
2017-11-15,106.5,107.5,106.0,106.5,2786866.0,0.0
2017-11-16,106.0,106.5,106.0,106.0,1647877.0,0.0
2017-11-17,106.5,106.5,106.0,106.0,1423264.0,0.0
2017-11-20,106.0,106.5,105.5,105.5,1112282.0,0.0
2017-11-21,105.5,107.5,105.5,107.0,3918578.0,0.0
2017-11-22,107.5,108.0,106.5,108.0,2941226.0,0.0
2017-11-23,108.0,108.0,107.0,107.5,947462.0,0.0
2017-11-24,107.5,107.5,106.5,107.5,1388748.0,0.0
2017-11-27,107.5,108.0,107.0,107.0,994488.0,0.0
2017-11-28,107.0,107.5,105.5,106.0,2676090.0,0.0
2017-11-29,106.5,107.0,106.0,106.0,1352684.0,0.0
2017-11-30,106.0,107.0,105.5,106.0,4243814.0,0.0
2017-12-01,106.0,108.5,105.5,108.0,3309158.0,0.0
2017-12-04,108.0,110.0,107.5,109.5,4674905.0,0.0
2017-12-05,109.0,111.5,108.5,111.0,6359888.0,0.0
2017-12-06,111.0,111.5,108.5,109.0,3821166.0,0.0
2017-12-07,108.5,109.5,107.5,108.5,1814681.0,0.0
2017-12-08,108.5,109.0,108.0,108.0,1464055.0,0.0
2017-12-11,108.0,110.0,108.0,109.0,1393629.0,0.0
2017-12-12,109.0,110.0,109.0,109.5,1741507.0,0.0
2017-12-13,110.0,113.0,110.0,113.0,4117241.0,0.0
2017-12-14,114.5,114.5,112.5,113.0,2149107.0,0.0
2017-12-15,112.5,113.0,112.0,112.0,3276018.0,0.0
2017-12-18,113.0,115.5,113.0,115.0,2537129.0,0.0
2017-12-19,115.0,116.5,115.0,116.0,2969206.0,0.0
2017-12-20,116.5,116.5,114.0,114.0,1741036.0,0.0
2017-12-21,114.0,115.0,112.5,114.0,2470914.0,0.0
2017-12-22,114.5,115.5,112.5,113.0,2552915.0,0.0
2017-12-25,113.0,113.5,111.0,113.0,2205747.0,0.0
2017-12-26,113.0,114.5,112.0,112.5,1815668.0,0.0
2017-12-27,113.0,117.0,113.0,117.0,4521523.0,0.0
2017-12-28,117.0,117.5,115.0,116.0,3844575.0,0.0
2017-12-29,116.0,117.0,115.5,115.5,2968618.0,0.0
2018-01-02,116.5,117.0,115.0,115.0,2307645.0,0.0
2018-01-03,116.0,118.0,115.5,117.5,4643505.0,0.0
2018-01-04,118.0,119.0,117.0,119.0,4370063.0,0.0
2018-01-05,119.0,120.0,119.0,120.0,4025696.0,0.0
2018-01-08,120.5,123.0,119.0,122.0,4809348.0,0.0
2018-01-09,122.0,122.0,119.0,120.5,6721767.0,0.0
2018-01-10,120.5,121.0,119.0,120.0,4932450.0,0.0
2018-01-11,121.0,121.5,119.0,119.5,3515770.0,0.0
2018-01-12,120.5,121.0,119.0,120.0,3360346.0,0.0
2018-01-15,120.5,121.0,119.0,120.0,2314201.0,0.0
2018-01-16,120.0,120.0,119.0,120.0,2241239.0,0.0
2018-01-17,120.0,124.0,119.5,120.0,7023727.0,0.0
2018-01-18,122.0,122.0,120.5,120.5,3448049.0,0.0
2018-01-19,121.0,121.5,120.5,121.0,1322490.0,0.0
2018-01-22,120.0,121.0,118.5,120.5,3926266.0,0.0
2018-01-23,121.0,122.5,120.0,122.5,2713968.0,0.0
2018-01-24,122.5,122.5,120.0,121.5,2327992.0,0.0
2018-01-25,121.5,123.0,121.0,123.0,3350264.0,0.0
2018-01-26,122.5,124.0,122.0,124.0,2524355.0,0.0
2018-01-29,125.5,126.5,124.0,126.5,2564709.0,0.0
2018-01-30,125.5,125.5,124.0,124.0,2053042.0,0.0
2018-01-31,122.5,127.0,120.5,124.0,3432323.0,0.0
2018-02-01,125.0,125.0,123.5,124.5,2097958.0,0.0
2018-02-02,123.5,123.5,120.0,120.5,3280733.0,0.0
2018-02-05,118.0,121.0,116.5,119.5,4751767.0,0.0
2018-02-06,115.5,115.5,110.0,113.0,8222123.0,0.0
2018-02-07,115.0,121.0,114.5,116.0,8700670.0,0.0
2018-02-08,116.0,117.0,114.0,115.5,3970757.0,0.0
2018-02-09,112.0,116.5,111.5,116.0,5040865.0,0.0
2018-02-12,114.5,115.0,111.5,111.5,4097668.0,0.0
2018-02-21,113.5,116.0,113.5,115.5,4103166.0,0.0
2018-02-22,114.5,114.5,112.5,113.0,3165960.0,0.0
2018-02-23,113.5,115.5,113.5,115.5,2231728.0,0.0
2018-02-26,116.0,118.5,115.5,118.0,3498702.0,0.0
2018-02-27,118.0,118.5,117.0,117.0,3238496.0,0.0
2018-03-01,114.5,116.0,114.0,114.5,3303630.0,0.0
2018-03-02,113.0,113.5,111.5,112.5,3802989.0,0.0
2018-03-05,113.5,114.0,111.5,111.5,3305729.0,0.0
2018-03-06,113.0,114.0,112.5,114.0,1399378.0,0.0
2018-03-07,113.0,114.5,113.0,113.0,2258069.0,0.0
2018-03-08,113.0,114.5,113.0,114.5,1585610.0,0.0
2018-03-09,114.5,114.5,113.5,113.5,1399608.0,0.0
2018-03-12,115.5,116.0,115.0,116.0,1126476.0,0.0
2018-03-13,115.5,117.5,115.0,117.5,2332977.0,0.0
2018-03-14,117.0,117.5,116.5,117.5,2646971.0,0.0
2018-03-15,116.5,117.5,116.5,117.0,674063.0,0.0
2018-03-16,117.0,117.5,114.5,116.0,6510976.0,0.0
2018-03-19,116.0,116.5,114.5,116.0,993624.0,0.0
2018-03-20,116.0,116.0,115.0,115.5,1434798.0,0.0
2018-03-21,116.5,117.0,106.0,106.0,17622215.0,0.0
2018-03-22,116.5,116.5,116.5,116.5,6714113.0,0.0
2018-03-23,114.0,117.5,113.5,117.5,10401211.0,0.0
2018-03-26,117.5,118.5,117.0,118.5,2335797.0,0.0
2018-03-27,119.0,120.0,118.0,119.5,3523055.0,0.0
2018-03-28,118.0,119.5,118.0,118.5,1713595.0,0.0
2018-03-29,119.5,120.0,117.5,118.5,2813164.0,0.0
2018-03-30,118.5,120.0,118.5,119.5,2544767.0,0.0
2018-04-02,119.0,119.0,117.0,117.0,773849.0,0.0
2018-04-03,116.5,117.0,116.0,116.0,2099150.0,0.0
2018-04-09,117.5,119.0,116.0,119.0,2716877.0,0.0
2018-04-10,117.5,118.5,117.0,117.5,1995602.0,0.0
2018-04-11,117.5,119.5,117.5,119.5,1984340.0,0.0
2018-04-12,119.5,120.0,118.5,120.0,1802865.0,0.0
2018-04-13,119.0,120.5,118.0,120.5,2344710.0,0.0
2018-04-16,121.5,121.5,119.0,119.0,1344373.0,0.0
2018-04-17,119.0,119.5,117.0,117.5,2757082.0,0.0
2018-04-18,118.0,120.0,117.5,118.5,1873906.0,0.0
2018-04-19,118.5,120.0,118.5,119.0,2288294.0,0.0
2018-04-20,118.5,119.5,118.0,119.5,1049728.0,0.0
2018-04-23,119.5,120.0,118.0,119.0,2359296.0,0.0
2018-04-24,118.5,119.0,117.0,117.5,2131355.0,0.0
2018-04-25,116.5,120.5,116.5,120.5,1921753.0,0.0
2018-04-26,120.5,120.5,118.0,119.0,2246430.0,0.0
2018-04-27,119.0,119.5,118.0,119.0,1391588.0,0.0
2018-04-30,119.0,121.5,119.0,121.5,1856862.0,0.0
2018-05-02,120.5,121.5,119.5,120.0,1519184.0,0.0
2018-05-03,119.0,119.5,118.5,118.5,1757175.0,0.0
2018-05-04,118.5,119.0,118.0,118.0,1101417.0,0.0
2018-05-07,118.5,119.0,117.5,118.5,1309529.0,0.0
2018-05-08,119.5,121.5,118.5,121.5,2586557.0,0.0
2018-05-09,120.5,122.0,120.0,120.5,2283633.0,0.0
2018-05-10,121.5,125.5,121.5,123.0,3959685.0,0.0
2018-05-11,124.0,128.0,123.5,125.5,4426460.0,0.0
2018-05-14,126.0,129.0,125.5,125.5,2924666.0,0.0
2018-05-15,125.0,125.5,122.5,122.5,4495190.0,0.0
2018-05-16,122.0,124.5,122.0,123.5,2628354.0,0.0
2018-05-17,124.5,127.5,124.0,125.5,3294124.0,0.0
2018-05-18,126.5,127.5,123.5,124.0,2978320.0,0.0
2018-05-21,124.0,126.5,124.0,125.5,1753880.0,0.0
2018-05-22,126.0,127.0,124.5,125.0,2932004.0,0.0
2018-05-23,125.0,125.0,122.0,122.0,3286344.0,0.0
2018-05-24,122.5,123.5,121.5,122.5,1433564.0,0.0
2018-05-25,122.0,123.0,122.0,122.5,1373791.0,0.0
2018-05-28,122.0,122.0,119.5,121.0,2473406.0,0.0
2018-05-29,120.5,121.0,119.5,120.5,2663978.0,0.0
2018-05-30,119.0,120.0,118.0,118.0,3792993.0,0.0
2018-05-31,119.0,122.5,119.0,121.5,17158469.0,0.0
2018-06-01,120.0,123.0,120.0,122.0,2685745.0,0.0
2018-06-04,122.0,124.0,121.5,123.5,3600715.0,0.0
2018-06-05,123.5,123.5,120.5,121.5,1884333.0,0.0
2018-06-06,121.0,124.0,121.0,124.0,1834270.0,0.0
2018-06-07,123.5,124.5,122.5,124.5,2712123.0,0.0
2018-06-08,124.0,124.5,122.5,124.0,1652572.0,0.0
2018-06-11,123.5,124.0,122.0,123.5,1836785.0,0.0
2018-06-12,122.0,124.0,122.0,123.0,1850977.0,0.0
2018-06-13,122.0,122.5,121.0,121.0,1723059.0,0.0
2018-06-14,120.0,122.0,119.5,119.5,2648566.0,0.0
2018-06-15,119.5,121.0,119.5,121.0,2934994.0,0.0
2018-06-19,118.5,120.0,118.0,118.5,2843298.0,0.0
2018-06-20,118.0,122.0,117.0,121.0,2972951.0,0.0
2018-06-21,120.5,121.0,119.0,119.5,2757833.0,0.0
2018-06-22,120.0,121.0,119.0,120.0,2277803.0,0.0
2018-06-25,120.0,121.5,119.5,119.5,1690813.0,0.0
2018-06-26,119.5,121.5,119.0,121.5,2132559.0,0.0
2018-06-27,121.5,122.0,120.5,121.0,1940179.0,0.0
2018-06-28,119.5,123.0,119.5,121.0,4239654.0,0.0
2018-06-29,121.0,122.5,120.5,122.5,3247271.0,0.0
2018-07-02,122.0,123.0,121.0,121.0,4017966.0,0.0
2018-07-03,121.0,124.5,121.0,123.0,7058899.0,0.0
2018-07-04,117.5,118.0,115.0,115.5,5587177.0,6.3
2018-07-05,117.0,120.0,116.5,119.0,4390331.0,0.0
2018-07-06,118.0,119.0,116.0,116.0,2286105.0,0.0
2018-07-09,118.0,119.0,117.0,117.5,1447688.0,0.0
2018-07-10,119.0,119.0,117.5,118.0,1125279.0,0.0
2018-07-11,117.0,120.0,117.0,119.0,2400649.0,0.0
2018-07-12,118.5,119.0,118.0,118.5,860537.0,0.0
2018-07-13,119.0,121.0,118.0,121.0,1704984.0,0.0
2018-07-16,121.5,121.5,119.0,119.0,728194.0,0.0
2018-07-17,119.0,119.0,117.5,118.5,1121834.0,0.0
2018-07-18,119.0,121.0,118.0,120.5,2367906.0,0.0
2018-07-19,120.5,121.0,119.5,120.0,640317.0,0.0
2018-07-20,120.0,120.5,119.0,120.5,965890.0,0.0
2018-07-23,120.5,121.0,119.5,121.0,1040801.0,0.0
2018-07-24,121.0,121.0,119.5,120.5,878546.0,0.0
2018-07-25,120.5,120.5,119.5,119.5,1118242.0,0.0
2018-07-26,120.5,120.5,119.0,120.0,2055569.0,0.0
2018-07-27,120.0,120.0,119.0,120.0,1636408.0,0.0
2018-07-30,120.0,120.0,118.0,119.0,2079660.0,0.0
2018-07-31,119.5,120.5,118.5,120.5,2894837.0,0.0
2018-08-01,120.5,121.0,120.0,120.5,1526356.0,0.0
2018-08-02,120.0,120.0,118.0,118.5,2074532.0,0.0
2018-08-03,119.0,121.0,119.0,121.0,2415755.0,0.0
2018-08-06,120.0,121.5,120.0,121.5,781068.0,0.0
2018-08-07,121.0,121.0,119.0,119.0,1516341.0,0.0
2018-08-08,119.5,121.5,119.5,121.0,2101519.0,0.0
2018-08-09,120.0,121.0,120.0,120.0,641595.0,0.0
2018-08-10,119.5,120.5,119.5,120.5,729401.0,0.0
2018-08-13,120.5,120.5,119.0,119.5,931621.0,0.0
2018-08-14,120.0,120.5,119.0,120.5,996454.0,0.0
2018-08-15,119.5,121.0,119.5,120.5,1165506.0,0.0
2018-08-16,119.5,121.0,119.5,120.5,1033675.0,0.0
2018-08-17,120.0,121.0,119.5,121.0,945618.0,0.0
2018-08-20,121.5,123.5,121.0,123.5,3380043.0,0.0
2018-08-21,124.0,125.0,123.5,125.0,2372979.0,0.0
2018-08-22,125.0,125.0,124.0,125.0,1592016.0,0.0
2018-08-23,125.0,125.0,124.0,125.0,2466078.0,0.0
2018-08-24,125.0,127.5,124.5,127.0,2205333.0,0.0
2018-08-27,127.0,129.5,126.5,128.0,1938757.0,0.0
2018-08-28,128.0,128.5,127.5,128.0,1073634.0,0.0
2018-08-29,128.0,128.0,127.0,128.0,1418472.0,0.0
2018-08-30,128.0,128.0,124.5,125.0,2656221.0,0.0
2018-08-31,125.5,127.0,124.5,126.0,2932550.0,0.0
2018-09-03,126.0,126.5,124.0,124.5,1041429.0,0.0
2018-09-04,125.5,126.5,125.0,126.5,976735.0,0.0
2018-09-05,125.0,125.5,123.5,124.0,2586480.0,0.0
2018-09-06,123.0,124.0,122.0,124.0,2110674.0,0.0
2018-09-07,123.0,124.0,122.0,123.5,1961394.0,0.0
2018-09-10,124.0,125.0,122.5,124.5,2393099.0,0.0
2018-09-11,124.5,125.5,123.0,125.5,1939546.0,0.0
2018-09-12,125.0,128.0,124.5,127.5,3004477.0,0.0
2018-09-13,127.0,133.0,127.0,133.0,5227156.0,0.0
2018-09-14,133.0,133.0,129.5,132.0,3374333.0,0.0
2018-09-17,132.0,132.0,129.0,129.5,2026749.0,0.0
2018-09-18,129.0,133.0,127.5,132.5,3698386.0,0.0
2018-09-19,133.0,138.5,132.0,137.0,3864031.0,0.0
2018-09-20,139.0,140.0,137.0,139.0,3263237.0,0.0
2018-09-21,140.0,148.0,140.0,147.0,7859620.0,0.0
2018-09-25,146.5,147.0,141.5,142.0,3318489.0,0.0
2018-09-26,143.0,146.5,142.5,146.0,3417078.0,0.0
2018-09-27,146.0,149.0,145.5,148.0,4641399.0,0.0
2018-09-28,148.0,151.0,147.5,148.0,4464396.0,0.0
2018-10-01,148.5,150.5,147.0,148.5,3053861.0,0.0
2018-10-02,149.5,150.0,145.5,147.0,4851241.0,0.0
2018-10-03,145.0,145.0,139.0,140.0,8262650.0,0.0
2018-10-04,137.5,139.0,135.5,137.5,10389591.0,0.0
2018-10-05,136.5,136.5,130.5,132.5,7583937.0,0.0
2018-10-08,131.0,134.0,129.0,133.0,6393067.0,0.0
2018-10-09,133.0,136.5,131.0,135.0,4116968.0,0.0
2018-10-11,128.0,129.0,124.0,126.5,9732578.0,0.0
2018-10-12,126.5,127.5,123.5,127.0,4701236.0,0.0
2018-10-15,125.0,125.5,123.0,123.0,4062498.0,0.0
2018-10-16,123.5,127.0,123.0,125.5,4589695.0,0.0
2018-10-17,127.0,127.5,122.5,123.0,3708784.0,0.0
2018-10-18,123.0,123.5,120.5,123.0,3192779.0,0.0
2018-10-19,121.0,122.0,119.5,119.5,3346392.0,0.0
2018-10-22,120.0,123.0,119.0,123.0,2155116.0,0.0
2018-10-23,121.0,121.0,119.5,120.5,3138629.0,0.0
2018-10-24,120.0,122.5,119.0,120.5,3406803.0,0.0
2018-10-25,117.0,122.5,117.0,122.0,3880163.0,0.0
2018-10-26,122.5,122.5,117.0,118.5,3564563.0,0.0
2018-10-29,118.0,119.0,117.5,118.5,2043229.0,0.0
2018-10-30,119.5,119.5,117.0,118.5,2798351.0,0.0
2018-10-31,119.0,122.0,119.0,122.0,2596542.0,0.0
2018-11-01,120.0,122.0,119.5,122.0,2665291.0,0.0
2018-11-02,122.0,122.0,119.0,120.5,2108230.0,0.0
2018-11-05,120.5,122.0,119.5,121.5,2221340.0,0.0
2018-11-06,122.0,122.0,118.5,120.5,2971990.0,0.0
2018-11-07,120.0,122.0,119.5,120.0,1606890.0,0.0
2018-11-08,121.5,122.0,119.0,119.5,2612134.0,0.0
2018-11-09,119.5,119.5,117.0,117.0,2206334.0,0.0
2018-11-12,116.5,117.5,113.5,117.0,2134445.0,0.0
2018-11-13,114.0,115.5,113.0,113.0,4033767.0,0.0
2018-11-14,113.5,114.0,109.0,111.0,6991710.0,0.0
2018-11-15,111.0,112.5,110.0,111.0,3989203.0,0.0
2018-11-16,112.0,113.0,110.0,112.0,4086690.0,0.0
2018-11-19,112.5,115.0,112.0,115.0,2827242.0,0.0
2018-11-20,115.0,116.0,113.5,115.0,2240194.0,0.0
2018-11-21,113.0,113.0,111.0,112.0,3141326.0,0.0
2018-11-22,113.0,115.0,112.5,115.0,2220990.0,0.0
2018-11-23,114.5,115.0,112.5,113.5,2001750.0,0.0
2018-11-26,112.5,116.0,112.0,112.5,3718430.0,0.0
2018-11-27,113.0,113.5,112.0,113.0,2464556.0,0.0
2018-11-28,112.5,115.0,111.5,114.0,3275857.0,0.0
2018-11-29,115.0,115.0,111.0,111.0,4144905.0,0.0
2018-11-30,112.0,114.0,111.0,111.5,6190764.0,0.0
2018-12-03,113.0,116.0,112.5,115.5,3876193.0,0.0
2018-12-04,113.5,114.5,112.5,112.5,3985158.0,0.0
2018-12-05,112.0,113.5,112.0,113.0,1981690.0,0.0
2018-12-06,113.0,113.0,110.0,110.5,4628070.0,0.0
2018-12-07,111.5,113.0,111.0,113.0,1388325.0,0.0
2018-12-10,113.0,113.5,112.0,113.0,1568113.0,0.0
2018-12-11,113.0,113.0,112.0,112.0,1701380.0,0.0
2018-12-12,113.0,113.0,111.0,112.5,2723558.0,0.0
2018-12-13,112.5,113.0,112.0,113.0,1038030.0,0.0
2018-12-14,112.5,113.0,110.5,111.0,2267208.0,0.0
2018-12-17,112.0,112.5,111.0,112.5,1178817.0,0.0
2018-12-18,111.5,112.0,110.5,110.5,1460699.0,0.0
2018-12-19,110.0,111.5,109.5,111.5,1699805.0,0.0
2018-12-20,111.0,111.5,109.5,109.5,2234499.0,0.0
2018-12-21,109.0,109.5,108.0,109.0,2745274.0,0.0
2018-12-24,107.0,107.5,104.0,104.5,3064150.0,0.0
2018-12-25,101.5,103.5,100.5,103.0,3281083.0,0.0
2018-12-26,103.0,104.0,103.0,103.0,1170253.0,0.0
2018-12-27,106.0,109.5,104.5,109.5,3622755.0,0.0
2018-12-28,108.0,110.0,107.5,109.0,1427880.0,0.0
2019-01-02,107.5,108.5,102.5,103.0,3242202.0,0.0
2019-01-03,103.0,104.5,101.5,104.0,2457616.0,0.0
2019-01-04,104.0,105.0,102.5,104.5,2864390.0,0.0
2019-01-07,106.5,109.0,106.0,109.0,2665235.0,0.0
2019-01-08,109.0,110.0,105.5,107.5,4899264.0,0.0
2019-01-09,108.5,114.0,107.0,114.0,6957712.0,0.0
2019-01-10,113.5,114.0,110.5,111.5,3069943.0,0.0
2019-01-11,111.0,112.5,110.5,110.5,2507365.0,0.0
2019-01-14,111.5,112.5,109.0,109.5,1999167.0,0.0
2019-01-15,110.5,111.5,110.0,111.0,1821132.0,0.0
2019-01-16,110.0,110.5,109.0,109.0,2880505.0,0.0
2019-01-17,109.0,110.0,108.5,109.0,1310101.0,0.0
2019-01-18,110.0,111.0,109.0,110.5,1577396.0,0.0
2019-01-21,111.5,112.5,111.0,112.0,2253943.0,0.0
2019-01-22,112.0,112.5,110.0,111.0,1306175.0,0.0
2019-01-23,110.0,111.0,109.5,110.0,1733187.0,0.0
2019-01-24,110.0,110.5,107.0,107.5,2782580.0,0.0
2019-01-25,107.5,109.5,107.5,108.5,2152061.0,0.0
2019-01-28,109.0,110.0,108.5,110.0,1146852.0,0.0
2019-01-29,109.0,109.5,107.5,108.5,2677525.0,0.0
2019-01-30,109.0,109.5,107.5,107.5,3264593.0,0.0
2019-02-11,108.5,109.5,106.5,106.5,4327841.0,0.0
2019-02-12,107.0,109.0,107.0,109.0,2146346.0,0.0
2019-02-13,109.5,109.5,107.0,108.5,3858295.0,0.0
2019-02-14,108.5,113.5,108.5,112.0,4908250.0,0.0
2019-02-15,111.0,114.0,111.0,112.0,4056320.0,0.0
2019-02-18,113.5,116.5,113.0,115.5,4055801.0,0.0
2019-02-19,116.0,116.5,115.0,115.0,2468204.0,0.0
2019-02-20,115.5,116.5,115.0,116.0,2446076.0,0.0
2019-02-21,116.0,117.0,115.5,116.5,3388590.0,0.0
2019-02-22,116.0,116.5,114.0,115.0,3654970.0,0.0
2019-02-25,115.5,116.5,115.0,116.0,2143993.0,0.0
2019-02-26,115.5,117.5,115.5,117.0,2817496.0,0.0
2019-02-27,117.0,118.0,116.5,116.5,3706852.0,0.0
2019-03-04,117.5,117.5,115.0,116.5,2314993.0,0.0
2019-03-05,116.0,117.0,115.5,116.5,1420879.0,0.0
2019-03-06,116.5,118.0,116.5,117.5,1781276.0,0.0
2019-03-07,116.5,117.5,116.0,116.5,1509003.0,0.0
2019-03-08,116.0,117.0,115.5,116.0,1555317.0,0.0
2019-03-11,115.0,116.5,115.0,115.0,2151528.0,0.0
2019-03-12,115.5,116.0,115.0,115.0,2355890.0,0.0
2019-03-13,115.0,115.5,113.5,113.5,1666643.0,0.0
2019-03-14,113.0,113.5,111.5,112.0,4793612.0,0.0
2019-03-15,111.0,116.5,110.5,116.0,5919371.0,0.0
2019-03-18,115.0,116.5,114.0,116.5,1416400.0,0.0
2019-03-19,115.5,116.0,114.0,114.5,1694366.0,0.0
2019-03-20,114.5,115.0,113.5,114.5,1504347.0,0.0
2019-03-21,115.0,115.5,113.5,114.5,1963176.0,0.0
2019-03-22,115.0,116.0,114.5,115.5,1431801.0,0.0
2019-03-25,114.0,115.0,113.0,113.5,2105523.0,0.0
2019-03-26,114.0,115.0,113.5,114.0,1723887.0,0.0
2019-03-27,114.5,115.0,113.5,114.0,1183334.0,0.0
2019-03-28,114.0,114.0,113.5,113.5,1037331.0,0.0
2019-03-29,114.0,115.5,113.5,115.5,1460898.0,0.0
2019-04-01,115.5,116.0,113.5,113.5,2409643.0,0.0
2019-04-02,114.0,115.0,113.5,113.5,2612330.0,0.0
2019-04-03,114.0,114.5,113.5,114.5,2026171.0,0.0
2019-04-08,115.0,115.0,113.5,113.5,2964098.0,0.0
2019-04-09,113.5,114.5,113.5,114.5,1805294.0,0.0
2019-04-10,114.0,114.5,113.5,114.5,2608162.0,0.0
2019-04-11,114.0,114.0,113.0,113.0,3310962.0,0.0
2019-04-12,113.0,114.0,113.0,113.5,1322003.0,0.0
2019-04-15,114.0,114.0,113.0,113.5,1683163.0,0.0
2019-04-16,113.0,114.5,113.0,114.5,2504129.0,0.0
2019-04-17,114.5,116.0,113.0,115.0,3150455.0,0.0
2019-04-18,115.0,116.0,113.5,114.5,1149797.0,0.0
2019-04-19,114.5,115.0,113.0,113.5,1015638.0,0.0
2019-04-22,114.0,114.5,113.5,114.0,392580.0,0.0
2019-04-23,114.5,115.5,114.0,115.5,1922350.0,0.0
2019-04-24,116.0,116.0,115.0,115.0,2116098.0,0.0
2019-04-25,114.5,115.0,114.5,115.0,1249454.0,0.0
2019-04-26,114.0,115.0,114.0,115.0,1430866.0,0.0
2019-04-29,114.5,115.0,114.0,115.0,1141993.0,0.0
2019-04-30,115.0,115.0,114.5,114.5,1340947.0,0.0
2019-05-02,114.5,115.5,114.5,115.0,1350860.0,0.0
2019-05-03,115.0,115.5,114.5,115.5,1067490.0,0.0
2019-05-06,114.5,114.5,112.5,113.0,2361836.0,0.0
2019-05-07,113.0,114.0,112.5,113.0,2207549.0,0.0
2019-05-08,112.5,112.5,110.0,110.5,3463519.0,0.0
2019-05-09,110.0,110.5,107.0,107.0,5971702.0,0.0
2019-05-10,108.0,109.0,106.5,106.5,4427524.0,0.0
2019-05-13,106.5,108.0,106.5,107.0,1920801.0,0.0
2019-05-14,106.0,108.0,105.5,107.0,4050997.0,0.0
2019-05-15,107.0,112.5,107.0,109.0,5472838.0,0.0
2019-05-16,109.5,112.0,109.0,111.0,2415356.0,0.0
2019-05-17,112.0,113.5,110.5,113.0,3062175.0,0.0
2019-05-20,113.5,115.0,113.0,114.5,3797143.0,0.0
2019-05-21,113.5,117.0,113.5,116.5,5906853.0,0.0
2019-05-22,115.5,116.5,114.0,116.0,1933528.0,0.0
2019-05-23,115.0,116.5,114.0,116.0,2282513.0,0.0
2019-05-24,115.0,115.0,113.0,115.0,2606541.0,0.0
2019-05-27,115.0,116.0,114.0,116.0,1629063.0,0.0
2019-05-28,115.5,116.0,113.0,113.0,5996090.0,0.0
2019-05-29,112.5,114.0,112.5,114.0,2044888.0,0.0
2019-05-30,113.5,115.0,113.5,115.0,2359267.0,0.0
2019-05-31,114.5,116.0,114.0,116.0,2917099.0,0.0
2019-06-03,115.0,116.5,114.5,116.0,2500814.0,0.0
2019-06-04,115.0,116.0,114.5,115.0,2144191.0,0.0
2019-06-05,116.0,116.5,115.5,116.5,2156558.0,0.0
2019-06-06,115.5,116.0,114.5,115.0,1902358.0,0.0
2019-06-10,115.0,116.0,114.5,116.0,1392829.0,0.0
2019-06-11,115.5,116.0,114.5,115.0,1587350.0,0.0
2019-06-12,114.5,115.0,113.5,114.5,2315500.0,0.0
2019-06-13,114.0,115.0,114.0,114.0,1502351.0,0.0
2019-06-14,114.5,115.5,114.0,115.0,2530046.0,0.0
2019-06-17,115.0,116.5,115.0,115.5,3626199.0,0.0
2019-06-18,115.5,116.5,115.5,116.5,2899781.0,0.0
2019-06-19,117.0,119.0,115.5,118.5,8508257.0,0.0
2019-06-20,114.0,114.0,110.5,111.0,7754709.0,4.8
2019-06-21,112.0,113.0,111.5,113.0,4406369.0,0.0
2019-06-24,112.5,113.5,111.5,113.0,2925158.0,0.0
2019-06-25,113.0,113.0,111.0,111.5,3535362.0,0.0
2019-06-26,111.5,112.5,111.0,111.0,1749984.0,0.0
2019-06-27,111.5,112.5,111.0,111.5,3805609.0,0.0
2019-06-28,111.5,111.5,110.0,110.5,3297596.0,0.0
2019-07-01,111.0,111.5,110.0,110.0,2582123.0,0.0
2019-07-02,110.0,110.5,108.0,108.0,2967618.0,0.0
2019-07-03,108.0,108.5,106.5,107.0,2798467.0,0.0
2019-07-04,107.0,107.5,106.5,107.5,1838749.0,0.0
2019-07-05,107.0,108.0,106.5,107.0,1573894.0,0.0
2019-07-08,106.5,107.0,106.0,106.5,2023431.0,0.0
2019-07-09,106.5,107.5,106.0,107.5,1246170.0,0.0
2019-07-10,108.0,108.0,106.5,107.0,1764575.0,0.0
2019-07-11,107.0,107.5,106.5,107.5,1232309.0,0.0
2019-07-12,107.5,109.5,107.0,107.5,2143016.0,0.0
2019-07-15,108.5,108.5,107.0,108.0,2570238.0,0.0
2019-07-16,108.0,108.5,107.0,107.5,1477986.0,0.0
2019-07-17,107.0,108.0,106.0,107.5,3030678.0,0.0
2019-07-18,107.0,107.0,106.0,106.0,1098576.0,0.0
2019-07-19,107.0,107.5,106.0,106.5,1525384.0,0.0
2019-07-22,106.5,108.0,106.5,107.5,871183.0,0.0
2019-07-23,107.5,107.5,107.0,107.5,1254281.0,0.0
2019-07-24,107.0,107.5,105.5,106.0,2827182.0,0.0
2019-07-25,106.0,107.5,105.5,107.0,1222591.0,0.0
2019-07-26,106.5,107.0,106.0,106.5,999672.0,0.0
2019-07-29,106.0,107.5,106.0,107.5,972878.0,0.0
2019-07-30,107.0,107.5,106.5,107.0,912123.0,0.0
2019-07-31,107.0,107.0,106.0,106.0,2932376.0,0.0
2019-08-01,105.5,106.0,105.0,105.0,1729108.0,0.0
2019-08-02,104.0,105.5,104.0,105.0,2587366.0,0.0
2019-08-05,104.5,105.0,103.5,103.5,2927490.0,0.0
2019-08-06,100.5,102.5,100.5,102.0,2509962.0,0.0
2019-08-07,102.0,102.5,100.0,101.0,4675012.0,0.0
2019-08-08,101.0,102.0,100.5,100.5,1491396.0,0.0
2019-08-12,99.0,101.0,99.0,100.0,1937144.0,0.0
2019-08-13,99.6,99.8,98.0,99.0,2840446.0,0.0
2019-08-14,99.8,100.5,99.0,99.0,1615559.0,0.0
2019-08-15,98.0,98.0,95.0,95.2,5271687.0,0.0
2019-08-16,95.1,99.9,94.0,98.8,5273041.0,0.0
2019-08-19,99.0,99.4,97.1,98.1,3258478.0,0.0
2019-08-20,97.8,98.4,97.2,97.8,3057482.0,0.0
2019-08-21,97.1,98.3,97.1,97.9,2687393.0,0.0
2019-08-22,98.0,99.0,97.0,97.8,3171632.0,0.0
2019-08-23,97.3,97.7,97.0,97.4,2079333.0,0.0
2019-08-26,96.2,96.4,95.0,95.2,3152011.0,0.0
2019-08-27,95.7,96.2,95.0,95.5,4140201.0,0.0
2019-08-28,95.8,95.8,95.0,95.0,2139194.0,0.0
2019-08-29,95.0,95.3,94.7,94.9,2348359.0,0.0
2019-08-30,95.7,97.2,95.2,97.2,2969369.0,0.0
2019-09-02,96.7,97.4,96.1,96.3,1412590.0,0.0
2019-09-03,95.9,97.0,95.9,96.1,1386785.0,0.0
2019-09-04,95.6,97.3,95.6,96.8,2560165.0,0.0
2019-09-05,96.9,98.3,96.9,97.5,2365900.0,0.0
2019-09-06,97.4,98.3,97.0,97.7,1792869.0,0.0
2019-09-10,97.9,97.9,96.8,97.0,1949338.0,0.0
2019-09-11,97.4,97.8,96.0,96.5,3451903.0,0.0
2019-09-12,96.9,97.4,95.9,96.8,2899639.0,0.0
2019-09-16,102.0,106.0,102.0,104.0,15774613.0,0.0
2019-09-17,105.0,105.5,102.0,102.0,6220633.0,0.0
2019-09-18,100.5,103.0,98.6,101.5,7766808.0,0.0
2019-09-19,100.5,101.0,99.7,99.7,2962124.0,0.0
2019-09-20,99.7,101.0,99.5,101.0,4454352.0,0.0
2019-09-23,101.5,101.5,100.0,100.0,1105095.0,0.0
2019-09-24,100.5,102.0,100.0,101.5,2493166.0,0.0
2019-09-25,101.0,101.0,99.5,99.8,2178708.0,0.0
2019-09-26,100.5,100.5,98.6,98.6,2545408.0,0.0
2019-09-27,98.9,99.8,98.2,98.2,1958656.0,0.0
2019-10-01,99.3,101.0,99.0,100.5,3496379.0,0.0
2019-10-02,99.7,100.0,99.0,99.0,1911630.0,0.0
2019-10-03,97.2,97.9,97.2,97.3,3515792.0,0.0
2019-10-04,97.2,98.0,97.0,97.1,2364431.0,0.0
2019-10-07,97.1,97.4,97.0,97.2,1397559.0,0.0
2019-10-08,97.1,98.5,97.1,97.4,1757931.0,0.0
2019-10-09,96.7,97.5,96.1,96.1,3654551.0,0.0
2019-10-14,97.0,97.9,97.0,97.5,3162425.0,0.0
2019-10-15,96.9,97.3,96.5,97.2,1915091.0,0.0
2019-10-16,97.1,99.0,96.5,98.0,3713755.0,0.0
2019-10-17,98.1,98.1,97.1,97.3,2222060.0,0.0
2019-10-18,97.3,97.7,96.5,96.5,2708462.0,0.0
2019-10-21,96.6,97.6,96.6,96.8,1529516.0,0.0
2019-10-22,97.0,97.5,96.8,97.5,1562160.0,0.0
2019-10-23,97.1,97.4,96.6,96.9,2166693.0,0.0
2019-10-24,97.1,97.6,97.1,97.6,1700542.0,0.0
2019-10-25,97.6,97.8,96.9,97.4,1971326.0,0.0
2019-10-28,97.6,97.6,96.7,96.9,1893670.0,0.0
2019-10-29,97.4,97.4,96.9,96.9,1840013.0,0.0
2019-10-30,97.0,98.4,96.9,98.4,2422525.0,0.0
2019-10-31,98.4,98.4,96.9,96.9,3188946.0,0.0
2019-11-01,97.2,97.5,96.9,97.5,1869245.0,0.0
2019-11-04,97.9,98.2,97.5,98.2,2302205.0,0.0
2019-11-05,98.5,99.2,98.2,98.9,2721853.0,0.0
2019-11-06,98.7,98.9,98.1,98.1,2810863.0,0.0
2019-11-07,98.5,98.5,98.0,98.1,1088027.0,0.0
2019-11-08,98.2,98.6,98.1,98.6,1549933.0,0.0
2019-11-11,98.6,98.6,96.9,96.9,3065790.0,0.0
2019-11-12,97.7,97.7,96.7,96.9,2307807.0,0.0
2019-11-13,96.8,96.9,96.3,96.4,2308583.0,0.0
2019-11-14,96.4,96.5,96.0,96.2,2087808.0,0.0
2019-11-15,96.6,96.6,96.0,96.1,2506571.0,0.0
2019-11-18,96.1,96.9,96.1,96.9,1674464.0,0.0
2019-11-19,96.3,96.6,96.2,96.3,2173324.0,0.0
2019-11-20,96.1,96.9,95.8,96.9,2994774.0,0.0
2019-11-21,96.1,96.5,95.9,96.5,2410514.0,0.0
2019-11-22,96.5,97.1,96.2,97.0,2199167.0,0.0
2019-11-25,97.3,97.3,96.4,96.9,2367061.0,0.0
2019-11-26,97.0,97.7,96.6,96.9,11952267.0,0.0
2019-11-27,97.0,97.2,96.8,96.9,1476819.0,0.0
2019-11-28,96.9,97.1,96.6,97.0,2146782.0,0.0
2019-11-29,97.0,97.0,96.0,96.0,3518174.0,0.0
2019-12-02,96.0,96.0,95.6,96.0,2300496.0,0.0
2019-12-03,95.7,96.0,95.2,95.4,3365371.0,0.0
2019-12-04,95.3,95.6,95.2,95.6,1910936.0,0.0
2019-12-05,95.7,95.8,95.2,95.4,2030574.0,0.0
2019-12-06,95.5,95.9,95.3,95.8,2272924.0,0.0
2019-12-09,95.5,95.6,95.3,95.4,1515382.0,0.0
2019-12-10,95.6,95.7,95.3,95.4,1560815.0,0.0
2019-12-11,95.3,95.5,94.9,95.5,2944640.0,0.0
2019-12-12,95.5,96.2,95.2,95.5,3031225.0,0.0
2019-12-13,96.0,97.0,95.9,96.0,3052194.0,0.0
2019-12-16,96.5,97.7,96.4,97.2,9231.0,0.0
2019-12-17,97.3,98.0,97.0,98.0,3559440.0,0.0
2019-12-18,98.0,98.3,97.0,98.0,4725034.0,0.0
2019-12-19,98.0,98.0,97.2,97.3,1548766.0,0.0
2019-12-20,97.3,98.5,97.1,97.7,4789461.0,0.0
2019-12-23,97.7,98.5,97.6,98.5,1688473.0,0.0
2019-12-24,98.9,99.2,98.1,98.2,2302524.0,0.0
2019-12-25,98.1,98.3,97.5,97.5,1803592.0,0.0
2019-12-26,97.7,97.8,96.9,96.9,2381638.0,0.0
2019-12-27,97.6,98.8,97.4,98.6,2110607.0,0.0
2019-12-30,98.6,98.7,97.4,97.6,2314004.0,0.0
2019-12-31,97.7,98.1,97.2,97.5,1723443.0,0.0
2020-01-02,98.0,98.4,97.6,98.0,2139461.0,0.0
2020-01-03,98.3,101.5,97.7,101.0,8068371.0,0.0
2020-01-06,102.5,104.5,102.0,102.0,9922694.0,0.0
2020-01-07,103.0,103.0,99.1,100.0,5045656.0,0.0
2020-01-08,103.0,103.5,99.8,99.8,6589849.0,0.0
2020-01-09,99.4,99.4,98.0,98.1,4227368.0,0.0
2020-01-10,98.0,98.1,97.2,98.0,2841353.0,0.0
2020-01-13,98.3,98.4,97.1,97.5,2566391.0,0.0
2020-01-14,97.4,97.5,96.3,96.8,4671667.0,0.0
2020-01-15,96.5,96.5,95.7,96.0,4757139.0,0.0
2020-01-16,96.0,96.2,95.5,95.7,2411090.0,0.0
2020-01-17,95.7,96.4,95.5,96.4,1889392.0,0.0
2020-01-20,95.9,96.9,95.8,96.9,1515517.0,0.0
2020-01-30,92.8,92.9,89.5,89.9,7834492.0,0.0
2020-01-31,90.0,91.3,89.9,89.9,4836646.0,0.0
2020-02-03,90.0,90.0,87.0,87.5,8135994.0,0.0
2020-02-04,96.5,96.6,88.0,88.0,3700429.0,0.0
2020-02-05,87.9,87.9,86.6,87.0,4477322.0,0.0
2020-02-06,87.9,90.5,87.8,90.5,4555133.0,0.0
2020-02-07,89.8,89.8,88.6,89.2,2629033.0,0.0
2020-02-10,90.0,90.2,89.2,89.5,2285254.0,0.0
2020-02-11,89.5,89.6,88.7,88.8,3539196.0,0.0
2020-02-12,88.8,90.1,88.5,90.1,2911495.0,0.0
2020-02-13,90.1,90.6,89.6,89.8,3600091.0,0.0
2020-02-14,89.6,89.8,89.3,89.7,1815971.0,0.0
2020-02-17,89.6,89.8,89.2,89.6,854964.0,0.0
2020-02-18,89.2,89.6,89.1,89.1,1361651.0,0.0
2020-02-19,89.6,90.2,89.2,89.7,2002575.0,0.0
2020-02-20,90.2,90.5,89.6,89.6,1484753.0,0.0
2020-02-21,89.6,89.9,88.7,89.0,2046254.0,0.0
2020-02-24,88.3,88.9,87.9,88.0,2939770.0,0.0
2020-02-25,87.1,87.8,87.0,87.6,1669424.0,0.0
2020-02-26,87.0,87.2,86.6,87.0,3113811.0,0.0
2020-02-27,86.8,86.9,85.9,86.1,4623311.0,0.0
2020-03-02,84.1,85.6,83.9,85.0,4223853.0,0.0
2020-03-03,85.6,86.6,85.3,86.4,2633548.0,0.0
2020-03-04,86.2,88.5,86.2,88.1,3791510.0,0.0
2020-03-05,88.4,88.7,88.2,88.5,2331227.0,0.0
2020-03-06,88.4,88.4,86.3,87.1,3509021.0,0.0
2020-03-09,84.3,84.7,82.9,82.9,11045984.0,0.0
2020-03-10,80.0,82.7,80.0,81.6,5971252.0,0.0
2020-03-11,82.0,82.1,80.1,80.7,5171993.0,0.0
2020-03-12,81.1,81.1,77.1,77.1,7034575.0,0.0
2020-03-13,72.9,72.9,70.0,72.9,11672985.0,0.0
2020-03-16,73.4,73.4,70.0,70.0,8222876.0,0.0
2020-03-17,67.9,69.7,67.5,69.4,7730660.0,0.0
2020-03-18,68.9,69.0,67.8,68.2,7848301.0,0.0
2020-03-19,67.0,68.8,66.1,67.3,8171642.0,0.0
2020-03-20,70.0,72.4,70.0,71.5,7613008.0,0.0
2020-03-23,69.5,72.6,68.4,71.7,4411148.0,0.0
2020-03-24,74.7,78.0,74.0,77.4,6318146.0,0.0
2020-03-25,79.4,79.8,78.0,78.5,4835301.0,0.0
2020-03-26,79.2,79.8,77.2,79.7,4386153.0,0.0
2020-03-27,80.8,80.9,79.3,80.0,4447573.0,0.0
2020-03-30,77.8,81.0,76.2,80.6,4886097.0,0.0
2020-03-31,80.7,81.9,80.4,81.4,5256895.0,0.0
2020-04-01,80.5,80.7,78.0,78.0,6044221.0,0.0
2020-04-06,81.0,82.9,78.3,80.4,6549494.0,0.0
2020-04-07,81.3,82.0,80.1,81.5,4531835.0,0.0
2020-04-08,81.0,82.3,80.7,82.3,4611245.0,0.0
2020-04-09,82.3,82.7,81.5,81.6,3841591.0,0.0
2020-04-10,81.7,82.8,81.4,82.3,2266467.0,0.0
2020-04-13,82.2,82.2,81.1,81.1,2751862.0,0.0
2020-04-14,81.2,82.8,81.1,82.0,3075367.0,0.0
2020-04-15,82.2,83.5,81.6,82.9,4177480.0,0.0
2020-04-16,82.0,82.6,81.0,82.1,3949006.0,0.0
2020-04-17,82.5,84.9,82.5,82.6,4412494.0,0.0
2020-04-20,82.5,82.5,81.7,81.7,2640242.0,0.0
2020-04-21,80.8,81.1,78.2,79.5,5719933.0,0.0
2020-04-22,78.8,80.0,77.8,80.0,3173146.0,0.0
2020-04-23,80.0,81.0,79.2,80.8,3347385.0,0.0
2020-04-24,79.9,81.0,79.6,81.0,2817685.0,0.0
2020-04-27,81.2,82.5,80.6,81.9,5038889.0,0.0
2020-04-28,82.0,82.1,81.2,81.3,3044441.0,0.0
2020-04-29,81.5,84.0,81.5,83.7,7142105.0,0.0
2020-04-30,83.9,90.3,83.9,89.7,11768238.0,0.0
2020-05-04,85.2,87.8,85.0,86.4,7487436.0,0.0
2020-05-05,88.1,88.8,86.0,86.0,5456768.0,0.0
2020-05-06,86.4,86.7,84.5,85.0,6076754.0,0.0
2020-05-07,84.1,86.0,84.1,84.4,6831999.0,0.0
2020-05-08,85.9,88.6,85.8,88.3,9146377.0,0.0
2020-05-11,89.8,90.2,88.8,88.9,5811998.0,0.0
2020-05-12,87.5,88.0,86.0,86.5,6551249.0,0.0
2020-05-13,86.0,87.6,85.1,87.6,4228323.0,0.0
2020-05-14,86.8,87.8,85.9,86.7,5087281.0,0.0
2020-05-15,87.5,87.7,86.4,86.4,4897663.0,0.0
2020-05-18,87.4,90.0,87.0,89.3,7880405.0,0.0
2020-05-19,92.3,95.0,91.5,92.1,12436669.0,0.0
2020-05-20,93.0,93.0,91.0,91.0,4240366.0,0.0
2020-05-21,91.5,93.0,91.3,92.0,4850400.0,0.0
2020-05-22,91.6,91.6,90.0,90.0,5980182.0,0.0
2020-05-25,89.9,90.0,88.0,89.0,4426758.0,0.0
2020-05-26,89.1,90.1,89.0,89.6,3503545.0,0.0
2020-05-27,90.0,90.5,88.4,89.0,3093410.0,0.0
2020-05-28,89.0,89.4,87.7,87.9,4994318.0,0.0
2020-05-29,87.3,88.6,87.2,87.7,11900466.0,0.0
2020-06-01,89.0,90.4,88.8,89.9,5919106.0,0.0
2020-06-02,90.0,91.1,89.3,90.3,3603919.0,0.0
2020-06-03,91.8,93.9,91.6,93.5,10178826.0,0.0
2020-06-04,94.5,94.5,92.6,93.5,6233406.0,0.0
2020-06-05,93.5,94.6,93.0,94.3,5414433.0,0.0
2020-06-08,95.3,95.9,94.7,95.0,4904864.0,0.0
2020-06-09,95.2,96.3,94.6,96.0,5400477.0,0.0
2020-06-10,96.2,97.0,95.9,96.3,4859369.0,0.0
2020-06-11,95.2,95.7,92.4,93.0,7499302.0,0.0
2020-06-12,90.0,91.0,89.2,91.0,7739869.0,0.0
2020-06-15,90.5,91.4,90.0,90.0,4778057.0,0.0
2020-06-16,90.5,91.9,90.3,90.8,7261770.0,0.0
2020-06-17,88.0,89.5,87.9,89.2,6331259.0,2.9
2020-06-18,89.3,89.3,88.1,88.5,3570594.0,0.0
2020-06-19,89.0,89.1,87.9,88.1,7490436.0,0.0
2020-06-22,88.1,88.9,88.0,88.2,3599413.0,0.0
2020-06-23,88.7,89.5,88.3,89.3,3084090.0,0.0
2020-06-24,89.5,89.6,88.6,89.0,3232284.0,0.0
2020-06-29,88.1,88.4,87.4,88.2,4912967.0,0.0
2020-06-30,88.5,88.9,88.3,88.5,2117527.0,0.0
2020-07-01,88.5,88.9,88.4,88.5,1485662.0,0.0
2020-07-02,88.6,90.1,88.4,89.8,2989781.0,0.0
2020-07-03,90.1,90.5,88.8,88.9,2082949.0,0.0
2020-07-06,89.6,90.7,89.1,89.6,4087741.0,0.0
2020-07-07,90.1,90.2,88.9,88.9,2514679.0,0.0
2020-07-08,88.9,89.4,88.2,88.7,2557968.0,0.0
2020-07-09,89.0,89.0,88.0,88.2,2198060.0,0.0
2020-07-10,88.0,88.0,86.6,86.7,2623649.0,0.0
2020-07-13,86.8,87.4,86.5,87.4,2817681.0,0.0
2020-07-14,87.4,87.4,85.1,85.1,4654942.0,0.0
2020-07-15,86.0,86.0,83.0,84.3,8561804.0,0.0
2020-07-16,85.0,86.0,84.4,85.8,3550205.0,0.0
2020-07-17,86.8,86.8,85.8,86.1,2166707.0,0.0
2020-07-20,85.2,86.0,84.7,86.0,1157094.0,0.0
2020-07-21,86.0,87.2,85.4,85.8,2908309.0,0.0
2020-07-22,86.0,87.0,85.9,87.0,2598470.0,0.0
2020-07-23,86.2,86.2,84.8,85.2,2346590.0,0.0
2020-07-24,84.6,85.8,84.0,84.7,2927805.0,0.0
2020-07-27,84.3,84.4,83.0,83.5,3117441.0,0.0
2020-07-28,82.9,82.9,81.6,82.1,6566799.0,0.0
2020-07-29,82.0,83.0,81.1,82.0,5851717.0,0.0
2020-07-30,82.4,82.5,81.0,81.3,3053138.0,0.0
2020-07-31,80.8,81.7,80.7,81.5,2281963.0,0.0
2020-08-03,80.7,81.5,80.0,80.0,4072449.0,0.0
2020-08-04,80.6,81.3,80.2,81.0,1860918.0,0.0
2020-08-05,81.0,81.3,80.5,81.1,1292081.0,0.0
2020-08-06,81.7,83.5,81.7,82.7,3865096.0,0.0
2020-08-07,83.0,83.6,82.1,82.2,3374490.0,0.0
2020-08-10,82.7,84.4,82.1,84.2,2249341.0,0.0
2020-08-11,84.5,84.7,83.5,83.7,1981959.0,0.0
2020-08-12,83.7,83.9,82.2,83.4,2498528.0,0.0
2020-08-13,83.7,84.2,83.3,83.9,1373769.0,0.0
2020-08-14,83.0,83.5,82.3,83.0,1509577.0,0.0
2020-08-17,83.3,84.7,83.0,84.6,2249229.0,0.0
2020-08-18,85.0,85.0,83.9,84.9,1924614.0,0.0
2020-08-19,84.9,84.9,83.8,83.8,3135468.0,0.0
2020-08-20,83.3,83.8,80.5,81.6,3592719.0,0.0
2020-08-21,82.4,83.5,82.0,83.1,1911919.0,0.0
2020-08-24,82.7,82.9,81.8,82.1,1123745.0,0.0
2020-08-25,82.6,84.5,82.6,83.5,2364169.0,0.0
2020-08-26,83.3,83.9,83.1,83.1,1042411.0,0.0
2020-08-27,83.2,83.5,82.6,83.0,1103462.0,0.0
2020-08-28,83.0,83.7,82.0,83.2,1907592.0,0.0
2020-08-31,82.7,83.4,82.0,82.0,3606938.0,0.0
2020-09-01,82.3,82.3,80.5,81.0,3175483.0,0.0
2020-09-02,81.0,81.4,80.5,81.0,2540184.0,0.0
2020-09-03,81.4,83.2,80.8,81.1,2960896.0,0.0
2020-09-04,80.9,81.7,80.2,81.0,3021972.0,0.0
2020-09-07,82.5,82.5,81.4,81.6,2041521.0,0.0
2020-09-08,81.6,82.5,81.4,82.2,1897607.0,0.0
2020-09-09,81.3,81.7,81.0,81.2,1872201.0,0.0
2020-09-10,81.3,81.6,81.0,81.6,1657392.0,0.0
2020-09-11,81.6,82.1,81.4,82.0,1227346.0,0.0
2020-09-14,82.4,82.4,81.4,82.3,1979637.0,0.0
2020-09-15,82.3,82.4,81.6,82.4,1214995.0,0.0
2020-09-16,82.6,83.2,81.8,83.2,2119802.0,0.0
2020-09-17,82.4,83.8,82.4,83.4,2588260.0,0.0
2020-09-18,83.8,85.3,83.5,84.8,6396642.0,0.0
2020-09-21,84.7,85.7,84.1,84.8,3599107.0,0.0
2020-09-22,84.3,84.3,81.8,82.0,3544362.0,0.0
2020-09-23,82.3,82.5,81.1,81.6,2330094.0,0.0
2020-09-24,81.0,81.0,79.0,79.4,8131174.0,0.0
2020-09-25,79.1,80.2,79.1,80.1,2310746.0,0.0
2020-09-28,80.4,80.8,79.6,80.6,1526309.0,0.0
2020-09-29,80.9,80.9,80.3,80.4,1429120.0,0.0
2020-09-30,80.9,80.9,80.0,80.0,1664891.0,0.0
2020-10-05,80.5,81.4,79.9,80.5,2943269.0,0.0
2020-10-06,81.0,81.5,80.6,81.5,2998065.0,0.0
2020-10-07,81.0,82.0,80.6,81.9,3158300.0,0.0
2020-10-08,81.9,81.9,80.9,81.4,1885035.0,0.0
2020-10-12,81.7,82.3,81.2,81.9,2873288.0,0.0
2020-10-13,81.9,82.0,80.8,82.0,1431443.0,0.0
2020-10-14,82.0,82.0,81.2,81.6,2129492.0,0.0
2020-10-15,81.0,81.7,80.9,81.1,2139145.0,0.0
2020-10-16,81.0,81.6,80.4,80.4,2073122.0,0.0
2020-10-19,80.6,81.2,80.2,81.0,1887871.0,0.0
2020-10-20,80.8,81.0,80.4,80.8,1475076.0,0.0
2020-10-21,81.0,81.4,80.5,81.4,1914667.0,0.0
2020-10-22,81.1,81.3,80.4,81.0,4650281.0,0.0
2020-10-23,80.6,81.5,80.5,81.2,1399082.0,0.0
2020-10-26,81.2,82.0,81.1,81.4,1942003.0,0.0
2020-10-27,81.2,81.3,80.7,80.9,1431202.0,0.0
2020-10-28,80.9,81.2,80.0,80.4,2424707.0,0.0
2020-10-29,80.0,80.2,79.3,80.0,2127032.0,0.0
2020-10-30,79.4,80.0,78.0,78.6,4884210.0,0.0
2020-11-02,78.6,79.1,78.2,79.1,1901331.0,0.0
2020-11-03,79.1,80.4,79.1,80.1,3460329.0,0.0
2020-11-04,80.1,81.0,79.6,80.9,1546246.0,0.0
2020-11-05,81.0,81.5,80.8,81.2,960497.0,0.0
2020-11-06,81.1,81.2,80.6,81.1,967250.0,0.0
2020-11-09,81.8,82.3,81.3,81.9,2288473.0,0.0
2020-11-10,83.7,86.3,83.7,86.0,13377056.0,0.0
2020-11-11,87.0,93.6,86.9,92.2,20414097.0,0.0
2020-11-12,91.3,92.2,89.4,92.2,11388420.0,0.0
2020-11-13,91.0,92.2,90.6,92.2,5344881.0,0.0
2020-11-16,91.7,93.0,91.7,92.2,6638503.0,0.0
2020-11-17,92.2,92.7,91.8,92.5,6715359.0,0.0
2020-11-18,92.5,93.8,92.1,93.3,6888194.0,0.0
2020-11-19,93.0,94.0,92.4,94.0,4035263.0,0.0
2020-11-20,93.8,94.0,93.0,93.9,3661614.0,0.0
2020-11-23,94.9,96.6,94.1,94.7,7193024.0,0.0
2020-11-24,95.0,96.5,94.7,94.8,4755943.0,0.0
2020-11-25,96.3,96.5,94.9,95.2,4799708.0,0.0
2020-11-26,96.0,96.1,94.8,95.6,3602279.0,0.0
2020-11-27,94.8,95.2,93.9,94.5,2951367.0,0.0
2020-11-30,94.5,94.9,90.5,90.5,11134530.0,0.0
2020-12-01,91.1,92.9,90.5,92.7,3876624.0,0.0
2020-12-02,92.0,93.0,91.5,92.9,3445847.0,0.0
2020-12-03,92.5,93.6,92.1,92.8,2867726.0,0.0
2020-12-04,93.5,95.0,93.0,94.9,5926496.0,0.0
2020-12-07,95.0,95.0,93.6,93.9,3710931.0,0.0
2020-12-08,92.7,93.2,92.3,92.9,3444167.0,0.0
2020-12-09,93.3,94.9,92.7,94.3,3460631.0,0.0
2020-12-10,93.7,94.6,93.0,93.2,2982631.0,0.0
2020-12-11,93.6,94.4,93.5,94.4,3553485.0,0.0
2020-12-14,94.4,94.6,93.5,94.5,2402677.0,0.0
2020-12-15,93.7,94.4,92.3,93.0,3774984.0,0.0
2020-12-16,93.5,95.5,93.1,94.7,6433268.0,0.0
2020-12-17,94.8,95.0,93.5,94.0,3881161.0,0.0
2020-12-18,93.5,94.8,92.8,92.8,3901704.0,0.0
2020-12-21,92.9,95.0,92.4,94.9,3752692.0,0.0
2020-12-22,94.1,94.8,93.5,93.5,3512369.0,0.0
2020-12-23,93.0,94.0,92.4,93.4,1854904.0,0.0
2020-12-24,94.0,94.5,93.5,94.5,1558961.0,0.0
2020-12-25,94.5,94.8,93.5,94.2,1660966.0,0.0
2020-12-28,94.2,95.5,93.7,95.4,3821254.0,0.0
2020-12-29,95.5,95.6,94.5,95.4,1546662.0,0.0
2020-12-30,95.9,99.0,95.5,98.5,7927418.0,0.0
2020-12-31,99.8,101.0,98.2,99.8,7634487.0,0.0
2021-01-04,99.4,100.5,97.6,100.0,4993043.0,0.0
2021-01-05,100.0,100.0,98.2,99.2,5021296.0,0.0
2021-01-06,98.3,100.5,98.3,99.5,6306559.0,0.0
2021-01-07,100.5,101.0,99.9,100.0,3523150.0,0.0
2021-01-08,100.5,104.0,100.5,104.0,7972515.0,0.0
2021-01-11,103.0,103.5,100.5,102.0,4525536.0,0.0
2021-01-12,101.0,101.0,99.6,101.0,4209873.0,0.0
2021-01-13,102.0,102.0,100.0,102.0,4860528.0,0.0
2021-01-14,102.0,102.0,100.5,102.0,2080658.0,0.0
2021-01-15,101.5,102.0,99.0,99.1,5210964.0,0.0
2021-01-18,98.6,99.0,96.6,98.0,3517892.0,0.0
2021-01-19,97.6,99.5,97.1,99.2,3434807.0,0.0
2021-01-20,97.9,98.5,95.2,95.2,7089149.0,0.0
2021-01-21,96.0,96.9,95.3,96.2,2879930.0,0.0
2021-01-22,97.5,97.5,94.4,94.5,3473201.0,0.0
2021-01-25,94.5,95.9,93.8,95.9,2479971.0,0.0
2021-01-26,95.5,95.6,92.9,93.7,4575756.0,0.0
2021-01-27,94.5,95.3,93.7,94.0,2613395.0,0.0
2021-01-28,92.3,93.2,90.8,91.4,4273348.0,0.0
2021-01-29,90.2,92.0,88.5,89.1,7008734.0,0.0
2021-02-01,89.1,90.5,88.4,90.0,2518864.0,0.0
2021-02-02,88.6,92.6,88.4,91.4,3984843.0,0.0
2021-02-03,91.1,92.0,90.3,91.7,2293832.0,0.0
2021-02-04,90.4,91.9,90.4,91.2,1622065.0,0.0
2021-02-05,91.2,92.5,90.9,91.9,8960849.0,0.0
2021-02-17,93.5,96.5,92.0,95.8,10285634.0,0.0
2021-02-18,96.0,97.7,96.0,96.6,4943478.0,0.0
2021-02-19,96.7,97.6,95.2,97.0,5800947.0,0.0
2021-02-22,97.6,99.0,97.0,98.2,3690105.0,0.0
2021-02-23,98.8,103.0,98.7,103.0,9034823.0,0.0
2021-02-24,102.0,103.0,99.8,100.5,5713885.0,0.0
2021-02-25,103.0,103.0,102.0,102.5,5899740.0,0.0
2021-02-26,100.5,101.5,98.1,100.0,10906331.0,0.0
2021-03-02,100.0,101.0,97.0,97.0,6412533.0,0.0
2021-03-03,96.2,101.0,96.2,100.0,8927276.0,0.0
2021-03-04,99.5,100.5,97.7,99.8,8168709.0,0.0
2021-03-05,99.5,100.5,98.5,99.0,5353966.0,0.0
2021-03-08,101.5,103.0,100.5,102.5,6943789.0,0.0
2021-03-09,102.5,103.0,100.5,101.5,4171749.0,0.0
2021-03-10,101.5,101.5,100.0,101.5,3001030.0,0.0
2021-03-11,102.0,103.0,101.5,103.0,4420330.0,0.0
2021-03-12,101.5,101.5,100.0,101.5,3433351.0,0.0
2021-03-15,100.5,101.0,100.0,100.5,1701837.0,0.0
2021-03-16,100.0,100.5,98.8,100.5,2334070.0,0.0
2021-03-17,100.0,100.0,97.8,98.2,5545649.0,0.0
2021-03-18,98.3,100.0,97.6,98.2,4108340.0,0.0
2021-03-19,96.9,97.2,94.8,95.8,8687370.0,0.0
2021-03-22,95.0,96.8,94.5,96.3,2570311.0,0.0
2021-03-23,96.5,96.9,96.0,96.1,1684595.0,0.0
2021-03-24,95.7,96.7,94.8,95.4,3387512.0,0.0
2021-03-25,95.3,96.1,94.1,95.6,4123871.0,0.0
2021-03-26,95.6,97.3,95.5,96.8,4234055.0,0.0
2021-03-29,97.6,98.2,96.6,96.6,4246359.0,0.0
2021-03-30,97.0,97.2,95.8,96.6,3993633.0,0.0
2021-03-31,96.6,97.3,96.1,96.8,4629332.0,0.0
2021-04-01,96.8,97.8,96.3,96.7,2496411.0,0.0
2021-04-07,96.7,98.2,96.7,98.0,3391176.0,0.0
2021-04-08,97.3,98.4,97.3,98.2,3011476.0,0.0
2021-04-09,97.5,98.2,97.1,98.0,2591884.0,0.0
2021-04-12,97.4,98.4,96.5,98.2,5213048.0,0.0
2021-04-13,98.6,101.0,98.6,100.0,8141834.0,0.0
2021-04-14,99.6,101.0,98.8,99.2,4705274.0,0.0
2021-04-15,100.5,102.0,100.5,101.5,4922343.0,0.0
2021-04-16,101.0,102.5,100.5,102.0,3922362.0,0.0
2021-04-19,102.0,103.0,102.0,103.0,6053292.0,0.0
2021-04-20,102.5,103.0,102.0,103.0,3843859.0,0.0
2021-04-21,101.5,102.0,98.2,99.0,8593312.0,0.0
2021-04-22,99.1,101.5,99.1,101.0,6212645.0,0.0
2021-04-23,101.0,102.5,99.8,102.5,4488852.0,0.0
2021-04-26,101.5,103.0,101.5,102.5,3215128.0,0.0
2021-04-27,102.0,103.0,101.5,103.0,2701186.0,0.0
2021-04-28,102.5,103.0,101.5,103.0,3836856.0,0.0
2021-04-29,102.0,104.0,101.5,103.5,4112038.0,0.0
2021-05-03,102.5,103.5,102.0,102.0,2787331.0,0.0
2021-05-04,102.5,105.0,100.5,101.0,11430709.0,0.0
2021-05-05,102.0,104.5,101.0,104.0,3634809.0,0.0
2021-05-06,104.0,108.5,104.0,108.5,14518423.0,0.0
2021-05-07,107.0,108.5,102.5,105.0,6672323.0,0.0
2021-05-10,105.0,108.0,104.5,107.5,4091407.0,0.0
2021-05-11,107.0,109.0,102.5,104.0,10547850.0,0.0
2021-05-12,104.5,106.0,94.0,97.7,11084924.0,0.0
2021-05-13,98.5,98.5,94.5,95.0,7587882.0,0.0
2021-05-14,94.1,98.1,93.0,96.7,4634903.0,0.0
2021-05-17,96.0,97.0,94.7,95.4,4796480.0,0.0
2021-05-18,94.9,99.8,94.9,99.0,3794312.0,0.0
2021-05-19,97.1,100.5,97.1,98.1,4064119.0,0.0
2021-05-20,96.6,98.2,95.2,97.3,4120289.0,0.0
2021-05-21,97.5,100.5,96.5,98.2,2751650.0,0.0
2021-05-24,97.5,98.1,97.1,97.5,1132990.0,0.0
2021-05-25,97.5,100.5,97.3,99.5,2498620.0,0.0
2021-05-26,100.0,100.5,99.0,100.5,1885853.0,0.0
2021-05-27,99.1,100.0,96.9,97.2,5997880.0,0.0
2021-05-28,98.1,99.5,97.6,98.8,2656314.0,0.0
2021-05-31,98.1,100.5,98.1,100.0,1741422.0,0.0
2021-06-01,101.5,102.5,101.0,102.0,2345773.0,0.0
2021-06-02,104.0,106.0,104.0,106.0,6085955.0,0.0
2021-06-03,108.5,109.0,105.0,106.0,5653032.0,0.0
2021-06-04,104.5,108.0,104.0,106.5,3779974.0,0.0
2021-06-07,108.0,108.5,105.0,106.5,3664032.0,0.0
2021-06-08,107.5,109.0,106.5,107.5,4229623.0,0.0
2021-06-09,108.0,110.0,107.5,110.0,4333839.0,0.0
2021-06-10,110.0,110.0,108.5,109.5,2649601.0,0.0
2021-06-11,109.5,109.5,107.5,108.0,1303463.0,0.0
2021-06-15,108.5,110.0,108.5,108.5,2106825.0,0.0
2021-06-16,110.0,112.0,109.0,111.5,4999275.0,0.0
2021-06-17,109.0,110.0,108.0,108.5,2717054.0,0.0
2021-06-18,107.0,107.0,104.0,104.5,5505983.0,0.0
2021-06-21,104.5,105.5,102.0,103.5,3299459.0,0.0
2021-06-22,105.5,107.0,105.5,106.0,2261665.0,0.0
2021-06-23,105.0,111.0,105.0,110.0,4712852.0,0.0
2021-06-24,110.0,110.0,108.0,109.5,2050428.0,0.0
2021-06-25,108.0,110.5,108.0,109.0,2922395.0,0.0
2021-06-28,110.0,110.5,108.5,108.5,1037432.0,0.0
2021-06-29,108.0,108.5,106.0,108.0,2521897.0,0.0
2021-06-30,108.0,108.5,106.5,106.5,1395731.0,0.0
2021-07-01,106.5,106.5,105.5,106.0,2077838.0,0.0
2021-07-02,107.5,112.0,107.5,110.0,7456163.0,0.0
2021-07-05,112.5,117.0,112.5,115.5,7074175.0,0.0
2021-07-06,117.0,117.5,114.0,114.5,3136224.0,0.0
2021-07-07,112.0,112.5,109.0,112.0,3110968.0,0.0
2021-07-08,111.5,111.5,108.5,109.0,2760755.0,0.0
2021-07-09,108.0,110.0,106.5,110.0,2668240.0,0.0
2021-07-12,109.0,110.0,106.5,107.0,2638090.0,0.0
2021-07-13,107.0,107.5,106.0,106.5,2045533.0,0.0
2021-07-14,107.5,107.5,105.5,106.0,1486891.0,0.0
2021-07-15,105.5,106.0,104.0,105.5,1868548.0,0.0
2021-07-16,105.5,105.5,102.0,102.0,4523679.0,0.0
2021-07-19,102.0,102.0,100.5,102.0,3706143.0,0.0
2021-07-20,101.0,101.5,100.0,100.0,2926018.0,0.0
2021-07-21,101.0,101.5,98.6,100.5,5590428.0,0.0
2021-07-22,101.0,101.5,99.1,100.5,3165244.0,0.0
2021-07-23,101.0,103.5,100.0,100.5,4982506.0,0.59
2021-07-26,100.5,100.5,97.1,97.8,8501162.0,0.0
2021-07-27,98.3,99.7,97.4,98.3,4107815.0,0.0
2021-07-28,98.7,99.8,96.5,98.5,6484493.0,0.0
2021-07-29,98.5,99.0,97.4,99.0,2435619.0,0.0
2021-07-30,98.7,98.9,97.1,97.3,6347015.0,0.0
2021-08-02,97.8,99.7,97.3,99.7,3548160.0,0.0
2021-08-03,98.2,98.7,96.8,97.9,4442538.0,0.0
2021-08-04,97.9,98.2,97.0,97.5,3003321.0,0.0
2021-08-05,97.5,97.9,96.6,97.0,3345696.0,0.0
2021-08-06,97.0,97.0,95.4,96.8,3630780.0,0.0
2021-08-09,95.8,97.2,94.6,96.7,3722806.0,0.0
2021-08-10,96.0,96.8,95.7,96.5,1741298.0,0.0
2021-08-11,96.5,97.4,96.4,97.4,2247353.0,0.0
2021-08-12,97.4,97.9,96.8,96.9,1365607.0,0.0
2021-08-13,96.7,97.0,95.3,96.5,2256166.0,0.0
2021-08-16,95.1,96.6,95.1,95.5,1839244.0,0.0
2021-08-17,95.5,95.5,95.5,95.5,0.0,0.0
2021-08-18,95.0,95.0,93.6,94.4,2900233.0,0.0
2021-08-19,93.6,94.1,90.6,91.1,7772818.0,0.0
2021-08-20,91.2,92.2,90.3,91.3,3472392.0,0.0
2021-08-23,91.9,93.4,91.1,92.8,2810897.0,0.0
2021-08-24,93.9,95.7,93.4,95.0,3963766.0,0.0
2021-08-25,95.2,95.7,93.7,94.6,2040935.0,0.0
2021-08-26,94.2,96.1,93.0,95.4,6803284.0,0.0
2021-08-27,95.4,96.6,94.8,96.3,2316127.0,0.0
2021-08-30,96.6,98.5,96.5,98.5,3813038.0,0.0
2021-08-31,98.5,98.5,96.5,97.8,3637106.0,0.0
2021-09-01,96.6,97.6,96.6,96.7,2101617.0,0.0
2021-09-02,96.5,96.7,95.5,96.2,1211317.0,0.0
2021-09-03,97.2,97.8,96.6,97.7,3129524.0,0.0
2021-09-06,97.6,98.0,96.5,96.6,1109062.0,0.0
2021-09-07,96.5,97.3,96.1,96.3,1067478.0,0.0
2021-09-08,96.4,97.4,95.1,95.7,2865201.0,0.0
2021-09-09,95.1,96.8,94.5,96.0,2707986.0,0.0
2021-09-10,95.4,97.3,95.4,96.6,1595800.0,0.0
2021-09-13,97.2,97.3,96.2,97.3,1021417.0,0.0
2021-09-14,97.6,98.3,97.5,98.0,2296227.0,0.0
2021-09-15,98.1,98.3,96.8,97.3,1930234.0,0.0
2021-09-16,98.3,99.4,97.1,97.5,2113579.0,0.0
2021-09-17,97.6,97.7,95.7,95.7,4308090.0,0.0
2021-09-22,94.4,94.7,92.5,92.8,5372952.0,0.0
2021-09-23,93.9,95.3,93.5,94.5,2755590.0,0.0
2021-09-24,95.1,96.5,93.9,95.0,3694483.0,0.0
2021-09-27,95.0,97.2,94.2,96.6,9731512.0,0.0
2021-09-28,96.7,99.8,96.5,99.7,6056015.0,0.0
2021-09-29,100.0,106.0,100.0,102.0,24348673.0,0.0
2021-09-30,104.0,104.5,99.0,99.2,9583391.0,0.0
2021-10-01,99.0,99.0,95.0,96.8,8988836.0,0.0
2021-10-04,99.0,99.7,96.9,97.4,4625050.0,0.0
2021-10-05,98.5,100.5,98.0,98.9,13600263.0,0.0
2021-10-06,101.5,101.5,98.4,101.5,10541200.0,0.0
2021-10-07,101.0,103.0,100.0,102.0,7878216.0,0.0
2021-10-08,102.5,103.0,99.8,101.5,4271277.0,0.0
2021-10-12,101.0,102.5,100.0,102.0,4639847.0,0.0
2021-10-13,102.5,105.0,102.5,103.0,6780640.0,0.0
2021-10-14,104.0,104.0,100.0,101.0,3904325.0,0.0
2021-10-15,101.5,103.5,100.5,103.0,3772743.0,0.0
2021-10-18,104.0,106.0,103.5,105.0,6014187.0,0.0
2021-10-19,106.0,106.0,104.0,104.5,4882195.0,0.0
2021-10-20,106.0,106.0,103.0,104.0,3623085.0,0.0
2021-10-21,104.5,105.0,103.5,103.5,3691627.0,0.0
2021-10-22,102.5,103.0,101.0,101.5,3141676.0,0.0
2021-10-25,102.5,104.0,102.0,103.5,3442171.0,0.0
2021-10-26,104.0,104.0,102.5,103.5,2906298.0,0.0
2021-10-27,103.5,104.0,102.5,104.0,1923799.0,0.0
2021-10-28,103.5,104.0,101.5,102.0,3601701.0,0.0
2021-10-29,102.0,102.0,100.0,100.0,2987271.0,0.0
2021-11-01,100.5,102.0,100.5,101.5,2679102.0,0.0
2021-11-02,102.0,104.0,101.0,102.5,4315669.0,0.0
2021-11-03,102.0,102.5,100.5,102.0,3704861.0,0.0
2021-11-04,101.0,102.0,100.5,101.5,2063359.0,0.0
2021-11-05,100.5,102.5,100.0,102.0,3455198.0,0.0
2021-11-08,102.0,103.0,101.5,102.0,2419937.0,0.0
2021-11-09,102.0,102.5,100.5,101.5,1695538.0,0.0
2021-11-10,102.0,103.0,101.5,102.5,2270796.0,0.0
2021-11-11,102.0,102.5,100.0,102.0,2392806.0,0.0
2021-11-12,101.5,103.0,101.5,102.5,1836679.0,0.0
2021-11-15,102.5,103.5,101.5,103.0,2408015.0,0.0
2021-11-16,102.5,103.0,102.0,102.0,1141313.0,0.0
2021-11-17,101.5,102.0,100.0,101.5,3506003.0,0.0
2021-11-18,100.5,101.0,99.4,100.5,5169880.0,0.0
2021-11-19,100.0,100.5,98.5,98.8,3706180.0,0.0
2021-11-22,98.3,98.3,96.9,97.0,5381224.0,0.0
2021-11-23,96.5,97.0,95.6,96.0,3738869.0,0.0
2021-11-24,97.0,99.0,96.5,98.8,3308642.0,0.0
2021-11-25,99.0,99.0,97.7,98.4,1579086.0,0.0
2021-11-26,97.3,97.9,96.8,97.0,3482086.0,0.0
2021-11-29,95.9,97.5,95.2,97.2,3063856.0,0.0
2021-11-30,96.4,97.2,95.4,95.4,7213773.0,0.0
2021-12-01,95.2,97.5,95.2,96.8,2472470.0,0.0
2021-12-02,96.0,97.3,95.9,97.0,1496746.0,0.0
2021-12-03,96.8,97.6,96.3,97.0,1660786.0,0.0
2021-12-06,96.2,97.3,96.1,97.0,1339728.0,0.0
2021-12-07,97.0,97.9,96.4,97.7,3276532.0,0.0
2021-12-08,98.1,98.5,97.1,97.7,2606823.0,0.0
2021-12-09,97.7,98.2,97.3,97.5,1506206.0,0.0
2021-12-10,97.1,97.6,96.1,96.7,1872176.0,0.0
2021-12-13,97.1,97.1,95.0,95.7,2697555.0,0.0
2021-12-14,95.1,96.5,95.1,95.6,2297006.0,0.0
2021-12-15,95.6,96.0,94.1,94.7,6411199.0,0.0
2021-12-16,95.3,95.8,94.6,95.1,3162587.0,0.0
2021-12-17,95.1,96.0,94.8,95.9,4095739.0,0.0
2021-12-20,95.1,95.5,94.7,95.0,2638201.0,0.0
2021-12-21,95.2,95.2,94.4,95.0,3258014.0,0.0
2021-12-22,95.4,95.5,94.8,95.0,1409239.0,0.0
2021-12-23,95.3,96.2,95.3,96.2,1056794.0,0.0
2021-12-24,96.8,97.1,96.4,96.8,1840048.0,0.0
2021-12-27,97.0,97.5,96.1,97.1,1660824.0,0.0
2021-12-28,97.4,97.4,96.4,97.0,1277538.0,0.0
2021-12-29,97.2,97.2,95.6,96.5,3309188.0,0.0
2021-12-30,96.4,96.7,95.5,95.9,1411331.0,0.0
2022-01-03,95.9,96.8,95.8,95.8,1049062.0,0.0
2022-01-04,95.4,96.4,95.3,96.1,1434080.0,0.0
2022-01-05,95.5,96.6,95.5,96.2,1585020.0,0.0
2022-01-06,96.9,97.9,96.3,97.3,2587449.0,0.0
2022-01-07,97.8,98.1,97.3,97.3,1962724.0,0.0
2022-01-10,97.3,97.8,96.5,97.8,1262269.0,0.0
2022-01-11,97.0,98.5,96.8,98.4,2804729.0,0.0
2022-01-12,98.9,99.4,98.3,99.4,2218712.0,0.0
2022-01-13,99.6,100.5,99.5,100.5,2332698.0,0.0
2022-01-14,99.3,99.5,98.0,98.5,2299706.0,0.0
2022-01-17,97.9,98.1,97.2,97.3,1842065.0,0.0
2022-01-18,97.3,98.7,97.3,98.0,1459220.0,0.0
2022-01-19,98.0,98.8,97.3,98.2,2535782.0,0.0
2022-01-20,98.0,98.8,97.8,98.1,1374802.0,0.0
2022-01-21,97.5,98.1,96.2,96.7,2437406.0,0.0
2022-01-24,96.7,98.2,96.3,98.0,1641588.0,0.0
2022-01-25,96.4,97.8,95.1,95.6,4467080.0,0.0
2022-01-26,95.9,96.7,95.7,96.1,1518888.0,0.0
2022-02-07,95.7,98.5,95.5,97.8,3781663.0,0.0
2022-02-08,97.2,98.5,97.2,98.0,1767342.0,0.0
2022-02-09,97.5,99.0,96.5,98.9,2818474.0,0.0
2022-02-10,98.0,99.0,98.0,98.5,1669386.0,0.0
2022-02-11,97.7,99.9,97.7,98.7,2751748.0,0.0
2022-02-14,101.0,102.0,98.6,98.9,4722421.0,0.0
2022-02-15,99.4,99.5,97.7,97.9,2855936.0,0.0
2022-02-16,97.6,99.5,97.0,98.6,3571843.0,0.0
2022-02-17,98.8,100.5,98.6,99.5,3298681.0,0.0
2022-02-18,98.8,99.5,98.5,98.5,1275175.0,0.0
2022-02-21,97.8,98.4,97.4,98.0,1469029.0,0.0
2022-02-22,97.6,98.5,95.9,96.1,5591236.0,0.0
2022-02-23,96.6,97.3,96.6,97.3,969411.0,0.0
2022-02-24,97.2,97.2,96.0,96.9,4156588.0,0.0
2022-02-25,97.3,97.9,96.1,97.8,3966448.0,0.0
2022-03-01,99.1,100.5,98.8,100.0,5605189.0,0.0
2022-03-02,101.5,102.5,100.5,100.5,4883419.0,0.0
2022-03-03,102.0,102.5,100.5,101.5,4473000.0,0.0
2022-03-04,100.5,101.0,99.8,100.5,3941198.0,0.0
2022-03-07,102.5,103.5,100.0,100.5,12273248.0,0.0
2022-03-08,101.5,102.0,98.2,99.2,6423718.0,0.0
2022-03-09,100.5,101.0,99.1,100.0,5352419.0,0.0
2022-03-10,98.5,99.4,97.7,98.0,6592559.0,0.0
2022-03-11,97.6,97.6,95.5,95.7,6470725.0,0.0
2022-03-14,95.9,95.9,94.2,95.2,5455930.0,0.0
2022-03-15,95.2,95.3,93.5,93.6,4080468.0,0.0
2022-03-16,93.6,94.9,92.5,94.9,4921527.0,0.0
2022-03-17,95.8,96.0,95.0,96.0,5212215.0,0.0
2022-03-18,96.0,96.8,95.5,95.7,4223880.0,0.0
2022-03-21,96.0,96.2,95.2,95.6,1398082.0,0.0
2022-03-22,96.2,96.5,95.8,96.1,2023114.0,0.0
2022-03-23,96.1,97.0,95.9,96.2,2885983.0,0.0
2022-03-24,95.7,96.2,95.2,95.4,1830875.0,0.0
2022-03-25,94.8,96.2,94.7,96.2,2362724.0,0.0
2022-03-28,94.6,95.2,94.3,95.1,2867548.0,0.0
2022-03-29,95.0,95.3,94.4,94.7,2134429.0,0.0
2022-03-30,94.7,95.7,94.2,95.1,3420381.0,0.0
2022-03-31,95.5,95.7,94.3,94.3,3020832.0,0.0
2022-04-01,94.0,94.8,93.6,94.5,1629361.0,0.0
2022-04-06,93.4,95.5,93.0,95.5,3941203.0,0.0
2022-04-07,94.1,94.5,93.5,93.6,3405415.0,0.0
2022-04-08,94.1,94.5,93.3,94.4,1470268.0,0.0
2022-04-11,94.3,94.7,92.6,93.3,2759751.0,0.0
2022-04-12,93.2,93.2,92.5,92.8,1498438.0,0.0
2022-04-13,93.7,94.2,93.0,94.0,2316526.0,0.0
2022-04-14,94.0,94.0,92.8,93.4,1530692.0,0.0
2022-04-15,93.2,93.6,92.4,92.5,1718790.0,0.0
2022-04-18,91.9,92.6,91.8,91.8,1350418.0,0.0
2022-04-19,92.3,92.8,92.0,92.2,1516103.0,0.0
2022-04-20,92.2,93.4,91.8,92.7,2634486.0,0.0
2022-04-21,93.4,93.7,92.4,92.4,1502325.0,0.0
2022-04-22,91.7,92.3,91.5,92.0,1809426.0,0.0
2022-04-25,91.2,91.3,89.2,90.1,4158476.0,0.0
2022-04-26,89.8,90.8,89.5,89.7,1866729.0,0.0
2022-04-27,89.5,90.0,88.6,89.1,3085440.0,0.0
2022-04-28,88.6,89.5,88.6,89.2,2695258.0,0.0
2022-04-29,88.3,92.5,88.3,91.6,2876521.0,0.0
2022-05-03,91.6,91.8,89.8,90.2,1241155.0,0.0
2022-05-04,90.5,91.1,90.1,90.2,706845.0,0.0
2022-05-05,91.2,92.2,91.0,91.9,2015363.0,0.0
2022-05-06,89.7,91.5,89.6,91.2,2893954.0,0.0
2022-05-09,89.2,91.2,89.1,90.4,2618675.0,0.0
2022-05-10,90.1,91.3,89.7,90.1,1648031.0,0.0
2022-05-11,89.5,90.5,89.4,90.2,1851747.0,0.0
2022-05-12,90.2,90.5,88.6,88.7,1825179.0,0.0
2022-05-13,89.9,90.9,89.3,90.5,2086469.0,0.0
2022-05-16,91.7,92.0,90.8,91.3,1235336.0,0.0
2022-05-17,91.5,92.8,91.4,92.2,2225602.0,0.0
2022-05-18,91.2,94.3,91.2,93.8,3766596.0,0.0
2022-05-19,92.5,93.0,91.6,92.7,2102278.0,0.0
2022-05-20,93.5,94.4,93.3,94.4,2517711.0,0.0
2022-05-23,95.3,95.6,94.0,94.6,2084624.0,0.0
2022-05-24,94.0,94.6,93.5,93.9,1466885.0,0.0
2022-05-25,93.9,95.2,93.8,95.0,2559904.0,0.0
2022-05-26,95.1,95.6,93.8,93.9,2108243.0,0.0
2022-05-27,95.4,95.6,94.6,95.0,2703550.0,0.0
2022-05-30,95.9,96.6,95.2,96.3,3758857.0,0.0
2022-05-31,96.0,97.1,95.6,96.8,6364085.0,0.0
2022-06-01,95.8,97.0,95.8,96.0,1727393.0,0.0
2022-06-02,95.2,95.8,94.2,95.8,1652594.0,0.0
2022-06-06,96.1,96.7,95.3,96.7,2094842.0,0.0
2022-06-07,96.6,96.6,95.2,95.3,1960935.0,0.0
2022-06-08,96.4,96.4,95.9,96.1,1591712.0,0.0
2022-06-09,97.5,97.9,96.6,97.0,3151997.0,0.0
2022-06-10,95.7,97.0,95.6,96.0,2457366.0,0.0
2022-06-13,94.4,95.7,93.5,95.3,5052055.0,0.0
2022-06-14,95.8,97.3,94.5,96.9,4252284.0,0.0
2022-06-15,96.2,97.5,96.0,96.9,4721233.0,0.0
2022-06-16,97.8,97.8,95.8,95.8,3198280.0,0.0
2022-06-17,95.5,97.3,95.1,96.0,7357271.0,0.0
2022-06-20,95.7,95.7,93.4,94.5,5738708.0,0.0
2022-06-21,92.1,93.9,91.4,93.9,6080408.0,3.8
2022-06-22,93.8,93.8,91.6,92.1,3403948.0,0.0
2022-06-23,93.3,94.5,92.1,93.4,4085309.0,0.0
2022-06-24,94.0,95.7,93.6,95.0,5569446.0,0.0
2022-06-27,96.0,97.4,95.0,95.2,4190920.0,0.0
2022-06-28,96.1,96.7,95.4,96.0,2019829.0,0.0
2022-06-29,94.5,96.2,94.5,95.7,1971595.0,0.0
2022-06-30,94.8,95.4,93.7,93.8,3219102.0,0.0
2022-07-01,93.2,94.5,92.3,93.0,3491455.0,0.0
2022-07-04,94.3,96.5,94.0,94.9,3525430.0,0.0
2022-07-05,96.1,96.4,92.6,93.3,3829990.0,0.0
2022-07-06,92.6,93.2,90.2,90.3,3072972.0,0.0
2022-07-07,91.0,91.2,89.0,89.5,2549154.0,0.0
2022-07-08,89.5,90.5,88.1,89.4,3725439.0,0.0
2022-07-11,89.4,89.9,87.5,87.7,2759181.0,0.0
2022-07-12,86.4,86.4,82.0,82.8,3891182.0,0.0
2022-07-13,84.8,85.4,83.0,84.2,3679377.0,0.0
2022-07-14,83.5,84.8,83.3,84.4,1839278.0,0.0
2022-07-15,83.6,83.6,82.1,82.1,3918749.0,0.0
2022-07-18,82.1,85.4,81.3,84.2,7297347.0,0.0
2022-07-19,84.2,84.8,83.4,84.7,1624876.0,0.0
2022-07-20,84.9,85.1,82.3,82.6,4581761.0,0.0
2022-07-21,82.7,83.3,82.4,83.3,1519149.0,0.0
2022-07-22,82.8,83.2,82.1,82.6,3339037.0,0.0
2022-07-25,82.7,83.9,82.6,83.9,1290547.0,0.0
2022-07-26,83.9,84.1,83.1,83.5,1583522.0,0.0
2022-07-27,83.7,84.0,83.2,84.0,1316688.0,0.0
2022-07-28,84.3,84.4,83.8,84.1,915272.0,0.0
2022-07-29,85.0,85.0,83.9,84.5,1756126.0,0.0
2022-08-01,84.5,84.5,83.5,84.5,1126277.0,0.0
2022-08-02,83.9,84.5,82.7,83.6,2478201.0,0.0
2022-08-03,83.5,84.5,83.3,83.9,1511867.0,0.0
2022-08-04,83.7,84.3,81.6,82.5,3076766.0,0.0
2022-08-05,83.7,83.8,82.9,83.1,1532888.0,0.0
2022-08-08,83.1,83.2,82.2,82.8,970070.0,0.0
2022-08-09,82.5,83.1,82.4,82.6,1069823.0,0.0
2022-08-10,82.2,82.4,81.7,81.9,2316885.0,0.0
2022-08-11,82.5,82.8,82.2,82.7,1489479.0,0.0
2022-08-12,82.9,84.2,82.9,83.6,2024085.0,0.0
2022-08-15,84.0,84.6,83.8,84.6,1425825.0,0.0
2022-08-16,84.7,84.9,84.0,84.4,1406044.0,0.0
2022-08-17,84.7,86.0,84.5,85.1,3952825.0,0.0
2022-08-18,84.6,85.8,84.3,85.6,1680887.0,0.0
2022-08-19,84.8,86.1,84.7,85.7,2009097.0,0.0
2022-08-22,85.1,85.5,84.7,85.1,1027000.0,0.0
2022-08-23,85.0,85.2,84.6,84.6,1430868.0,0.0
2022-08-24,85.2,85.4,84.1,85.1,2049956.0,0.0
2022-08-25,85.1,86.5,85.0,86.4,2246266.0,0.0
2022-08-26,86.6,87.0,85.8,86.4,1176311.0,0.0
2022-08-29,84.2,84.9,83.7,83.7,4027370.0,0.0
2022-08-30,83.2,84.2,82.4,83.2,3895439.0,0.0
2022-08-31,82.8,84.2,82.5,83.8,2994700.0,0.0
2022-09-01,82.2,83.8,81.6,83.3,5553672.0,0.0
2022-09-02,82.9,82.9,82.0,82.0,2033612.0,0.0
2022-09-05,82.4,82.5,81.6,81.8,1349197.0,0.0
2022-09-06,82.6,82.7,81.8,82.4,1015456.0,0.0
2022-09-07,81.4,82.0,80.6,80.6,3956427.0,0.0
2022-09-08,80.9,81.5,80.1,81.4,1974502.0,0.0
2022-09-12,82.9,83.0,81.9,82.5,2163452.0,0.0
2022-09-13,82.9,82.9,82.3,82.9,1965994.0,0.0
2022-09-14,81.3,82.7,81.2,81.4,2724099.0,0.0
2022-09-15,81.4,81.9,80.8,81.8,3478871.0,0.0
2022-09-16,81.4,82.6,80.8,82.6,4835640.0,0.0
2022-09-19,82.0,82.1,80.9,81.3,2606650.0,0.0
2022-09-20,81.3,81.4,80.6,80.9,2556753.0,0.0
2022-09-21,80.4,80.8,80.2,80.6,2250529.0,0.0
2022-09-22,80.1,80.6,78.6,79.3,5670009.0,0.0
2022-09-23,79.3,80.4,79.1,79.4,2298148.0,0.0
2022-09-26,78.8,79.6,78.3,79.6,1842308.0,0.0
2022-09-27,79.2,80.1,78.9,79.5,1467344.0,0.0
2022-09-28,79.0,80.2,78.8,80.1,2338976.0,0.0
2022-09-29,80.6,81.7,80.1,81.7,2028987.0,0.0
2022-09-30,81.7,82.9,81.2,82.9,3753449.0,0.0
2022-10-03,81.5,82.4,80.9,81.4,2465980.0,0.0
2022-10-04,81.1,81.6,80.6,81.1,2358122.0,0.0
2022-10-05,80.8,81.4,80.5,80.9,3170137.0,0.0
2022-10-06,80.8,81.1,80.3,80.6,2037889.0,0.0
2022-10-07,80.1,80.9,79.6,80.0,1909086.0,0.0
2022-10-11,78.8,79.5,78.1,79.0,3580524.0,0.0
2022-10-12,78.5,78.9,78.1,78.1,2170961.0,0.0
2022-10-13,77.8,78.5,75.2,75.5,3352178.0,0.0
2022-10-14,75.8,78.8,75.6,77.9,3126002.0,0.0
2022-10-17,77.0,79.0,76.8,79.0,1299300.0,0.0
2022-10-18,79.0,79.4,78.3,79.4,2090267.0,0.0
2022-10-19,78.4,79.6,77.6,77.9,3272021.0,0.0
2022-10-20,77.0,78.0,76.1,77.4,4623965.0,0.0
2022-10-21,78.1,79.0,77.6,79.0,1833618.0,0.0
2022-10-24,79.7,81.0,79.2,80.6,3480323.0,0.0
2022-10-25,81.2,82.0,80.7,81.7,3480485.0,0.0
2022-10-26,81.4,82.5,80.8,82.1,3182513.0,0.0
2022-10-27,82.4,83.8,82.0,82.0,3027005.0,0.0
2022-10-28,83.0,83.0,81.8,81.8,1963336.0,0.0
2022-10-31,81.9,83.0,81.2,83.0,2053251.0,0.0
2022-11-01,82.5,83.3,81.6,83.2,1775989.0,0.0
2022-11-02,82.3,83.2,81.6,81.9,1770909.0,0.0
2022-11-03,81.2,81.8,81.0,81.8,1639452.0,0.0
2022-11-04,81.0,82.3,80.8,82.3,1589801.0,0.0
2022-11-07,82.3,83.0,82.1,83.0,1331772.0,0.0
2022-11-08,83.4,83.7,82.5,83.3,1551457.0,0.0
2022-11-09,83.1,83.5,82.6,83.3,2110453.0,0.0
2022-11-10,82.5,83.3,82.4,82.5,1374792.0,0.0
2022-11-11,83.1,84.0,83.0,83.9,3298922.0,0.0
2022-11-14,84.0,85.1,83.7,85.1,3354926.0,0.0
2022-11-15,84.2,85.9,83.7,85.9,3787899.0,0.0
2022-11-16,85.5,85.9,83.2,83.2,3946715.0,0.0
2022-11-17,83.2,84.2,83.0,83.6,1246305.0,0.0
2022-11-18,83.2,83.9,82.2,82.8,2302845.0,0.0
2022-11-21,82.8,83.5,82.2,82.8,1389130.0,0.0
2022-11-22,83.7,83.7,82.7,83.4,888955.0,0.0
2022-11-23,83.8,83.9,83.1,83.1,916411.0,0.0
2022-11-24,83.9,85.5,83.8,85.4,3266591.0,0.0
2022-11-25,85.1,86.9,85.0,86.9,5408785.0,0.0
2022-11-28,85.5,85.6,83.6,84.0,3419587.0,0.0
2022-11-29,84.8,84.8,83.5,84.5,2193435.0,0.0
2022-11-30,84.4,85.2,83.8,84.6,5086699.0,0.0
2022-12-01,84.8,85.5,83.5,84.3,3950010.0,0.0
2022-12-02,83.9,84.5,83.3,83.5,2210113.0,0.0
2022-12-05,83.5,84.7,83.5,84.2,1870747.0,0.0
2022-12-06,83.9,84.3,83.0,83.3,2255781.0,0.0
2022-12-07,83.2,83.7,82.3,82.4,2508564.0,0.0
2022-12-08,81.9,82.2,81.3,81.3,2514508.0,0.0
2022-12-09,81.3,82.3,81.1,81.5,1601801.0,0.0
2022-12-12,81.6,81.9,80.8,81.1,1272019.0,0.0
2022-12-13,81.1,81.9,81.0,81.0,1936940.0,0.0
2022-12-14,82.3,83.4,82.1,82.8,2151613.0,0.0
2022-12-15,82.4,82.9,82.1,82.8,1390350.0,0.0
2022-12-16,81.2,81.9,81.0,81.0,3642720.0,0.0
2022-12-19,80.0,81.0,80.0,80.3,1577092.0,0.0
2022-12-20,79.9,80.9,79.6,79.7,2010800.0,0.0
2022-12-21,80.1,80.4,79.4,79.6,902501.0,0.0
2022-12-22,80.2,81.0,79.7,81.0,1140672.0,0.0
2022-12-23,79.8,80.3,79.3,80.1,1409167.0,0.0
2022-12-26,80.4,80.7,80.1,80.3,716176.0,0.0
2022-12-27,80.4,81.2,80.4,81.0,847031.0,0.0
2022-12-28,80.2,80.9,79.5,80.5,1282812.0,0.0
2022-12-29,79.9,80.5,79.4,79.7,2015150.0,0.0
2022-12-30,80.1,80.4,80.0,80.3,554978.0,0.0
2023-01-03,80.0,80.3,79.1,80.1,1517079.0,0.0
2023-01-04,80.2,80.2,79.5,79.7,1125531.0,0.0
2023-01-05,79.7,80.2,79.6,79.7,845640.0,0.0
2023-01-06,80.2,81.2,79.9,81.2,1220811.0,0.0
2023-01-09,81.8,82.2,81.6,82.1,2880209.0,0.0
2023-01-10,82.3,82.9,82.1,82.6,2026562.0,0.0
2023-01-11,82.7,82.8,81.2,81.2,1831890.0,0.0
2023-01-12,81.3,82.3,81.0,81.7,2234689.0,0.0
2023-01-13,81.0,82.5,81.0,82.2,2620757.0,0.0
2023-01-16,82.7,83.9,82.6,83.8,3428398.0,0.0
2023-01-17,83.5,84.0,82.9,83.1,1785614.0,0.0
2023-01-30,84.5,85.6,84.0,84.6,6378079.0,0.0
2023-01-31,84.6,85.4,83.8,83.9,3706980.0,0.0
2023-02-01,83.7,84.2,82.1,82.7,3389438.0,0.0
2023-02-02,82.3,83.0,81.7,82.8,2437643.0,0.0
2023-02-03,81.9,82.7,81.9,82.2,1103100.0,0.0
2023-02-06,81.8,82.2,81.5,81.6,1627909.0,0.0
2023-02-07,81.7,83.3,81.7,82.9,1687949.0,0.0
2023-02-08,82.3,83.2,82.1,82.3,1390791.0,0.0
2023-02-09,81.8,83.1,81.8,83.0,1257023.0,0.0
2023-02-10,82.3,83.1,82.0,83.0,1457439.0,0.0
2023-02-13,82.2,83.2,82.2,82.8,1448570.0,0.0
2023-02-14,83.0,83.6,82.8,83.4,983260.0,0.0
2023-02-15,83.3,83.5,82.1,82.3,1940102.0,0.0
2023-02-16,82.5,84.9,82.5,84.0,3114685.0,0.0
2023-02-17,83.7,84.3,83.5,84.2,1172275.0,0.0
2023-02-20,84.0,84.9,83.5,84.6,1400213.0,0.0
2023-02-21,84.5,86.1,83.7,85.6,3610982.0,0.0
2023-02-22,84.8,86.0,83.9,85.1,2675886.0,0.0
2023-02-23,85.3,85.9,84.8,85.0,1595791.0,0.0
2023-02-24,85.2,85.2,84.3,85.1,1757889.0,0.0
2023-03-01,83.5,84.1,83.1,83.6,3936143.0,0.0
2023-03-02,83.2,83.9,82.6,83.5,2825755.0,0.0
2023-03-03,83.5,84.2,83.2,83.9,1848119.0,0.0
2023-03-06,84.5,85.2,83.7,84.1,2191181.0,0.0
2023-03-07,84.1,84.9,84.1,84.7,866131.0,0.0
2023-03-08,84.6,86.0,84.1,85.7,2929861.0,0.0
2023-03-09,85.5,85.5,84.5,84.5,2133729.0,0.0
2023-03-10,83.5,84.2,82.8,83.3,3102082.0,0.0
2023-03-13,84.0,84.1,83.0,83.1,2000593.0,0.0
2023-03-14,82.0,82.7,82.0,82.2,2519009.0,0.0
2023-03-15,82.3,83.2,82.0,82.2,1809981.0,0.0
2023-03-16,82.2,82.4,81.6,81.6,1414045.0,0.0
2023-03-17,82.0,82.5,81.7,81.7,2606207.0,0.0
2023-03-20,82.5,82.5,81.5,81.5,846758.0,0.0
2023-03-21,81.5,82.2,81.5,81.7,864193.0,0.0
2023-03-22,82.3,82.9,82.2,82.7,882570.0,0.0
2023-03-23,83.0,84.2,82.5,84.0,1882080.0,0.0
2023-03-24,84.2,84.2,83.1,83.2,840500.0,0.0
2023-03-27,83.3,84.2,83.2,84.0,916730.0,0.0
2023-03-28,84.2,84.6,83.5,84.3,1321933.0,0.0
2023-03-29,84.2,84.8,84.2,84.7,856736.0,0.0
2023-03-30,84.8,84.8,84.0,84.7,998195.0,0.0
2023-03-31,84.9,85.5,84.4,85.0,1907320.0,0.0
2023-04-06,86.5,87.5,85.8,86.0,3103292.0,0.0
2023-04-07,86.4,86.8,86.0,86.8,1123754.0,0.0
2023-04-10,87.0,87.5,86.8,87.5,1513051.0,0.0
2023-04-11,87.2,87.6,86.6,87.6,1000252.0,0.0
2023-04-12,87.6,87.7,87.0,87.6,1182960.0,0.0
2023-04-13,87.8,88.4,87.2,88.4,2062843.0,0.0
2023-04-14,88.4,88.7,87.8,88.2,1565858.0,0.0
2023-04-17,87.3,88.3,87.3,87.7,1566700.0,0.0
2023-04-18,87.5,87.5,85.7,86.5,1383395.0,0.0
2023-04-19,86.5,87.3,85.1,85.6,1880849.0,0.0
2023-04-20,85.4,85.5,84.9,85.2,620474.0,0.0
2023-04-21,85.5,85.5,84.3,85.4,1203198.0,0.0
2023-04-24,85.0,85.9,85.0,85.9,396647.0,0.0
2023-04-25,86.0,86.2,85.1,85.2,651589.0,0.0
2023-04-26,85.4,87.3,85.4,86.9,2732346.0,0.0
2023-04-27,86.5,86.8,86.0,86.5,1059741.0,0.0
2023-04-28,87.7,87.7,86.1,86.8,868714.0,0.0
2023-05-02,86.8,86.8,85.6,86.0,848617.0,0.0
2023-05-03,85.6,85.6,85.1,85.2,648959.0,0.0
2023-05-04,84.5,85.3,84.2,85.3,684893.0,0.0
2023-05-05,85.2,85.2,84.7,85.1,332167.0,0.0
2023-05-08,85.1,85.6,84.8,84.8,735734.0,0.0
2023-05-09,85.5,86.5,85.1,86.1,1243633.0,0.0
2023-05-10,86.1,86.1,84.9,85.2,831508.0,0.0
2023-05-11,85.2,85.7,85.0,85.7,333916.0,0.0
2023-05-12,85.0,85.2,84.4,84.5,670785.0,0.0
2023-05-15,84.0,85.5,84.0,85.3,702183.0,0.0
2023-05-16,85.9,88.3,85.5,88.2,3204208.0,0.0
2023-05-17,87.9,89.8,87.6,89.6,7757976.0,0.0
2023-05-18,87.7,90.0,87.5,89.8,3259532.0,0.0
2023-05-19,90.0,90.0,89.0,89.8,2846973.0,0.0
2023-05-22,89.8,89.8,88.3,88.6,1599918.0,0.0
2023-05-23,88.8,89.7,88.1,88.2,1939117.0,0.0
2023-05-24,88.2,89.9,87.8,89.5,1414762.0,0.0
2023-05-25,88.2,88.6,87.3,87.6,1333012.0,0.0
2023-05-26,86.5,87.3,85.8,86.6,1518858.0,0.0
2023-05-29,86.9,87.1,86.2,86.3,858779.0,0.0
2023-05-30,86.3,87.2,86.1,86.4,1618045.0,0.0
2023-05-31,86.4,86.9,85.8,86.2,3683891.0,0.0
2023-06-01,87.1,87.3,85.4,85.5,1140690.0,0.0
2023-06-02,86.3,87.4,85.8,87.1,1773378.0,0.0
2023-06-05,87.4,88.2,86.9,87.6,2259797.0,0.0
2023-06-06,88.4,88.6,87.7,88.6,2031969.0,0.0
2023-06-07,89.0,89.3,88.2,88.9,2626771.0,0.0
2023-06-08,88.5,88.5,87.5,87.8,1081862.0,0.0
2023-06-09,87.4,88.9,87.4,88.9,1757896.0,0.0
2023-06-12,88.5,88.6,88.0,88.2,1474339.0,0.0
2023-06-13,86.9,87.4,86.2,86.8,3172707.0,1.1
2023-06-14,86.7,87.8,86.6,87.8,1095500.0,0.0
2023-06-15,87.8,87.8,86.8,87.0,715275.0,0.0
2023-06-16,87.0,87.6,86.4,86.4,2710149.0,0.0
2023-06-19,86.0,87.1,85.6,87.1,705958.0,0.0
2023-06-20,87.4,87.4,86.3,87.0,810004.0,0.0
2023-06-21,86.6,87.8,86.2,87.5,1897149.0,0.0
2023-06-26,87.0,87.0,86.4,86.8,1222669.0,0.0
2023-06-27,86.2,86.8,86.0,86.4,1020609.0,0.0
2023-06-28,85.8,86.0,84.0,85.3,2620035.0,0.0
2023-06-29,86.1,86.2,84.9,85.3,1301025.0,0.0
2023-06-30,84.8,85.5,84.3,84.3,1377278.0,0.0
2023-07-03,84.6,84.9,84.3,84.3,666269.0,0.0
2023-07-04,84.0,84.1,83.1,83.5,1130180.0,0.0
2023-07-05,83.0,83.9,83.0,83.3,1480209.0,0.0
2023-07-06,82.7,82.9,81.0,81.0,3580930.0,0.0
2023-07-07,80.4,80.4,79.5,79.9,2672266.0,0.0
2023-07-10,79.8,80.5,79.1,79.2,2561786.0,0.0
2023-07-11,79.8,80.4,79.6,80.1,722781.0,0.0
2023-07-12,79.3,79.8,79.3,79.5,1887652.0,0.0
2023-07-13,80.0,80.9,79.9,80.8,2355153.0,0.0
2023-07-14,81.0,82.2,80.8,81.6,2989583.0,0.0
2023-07-17,81.8,81.8,80.5,80.8,1165243.0,0.0
2023-07-18,80.1,80.3,79.6,79.8,2251001.0,0.0
2023-07-19,80.0,80.3,79.2,79.3,3083556.0,0.0
2023-07-20,79.3,79.6,78.9,79.1,2963805.0,0.0
2023-07-21,79.7,79.7,78.6,78.6,3122210.0,0.0
2023-07-24,78.7,78.7,78.1,78.4,3115534.0,0.0
2023-07-25,79.0,79.4,78.5,79.0,2335155.0,0.0
2023-07-26,79.1,80.2,79.1,80.1,1365876.0,0.0
2023-07-27,80.2,80.8,80.0,80.8,1834089.0,0.0
2023-07-28,80.2,80.7,80.0,80.1,879039.0,0.0
2023-07-31,80.8,81.0,80.2,80.2,1673219.0,0.0
2023-08-01,80.6,81.2,80.3,81.0,1440090.0,0.0
2023-08-02,80.6,80.7,79.6,79.6,3367915.0,0.0
2023-08-04,80.1,81.2,79.9,80.6,1856151.0,0.0
2023-08-07,80.4,81.2,80.4,81.1,952422.0,0.0
2023-08-08,80.7,81.1,79.8,79.8,2906513.0,0.0
2023-08-09,80.5,81.0,80.3,81.0,1184026.0,0.0
2023-08-10,81.1,81.5,80.7,81.4,2079099.0,0.0
2023-08-11,81.5,82.1,81.3,81.9,1458639.0,0.0
2023-08-14,81.9,81.9,80.8,81.0,1156743.0,0.0
2023-08-15,81.1,81.6,80.7,81.0,921112.0,0.0
2023-08-16,80.9,80.9,79.3,79.5,1764371.0,0.0
2023-08-17,79.0,79.2,78.3,78.8,1857307.0,0.0
2023-08-18,79.0,79.5,78.4,79.0,1420555.0,0.0
2023-08-21,79.4,79.5,79.0,79.4,757587.0,0.0
2023-08-22,79.5,79.9,79.3,79.9,892774.0,0.0
2023-08-23,80.3,81.3,80.3,81.2,1830776.0,0.0
2023-08-24,81.8,81.8,80.2,80.4,944871.0,0.0
2023-08-25,80.4,80.7,79.5,79.6,1865001.0,0.0
2023-08-28,79.8,80.5,79.3,80.0,1162315.0,0.0
2023-08-29,80.3,80.3,79.6,80.1,587010.0,0.0
2023-08-30,80.4,80.8,79.7,80.5,1295186.0,0.0
2023-08-31,80.5,80.5,79.3,79.3,3190888.0,0.0
2023-09-01,79.3,79.9,78.8,79.9,1488564.0,0.0
2023-09-04,79.9,81.3,79.4,81.3,2098497.0,0.0
2023-09-05,80.8,81.1,80.5,80.8,916753.0,0.0
2023-09-06,80.6,81.1,79.8,79.9,2745595.0,0.0
2023-09-07,79.3,80.0,79.3,79.6,1541404.0,0.0
2023-09-08,79.7,80.6,79.5,80.6,1295497.0,0.0
2023-09-11,80.6,81.5,80.6,81.4,2022223.0,0.0
2023-09-12,81.5,81.8,81.1,81.5,1407288.0,0.0
2023-09-13,82.0,82.8,81.9,82.6,1806351.0,0.0
2023-09-14,82.7,83.0,82.4,83.0,1647613.0,0.0
2023-09-15,83.2,83.5,81.8,81.8,2797198.0,0.0
2023-09-18,81.8,82.4,81.2,82.0,1064550.0,0.0
2023-09-19,81.9,81.9,80.9,81.2,1523388.0,0.0
2023-09-20,81.7,81.7,80.9,81.5,1280043.0,0.0
2023-09-21,81.5,81.5,80.0,80.0,2356142.0,0.0
2023-09-22,80.0,80.6,79.8,80.3,1137700.0,0.0
2023-09-25,79.8,80.7,79.8,80.5,865334.0,0.0
2023-09-26,79.9,80.1,79.3,79.4,2214777.0,0.0
2023-09-27,79.2,79.7,79.0,79.5,1559970.0,0.0
2023-09-28,79.8,80.6,79.7,80.6,1139333.0,0.0
2023-10-02,80.8,80.9,80.2,80.3,1286510.0,0.0
2023-10-03,80.0,80.1,79.1,79.1,1634420.0,0.0
2023-10-04,78.7,78.7,78.0,78.1,2503196.0,0.0
2023-10-05,78.3,78.5,78.1,78.2,1270440.0,0.0
2023-10-06,78.8,78.8,78.1,78.4,1263719.0,0.0
2023-10-11,80.2,81.5,79.5,81.4,4392471.0,0.0
2023-10-12,81.6,81.7,80.6,81.4,2905587.0,0.0
2023-10-13,80.2,80.6,80.0,80.1,1566451.0,0.0
2023-10-16,80.9,81.8,80.8,81.4,1830813.0,0.0
2023-10-17,81.5,81.9,81.1,81.8,1767325.0,0.0
2023-10-18,81.8,82.5,81.3,82.1,2744559.0,0.0
2023-10-19,81.6,82.1,81.0,81.5,1725661.0,0.0
2023-10-20,80.4,81.6,80.3,80.7,2262797.0,0.0
2023-10-23,80.7,80.7,80.0,80.0,1006963.0,0.0
2023-10-24,80.0,80.4,79.5,80.1,972079.0,0.0
2023-10-25,80.0,80.4,79.6,79.9,1120172.0,0.0
2023-10-26,79.3,79.7,78.8,78.9,1829253.0,0.0
2023-10-27,79.0,79.4,79.0,79.3,632541.0,0.0
2023-10-30,79.4,79.5,78.8,79.0,1280052.0,0.0
2023-10-31,78.7,79.6,78.7,79.1,1200263.0,0.0
2023-11-01,79.1,79.2,78.9,79.0,689333.0,0.0
2023-11-02,79.7,80.3,79.3,79.5,1288317.0,0.0
2023-11-03,80.0,80.9,79.5,80.9,1563203.0,0.0
2023-11-06,81.2,81.7,80.6,81.5,2711748.0,0.0
2023-11-07,81.5,81.6,80.9,81.5,1368720.0,0.0
2023-11-08,80.7,81.1,80.4,81.1,1075447.0,0.0
2023-11-09,81.0,81.0,80.4,80.6,1075402.0,0.0
2023-11-10,80.1,80.5,80.0,80.3,1206364.0,0.0
2023-11-13,80.5,80.8,80.0,80.7,826617.0,0.0
2023-11-14,80.8,81.7,80.7,81.2,3093680.0,0.0
2023-11-15,82.0,83.7,81.5,83.0,6504411.0,0.0
2023-11-16,83.4,84.2,83.1,84.0,2461292.0,0.0
2023-11-17,83.9,84.4,82.8,83.7,2834228.0,0.0
2023-11-20,84.0,84.0,82.8,83.8,1780933.0,0.0
2023-11-21,84.0,85.4,83.6,85.3,4424857.0,0.0
2023-11-22,84.9,84.9,83.8,84.0,1064141.0,0.0
2023-11-23,83.6,84.3,83.4,84.0,803323.0,0.0
2023-11-24,84.0,84.6,83.9,84.6,867798.0,0.0
2023-11-27,84.6,84.6,82.8,82.9,929114.0,0.0
2023-11-28,83.1,84.9,83.0,84.7,2374816.0,0.0
2023-11-29,84.7,84.7,84.0,84.5,1299272.0,0.0
2023-11-30,85.3,85.4,84.1,85.0,2305878.0,0.0
2023-12-01,84.3,84.6,83.3,83.5,1173393.0,0.0
2023-12-04,83.0,83.9,82.9,83.0,1202326.0,0.0
2023-12-05,82.2,82.9,82.0,82.8,751927.0,0.0
2023-12-06,83.2,83.6,83.0,83.1,655560.0,0.0
2023-12-07,82.4,83.0,82.0,82.3,1106289.0,0.0
2023-12-08,82.2,82.5,81.6,82.2,1629732.0,0.0
2023-12-11,82.2,82.2,81.7,81.8,353304.0,0.0
2023-12-12,82.5,82.8,81.5,82.5,1242894.0,0.0
2023-12-13,82.5,82.5,81.2,81.6,1071974.0,0.0
2023-12-14,81.7,83.7,81.6,83.3,3731948.0,0.0
2023-12-15,83.5,84.3,82.8,83.8,3719911.0,0.0
2023-12-18,83.7,83.7,83.0,83.2,791535.0,0.0
2023-12-19,83.1,83.1,82.1,82.5,1367736.0,0.0
2023-12-20,82.5,83.0,82.0,82.9,1912611.0,0.0
2023-12-21,82.1,82.8,81.8,81.9,1485872.0,0.0
2023-12-22,81.5,81.5,80.0,80.2,2827559.0,0.0
2023-12-25,80.2,81.1,80.2,80.7,910779.0,0.0
2023-12-26,81.0,81.9,80.7,81.8,1635886.0,0.0
2023-12-27,81.8,82.0,80.9,81.6,2492715.0,0.0
2023-12-28,81.6,81.9,81.2,81.8,2168630.0,0.0
2023-12-29,81.3,81.5,80.6,80.7,1750400.0,0.0
2024-01-02,80.4,81.0,80.2,80.9,931958.0,0.0
2024-01-03,80.2,80.6,79.6,79.7,2082281.0,0.0
2024-01-04,79.9,80.1,79.7,79.7,844544.0,0.0
2024-01-05,80.0,80.0,79.6,79.6,1002300.0,0.0
2024-01-08,80.1,81.1,79.9,80.0,1027361.0,0.0
2024-01-09,80.1,80.1,79.3,79.3,1532545.0,0.0
2024-01-10,79.3,79.3,79.0,79.1,834636.0,0.0
2024-01-11,79.0,79.1,78.6,78.7,1345329.0,0.0
2024-01-12,78.5,79.4,78.5,79.0,658079.0,0.0
2024-01-15,78.6,79.1,78.2,78.2,1816086.0,0.0
2024-01-16,77.1,77.1,74.6,74.8,8434710.0,0.0
2024-01-17,73.4,74.1,73.0,73.0,7527910.0,0.0
2024-01-18,73.2,73.3,72.2,72.3,3606375.0,0.0
2024-01-19,71.3,73.0,71.2,72.2,4161804.0,0.0
2024-01-22,72.3,72.7,71.6,72.4,1903622.0,0.0
2024-01-23,72.4,72.8,72.2,72.4,1435500.0,0.0
2024-01-24,72.5,73.1,72.5,73.0,2119659.0,0.0
2024-01-25,73.0,73.4,72.8,73.2,1449436.0,0.0
2024-01-26,73.4,74.0,73.0,74.0,1835072.0,0.0
2024-01-29,73.9,75.4,73.9,75.1,2035238.0,0.0
2024-01-30,75.1,75.1,73.7,73.7,1871320.0,0.0
2024-01-31,73.7,74.6,73.7,74.6,1516129.0,0.0
2024-02-01,75.1,76.4,75.1,76.2,3105323.0,0.0
2024-02-02,75.4,76.0,74.9,76.0,2150249.0,0.0
2024-02-05,74.7,75.0,74.1,74.3,1860991.0,0.0
2024-02-15,72.9,73.7,72.6,73.4,2558555.0,0.0
2024-02-16,74.0,74.3,73.1,73.8,1468535.0,0.0
2024-02-19,74.1,75.0,73.8,74.1,1755750.0,0.0
2024-02-20,73.9,74.2,73.1,73.4,1915730.0,0.0
2024-02-21,73.6,73.8,73.0,73.2,2160828.0,0.0
2024-02-22,73.5,73.5,72.5,72.7,1979750.0,0.0
2024-02-23,72.5,72.9,72.4,72.6,1546276.0,0.0
2024-02-26,72.3,72.7,71.8,72.3,2401465.0,0.0
2024-02-27,72.0,72.3,71.6,71.7,2277482.0,0.0
2024-02-29,71.7,74.3,71.3,74.3,4133740.0,0.0
2024-03-01,73.0,73.4,71.8,72.3,3122750.0,0.0
2024-03-04,71.8,72.7,71.6,72.1,3473891.0,0.0
2024-03-05,71.8,72.5,71.6,71.6,2529338.0,0.0
2024-03-06,71.7,72.2,71.1,71.3,2411778.0,0.0
2024-03-07,71.0,71.3,70.5,71.2,2900384.0,0.0
2024-03-08,70.7,71.1,69.9,70.7,3732156.0,0.0
2024-03-11,70.8,72.0,70.8,71.1,2006236.0,0.0
2024-03-12,71.2,71.4,70.7,71.1,2751381.0,0.0
2024-03-13,71.0,71.3,70.5,70.7,2989682.0,0.0
2024-03-14,70.9,71.6,70.7,71.2,3104998.0,0.0
2024-03-15,71.2,71.6,70.6,71.2,3775476.0,0.0
2024-03-18,71.2,71.4,70.2,70.6,4004096.0,0.0
2024-03-19,70.1,70.6,69.6,69.7,5825134.0,0.0
2024-03-20,69.6,69.8,68.6,69.4,5974208.0,0.0
2024-03-21,69.6,69.7,68.4,69.0,8282963.0,0.0
2024-03-22,69.0,69.2,68.0,68.1,6009591.0,0.0
2024-03-25,67.9,68.8,67.6,68.6,3339744.0,0.0
2024-03-26,68.6,70.4,68.5,70.2,6879638.0,0.0
2024-03-27,70.0,70.2,69.2,69.4,3912822.0,0.0
2024-03-28,69.3,69.8,68.4,68.6,4351611.0,0.0
2024-03-29,69.0,69.8,68.9,69.5,3246000.0,0.0
2024-04-01,70.0,71.8,70.0,71.8,8628873.0,0.0
2024-04-02,71.7,72.3,71.2,72.2,6595354.0,0.0
2024-04-03,72.5,73.1,72.0,72.3,9315206.0,0.0
2024-04-08,72.1,72.7,71.8,72.7,3599416.0,0.0
2024-04-09,72.8,73.4,72.7,73.3,4793341.0,0.0
2024-04-10,73.7,74.2,73.3,74.0,3377114.0,0.0
2024-04-11,73.2,73.6,72.3,73.3,3663567.0,0.0
2024-04-12,72.4,72.7,71.9,72.5,3905642.0,0.0
2024-04-15,73.0,74.0,72.7,73.6,4963174.0,0.0
2024-04-16,72.8,73.5,70.7,71.1,6571400.0,0.0
2024-04-17,70.9,71.2,70.2,70.3,4850011.0,0.0
2024-04-18,70.0,70.3,69.3,70.3,5200250.0,0.0
2024-04-19,70.3,70.8,69.0,69.3,7511235.0,0.0
2024-04-22,70.4,72.8,70.1,72.7,7746030.0,0.0
2024-04-23,73.0,73.1,71.7,72.9,3773686.0,0.0
2024-04-24,72.9,73.1,72.3,72.9,2994662.0,0.0
2024-04-25,72.4,72.4,71.5,72.0,3129320.0,0.0
2024-04-26,71.4,72.2,71.2,71.2,2722903.0,0.0
2024-04-29,71.7,72.6,71.4,72.6,3524727.0,0.0
2024-04-30,71.8,72.3,71.7,72.2,2741455.0,0.0
2024-05-02,72.0,72.1,71.3,71.6,2442792.0,0.0
2024-05-03,71.6,72.2,71.5,71.7,1730401.0,0.0
2024-05-06,72.0,72.5,71.5,71.5,3528301.0,0.0
2024-05-07,71.6,71.9,71.0,71.5,2102908.0,0.0
2024-05-08,71.5,71.5,70.7,71.0,2911475.0,0.0
2024-05-09,70.8,71.1,69.7,69.8,4017383.0,0.0
2024-05-10,70.2,70.6,69.8,70.3,2117667.0,0.0
2024-05-13,70.2,70.7,69.8,69.9,2416389.0,0.0
2024-05-14,69.9,70.3,69.7,69.7,2685754.0,0.0
2024-05-15,69.7,70.7,69.7,70.2,4432465.0,0.0
2024-05-16,71.0,71.2,70.1,70.4,5998083.0,0.0
2024-05-17,70.2,70.7,69.9,69.9,2880692.0,0.0
2024-05-20,70.6,70.6,69.8,70.2,2408733.0,0.0
2024-05-21,70.4,70.4,69.5,69.5,4218674.0,0.0
2024-05-22,69.5,70.0,68.9,69.9,3369772.0,0.0
2024-05-23,69.0,69.1,68.6,68.6,4740392.0,0.0
2024-05-24,68.5,68.6,67.8,68.3,4310525.0,0.0
2024-05-27,68.1,68.1,67.5,67.8,4183842.0,0.0
2024-05-28,67.9,69.2,67.8,69.2,4479825.0,0.0
2024-05-29,69.3,69.4,68.1,68.2,4415972.0,0.0
2024-05-30,67.6,68.4,67.6,67.7,3747720.0,0.0
2024-05-31,68.2,68.3,67.4,67.4,8040708.0,0.0
2024-06-03,67.6,67.6,66.7,67.2,3708163.0,0.0
2024-06-04,66.7,66.9,66.4,66.5,4574637.0,0.0
2024-06-05,66.4,66.5,65.4,66.5,4645250.0,0.0
2024-06-06,65.7,66.5,65.7,65.8,4149198.0,0.0
2024-06-07,65.7,66.3,65.0,65.8,5023123.0,0.0
2024-06-11,65.8,66.6,65.3,66.1,5093958.0,0.0
2024-06-12,66.2,66.6,65.7,66.1,3487582.0,0.0
2024-06-13,66.5,66.5,65.6,65.9,3954945.0,0.0
2024-06-14,65.9,66.1,65.3,65.9,3326202.0,0.0
2024-06-17,65.6,66.1,65.3,65.3,4001134.0,0.0
2024-06-18,65.5,65.8,65.1,65.2,4691607.0,0.0
2024-06-19,65.4,65.6,64.7,65.5,6524682.0,0.0
2024-06-20,65.7,66.7,65.5,66.6,6260413.0,0.0
2024-06-21,66.7,67.3,66.2,66.2,5913689.0,0.0
2024-06-24,66.2,66.4,65.3,65.8,3563736.0,0.0
2024-06-25,66.5,66.5,65.2,65.5,4406972.0,0.0
2024-06-26,65.3,65.3,64.5,64.6,6543191.0,0.0
2024-06-27,64.0,64.5,63.5,64.5,6463519.0,0.0
2024-06-28,64.8,65.7,64.5,64.8,5014176.0,0.0
2024-07-01,65.2,65.2,64.6,65.0,2656172.0,0.0
2024-07-02,64.7,64.8,63.8,63.8,4904490.0,0.0
2024-07-03,63.9,65.1,63.6,65.0,3443590.0,0.0
2024-07-04,65.0,66.2,65.0,66.0,5311752.0,0.0
2024-07-05,66.1,66.1,65.2,65.4,3272312.0,0.0
2024-07-08,65.5,66.0,65.1,65.7,4562590.0,0.0
2024-07-09,64.4,64.4,63.7,63.8,3559140.0,2.0
2024-07-10,63.6,64.0,63.6,63.7,2715295.0,0.0
2024-07-11,63.8,64.0,63.5,63.7,3472125.0,0.0
2024-07-12,63.7,65.0,63.5,64.0,4548050.0,0.0
2024-07-15,64.8,64.8,63.6,64.0,2273372.0,0.0
2024-07-16,64.0,64.0,63.7,64.0,1962258.0,0.0
2024-07-17,64.0,65.3,63.9,64.9,5313710.0,0.0
2024-07-18,65.4,66.4,65.3,66.3,9308064.0,0.0
2024-07-19,65.6,66.0,64.3,65.1,6870372.0,0.0
2024-07-22,65.1,65.9,64.2,65.9,6083476.0,0.0
2024-07-23,65.9,66.2,65.1,65.1,2903002.0,0.0
2024-07-26,65.2,65.3,64.2,64.9,5050809.0,0.0
2024-07-29,65.2,65.3,64.7,64.9,2694393.0,0.0
2024-07-30,65.2,65.2,63.5,64.0,4590564.0,0.0
2024-07-31,63.9,64.6,63.8,64.4,2159391.0,0.0
2024-08-01,64.7,65.5,64.4,65.5,4076962.0,0.0
2024-08-02,65.3,65.3,64.1,65.2,3315614.0,0.0
2024-08-05,63.5,63.7,61.1,62.2,10292646.0,0.0
2024-08-06,64.7,65.0,62.5,65.0,7376511.0,0.0
2024-08-07,63.5,64.8,63.5,64.0,3977677.0,0.0
2024-08-08,63.0,63.6,62.6,62.6,3673642.0,0.0
2024-08-09,62.6,64.6,62.6,63.6,6287043.0,0.0
2024-08-12,63.8,64.1,63.0,63.1,2631189.0,0.0
2024-08-13,63.0,63.0,61.0,61.2,10813278.0,0.0
2024-08-14,61.2,62.2,61.1,61.9,5482243.0,0.0
2024-08-15,62.1,62.1,60.9,61.2,4925815.0,0.0
2024-08-16,61.0,61.1,60.5,60.6,7988612.0,0.0
2024-08-19,60.5,60.6,60.0,60.0,4444006.0,0.0
2024-08-20,60.3,60.5,58.4,58.7,10447514.0,0.0
2024-08-21,58.7,59.0,58.2,58.7,6239839.0,0.0
2024-08-22,58.8,58.9,57.6,57.8,11143479.0,0.0
2024-08-23,57.8,58.0,56.5,57.0,9744656.0,0.0
2024-08-26,57.3,59.0,57.2,57.9,12568784.0,0.0
2024-08-27,58.4,58.6,57.2,58.4,8327030.0,0.0
2024-08-28,57.8,58.1,56.7,57.0,11312221.0,0.0
2024-08-29,56.7,56.7,56.0,56.1,9825680.0,0.0
2024-08-30,56.4,57.4,56.1,56.1,110950805.0,0.0
2024-09-02,56.4,56.6,55.1,55.1,10674267.0,0.0
2024-09-03,55.2,55.4,54.4,54.8,6104514.0,0.0
2024-09-04,52.7,53.6,51.5,51.6,18109121.0,0.0
2024-09-05,51.7,52.4,50.1,50.3,10257620.0,0.0
2024-09-06,50.0,51.4,49.5,50.9,7289221.0,0.0
2024-09-09,49.5,49.7,48.35,48.5,15806776.0,0.0
2024-09-10,48.5,48.75,47.4,47.4,11645022.0,0.0
2024-09-11,47.5,48.7,47.25,47.45,10115350.0,0.0
2024-09-12,48.4,49.15,47.75,48.7,7511148.0,0.0
2024-09-13,49.1,51.5,48.85,50.7,10200277.0,0.0
2024-09-16,50.7,52.0,50.3,51.2,8996140.0,0.0
2024-09-18,51.8,52.3,51.2,51.5,5389806.0,0.0
2024-09-19,51.2,51.9,50.8,51.4,5423130.0,0.0
2024-09-20,51.6,52.3,51.0,51.5,6840332.0,0.0
2024-09-23,52.1,52.1,51.3,51.5,3686121.0,0.0
2024-09-24,51.2,51.2,50.3,50.7,4077174.0,0.0
2024-09-25,51.1,51.7,50.8,51.2,7033346.0,0.0
2024-09-26,51.8,51.8,50.6,50.7,4317880.0,0.0
2024-09-27,51.5,53.2,51.0,53.0,12559600.0,0.0
2024-09-30,52.7,53.2,52.1,52.7,7355166.0,0.0
2024-10-01,52.7,52.7,51.7,52.3,4253213.0,0.0
2024-10-04,52.9,55.6,52.9,54.5,15868001.0,0.0
2024-10-07,55.8,55.8,54.2,55.0,13890610.0,0.0
2024-10-08,54.6,55.5,53.8,54.2,13282195.0,0.0
2024-10-09,54.0,54.0,52.1,52.3,8036390.0,0.0
2024-10-11,53.1,53.5,51.8,52.0,3383612.0,0.0
2024-10-14,51.5,51.5,50.3,51.0,3674337.0,0.0
2024-10-15,51.0,51.0,49.45,49.5,7430789.0,0.0
2024-10-16,48.85,49.2,48.6,48.75,7118915.0,0.0
2024-10-17,49.0,50.1,48.85,49.65,4283598.0,0.0
2024-10-18,49.65,50.8,49.6,50.4,5109614.0,0.0
2024-10-21,51.0,51.0,49.3,49.3,5077285.0,0.0
2024-10-22,49.35,49.4,48.7,48.95,3719946.0,0.0
2024-10-23,49.0,49.25,48.6,48.6,3544537.0,0.0
2024-10-24,48.6,49.5,48.25,49.0,5741405.0,0.0
2024-10-25,49.4,49.4,48.3,48.65,4084248.0,0.0
2024-10-28,48.65,49.35,48.3,49.15,5195481.0,0.0
2024-10-29,48.95,49.0,47.65,47.75,8271077.0,0.0
2024-10-30,48.2,48.6,47.85,48.1,5715873.0,0.0
2024-11-01,48.5,48.5,47.3,48.15,5383404.0,0.0
2024-11-04,48.2,48.6,47.95,48.5,3445224.0,0.0
2024-11-05,48.55,48.7,48.1,48.3,2829407.0,0.0
2024-11-06,48.0,48.15,47.45,47.55,5995882.0,0.0
2024-11-07,47.3,48.85,47.25,48.4,5552250.0,0.0
2024-11-08,48.35,48.4,46.0,46.05,17699543.0,0.0
2024-11-11,46.1,46.15,45.3,45.6,6690834.0,0.0
2024-11-12,45.1,45.3,44.7,44.8,7861926.0,0.0
2024-11-13,44.45,44.7,43.9,44.1,13080324.0,0.0
2024-11-14,44.1,44.45,43.2,43.45,7102523.0,0.0
2024-11-15,43.3,44.65,43.05,43.3,11997728.0,0.0
2024-11-18,43.8,44.9,43.55,44.55,14133689.0,0.0
2024-11-19,45.0,45.0,43.7,44.5,6335510.0,0.0
2024-11-20,44.1,44.1,44.1,44.1,5384814.0,0.0
2024-11-21,43.95,43.95,43.4,43.4,3547110.0,0.0
2024-11-22,43.75,44.2,43.25,43.55,5297297.0,0.0
2024-11-25,44.15,44.4,43.8,43.95,5987772.0,0.0
2024-11-26,44.0,45.05,43.3,43.6,8433454.0,0.0
2024-11-27,43.45,43.5,42.2,42.3,8606727.0,0.0
2024-11-28,42.5,42.6,41.5,41.95,5623761.0,0.0
2024-11-29,41.45,41.75,40.75,40.9,11278224.0,0.0
2024-12-02,41.15,41.7,40.35,40.4,6803766.0,0.0
2024-12-03,40.7,41.05,40.35,40.95,7546290.0,0.0
2024-12-04,41.15,41.2,40.15,40.25,5867746.0,0.0
2024-12-05,40.3,40.35,39.6,39.7,7455427.0,0.0
2024-12-06,39.7,40.15,39.4,39.7,8141335.0,0.0
2024-12-09,40.15,40.2,39.05,39.1,11264245.0,0.0
2024-12-10,39.25,40.65,39.2,39.5,9659107.0,0.0
2024-12-11,40.15,40.15,39.05,39.1,8062529.0,0.0
2024-12-12,39.25,39.35,37.95,38.0,11444525.0,0.0
2024-12-13,37.75,37.75,37.2,37.3,8080867.0,0.0
2024-12-16,37.05,37.8,36.65,36.85,7781940.0,0.0
2024-12-17,36.9,37.4,36.2,36.2,7841846.0,0.0
2024-12-18,36.15,37.05,35.9,36.5,9024496.0,0.0
2024-12-19,35.9,36.85,35.9,36.7,6888257.0,0.0
2024-12-20,36.2,36.45,34.7,34.7,17282019.0,0.0
2024-12-23,34.65,35.8,34.65,35.25,9035267.0,0.0
2024-12-24,35.5,36.1,35.25,35.35,5994969.0,0.0
2024-12-25,35.65,35.8,35.1,35.3,3177650.0,0.0
2024-12-26,35.4,35.7,35.0,35.05,3010772.0,0.0
2024-12-27,34.7,35.15,34.55,35.0,8686828.0,0.0
2024-12-30,35.3,35.3,34.55,34.6,3295268.0,0.0
2024-12-31,34.5,34.65,34.1,34.55,5753789.0,0.0
2025-01-02,34.35,34.5,33.75,33.8,7058606.0,0.0
2025-01-03,34.0,34.85,34.0,34.2,5050817.0,0.0
2025-01-06,34.8,36.95,34.25,36.3,14907021.0,0.0
2025-01-07,36.5,36.5,35.1,35.2,8906789.0,0.0
2025-01-08,35.6,35.6,34.05,34.25,7109396.0,0.0
2025-01-09,34.05,34.15,33.2,33.55,9903149.0,0.0
2025-01-10,33.3,33.8,32.75,32.9,6066857.0,0.0
2025-01-13,33.65,35.4,33.35,35.15,17461946.0,0.0
2025-01-14,34.55,36.45,34.5,36.1,18465686.0,0.0
2025-01-15,35.75,36.8,35.7,36.3,13682151.0,0.0
2025-01-16,36.5,37.8,36.25,36.6,19227603.0,0.0
2025-01-17,36.65,38.0,36.15,37.75,13651630.0,0.0
2025-01-20,37.8,37.8,36.8,37.15,8966960.0,0.0
2025-01-21,37.5,37.5,36.4,36.45,6752137.0,0.0
2025-01-22,36.6,36.9,35.95,36.65,7097878.0,0.0
2025-02-03,36.0,36.6,34.3,34.35,14286865.0,0.0
2025-02-04,34.45,34.5,33.2,33.2,11961719.0,0.0
2025-02-05,33.6,34.75,33.6,34.1,7447993.0,0.0
2025-02-06,34.0,34.3,33.7,34.1,5648050.0,0.0
2025-02-07,34.0,34.05,33.25,33.55,5717539.0,0.0
2025-02-10,33.8,34.65,33.75,34.1,9100221.0,0.0
2025-02-11,34.4,35.75,34.4,34.7,12790749.0,0.0
2025-02-12,34.8,36.5,34.45,36.0,13254907.0,0.0
2025-02-13,35.9,37.15,35.5,36.95,16301939.0,0.0
2025-02-14,36.9,37.9,36.3,37.75,12499231.0,0.0
2025-02-17,38.0,39.2,37.45,39.05,14553534.0,0.0
2025-02-18,39.05,39.05,37.6,38.2,13378243.0,0.0
2025-02-19,38.0,39.05,38.0,38.45,9309006.0,0.0
2025-02-20,38.65,39.0,38.0,38.2,8398150.0,0.0
2025-02-21,38.55,39.0,38.2,38.95,6900857.0,0.0
2025-02-24,38.95,39.95,38.65,39.8,10794419.0,0.0
2025-02-25,39.6,40.6,39.4,40.45,16576078.0,0.0
2025-02-26,40.2,40.4,39.3,39.3,13389364.0,0.0
2025-02-27,39.5,39.7,38.5,38.7,9829759.0,0.0
2025-03-03,38.6,39.35,38.0,38.9,9163456.0,0.0
2025-03-04,38.2,38.35,37.65,38.35,7278978.0,0.0
2025-03-05,38.4,40.2,38.35,40.1,10899050.0,0.0
2025-03-06,40.25,40.25,38.7,38.75,10752529.0,0.0
2025-03-07,38.6,39.1,38.2,38.45,7148913.0,0.0
2025-03-10,38.65,39.8,38.6,39.65,6640807.0,0.0
2025-03-11,38.9,39.0,37.9,38.85,9792770.0,0.0
2025-03-12,38.95,39.25,38.55,38.75,5238993.0,0.0
2025-03-13,38.8,39.1,37.4,37.5,8827876.0,0.0
2025-03-14,37.7,39.8,37.7,39.75,15620548.0,0.0
2025-03-17,39.85,40.4,39.2,40.2,11461578.0,0.0
2025-03-18,40.35,40.75,39.8,40.55,11610357.0,0.0
2025-03-19,40.55,40.55,39.0,39.7,12380343.0,0.0
2025-03-20,39.5,40.35,39.5,40.05,5414432.0,0.0
2025-03-21,39.95,40.0,38.75,38.75,10551466.0,0.0
2025-03-24,39.05,39.6,38.6,38.65,5018139.0,0.0
2025-03-25,39.2,39.25,38.2,38.2,2907290.0,0.0
2025-03-26,38.55,38.75,38.2,38.3,1881128.0,0.0
2025-03-27,38.25,38.45,37.9,38.3,2459931.0,0.0
2025-03-28,38.3,38.3,37.15,37.3,5858613.0,0.0
2025-03-31,36.1,36.85,36.1,36.6,6239200.0,0.0
2025-04-01,36.75,38.0,36.75,37.65,6221930.0,0.0
2025-04-02,37.5,37.9,37.0,37.7,2674871.0,0.0
2025-04-07,33.95,33.95,33.95,33.95,4877241.0,0.0
2025-04-08,34.0,34.65,33.2,33.7,11195256.0,0.0
2025-04-09,33.0,33.7,30.6,30.95,12185081.0,0.0
2025-04-10,33.9,34.0,32.8,34.0,5981955.0,0.0
2025-04-11,33.0,34.75,32.4,34.4,7707267.0,0.0
2025-04-14,34.45,35.55,34.4,35.1,8280787.0,0.0
2025-04-15,35.1,37.25,34.95,37.25,8670649.0,0.0
2025-04-16,36.55,36.9,35.65,35.85,5706107.0,0.0
2025-04-17,36.1,36.1,35.2,35.5,2838060.0,0.0
2025-04-18,36.4,36.4,35.45,35.9,2291684.0,0.0
2025-04-21,36.15,36.15,35.0,35.2,2729435.0,0.0
2025-04-22,35.2,35.45,34.5,35.2,2249798.0,0.0
2025-04-23,35.7,36.45,35.6,36.2,3895983.0,0.0
2025-04-24,36.25,36.25,34.65,34.65,5311572.0,0.0
2025-04-25,35.25,35.35,34.65,35.0,2762179.0,0.0
2025-04-28,35.3,35.3,34.8,34.8,2144332.0,0.0
2025-04-29,35.0,35.5,34.65,35.45,2558685.0,0.0
2025-04-30,35.25,35.25,34.95,34.95,2069951.0,0.0
2025-05-02,35.15,35.95,35.0,35.85,3436856.0,0.0
2025-05-05,36.3,38.5,36.3,38.0,14858324.0,0.0
2025-05-06,37.9,38.9,37.5,37.65,7227292.0,0.0
2025-05-07,38.25,39.3,37.95,38.75,12850987.0,0.0
2025-05-08,38.1,39.2,38.05,39.0,6900548.0,0.0
2025-05-09,38.85,39.9,38.5,39.85,8971862.0,0.0
2025-05-12,40.3,41.0,40.2,40.9,9039231.0,0.0
2025-05-13,41.05,41.05,38.8,39.2,10880745.0,0.0
2025-05-14,39.5,39.9,38.85,39.9,6822724.0,0.0
2025-05-15,40.0,40.15,39.55,39.85,3772808.0,0.0
2025-05-16,39.5,39.75,39.0,39.4,4689975.0,0.0
2025-05-19,38.85,39.1,37.8,38.25,7698117.0,0.0
2025-05-20,38.6,38.75,38.35,38.4,2617803.0,0.0
2025-05-21,38.7,39.6,38.65,39.5,4761833.0,0.0
2025-05-22,39.3,39.35,38.3,38.6,2784527.0,0.0
2025-05-23,38.15,38.8,38.15,38.4,2026415.0,0.0
2025-05-26,38.55,39.6,38.55,39.4,6892910.0,0.0
2025-05-27,39.25,39.65,38.35,38.4,4906350.0,0.0
2025-05-28,39.0,39.0,38.2,38.4,2211560.0,0.0
2025-05-29,38.9,38.9,37.85,38.0,2917144.0,0.0
2025-06-02,37.6,37.7,35.9,36.25,9380681.0,0.0
2025-06-03,36.5,36.5,35.8,35.85,3814192.0,0.0
2025-06-04,36.45,37.0,36.15,36.45,4032769.0,0.0
2025-06-05,36.45,37.1,36.05,36.9,2655025.0,0.0
2025-06-06,37.0,38.15,36.9,37.95,3862321.0,0.0
2025-06-09,38.35,38.5,37.15,37.7,2499001.0,0.0
2025-06-10,37.35,38.85,37.25,38.15,5656480.0,0.0
2025-06-11,38.35,38.35,37.55,37.95,3126457.0,0.0
2025-06-12,38.2,39.1,38.2,38.55,4946072.0,0.0
2025-06-13,39.4,40.15,38.25,39.8,16834270.0,0.0
2025-06-16,41.9,41.9,39.5,39.5,26536615.0,0.0
2025-06-17,39.2,39.45,38.0,38.0,10432179.0,0.0
2025-06-18,38.9,38.9,38.0,38.5,6863985.0,0.0
2025-06-19,38.15,38.55,36.7,36.9,10730864.0,0.0
2025-06-20,36.8,37.5,36.8,37.15,15220154.0,0.0
2025-06-23,38.8,39.0,37.35,38.6,15693716.0,0.0
2025-06-24,37.3,37.95,36.65,36.75,17788911.0,0.0
2025-06-25,36.1,36.35,35.95,36.1,5745970.0,0.8
2025-06-26,36.3,37.3,36.2,36.85,7580021.0,0.0
2025-06-27,37.1,37.5,36.65,36.8,5425787.0,0.0
2025-06-30,36.9,36.9,36.0,36.0,4578142.0,0.0
2025-07-01,36.0,38.3,36.0,37.5,15222226.0,0.0
2025-07-02,37.6,38.5,37.4,38.5,6242865.0,0.0
2025-07-03,38.45,39.05,38.4,38.7,4456577.0,0.0
2025-07-04,38.2,38.55,37.8,37.85,2774080.0,0.0
2025-07-07,37.8,38.0,37.0,37.6,2701133.0,0.0
2025-07-08,37.85,37.85,36.8,36.85,3020873.0,0.0
2025-07-09,36.9,36.9,36.35,36.55,3213361.0,0.0
2025-07-10,36.3,36.75,36.25,36.5,2214281.0,0.0
2025-07-11,36.3,36.35,34.9,35.9,7013245.0,0.0
2025-07-14,36.0,36.85,35.85,36.4,5469370.0,0.0
2025-07-15,36.35,37.2,36.2,36.35,6265703.0,0.0
2025-07-16,36.0,37.4,35.95,36.35,12044996.0,0.0
2025-07-17,36.45,38.35,36.45,38.2,11651398.0,0.0
2025-07-18,38.45,39.2,38.1,38.9,10315270.0,0.0
2025-07-21,38.5,39.45,38.4,39.0,5548815.0,0.0
2025-07-22,39.0,39.4,38.65,38.85,5315214.0,0.0
2025-07-23,39.1,40.2,38.95,39.8,8517375.0,0.0
2025-07-24,40.5,40.75,39.7,40.1,11704958.0,0.0
2025-07-25,39.85,40.2,39.05,39.35,5528857.0,0.0
2025-07-28,39.3,40.85,39.05,40.4,8282144.0,0.0
2025-07-29,40.4,40.45,39.3,39.35,5306477.0,0.0
2025-07-30,39.5,43.25,39.5,43.25,23710301.0,0.0
2025-07-31,44.1,44.35,42.6,43.8,37612094.0,0.0
2025-08-04,41.0,41.0,38.3,39.4,22377806.0,0.0
2025-08-05,40.05,40.6,38.85,39.0,8730864.0,0.0
2025-08-06,38.95,40.15,38.9,39.5,7031538.0,0.0
2025-08-07,39.7,40.1,39.25,39.85,4275829.0,0.0
2025-08-08,39.6,39.85,39.2,39.25,4600227.0,0.0
2025-08-11,38.8,40.0,38.3,39.8,4318148.0,0.0
2025-08-12,40.0,42.2,40.0,41.45,11413796.0,0.0
2025-08-13,41.7,42.6,41.05,41.4,7584089.0,0.0
2025-08-14,41.85,42.35,41.3,41.4,6139791.0,0.0
2025-08-15,41.8,42.0,40.65,41.95,8267388.0,0.0
2025-08-18,41.65,42.95,41.35,41.45,7414610.0,0.0
2025-08-19,41.7,42.4,40.75,40.8,8402616.0,0.0
2025-08-20,40.9,41.2,39.45,39.55,6306442.0,0.0
2025-08-21,40.0,43.45,40.0,42.9,18934867.0,0.0
2025-08-22,43.2,44.1,42.55,43.45,12298207.0,0.0
2025-08-25,43.65,44.45,43.0,43.15,8351606.0,0.0
2025-08-26,42.95,43.95,42.5,42.55,5670436.0,0.0
2025-08-27,42.3,42.95,41.85,41.85,5033446.0,0.0
2025-08-28,41.75,41.75,40.6,40.75,5645200.0,0.0
2025-08-29,40.85,41.25,39.95,40.15,6508839.0,0.0
2025-09-01,40.1,40.75,39.25,39.85,7523951.0,0.0
2025-09-02,40.3,40.7,39.25,39.45,4969841.0,0.0
2025-09-03,39.55,40.0,39.1,39.3,3790577.0,0.0
2025-09-04,39.7,39.9,39.35,39.6,3201721.0,0.0
2025-09-05,39.75,39.8,39.0,39.45,4342862.0,0.0
2025-09-08,39.3,40.0,39.15,39.6,2617680.0,0.0
2025-09-09,39.55,40.5,39.55,40.35,3990571.0,0.0
2025-09-10,40.35,40.35,39.6,39.95,3264107.0,0.0
2025-09-11,39.9,39.9,38.8,38.85,4882504.0,0.0
2025-09-12,38.95,39.5,38.7,38.95,3959360.0,0.0
2025-09-15,39.0,39.65,38.8,38.8,4396942.0,0.0
2025-09-16,39.25,39.6,38.5,38.5,6271536.0,0.0
2025-09-17,38.7,39.55,38.7,38.85,3486769.0,0.0
2025-09-18,39.1,39.3,38.7,38.8,3436856.0,0.0
2025-09-19,38.85,39.5,38.65,38.9,4357234.0,0.0
2025-09-22,39.55,39.55,38.7,39.2,4403638.0,0.0
2025-09-23,39.0,39.55,39.0,39.25,4244767.0,0.0
2025-09-24,39.35,39.5,38.75,39.0,3692744.0,0.0
2025-09-25,39.3,40.4,39.3,40.15,6098513.0,0.0
2025-09-26,40.25,40.4,39.4,40.15,4086476.0,0.0
2025-09-30,40.2,41.15,40.2,40.6,5058077.0,0.0
2025-10-01,40.6,41.25,40.5,40.7,4302424.0,0.0
2025-10-02,40.7,40.8,39.6,39.8,4096820.0,0.0
2025-10-03,39.55,39.55,38.35,38.4,6841441.0,0.0
2025-10-07,38.4,40.8,38.4,40.6,8611690.0,0.0
2025-10-08,40.75,42.1,40.55,42.0,8460675.0,0.0
2025-10-09,42.15,42.45,41.9,42.1,6353798.0,0.0
2025-10-13,41.2,41.2,40.05,40.8,6379637.0,0.0
2025-10-14,41.2,41.8,40.3,40.8,6530659.0,0.0
2025-10-15,40.8,42.0,40.35,41.15,7684349.0,0.0
2025-10-16,41.7,43.2,41.5,42.9,11710168.0,0.0
2025-10-17,42.75,44.05,42.25,43.75,9041179.0,0.0
2025-10-20,44.05,44.6,43.35,43.85,4923209.0,0.0
2025-10-21,44.1,44.15,43.2,43.5,4527164.0,0.0
2025-10-22,43.5,44.8,43.35,44.45,6708647.0,0.0
2025-10-23,44.95,47.35,44.15,46.5,17124993.0,0.0
2025-10-27,46.35,46.9,45.7,45.8,11204471.0,0.0
2025-10-28,45.9,46.2,45.2,45.55,7471492.0,0.0
2025-10-29,45.55,45.9,44.55,45.25,4734730.0,0.0
2025-10-30,45.7,45.85,44.7,45.55,5417043.0,0.0
2025-10-31,45.85,45.95,44.6,44.7,5209287.0,0.0
2025-11-03,45.0,45.2,43.65,43.9,3633105.0,0.0
2025-11-04,44.0,44.75,43.9,44.5,4770806.0,0.0
2025-11-05,44.0,45.3,43.55,45.05,5658518.0,0.0
2025-11-06,45.4,47.9,45.2,47.85,13271150.0,0.0
2025-11-07,47.5,50.8,47.0,50.0,22399174.0,0.0
2025-11-10,50.0,52.2,48.4,51.9,18859025.0,0.0
2025-11-11,51.5,54.5,51.5,52.5,18715177.0,0.0
2025-11-12,53.4,55.8,52.1,55.3,28142220.0,0.0
2025-11-13,55.3,56.0,54.1,55.0,17268027.0,0.0
2025-11-14,54.1,55.0,53.0,53.2,10386074.0,0.0
2025-11-17,53.3,55.3,53.2,54.9,14711237.0,0.0
2025-11-18,54.0,56.0,53.5,54.1,11366273.0,0.0
2025-11-19,55.0,55.0,53.1,53.5,10918504.0,0.0
2025-11-20,54.4,57.2,53.9,56.2,14040540.0,0.0
2025-11-21,55.4,56.0,52.8,53.0,12336511.0,0.0
2025-11-24,53.9,55.5,53.5,55.5,16136677.0,0.0
2025-11-25,55.8,55.8,50.9,52.1,14836286.0,0.0
2025-11-26,52.3,52.4,49.9,50.2,10895108.0,0.0
2025-11-27,50.3,52.0,50.1,52.0,8856468.0,0.0
2025-11-28,52.1,52.4,51.4,52.3,4922318.0,0.0
2025-12-01,52.2,53.6,51.7,52.4,4578222.0,0.0
2025-12-02,52.6,54.6,52.3,53.9,8372517.0,0.0
2025-12-03,54.0,54.2,53.1,53.3,6722912.0,0.0
2025-12-04,54.0,54.5,52.7,53.4,6359389.0,0.0
2025-12-05,53.0,53.0,50.8,51.5,7114047.0,0.0
2025-12-08,51.4,52.4,50.9,51.5,4706839.0,0.0
2025-12-09,51.0,51.5,50.6,51.2,3809111.0,0.0
2025-12-10,51.1,51.1,49.75,49.85,4767861.0,0.0
2025-12-11,50.0,50.0,48.5,48.65,6439852.0,0.0
2025-12-12,49.1,49.3,48.5,48.8,3291028.0,0.0
2025-12-15,48.5,50.9,47.9,50.2,6005089.0,0.0
2025-12-16,49.45,50.5,49.25,49.25,5644476.0,0.0
2025-12-17,49.6,50.2,48.15,48.25,6492200.0,0.0
2025-12-18,48.7,49.0,47.75,47.85,4045549.0,0.0
2025-12-19,47.75,48.85,47.7,48.6,6148896.0,0.0
2025-12-22,49.2,49.2,48.15,48.5,3759318.0,0.0
2025-12-23,48.65,50.1,48.15,49.3,4509927.0,0.0
2025-12-24,49.3,49.45,48.5,48.65,2624890.0,0.0
2025-12-26,48.95,49.1,48.45,48.7,1292922.0,0.0
2025-12-29,48.7,49.5,48.7,49.0,2603230.0,0.0
2025-12-30,49.2,49.35,48.35,49.0,2081114.0,0.0
2025-12-31,49.0,49.2,47.5,47.8,5968104.0,0.0
2026-01-02,48.1,48.1,46.6,46.6,5072619.0,0.0
2026-01-05,47.4,47.7,46.95,47.1,4672565.0,0.0
2026-01-06,47.25,47.95,46.85,46.9,3604540.0,0.0
2026-01-07,47.15,48.75,47.15,47.7,8461141.0,0.0
2026-01-08,48.05,49.35,47.6,47.6,8215515.0,0.0
2026-01-09,48.3,49.15,47.1,47.6,5965335.0,0.0
2026-01-12,48.2,48.75,47.95,48.55,3680489.0,0.0
2026-01-13,48.7,48.75,46.65,47.3,6345206.0,0.0
2026-01-14,47.85,48.5,47.45,47.9,5194880.0,0.0
2026-01-15,47.95,50.3,47.95,50.0,11556556.0,0.0
2026-01-16,50.2,50.2,48.15,48.3,13545478.0,0.0
2026-01-19,48.25,49.1,47.9,48.25,12854477.0,0.0
2026-01-20,48.1,48.1,46.35,46.35,14423239.0,0.0
2026-01-21,46.35,46.6,45.75,45.8,7438047.0,0.0
2026-01-22,46.2,47.2,45.95,47.15,8092857.0,0.0
2026-01-23,47.1,47.75,46.8,47.5,3794357.0,0.0
2026-01-26,47.9,52.2,47.9,52.2,19885390.0,0.0
2026-01-27,53.8,54.3,50.9,51.6,28768517.0,0.0
2026-01-28,51.8,53.5,51.5,52.7,13487616.0,0.0
2026-01-29,53.0,53.4,51.4,52.4,14744519.0,0.0
2026-01-30,54.0,54.6,52.6,53.4,19405974.0,0.0
2026-02-02,53.5,53.6,48.4,48.75,14407772.0,0.0
2026-02-03,49.35,51.3,48.75,48.75,9023257.0,0.0
2026-02-04,49.05,50.1,48.45,49.8,6471961.0,0.0
2026-02-05,49.75,50.9,49.5,49.65,5424549.0,0.0
2026-02-06,49.1,49.5,47.9,48.6,6100063.0,0.0
2026-02-09,49.15,50.4,48.9,50.0,6635299.0,0.0
2026-02-10,50.1,50.1,48.7,49.0,5483505.0,0.0
2026-02-11,49.5,49.85,49.15,49.75,5342500.0,0.0
2026-02-23,50.9,52.4,50.5,51.7,10665408.0,0.0
2026-02-24,52.0,53.0,51.5,52.4,5742480.0,0.0
2026-02-25,52.4,57.0,52.3,56.0,22160802.0,0.0
2026-02-26,55.6,55.7,53.1,54.5,15530414.0,0.0
2026-03-02,59.9,59.9,55.4,56.5,40486711.0,0.0
2026-03-03,58.0,61.3,56.7,58.8,40997306.0,0.0
2026-03-04,61.4,63.3,59.4,60.3,75437137.0,0.0
2026-03-05,59.7,59.9,55.4,56.4,41498212.0,0.0
2026-03-06,58.0,62.0,57.7,62.0,67538668.0,0.0
2026-03-09,68.2,68.2,66.4,68.2,59045757.0,0.0
2026-03-10,61.4,61.9,61.4,61.4,35504485.0,0.0
2026-03-11,60.3,60.3,55.8,57.7,48867295.0,0.0
2026-03-12,60.6,61.1,57.7,58.9,60811421.0,0.0
2026-03-13,60.9,63.0,57.1,57.9,70001550.0,0.0
2026-03-16,58.3,59.9,57.8,58.0,26503965.0,0.0
2026-03-17,57.9,57.9,56.0,56.7,23385419.0,0.0
2026-03-18,57.3,57.5,56.0,57.0,14009080.0,0.0
2026-03-19,59.2,59.8,57.3,57.4,45047637.0,0.0
2026-03-20,57.2,58.0,55.5,56.2,21909731.0,0.0
2026-03-23,57.0,58.9,54.5,54.7,36996346.0,0.0
2026-03-24,54.9,56.3,53.8,55.1,18843804.0,0.0
2026-03-25,56.4,56.4,53.4,54.5,15469474.0,0.0
2026-03-26,54.8,57.5,54.6,55.7,19098279.0,0.0
2026-03-27,56.1,57.1,55.2,56.3,12152352.0,0.0
2026-03-30,57.5,58.4,56.2,56.4,30902045.0,0.0
2026-03-31,56.8,57.3,54.6,55.1,17433416.0,0.0
2026-04-01,55.8,57.1,54.9,55.7,19850682.0,0.0
2026-04-02,55.8,55.8,54.6,54.7,9551542.0,0.0
2026-04-07,55.8,57.8,55.1,56.8,19584848.0,0.0
2026-04-08,55.6,55.6,53.7,54.3,20780999.0,0.0
2026-04-09,53.5,54.3,52.6,52.7,17315797.0,0.0
2026-04-10,53.4,53.4,51.5,52.0,10881345.0,0.0
2026-04-13,53.4,55.2,52.6,55.1,23016055.0,0.0
2026-04-14,53.8,56.5,53.4,56.2,24801792.0,0.0
2026-04-15,56.2,56.2,53.9,54.4,13603473.0,0.0
2026-04-16,54.8,55.8,54.1,55.1,9577571.0,0.0
2026-04-17,55.8,56.5,54.1,54.9,9690084.0,0.0
2026-04-20,55.8,56.0,53.4,54.0,9915201.0,0.0
2026-04-21,54.8,54.8,53.0,53.0,9957743.0,0.0
2026-04-22,53.1,53.6,52.4,52.7,5930468.0,0.0
2026-04-23,52.7,53.0,51.0,51.7,12700237.0,0.0
2026-04-24,51.7,52.2,50.6,51.6,8236472.0,0.0
2026-04-27,51.1,52.0,50.7,51.8,6264886.0,0.0
2026-04-28,53.5,53.5,52.1,52.9,8793537.0,0.0
2026-04-29,53.6,54.0,53.1,54.0,8972325.0,0.0
2026-04-30,55.0,56.7,53.6,56.4,20932570.0,0.0
2026-05-04,55.5,55.5,53.8,54.0,11578345.0,0.0
2026-05-05,54.7,55.7,54.2,55.4,8332650.0,0.0
2026-05-06,55.6,55.9,54.4,54.8,7220848.0,0.0
2026-05-07,54.0,54.1,51.9,52.3,16247346.0,0.0
2026-05-08,53.2,53.7,52.3,53.0,9434400.0,0.0
2026-05-11,53.5,54.4,53.3,54.0,9291352.0,0.0
2026-05-12,54.3,54.3,52.7,53.1,7708607.0,0.0
2026-05-13,53.6,53.6,52.5,52.9,4978905.0,0.0
2026-05-14,52.3,53.3,52.3,52.4,5184553.0,0.0
2026-05-15,52.5,52.8,51.3,51.3,6486132.0,0.0
2026-05-18,51.1,51.9,50.8,51.2,6714601.0,0.0
2026-05-19,51.6,52.2,50.9,51.3,5513460.0,0.0
2026-05-20,51.6,51.8,50.3,51.2,6773786.0,0.0
2026-05-21,51.4,51.7,50.9,51.3,4219421.0,0.0
2026-05-22,51.1,51.3,50.6,51.0,5304465.0,0.0
2026-05-25,51.3,51.3,49.3,49.5,13511825.0,0.0
2026-05-26,49.5,50.2,49.1,49.3,7832786.0,0.0
2026-05-27,49.8,50.3,49.6,50.1,8139743.0,0.0
2026-05-28,50.5,50.5,49.15,49.9,9118413.0,0.0
2026-05-29,49.95,51.5,49.95,51.4,9934158.0,0.0
2026-06-01,51.6,53.8,50.7,53.3,11361359.0,0.0
2026-06-02,53.4,54.7,52.9,54.5,12588427.0,0.0
2026-06-03,54.8,56.5,53.9,55.9,15925791.0,0.0
2026-06-04,56.5,58.1,55.7,57.5,16205423.0,0.0
2026-06-05,57.5,57.7,55.0,55.3,10918923.0,0.0
2026-06-08,52.8,53.5,51.9,52.6,8392445.0,0.0
2026-06-09,52.1,52.8,51.7,52.4,9166664.0,0.0
2026-06-10,52.0,52.2,50.7,51.0,9592091.0,0.0
2026-06-11,51.5,51.9,50.3,51.4,7563201.0,0.0
2026-06-12,51.5,53.0,51.4,52.8,5681157.0,0.0
2026-06-15,53.5,53.6,52.5,53.3,6560513.0,0.0
2026-06-16,53.7,54.3,52.6,52.7,6711234.0,0.0
2026-06-17,52.0,53.0,51.6,52.6,6663909.0,0.0
2026-06-18,52.6,55.3,52.5,53.5,13936928.0,0.0
2026-06-22,54.5,54.7,53.3,54.0,7861989.0,0.0
2026-06-23,53.5,53.5,52.0,52.1,6991326.0,1.2
2026-06-24,52.1,55.3,51.0,55.2,14904166.0,0.0
2026-06-25,55.0,56.7,54.6,55.9,19538050.0,0.0
2026-06-26,55.2,55.5,53.0,53.5,11990331.0,0.0
2026-06-29,54.4,55.3,53.4,55.3,7658713.0,0.0
2026-06-30,55.7,56.3,54.3,55.1,7043278.0,0.0
2026-07-01,55.5,55.6,53.3,53.6,7999585.0,0.0
2026-07-02,53.9,57.6,53.4,57.6,24131559.0,0.0
2026-07-03,57.9,60.7,57.1,58.9,41913497.0,0.0
2026-07-06,59.5,61.4,58.2,59.5,18494157.0,0.0
2026-07-07,59.6,59.8,57.7,58.0,11380225.0,0.0
2026-07-08,58.7,60.4,58.6,59.4,13157688.0,0.0
2026-07-09,60.2,60.2,57.1,58.8,9759071.0,0.0
2026-07-10,58.8,58.8,58.8,58.8,0.0,0.0
2026-07-13,60.5,64.4,60.5,63.1,33178853.0,0.0
2026-07-14,64.8,67.2,63.3,66.2,49423286.0,0.0
2026-07-15,66.6,72.8,66.1,72.8,58132414.0,0.0
2026-07-16,74.5,80.0,73.2,80.0,101063704.0,0.0
2026-07-17,79.6,84.0,78.2,81.3,165235648.0,0.0
2026-07-20,84.0,84.3,75.8,77.7,96431863.0,0.0
2026-07-21,80.0,85.4,79.7,85.4,49021490.0,0.0
2026-07-22,87.4,92.8,84.1,85.1,120757672.0,0.0
2026-07-23,87.9,93.6,86.6,93.2,95392242.0,0.0
2026-07-24,97.6,97.9,84.7,85.8,121415397.0,0.0
2026-07-27,81.7,82.9,77.3,77.9,39977919.0,0.0
2026-07-28,74.0,75.9,73.0,74.6,29916606.0,0.0
2026-07-29,76.3,77.1,72.0,74.8,48108679.0,0.0
2026-07-30,77.0,78.0,71.0,71.6,38829546.0,0.0
2026-07-31,74.1,76.0,70.3,70.8,68414019.0,0.0
2026-08-03,71.4,71.4,67.2,67.7,30387483.0,0.0
2026-08-04,65.6,68.8,65.4,68.2,19939097.0,0.0
2026-08-05,67.6,68.4,66.7,67.6,20303765.0,0.0
2026-08-06,66.8,67.4,66.2,67.1,13723335.0,0.0
2026-08-07,70.1,73.0,68.8,71.0,41385769.0,0.0
2026-08-10,70.0,70.7,67.2,69.0,25866978.0,0.0
2026-08-11,70.4,71.6,68.0,71.1,24604440.0,0.0
2026-08-12,71.8,72.9,70.2,70.2,15017047.0,0.0
2026-08-13,70.6,71.1,69.6,69.8,11689020.0,0.0
2026-08-14,70.0,71.6,69.8,70.9,12852655.0,0.0
2026-08-17,71.1,74.2,70.1,71.1,19747068.0,0.0
2026-08-18,71.3,76.2,71.3,72.0,38835851.0,0.0
2026-08-19,73.0,73.0,70.1,70.2,20626296.0,0.0
2026-08-20,71.5,74.6,71.5,73.0,21175392.0,0.0
2026-08-21,72.9,76.5,72.5,75.8,20277949.0,0.0
2026-08-24,75.2,75.2,68.6,69.9,39041696.0,0.0
2026-08-25,69.6,71.4,68.7,71.0,10845954.0,0.0
2026-08-26,70.2,70.8,69.2,70.4,14742478.0,0.0
2026-08-27,70.5,74.3,70.2,72.7,18319086.0,0.0
2026-08-28,72.8,74.0,71.4,71.4,9995230.0,0.0
2026-08-31,71.9,73.9,71.1,73.5,17081305.0,0.0
2026-09-01,73.7,77.6,73.3,76.7,30125399.0,0.0
2026-09-02,80.4,80.5,76.7,78.7,42593952.0,0.0
2026-09-03,78.1,79.9,76.1,76.5,27421248.0,0.0
2026-09-04,76.6,78.2,75.4,78.1,14869756.0,0.0
2026-09-07,79.5,83.1,78.8,79.7,21037663.0,0.0
2026-09-08,80.1,80.5,78.3,79.6,11270282.0,0.0
2026-09-09,80.6,87.5,80.0,87.5,45379144.0,0.0
2026-09-10,87.5,87.5,82.8,86.2,42887925.0,0.0
2026-09-11,90.0,90.6,83.5,83.6,54751242.0,0.0
2026-09-14,84.6,84.9,80.4,82.8,25970698.0,0.0
2026-09-15,81.4,83.1,80.0,82.9,17493988.0,0.0
2026-09-16,83.4,85.0,80.2,80.5,23985800.0,0.0
2026-09-17,81.1,87.4,80.6,86.2,35970508.0,0.0
2026-09-18,85.2,86.5,84.1,86.5,22091016.0,0.0
2026-09-21,87.0,89.8,86.1,88.5,15117498.0,0.0
2026-09-22,88.3,89.3,86.3,87.2,16410739.0,0.0
2026-09-23,87.9,88.5,86.5,87.3,12724510.0,0.0
2026-09-24,88.0,88.7,87.0,87.2,10727865.0,0.0
2026-09-29,90.0,95.5,89.9,94.3,40262987.0,0.0
2026-09-30,94.0,98.6,93.0,97.3,37623381.0,0.0
2026-10-01,97.5,98.7,92.8,94.2,27097143.0,0.0
2026-10-02,94.6,103.0,94.0,100.0,35214714.0,0.0
2026-10-05,100.5,101.0,97.7,98.6,19996400.0,0.0
2026-10-06,99.5,103.5,97.7,101.5,23638798.0,0.0
2026-10-07,102.0,110.0,101.0,107.0,33302007.0,0.0
2026-10-08,107.0,114.0,105.5,110.5,41090136.0,0.0
